id,name,institution,homepage,profile_url,status,won_year,kalshi_pct,rank_all_years,rank_last_10_years,source
ppa20,Ariel Pakes,Harvard University,https://scholar.harvard.edu/pakes,https://ideas.repec.org/e/ppa20.html,eligible,0,23,137.0,988.0,RePEc
pat6,Susan Athey,Stanford University,https://people.stanford.edu/athey/,https://ideas.repec.org/e/pat6.html,eligible,0,13,188.0,11.0,RePEc
pbl81,Richard Blundell,University College London (UCL),http://www.homepages.ucl.ac.uk/~uctp39a/,https://ideas.repec.org/e/pbl81.html,eligible,0,13,18.0,339.0,RePEc
pba251,Robert J. Barro,Harvard University,https://scholar.harvard.edu/barro,https://ideas.repec.org/f/pba251.html,eligible,0,11,6.0,54.0,RePEc
pfe29,Ernst Fehr,Universität Zürich,https://www.econ.uzh.ch/en/people/faculty/fehr.html,https://ideas.repec.org/e/pfe29.html,eligible,0,10,80.0,413.0,RePEc
pma1422,Andreu Mas-Colell,Barcelona School of Economics (BSE),https://www.upf.edu/web/andreu-mas-colell/,https://ideas.repec.org/f/pma1422.html,eligible,0,10,860.0,,RePEc
partha-dasgupta,Partha Dasgupta,,,,eligible,0,10,,,Kalshi
pra660,Matthew Rabin,University of California-Berkeley,http://emlab.berkeley.edu/~rabin/,https://ideas.repec.org/f/pra660.html,eligible,0,9,255.0,,RePEc
pzi101,Luigi Zingales,University of Chicago,http://faculty.chicagobooth.edu/luigi.zingales/index.html,https://ideas.repec.org/e/pzi101.html,eligible,0,5,63.0,844.0,RePEc
psh93,Andrei Shleifer,Harvard University,https://scholar.harvard.edu/shleifer/home,https://ideas.repec.org/e/psh93.html,eligible,0,,1.0,79.0,RePEc
pac16,Daron Acemoglu,Massachusetts Institute of Technology (MIT),https://economics.mit.edu/people/faculty/daron-acemoglu,https://ideas.repec.org/e/pac16.html,won,2024,,2.0,1.0,RePEc
pgo175,Yuriy Gorodnichenko,University of California-Berkeley,https://eml.berkeley.edu/~ygorodni/,https://ideas.repec.org/e/pgo175.html,eligible,0,,96.0,2.0,RePEc
phe22,James J. Heckman,University of Chicago,http://heckman.uchicago.edu,https://ideas.repec.org/e/phe22.html,won,2000,,3.0,71.0,RePEc
psh375,Muhammad Shahbaz,Beijing Institute of Technology,https://scholar.google.com/citations?user=N_qbDPAAAAAJhl=en,https://ideas.repec.org/f/psh375.html,eligible,0,,75.0,3.0,RePEc
pst33,Joseph Stiglitz,Columbia University,http://www.gsb.columbia.edu/faculty/jstiglitz/,https://ideas.repec.org/e/pst33.html,won,2001,,4.0,117.0,RePEc
pqi76,Lin Boqiang,Xiamen University,https://scholar.google.com/citations?user=rthhT3QAAAAJhl=zh-CNauthuser=1,https://ideas.repec.org/e/pqi76.html,eligible,0,,202.0,4.0,RePEc
pti33,Jean Tirole,Toulouse School of Economics (TSE),https://www.tse-fr.eu/people/jean-tirole,https://ideas.repec.org/e/pti33.html,won,2014,,5.0,83.0,RePEc
pgu80,Rangan Gupta,University of Pretoria,https://sites.google.com/site/ranganguptaeconomics/,https://ideas.repec.org/e/pgu80.html,eligible,0,,25.0,5.0,RePEc
pgo1031,Andrew Goodman-Bacon,Federal Reserve Bank of Minneapolis,https://www.goodman-bacon.com,https://ideas.repec.org/f/pgo1031.html,eligible,0,,602.0,6.0,RePEc
pli176,John List,University of Chicago,https://voices.uchicago.edu/jlist/,https://ideas.repec.org/e/pli176.html,eligible,0,,7.0,13.0,RePEc
pas114,Simplice A. Asongu,African Governance and Development Institute (AGDI),,https://ideas.repec.org/e/pas114.html,eligible,0,,38.0,7.0,RePEc
pph8,Peter C. B. Phillips,Yale University,http://korora.econ.yale.edu,https://ideas.repec.org/e/pph8.html,eligible,0,,8.0,96.0,RePEc
ple551,Chien-Chiang Lee,City University of Macao,https://fof.cityu.edu.mo/en/list-13/800,https://ideas.repec.org/f/ple551.html,eligible,0,,196.0,8.0,RePEc
pfa110,"Eugene F. Fama, Sr.",University of Chicago,,https://ideas.repec.org/e/pfa110.html,won,2013,,9.0,,RePEc
pre276,Pascual Restrepo,Yale University,https://campuspress.yale.edu/pascualrestrepo/,https://ideas.repec.org/f/pre276.html,eligible,0,,389.0,9.0,RePEc
pca271,David E. Card,University of California-Berkeley,,https://ideas.repec.org/f/pca271.html,won,2021,,10.0,56.0,RePEc
pbl55,Nicholas Bloom,Stanford University,http://www.stanford.edu/~nbloom/,https://ideas.repec.org/e/pbl55.html,eligible,0,,24.0,10.0,RePEc
pca54,John Y. Campbell,Harvard University,https://scholar.harvard.edu/campbell/home,https://ideas.repec.org/e/pca54.html,eligible,0,,11.0,1571.0,RePEc
ppe34,Mohammad Hashem Pesaran,University of Southern California,http://pesaran.com/,https://ideas.repec.org/e/ppe34.html,eligible,0,,12.0,361.0,RePEc
psa1158,Pedro H. C. Sant'Anna,Emory University,https://psantanna.com,https://ideas.repec.org/f/psa1158.html,eligible,0,,568.0,12.0,RePEc
pal207,Alberto Alesina,,,https://ideas.repec.org/f/pal207.html,deceased,0,,13.0,107.0,RePEc
pbl2,Olivier Blanchard,Paris School of Economics,http://web.mit.edu/blanchar/www/,https://ideas.repec.org/e/pbl2.html,eligible,0,,14.0,65.0,RePEc
pfa207,Emmanuel Farhi,,,https://ideas.repec.org/f/pfa207.html,deceased,0,,169.0,14.0,RePEc
pag175,Philippe Aghion,London School of Economics (LSE),,https://ideas.repec.org/e/pag175.html,won,2025,,15.0,438.0,RePEc
pco205,Olivier Coibion,University of Texas-Austin,https://sites.google.com/site/ocoibion,https://ideas.repec.org/f/pco205.html,eligible,0,,265.0,15.0,RePEc
pro164,Kenneth S Rogoff,Harvard University,https://scholar.harvard.edu/rogoff/home,https://ideas.repec.org/e/pro164.html,eligible,0,,16.0,72.0,RePEc
pbo906,Elie I. Bouri,Lebanese American University,,https://ideas.repec.org/f/pbo906.html,eligible,0,,664.0,16.0,RePEc
pbe29,Gary S. Becker,,https://www.nobelprize.org/prizes/economic-sciences/1992/becker/facts/,https://ideas.repec.org/e/pbe29.html,won,1992,,17.0,,RePEc
pva45,John van Reenen,London School of Economics (LSE),https://www.johnvanreenen.com,https://ideas.repec.org/e/pva45.html,eligible,0,,36.0,17.0,RePEc
pca1233,Brantly Mercer Callaway Vi,University of Georgia,https://bcallaway11.github.io,https://ideas.repec.org/f/pca1233.html,eligible,0,,738.0,18.0,RePEc
plu15,"Robert E. Lucas, Jr.",,,https://ideas.repec.org/e/plu15.html,won,1995,,19.0,,RePEc
pau9,David Autor,Massachusetts Institute of Technology (MIT),https://economics.mit.edu/people/faculty/david-h-autor,https://ideas.repec.org/e/pau9.html,eligible,0,,34.0,19.0,RePEc
pfe112,Martin S. Feldstein,,http://www.nber.org/feldstein/,https://ideas.repec.org/e/pfe112.html,deceased,0,,20.0,,RePEc
pwe349,Michael Weber,Purdue University,http://weberm.org,https://ideas.repec.org/f/pwe349.html,eligible,0,,680.0,20.0,RePEc
pen9,Robert F. Engle,New York University (NYU),http://pages.stern.nyu.edu/~rengle/,https://ideas.repec.org/e/pen9.html,won,2003,,21.0,288.0,RePEc
pti107,Aviral Kumar Tiwari,Indian Institute of Management Bodh Gaya (IIMBG),https://sites.google.com/site/aviralkumartiwari/home?authuser=0,https://ideas.repec.org/e/pti107.html,eligible,0,,206.0,21.0,RePEc
pni111,Peter Nijkamp,Tinbergen Instituut,,https://ideas.repec.org/e/pni111.html,eligible,0,,22.0,486.0,RePEc
psu644,Liyang Sun,Centro de Estudios Monetarios y Financieros (CEMFI),https://lsun20.github.io/,https://ideas.repec.org/f/psu644.html,eligible,0,,1017.0,22.0,RePEc
pbe55,Ben S. Bernanke,Brookings Institution,,https://ideas.repec.org/e/pbe55.html,won,2022,,23.0,248.0,RePEc
pmo570,Magne Mogstad,University of Chicago,https://sites.google.com/site/magnemogstad/,https://ideas.repec.org/f/pmo570.html,eligible,0,,352.0,23.0,RePEc
plu85,Brian M. Lucey,Trinity College Dublin,,https://ideas.repec.org/e/plu85.html,eligible,0,,357.0,24.0,RePEc
pja604,Xavier Jaravel,London School of Economics (LSE),https://www.xavierjaravel.com/,https://ideas.repec.org/f/pja604.html,eligible,0,,1054.0,25.0,RePEc
pei2,Barry Eichengreen,University of California-Berkeley,,https://ideas.repec.org/e/pei2.html,eligible,0,,26.0,121.0,RePEc
pji183,Qiang Ji,Chinese Academy of Sciences,https://www.researchgate.net/profile/Qiang_Ji2,https://ideas.repec.org/e/pji183.html,eligible,0,,1119.0,26.0,RePEc
pge11,Mark Gertler,New York University (NYU),http://www.econ.nyu.edu/user/gertlerm/,https://ideas.repec.org/e/pge11.html,eligible,0,,27.0,638.0,RePEc
pdh29,Xavier D'Haultfoeuille,Centre de Recherche en Économie et Statistique (CREST),https://faculty.crest.fr/xdhaultfoeuille/,https://ideas.repec.org/e/pdh29.html,eligible,0,,852.0,27.0,RePEc
pfr33,Kenneth French,Dartmouth College,http://www.dartmouth.edu/~kfrench,https://ideas.repec.org/e/pfr33.html,eligible,0,,28.0,2254.0,RePEc
pim4,Guido Imbens,Stanford University,http://elsa.berkeley.edu/~imbens/,https://ideas.repec.org/e/pim4.html,won,2021,,33.0,28.0,RePEc
ple61,Ross Levine,Hoover Institution on War Revolution & Peace,,https://ideas.repec.org/e/ple61.html,eligible,0,,29.0,249.0,RePEc
pde1353,Clément de Chaisemartin,Sciences Po,https://sites.google.com/site/clementdechaisemartin/,https://ideas.repec.org/f/pde1353.html,eligible,0,,967.0,29.0,RePEc
pwo39,Jeffrey Wooldridge,Michigan State University,http://www.econ.msu.edu/faculty/wooldridge/index.php,https://ideas.repec.org/e/pwo39.html,eligible,0,,30.0,70.0,RePEc
pro1226,Christopher Roth,Universität zu Köln,https://sites.google.com/site/chrisrotheconomics/home,https://ideas.repec.org/f/pro1226.html,eligible,0,,1194.0,30.0,RePEc
pje57,Michael C. Jensen,,http://ssrn.com/author=9,https://ideas.repec.org/e/pje57.html,deceased,0,,31.0,,RePEc
pch161,Raj Chetty,Harvard University,http://www.rajchetty.com,https://ideas.repec.org/e/pch161.html,eligible,0,,70.0,31.0,RePEc
pkr63,Alan B. Krueger,,https://en.wikipedia.org/wiki/Alan_Krueger,https://ideas.repec.org/e/pkr63.html,deceased,0,,32.0,652.0,RePEc
pst824,Stefanie Stantcheva,Harvard University,https://scholar.harvard.edu/stantcheva,https://ideas.repec.org/f/pst824.html,eligible,0,,729.0,32.0,RePEc
pro1069,David Roubaud,Montpellier Business School,https://scholar.google.com/citations?user=Em0s4iIAAAAJ&hl=fr,https://ideas.repec.org/f/pro1069.html,eligible,0,,1356.0,33.0,RePEc
psh874,Syed Jawad Hussain Shahzad,Montpellier Business School,,https://ideas.repec.org/f/psh874.html,eligible,0,,1106.0,34.0,RePEc
psu137,Lawrence H. Summers,Harvard University,,https://ideas.repec.org/e/psu137.html,eligible,0,,35.0,316.0,RePEc
pod33,Nicholas M. Odhiambo,University of South Africa (UNISA),,https://ideas.repec.org/e/pod33.html,eligible,0,,471.0,35.0,RePEc
pba742,David Baqaee,University of California-Los Angeles (UCLA),http://scholar.harvard.edu/baqaee,https://ideas.repec.org/f/pba742.html,eligible,0,,1615.0,36.0,RePEc
pvi218,Robert W. Vishny,University of Chicago,http://www.chicagobooth.edu/fac/robert.vishny,https://ideas.repec.org/f/pvi218.html,eligible,0,,37.0,,RePEc
pch864,Victor Chernozhukov,Massachusetts Institute of Technology (MIT),http://victorchernozhukov.com,https://ideas.repec.org/f/pch864.html,eligible,0,,193.0,37.0,RePEc
pre64,Stephen James Redding,Stanford University,https://stephenredding.github.io/,https://ideas.repec.org/e/pre64.html,eligible,0,,132.0,38.0,RePEc
pka266,Lawrence F. Katz,Harvard University,http://scholar.harvard.edu/lkatz/,https://ideas.repec.org/f/pka266.html,eligible,0,,39.0,89.0,RePEc
pzh411,Dayong Zhang,Southwestern University of Finance and Economics (SWUFE),https://sites.google.com/site/zhangdayong/,https://ideas.repec.org/f/pzh411.html,eligible,0,,1466.0,39.0,RePEc
pst226,René M. Stulz,Ohio State University,http://u.osu.edu/stulz.1/,https://ideas.repec.org/f/pst226.html,eligible,0,,40.0,579.0,RePEc
poz124,Peterson K. Ozili,Central Bank of Nigeria,,https://ideas.repec.org/e/poz124.html,eligible,0,,751.0,40.0,RePEc
pan29,Joshua D Angrist,Massachusetts Institute of Technology (MIT),http://web.mit.edu/angrist/www/,https://ideas.repec.org/e/pan29.html,won,2021,,41.0,264.0,RePEc
pzu32,Gabriel Zucman,Paris School of Economics,http://www.gabriel-zucman.eu,https://ideas.repec.org/e/pzu32.html,eligible,0,,699.0,41.0,RePEc
pra149,Raghuram G. Rajan,University of Chicago,https://faculty.chicagobooth.edu/raghuram-rajan,https://ideas.repec.org/e/pra149.html,eligible,0,,42.0,1117.0,RePEc
pva368,Stijn Van Nieuwerburgh,Columbia University,https://www0.gsb.columbia.edu/faculty/svannieuwerburgh/,https://ideas.repec.org/f/pva368.html,eligible,0,,429.0,42.0,RePEc
pha128,Robert Hall,Stanford University,http://stanford.edu/~rehall,https://ideas.repec.org/e/pha128.html,eligible,0,,43.0,482.0,RePEc
pum41,Muhammad Umar,Lebanese American University,,https://ideas.repec.org/e/pum41.html,eligible,0,,1932.0,43.0,RePEc
pre33,Carmen Reinhart,Harvard University,http://www.carmenreinhart.com,https://ideas.repec.org/e/pre33.html,eligible,0,,44.0,94.0,RePEc
psa117,Emmanuel Saez,University of California-Berkeley,http://elsa.berkeley.edu/~saez/index.html,https://ideas.repec.org/e/psa117.html,eligible,0,,54.0,44.0,RePEc
phe205,Elhanan Helpman,Harvard University,,https://ideas.repec.org/f/phe205.html,eligible,0,,45.0,1114.0,RePEc
pon1,Steven Ongena,Universität Zürich,https://sites.google.com/site/stevenongena/,https://ideas.repec.org/e/pon1.html,eligible,0,,213.0,45.0,RePEc
psa83,Thomas Sargent,Hoover Institution on War Revolution & Peace,https://files.nyu.edu/ts43/public/,https://ideas.repec.org/e/psa83.html,won,2011,,46.0,347.0,RePEc
pcu13,Janet Currie,Yale University,http://www.princeton.edu/~jcurrie,https://ideas.repec.org/e/pcu13.html,eligible,0,,77.0,46.0,RePEc
pwo3,Michael Woodford,Columbia University,,https://ideas.repec.org/e/pwo3.html,eligible,0,,47.0,206.0,RePEc
pdo525,Kangyin Dong,University of International Business and Economics (UIBE),,https://ideas.repec.org/f/pdo525.html,eligible,0,,1944.0,47.0,RePEc
pst148,James H. Stock,Harvard University,http://ksghome.harvard.edu/~JStock/,https://ideas.repec.org/e/pst148.html,eligible,0,,48.0,218.0,RePEc
pab7,Alberto Abadie,Massachusetts Institute of Technology (MIT),http://economics.mit.edu/faculty/abadie,https://ideas.repec.org/e/pab7.html,eligible,0,,183.0,48.0,RePEc
pfu49,Drew Fudenberg,Massachusetts Institute of Technology (MIT),http://economics.mit.edu/faculty/drewf,https://ideas.repec.org/e/pfu49.html,eligible,0,,49.0,442.0,RePEc
pda15,Steven Davis,Hoover Institution on War Revolution & Peace,https://stevenjdavis.com,https://ideas.repec.org/e/pda15.html,eligible,0,,134.0,49.0,RePEc
pro60,Dani Rodrik,Harvard University,http://drodrik.scholar.harvard.edu/,https://ideas.repec.org/e/pro60.html,eligible,0,,50.0,95.0,RePEc
ppi17,Thomas Piketty,Paris School of Economics,http://piketty.pse.ens.fr/,https://ideas.repec.org/e/ppi17.html,eligible,0,,203.0,50.0,RePEc
pbe46,Timothy Besley,London School of Economics (LSE),http://econ.lse.ac.uk/staff/tbesley/,https://ideas.repec.org/e/pbe46.html,eligible,0,,51.0,191.0,RePEc
pro131,Andrés Rodríguez-Pose,London School of Economics (LSE),http://personal.lse.ac.uk/RODRIGU1,https://ideas.repec.org/e/pro131.html,eligible,0,,238.0,51.0,RePEc
pob13,Maurice Obstfeld,University of California-Berkeley,http://mauriceobstfeld.com,https://ideas.repec.org/e/pob13.html,eligible,0,,52.0,345.0,RePEc
pga953,David Gabauer,Lincoln University,http://sites.google.com/view/davidgabauer,https://ideas.repec.org/f/pga953.html,eligible,0,,2342.0,52.0,RePEc
pkr10,Paul Krugman,Princeton University,http://www.wws.princeton.edu/~pkrugman/,https://ideas.repec.org/e/pkr10.html,won,2008,,53.0,,RePEc
pso437,Isaac Sorkin,Stanford University,https://sites.google.com/site/isaacsorkin/,https://ideas.repec.org/f/pso437.html,eligible,0,,1948.0,53.0,RePEc
pne241,Whitney Newey,Massachusetts Institute of Technology (MIT),http://economics.mit.edu/faculty/wnewey,https://ideas.repec.org/f/pne241.html,eligible,0,,55.0,285.0,RePEc
pak203,Ufuk Akcigit,University of Chicago,http://www.ufukakcigit.com,https://ideas.repec.org/f/pak203.html,eligible,0,,464.0,55.0,RePEc
pma131,N. Gregory Mankiw,Harvard University,https://scholar.harvard.edu/mankiw/home,https://ideas.repec.org/e/pma131.html,eligible,0,,56.0,3478.0,RePEc
pgl9,Edward Ludwig Glaeser,Harvard University,http://post.economics.harvard.edu/faculty/glaeser/glaeser.html,https://ideas.repec.org/e/pgl9.html,eligible,0,,57.0,227.0,RePEc
pse308,Amit Seru,Stanford University,https://people.stanford.edu/aseru/,https://ideas.repec.org/f/pse308.html,eligible,0,,452.0,57.0,RePEc
pdi1,Francis Diebold,University of Pennsylvania,http://www.sas.upenn.edu/~fdiebold,https://ideas.repec.org/e/pdi1.html,eligible,0,,58.0,1731.0,RePEc
phu366,Peter Hull,Brown University,https://about.peterhull.net/,https://ideas.repec.org/f/phu366.html,eligible,0,,1751.0,58.0,RePEc
pwa582,Mark W. Watson,Princeton University,http://www.princeton.edu/~mwatson/,https://ideas.repec.org/f/pwa582.html,eligible,0,,59.0,395.0,RePEc
pga42,Joshua Gans,University of Toronto,https://www.joshuagans.com/,https://ideas.repec.org/e/pga42.html,eligible,0,,381.0,59.0,RePEc
pde30,Angus Deaton,University of Southern California,https://scholar.princeton.edu/deaton/home,https://ideas.repec.org/e/pde30.html,won,2015,,60.0,775.0,RePEc
pya634,Larisa Yarovaya,University of Southampton,https://larisayarovaya.wordpress.com/,https://ideas.repec.org/f/pya634.html,eligible,0,,2217.0,60.0,RePEc
pdu166,Esther Duflo,Massachusetts Institute of Technology (MIT),http://econ-www.mit.edu/faculty/eduflo/,https://ideas.repec.org/e/pdu166.html,won,2019,,61.0,244.0,RePEc
pne85,Brent Neiman,University of Chicago,,https://ideas.repec.org/e/pne85.html,eligible,0,,954.0,61.0,RePEc
par4,Manuel Arellano,Centro de Estudios Monetarios y Financieros (CEMFI),http://www.cemfi.es/~arellano/,https://ideas.repec.org/e/par4.html,eligible,0,,62.0,,RePEc
pca473,Matias D. Cattaneo,Princeton University,https://cattaneo.princeton.edu,https://ideas.repec.org/f/pca473.html,eligible,0,,779.0,62.0,RePEc
pee1,Jan Eeckhout,Barcelona School of Economics (BSE),http://www.janeeckhout.com/,https://ideas.repec.org/e/pee1.html,eligible,0,,877.0,63.0,RePEc
pan30,Donald W. K. Andrews,Yale University,http://cowles.econ.yale.edu/faculty/andrews.htm,https://ideas.repec.org/e/pan30.html,eligible,0,,64.0,,RePEc
pgo456,Giray Gözgör,University of Bradford,,https://ideas.repec.org/f/pgo456.html,eligible,0,,1462.0,64.0,RePEc
pba1710,Abhijit Banerjee,Massachusetts Institute of Technology (MIT),https://economics.mit.edu/faculty/banerjee,https://ideas.repec.org/f/pba1710.html,won,2019,,65.0,101.0,RePEc
ppr10,Edward C. Prescott,,https://www.minneapolisfed.org/people/edward-c-prescott,https://ideas.repec.org/e/ppr10.html,won,2004,,66.0,,RePEc
pst391,Johannes Stroebel,New York University (NYU),http://pages.stern.nyu.edu/~jstroebe/index.html,https://ideas.repec.org/f/pst391.html,eligible,0,,915.0,66.0,RePEc
psi12,Christopher Sims,,http://www.princeton.edu/~sims,https://ideas.repec.org/e/psi12.html,won,2011,,67.0,,RePEc
pku653,Satish Kumar,Indian Institute of Management Nagpur,https://scholar.google.co.in/citations?user=_vZgaBYAAAAJ&hl=en,https://ideas.repec.org/f/pku653.html,eligible,0,,1571.0,67.0,RePEc
pha303,Lars Peter Hansen,University of Chicago,http://home.uchicago.edu/~lhansen,https://ideas.repec.org/f/pha303.html,won,2013,,68.0,1423.0,RePEc
pco725,Shaen Corbet,Dublin City University,,https://ideas.repec.org/f/pco725.html,eligible,0,,2085.0,68.0,RePEc
pfr12,Jeffrey Alexander Frankel,Harvard University,http://scholar.harvard.edu/frankel,https://ideas.repec.org/e/pfr12.html,eligible,0,,69.0,,RePEc
pau84,Adrien Auclert,Stanford University,https://people.stanford.edu/aauclert/,https://ideas.repec.org/e/pau84.html,eligible,0,,2496.0,69.0,RePEc
pha231,John Haltiwanger,University of Maryland,http://econweb.umd.edu/~haltiwan/,https://ideas.repec.org/f/pha231.html,eligible,0,,71.0,84.0,RePEc
pbo66,Tim Bollerslev,Duke University,http://www.econ.duke.edu/~boller,https://ideas.repec.org/e/pbo66.html,eligible,0,,72.0,1784.0,RePEc
pfr23,Richard B. Freeman,London School of Economics (LSE),http://www.nber.org/~freeman,https://ideas.repec.org/e/pfr23.html,eligible,0,,73.0,602.0,RePEc
pro1247,Jonathan Roth,Brown University,https://jonathandroth.github.io/,https://ideas.repec.org/f/pro1247.html,eligible,0,,1847.0,73.0,RePEc
pbe697,Marianne Bertrand,University of Chicago,http://faculty.chicagobooth.edu/marianne.bertrand/research,https://ideas.repec.org/f/pbe697.html,eligible,0,,74.0,147.0,RePEc
pjo24,Charles I. Jones,Stanford University,https://web.stanford.edu/~chadj,https://ideas.repec.org/e/pjo24.html,eligible,0,,143.0,74.0,RePEc
pen106,Benjamin Enke,Harvard University,,https://ideas.repec.org/e/pen106.html,eligible,0,,2339.0,75.0,RePEc
pta174,John B. Taylor,Stanford University,http://www.stanford.edu/~johntayl/,https://ideas.repec.org/e/pta174.html,eligible,0,,76.0,,RePEc
pgu59,Sergei Guriev,London Business School (LBS),https://sites.google.com/site/sguriev/,https://ideas.repec.org/e/pgu59.html,eligible,0,,772.0,76.0,RePEc
pga68,Leonardo Gambacorta,Bank for International Settlements (BIS),https://www.bis.org/author/leonardo_gambacorta.htm,https://ideas.repec.org/e/pga68.html,eligible,0,,405.0,77.0,RePEc
ppo19,James Poterba,Massachusetts Institute of Technology (MIT),http://econ-www.mit.edu/faculty/poterba/,https://ideas.repec.org/e/ppo19.html,eligible,0,,78.0,,RePEc
pmu103,Sendhil Mullainathan,University of Chicago,https://www.chicagobooth.edu/faculty/directory/m/sendhil-mullainathan,https://ideas.repec.org/e/pmu103.html,eligible,0,,98.0,78.0,RePEc
pma111,Charles Manski,Northwestern University,http://faculty.wcas.northwestern.edu/~cfm754/,https://ideas.repec.org/e/pma111.html,eligible,0,,79.0,330.0,RePEc
pvo47,Võ Xuân Vinh,University of Economics Ho Chi Minh City,,https://ideas.repec.org/e/pvo47.html,eligible,0,,1825.0,80.0,RePEc
psh69,Robert J. Shiller,Yale University,http://robertshiller.com,https://ideas.repec.org/e/psh69.html,won,2013,,81.0,1879.0,RePEc
pla465,Camille Landais,London School of Economics (LSE),http://econ.lse.ac.uk/staff/clandais/cgi-bin/index.php,https://ideas.repec.org/f/pla465.html,eligible,0,,1346.0,81.0,RePEc
ptu5,Stephen J Turnovsky,University of Washington,http://www.econ.washington.edu/people/stephen-turnovsky,https://ideas.repec.org/e/ptu5.html,eligible,0,,82.0,,RePEc
pma562,Shunsuke Managi,Kyushu University,http://www.managi-lab.com/english.html,https://ideas.repec.org/f/pma562.html,eligible,0,,340.0,82.0,RePEc
pgr55,Clive W. J. Granger,,http://en.wikipedia.org/wiki/Clive_Granger,https://ideas.repec.org/e/pgr55.html,won,2003,,83.0,,RePEc
pak7,George A. Akerlof,University of California-Berkeley,http://emlab.berkeley.edu/users/akerlof/,https://ideas.repec.org/e/pak7.html,won,2001,,84.0,,RePEc
pst43,Jeremy Stein,National Bureau of Economic Research (NBER),http://post.economics.harvard.edu/faculty/stein/stein.html,https://ideas.repec.org/e/pst43.html,eligible,0,,85.0,1873.0,RePEc
pgo624,Paul Goldsmith-Pinkham,Yale University,http://paulgp.github.io,https://ideas.repec.org/f/pgo624.html,eligible,0,,1832.0,85.0,RePEc
pka60,Daniel Kahneman,,http://www.princeton.edu/~kahneman,https://ideas.repec.org/e/pka60.html,won,2002,,86.0,,RePEc
pil21,Ethan Ilzetzki,London School of Economics (LSE),http://www.ilzetzki.com,https://ideas.repec.org/e/pil21.html,eligible,0,,1740.0,86.0,RePEc
pme203,Robert C. Merton,Massachusetts Institute of Technology (MIT),http://mitsloan.mit.edu/faculty/detail.php?in_spseqno=SP000170&co_list=F,https://ideas.repec.org/f/pme203.html,won,1997,,87.0,,RePEc
pki110,Lutz Kilian,Federal Reserve Bank of Dallas,https://sites.google.com/site/lkilian2019/home,https://ideas.repec.org/e/pki110.html,eligible,0,,104.0,87.0,RePEc
pbo44,George Borjas,Harvard University,http://www.ksg.harvard.edu/gborjas,https://ideas.repec.org/e/pbo44.html,eligible,0,,88.0,1134.0,RePEc
pdu62,Christian Dustmann,University College London (UCL),http://www.christiandustmann.com/,https://ideas.repec.org/e/pdu62.html,eligible,0,,176.0,88.0,RePEc
pmi34,Paul Milgrom,Stanford University,http://www.milgrom.net,https://ideas.repec.org/e/pmi34.html,won,2020,,89.0,2393.0,RePEc
pei4,Martin Eichenbaum,Northwestern University,https://faculty.wcas.northwestern.edu/~yona/,https://ideas.repec.org/e/pei4.html,eligible,0,,90.0,255.0,RePEc
psi753,Avik Sinha,Gnanam School of Business,https://sites.google.com/view/avik-sinha,https://ideas.repec.org/f/psi753.html,eligible,0,,2903.0,90.0,RePEc
pla273,Rafael La Porta,National Bureau of Economic Research (NBER),http://mba.tuck.dartmouth.edu/pages/faculty/rafael.laporta/,https://ideas.repec.org/f/pla273.html,eligible,0,,91.0,,RePEc
psm77,Russell Smyth,Monash University,https://research.monash.edu/en/persons/russell-smyth,https://ideas.repec.org/e/psm77.html,eligible,0,,348.0,91.0,RePEc
pth67,Richard H. Thaler,University of Chicago,http://gsbwww.uchicago.edu/fac/richard.thaler/research/vita.htm,https://ideas.repec.org/e/pth67.html,won,2017,,92.0,,RePEc
psh1114,Arshian Sharif,Sunway University,https://sunwayuniversity.edu.my/sunway-business-school/staff-profiles/professor-arshian-sharif,https://ideas.repec.org/f/psh1114.html,eligible,0,,3230.0,92.0,RePEc
pha893,Jerry A. Hausman,Massachusetts Institute of Technology (MIT),http://economics.mit.edu/faculty/hausman,https://ideas.repec.org/f/pha893.html,eligible,0,,93.0,,RePEc
pka660,Greg Warren Kaplan,University of Chicago,https://gregkaplan.uchicago.edu,https://ideas.repec.org/f/pka660.html,eligible,0,,632.0,93.0,RePEc
pro45,Paul Michael Romer,New York University (NYU),http://www.PaulRomer.net,https://ideas.repec.org/e/pro45.html,won,2018,,94.0,,RePEc
pau33,Alan Auerbach,University of California-Berkeley,http://emlab.berkeley.edu/~auerbach/,https://ideas.repec.org/e/pau33.html,eligible,0,,95.0,391.0,RePEc
pga43,Jordi Galí,Barcelona School of Economics (BSE),http://www.crei.cat/people/gali/,https://ideas.repec.org/e/pga43.html,eligible,0,,97.0,737.0,RePEc
pzo17,Heng-fu Zou,Central University of Finance and Economics (CUFE),,https://ideas.repec.org/e/pzo17.html,eligible,0,,250.0,97.0,RePEc
pha425,M. Kabir Hassan,University of New Orleans,http://new.uno.edu/profile/faculty/mohammad_hassan,https://ideas.repec.org/f/pha425.html,eligible,0,,432.0,98.0,RePEc
pgo601,Claudia Goldin,Harvard University,http://scholar.harvard.edu/goldin,https://ideas.repec.org/f/pgo601.html,won,2023,,99.0,477.0,RePEc
pba1441,Scott R. Baker,University of Wisconsin-Madison,https://sites.google.com/site/srbaker/,https://ideas.repec.org/f/pba1441.html,eligible,0,,574.0,99.0,RePEc
pch45,Lawrence J. Christiano,Northwestern University,,https://ideas.repec.org/e/pch45.html,eligible,0,,100.0,3396.0,RePEc
psa997,Afees Adebare Salisu,Centre for Econometrics and Applied Research,,https://ideas.repec.org/f/psa997.html,eligible,0,,1826.0,100.0,RePEc
plo137,Florencio Lopez-de-Silanes,SKEMA Business School,http://www.skema.edu/faculty-and-research/professors-cv,https://ideas.repec.org/e/plo137.html,eligible,0,,101.0,,RePEc
ple26,David Levine,Washington University in St. Louis,http://www.dklevine.com,https://ideas.repec.org/e/ple26.html,eligible,0,,102.0,1233.0,RePEc
pfa48,Armin Falk,Rheinische Friedrich-Wilhelms-Universität Bonn,https://www.econ.uni-bonn.de/iame/en/team/falk/armin,https://ideas.repec.org/e/pfa48.html,eligible,0,,235.0,102.0,RePEc
pdi24,Peter A. Diamond,Massachusetts Institute of Technology (MIT),https://economics.mit.edu/people/faculty/peter-diamond,https://ideas.repec.org/e/pdi24.html,won,2010,,103.0,,RePEc
pfu47,Davide Furceri,International Monetary Fund (IMF),,https://ideas.repec.org/e/pfu47.html,eligible,0,,701.0,103.0,RePEc
pde710,Stefano DellaVigna,University of California-Berkeley,http://elsa.berkeley.edu/~sdellavi/,https://ideas.repec.org/f/pde710.html,eligible,0,,314.0,104.0,RePEc
pmc90,Michael McAleer,,,https://ideas.repec.org/e/pmc90.html,deceased,0,,105.0,417.0,RePEc
pud12,Gazi Salah Uddin,Linköpings Universitet,,https://ideas.repec.org/e/pud12.html,eligible,0,,1778.0,105.0,RePEc
psv2,Lars E.o. Svensson,Stockholm School of Economics,https://larseosvensson.se/,https://ideas.repec.org/e/psv2.html,eligible,0,,106.0,1100.0,RePEc
pbo1012,Kirill Borusyak,University College London (UCL),https://sites.google.com/view/borusyak/,https://ideas.repec.org/f/pbo1012.html,eligible,0,,2266.0,106.0,RePEc
pha60,James Hamilton,University of California-San Diego (UCSD),http://www.econ.ucsd.edu/~jhamilto/,https://ideas.repec.org/e/pha60.html,eligible,0,,107.0,241.0,RePEc
pca44,Ricardo J Caballero,Massachusetts Institute of Technology (MIT),https://economics.mit.edu/people/faculty/ricardo-caballero,https://ideas.repec.org/e/pca44.html,eligible,0,,108.0,173.0,RePEc
pbr87,Erik Brynjolfsson,National Bureau of Economic Research (NBER),http://brynjolfsson.com,https://ideas.repec.org/e/pbr87.html,eligible,0,,577.0,108.0,RePEc
pra29,Martin Ravallion,,,https://ideas.repec.org/e/pra29.html,deceased,0,,109.0,483.0,RePEc
pdo78,David Dorn,Universität Zürich,http://www.ddorn.net,https://ideas.repec.org/e/pdo78.html,eligible,0,,397.0,109.0,RePEc
pde226,Asli Demirguc-Kunt,World Bank Group,https://www.worldbank.org/en/about/people/a/asli-demirguc-kunt,https://ideas.repec.org/f/pde226.html,eligible,0,,110.0,645.0,RePEc
pgi173,Luis Alberiko Gil-Alana,Universidad de Navarra,,https://ideas.repec.org/e/pgi173.html,eligible,0,,156.0,110.0,RePEc
pgr23,Zvi Griliches,,http://en.wikipedia.org/wiki/Zvi_Griliches,https://ideas.repec.org/e/pgr23.html,deceased,0,,111.0,,RePEc
pia2,Matteo Iacoviello,Federal Reserve Board (Board of Governors of the Federal Reserve System),https://www.matteoiacoviello.com/,https://ideas.repec.org/e/pia2.html,eligible,0,,597.0,111.0,RePEc
pgr21,Gene Grossman,Centre for Economic Policy Research (CEPR),http://www.princeton.edu/~grossman,https://ideas.repec.org/e/pgr21.html,eligible,0,,112.0,1665.0,RePEc
pgi162,Stefano Giglio,Yale University,https://sites.google.com/view/stefanogiglio/,https://ideas.repec.org/e/pgi162.html,eligible,0,,1077.0,112.0,RePEc
pga46,Oded Galor,Brown University,http://www.odedgalor.com,https://ideas.repec.org/e/pga46.html,eligible,0,,113.0,836.0,RePEc
pta479,Farhad Taghizadeh-hesary,"Tokai University, School of Global Studies (Tokai University, School of Global Studies)",https://orcid.org/0000-0001-5446-7093,https://ideas.repec.org/f/pta479.html,eligible,0,,2479.0,113.0,RePEc
pdi79,Avinash Kamalakar Dixit,Princeton University,http://www.princeton.edu/~dixitak/home/wrkps.html,https://ideas.repec.org/e/pdi79.html,eligible,0,,114.0,,RePEc
pap95,Nicholas Apergis,,,https://ideas.repec.org/e/pap95.html,eligible,0,,293.0,114.0,RePEc
pha102,Campbell Harvey,Duke University,https://people.duke.edu/~charvey,https://ideas.repec.org/e/pha102.html,eligible,0,,115.0,423.0,RePEc
pwe141,Iván Werning,Massachusetts Institute of Technology (MIT),https://economics.mit.edu/people/faculty/ivan-werning,https://ideas.repec.org/e/pwe141.html,eligible,0,,486.0,115.0,RePEc
pne16,David Neumark,University of California-Irvine,,https://ideas.repec.org/e/pne16.html,eligible,0,,116.0,234.0,RePEc
psh1006,Joseph S. Shapiro,National Bureau of Economic Research (NBER),http://joseph-s-shapiro.com,https://ideas.repec.org/f/psh1006.html,eligible,0,,1592.0,116.0,RePEc
psh692,Hyun Song Shin,Bank of Korea,,https://ideas.repec.org/f/psh692.html,eligible,0,,117.0,212.0,RePEc
pfi391,Stanley Fischer,,,https://ideas.repec.org/f/pfi391.html,deceased,0,,118.0,,RePEc
pre651,Xiaohang Ren,Central South University,,https://ideas.repec.org/f/pre651.html,eligible,0,,3440.0,118.0,RePEc
pfr6,Bruno S. Frey,Center for Research in Economics,http://www.bsfrey.ch/,https://ideas.repec.org/e/pfr6.html,eligible,0,,119.0,2388.0,RePEc
pha489,Tarek Alexander Hassan,Boston University,https://sites.google.com/site/tarekalexanderhassan/papers,https://ideas.repec.org/f/pha489.html,eligible,0,,1450.0,119.0,RePEc
pme260,Marc J. Melitz,Harvard University,https://scholar.harvard.edu/melitz/home,https://ideas.repec.org/f/pme260.html,eligible,0,,120.0,1360.0,RePEc
pgo28,Pierre-Olivier Gourinchas,International Monetary Fund (IMF),https://sites.google.com/view/pgourinchas,https://ideas.repec.org/e/pgo28.html,eligible,0,,422.0,120.0,RePEc
pla174,Luc Laeven,European Central Bank,https://sites.google.com/site/laevenl/home,https://ideas.repec.org/e/pla174.html,eligible,0,,121.0,182.0,RePEc
pac33,Viral V. Acharya,New York University (NYU),http://pages.stern.nyu.edu/~sternfin/vacharya/public_html/~vacharya.htm,https://ideas.repec.org/e/pac33.html,eligible,0,,122.0,157.0,RePEc
ppl107,Mikkel Plagborg-Moller,University of Chicago,https://www.mikkelpm.com,https://ideas.repec.org/e/ppl107.html,eligible,0,,2126.0,122.0,RePEc
pca694,Guillermo Calvo,Columbia University,http://www.columbia.edu/~gc2286/,https://ideas.repec.org/f/pca694.html,eligible,0,,123.0,,RePEc
pch1494,Gabriel Isaac Chodorow-Reich,Harvard University,http://scholar.harvard.edu/chodorow-reich,https://ideas.repec.org/f/pch1494.html,eligible,0,,1174.0,123.0,RePEc
pto90,Richard S.j. Tol,University of Sussex,https://www.ae-info.org/ae/Member/Tol_Richard,https://ideas.repec.org/e/pto90.html,eligible,0,,124.0,193.0,RePEc
pkl131,Patrick Kline,University of California-Berkeley,http://emlab.berkeley.edu/~pkline/,https://ideas.repec.org/e/pkl131.html,eligible,0,,394.0,124.0,RePEc
pro40,Alvin Roth,Stanford University,http://web.stanford.edu/~alroth/,https://ideas.repec.org/e/pro40.html,won,2012,,125.0,1819.0,RePEc
pwa1023,Christopher Ross Walters,University of California-Berkeley,https://eml.berkeley.edu/~crwalters/,https://ideas.repec.org/f/pwa1023.html,eligible,0,,1956.0,125.0,RePEc
pro179,James Alan Robinson,University of Chicago,http://scholar.harris.uchicago.edu/jamesrobinson/home,https://ideas.repec.org/e/pro179.html,won,2024,,126.0,2442.0,RePEc
pdu263,Arindrajit Dube,University of Massachusetts-Amherst,http://www.arindube.com,https://ideas.repec.org/f/pdu263.html,eligible,0,,1251.0,126.0,RePEc
pta37,Guido Tabellini,Università Commerciale Luigi Bocconi,http://didattica.unibocconi.eu/myigier/index.php?IdUte=48805,https://ideas.repec.org/e/pta37.html,eligible,0,,127.0,558.0,RePEc
pyo93,Yoto V. Yotov,Drexel University,http://yotoyotov.com,https://ideas.repec.org/e/pyo93.html,eligible,0,,1293.0,127.0,RePEc
pbe266,Thorsten Beck,European University Institute,http://www.thorstenbeck.com,https://ideas.repec.org/f/pbe266.html,eligible,0,,128.0,885.0,RePEc
pca1139,Guglielmo Maria Caporale,Brunel University London,,https://ideas.repec.org/f/pca1139.html,eligible,0,,415.0,128.0,RePEc
ple60,Josh Lerner,Harvard University,http://www.hbs.edu/faculty/jlerner,https://ideas.repec.org/e/ple60.html,eligible,0,,129.0,531.0,RePEc
psy13,Chad Syverson,University of Chicago,,https://ideas.repec.org/e/psy13.html,eligible,0,,307.0,129.0,RePEc
pfe116,Robert C. Feenstra,University of California-Davis,http://www.econ.ucdavis.edu/faculty/fzfeens/,https://ideas.repec.org/e/pfe116.html,eligible,0,,130.0,807.0,RePEc
pwo284,Christian K. Wolf,Massachusetts Institute of Technology (MIT),https://www.christiankwolf.com,https://ideas.repec.org/f/pwo284.html,eligible,0,,2773.0,130.0,RePEc
pwh17,Halbert White,,https://economics.ucsd.edu/faculty-and-research/in-memoriam/halbert/index.html,https://ideas.repec.org/e/pwh17.html,deceased,0,,131.0,,RePEc
pmi499,Edward Andrew Miguel,University of California-Berkeley,http://elsa.berkeley.edu/~emiguel/,https://ideas.repec.org/f/pmi499.html,eligible,0,,215.0,131.0,RePEc
pst944,Ludwig Straub,Harvard University,https://scholar.harvard.edu/straub,https://ideas.repec.org/f/pst944.html,eligible,0,,3143.0,132.0,RePEc
pwe175,Martin L. Weitzman,,,https://ideas.repec.org/e/pwe175.html,deceased,0,,133.0,,RePEc
pya275,Constantine Nicholas Yannelis,University of Chicago,https://www.chicagobooth.edu/faculty/directory/y/constantine-yannelis,https://ideas.repec.org/f/pya275.html,eligible,0,,1881.0,133.0,RePEc
psc129,Moritz Schularick,Sciences Po,https://www.moritzschularick.com/,https://ideas.repec.org/e/psc129.html,eligible,0,,629.0,134.0,RePEc
pbl41,Alan S. Blinder,Princeton University,,https://ideas.repec.org/e/pbl41.html,eligible,0,,135.0,1587.0,RePEc
pli551,Chen Lin,University of Hong Kong,http://www.baf.cuhk.edu.hk/staff/academicfaculty-detail.asp?DID=4&StaffID=502,https://ideas.repec.org/f/pli551.html,eligible,0,,624.0,135.0,RePEc
pgu58,Luigi Guiso,Istituto Einaudi per l'Economia e la Finanza (EIEF),https://www.eief.it/eief/index.php/people/faculty-az?id=172,https://ideas.repec.org/e/pgu58.html,eligible,0,,136.0,171.0,RePEc
pwe115,Enzo Weber,Institut für Arbeitsmarkt- und Berufsforschung (IAB),https://www.linkedin.com/in/enzo-weber/,https://ideas.repec.org/e/pwe115.html,eligible,0,,761.0,136.0,RePEc
pha532,Iftekhar Hasan,Fordham University,,https://ideas.repec.org/f/pha532.html,eligible,0,,195.0,137.0,RePEc
ppe32,Pierre Perron,Boston University,https://blogs.bu.edu/perron/,https://ideas.repec.org/e/ppe32.html,eligible,0,,138.0,2242.0,RePEc
pxi68,Dacheng Xiu,University of Chicago,https://dachxiu.chicagobooth.edu,https://ideas.repec.org/e/pxi68.html,eligible,0,,1616.0,138.0,RePEc
pha80,Gordon Hanson,Harvard University,https://scholar.harvard.edu/gordonhanson,https://ideas.repec.org/e/pha80.html,eligible,0,,139.0,276.0,RePEc
pja203,Joao Tovar Jalles,Universidade de Lisboa,https://www.iseg.ulisboa.pt/aquila/homepage/f9481,https://ideas.repec.org/f/pja203.html,eligible,0,,966.0,139.0,RePEc
pro406,David Romer,University of California-Berkeley,https://eml.berkeley.edu/~dromer/,https://ideas.repec.org/f/pro406.html,eligible,0,,140.0,1055.0,RePEc
pde165,Jan K. De Loecker,KU Leuven,,https://ideas.repec.org/e/pde165.html,eligible,0,,878.0,140.0,RePEc
pwe16,Kenneth D. West,University of Wisconsin-Madison,http://www.ssc.wisc.edu/~kwest/index.html,https://ideas.repec.org/e/pwe16.html,eligible,0,,141.0,,RePEc
phe657,Zhiguo He,Stanford University,https://www.zhiguohe.net,https://ideas.repec.org/f/phe657.html,eligible,0,,545.0,141.0,RePEc
pla164,David Laibson,Harvard University,https://scholar.harvard.edu/laibson/home,https://ideas.repec.org/e/pla164.html,eligible,0,,142.0,760.0,RePEc
pro72,Esteban Rossi-Hansberg,University of Chicago,http://www.rossihansberg.com,https://ideas.repec.org/e/pro72.html,eligible,0,,383.0,142.0,RePEc
pwu192,Haitao Wu,Hainan University,https://scholar.google.com/citations?user=1MR66EoAAAAJhl=zh-CN,https://ideas.repec.org/e/pwu192.html,eligible,0,,,143.0,RePEc
pga174,Xavier Gabaix,Harvard University,https://scholar.harvard.edu/xgabaix/publications,https://ideas.repec.org/e/pga174.html,eligible,0,,144.0,752.0,RePEc
pfe14,Jesus Fernandez-Villaverde,University of Pennsylvania,https://www.sas.upenn.edu/~jesusfv/,https://ideas.repec.org/e/pfe14.html,eligible,0,,485.0,144.0,RePEc
pco57,John H. Cochrane,Hoover Institution on War Revolution & Peace,https://www.johnhcochrane.com,https://ideas.repec.org/e/pco57.html,eligible,0,,145.0,2374.0,RePEc
pma2176,Matteo Maggiori,Stanford University,https://www.matteomaggiori.com/,https://ideas.repec.org/f/pma2176.html,eligible,0,,1221.0,145.0,RePEc
pla127,Jean-Jacques Laffont,,http://en.wikipedia.org/wiki/Jean-Jacques_Laffont,https://ideas.repec.org/e/pla127.html,deceased,0,,146.0,,RePEc
pbe258,Dirk Bergemann,Yale University,http://campuspress.yale.edu/dirkbergemann/,https://ideas.repec.org/f/pbe258.html,eligible,0,,499.0,146.0,RePEc
psa57,Paul A. Samuelson,,https://www.nobelprize.org/prizes/economic-sciences/1970/samuelson/facts/,https://ideas.repec.org/e/psa57.html,won,1970,,147.0,,RePEc
pha222,Oliver D. Hart,Harvard University,http://post.economics.harvard.edu/faculty/hart/hart.html,https://ideas.repec.org/f/pha222.html,won,2016,,148.0,,RePEc
pwe328,Yi-Ming Wei,Beijing Institute of Technology,https://ceep.bit.edu.cn/english/People/Faculty/834c3eaaf12c4ee8af26aac6e8a1136c.htm,https://ideas.repec.org/f/pwe328.html,eligible,0,,687.0,148.0,RePEc
pkr20,Michael Kremer,University of Chicago,,https://ideas.repec.org/e/pkr20.html,won,2019,,149.0,1493.0,RePEc
pfe231,Thiemo Fetzer,University of Warwick,http://www.trfetzer.com,https://ideas.repec.org/f/pfe231.html,eligible,0,,2383.0,149.0,RePEc
pja7,Matthew O. Jackson,Stanford University,http://www.stanford.edu/~jacksonm,https://ideas.repec.org/e/pja7.html,eligible,0,,150.0,306.0,RePEc
pbo295,Sabri Boubaker,École de Management de Normandie,,https://ideas.repec.org/f/pbo295.html,eligible,0,,1821.0,150.0,RePEc
pjo20,Boyan Jovanovic,New York University (NYU),https://sites.google.com/a/nyu.edu/boyan-jovanovic-home-page/,https://ideas.repec.org/e/pjo20.html,eligible,0,,151.0,1884.0,RePEc
pna121,Emi Nakamura,University of California-Berkeley,https://eml.berkeley.edu/~enakamura/,https://ideas.repec.org/e/pna121.html,eligible,0,,510.0,151.0,RePEc
pwe20,Shang-Jin Wei,Fudan University,http://www.nber.org/~wei,https://ideas.repec.org/e/pwe20.html,eligible,0,,152.0,453.0,RePEc
ppo212,Niklas Potrafke,ifo Institut - Leibniz-Institut für Wirtschaftsforschung an der Universität München e.V.,,https://ideas.repec.org/f/ppo212.html,eligible,0,,686.0,152.0,RePEc
pdu341,Darrell Duffie,Stanford University,http://darrellduffie.com,https://ideas.repec.org/f/pdu341.html,eligible,0,,153.0,402.0,RePEc
pho408,Ali Hortacsu,University of Chicago,,https://ideas.repec.org/f/pho408.html,eligible,0,,588.0,153.0,RePEc
pro53,Richard Rogerson,Princeton University,,https://ideas.repec.org/e/pro53.html,eligible,0,,154.0,231.0,RePEc
pca683,Dario Caldara,Federal Reserve Board (Board of Governors of the Federal Reserve System),https://sites.google.com/view/dariocaldara,https://ideas.repec.org/f/pca683.html,eligible,0,,1866.0,154.0,RePEc
pno115,William D. Nordhaus,Yale University,https://williamnordhaus.com/,https://ideas.repec.org/e/pno115.html,won,2018,,155.0,517.0,RePEc
poz20,Ilhan Ozturk,Nişantası Üniversitesi,http://www.econjournals.com,https://ideas.repec.org/e/poz20.html,eligible,0,,868.0,155.0,RePEc
ppa701,Elias Papaioannou,London Business School (LBS),https://sites.google.com/site/papaioannouelias/,https://ideas.repec.org/f/ppa701.html,eligible,0,,781.0,156.0,RePEc
pro71,Andrew Rose,University of California-Berkeley,https://www.andrewkrose.net/,https://ideas.repec.org/e/pro71.html,eligible,0,,157.0,1528.0,RePEc
psi146,Hans-Werner Sinn,ifo Institut - Leibniz-Institut für Wirtschaftsforschung an der Universität München e.V.,http://www.hanswernersinn.de,https://ideas.repec.org/e/psi146.html,eligible,0,,158.0,,RePEc
pgr38,Michael Greenstone,University of Chicago,http://www.michaelgreenstone.com/,https://ideas.repec.org/e/pgr38.html,eligible,0,,225.0,158.0,RePEc
pha54,Bronwyn H Hall,University of California-Berkeley,http://emlab.berkeley.edu/users/bhhall/index.html,https://ideas.repec.org/e/pha54.html,eligible,0,,159.0,,RePEc
ppe210,Giovanni Peri,University of California-Davis,https://giovanniperi.ucdavis.edu/,https://ideas.repec.org/f/ppe210.html,eligible,0,,227.0,159.0,RePEc
pmi37,Frederic Mishkin,Columbia University,http://www.gsb.columbia.edu/faculty/fmishkin/,https://ideas.repec.org/e/pmi37.html,eligible,0,,160.0,,RePEc
ple223,Andrei A. Levchenko,University of Michigan,http://alevchenko.com,https://ideas.repec.org/f/ple223.html,eligible,0,,702.0,160.0,RePEc
psl10,Joel Slemrod,University of Michigan,http://www.otpr.org,https://ideas.repec.org/e/psl10.html,eligible,0,,161.0,220.0,RePEc
pge43,Matthew Aaron Gentzkow,Stanford University,https://people.stanford.edu/gentzkow/,https://ideas.repec.org/e/pge43.html,eligible,0,,544.0,161.0,RePEc
pro558,Mark Rosenzweig,Yale University,https://economics.yale.edu/people/faculty/mark-rosenzweig,https://ideas.repec.org/f/pro558.html,eligible,0,,162.0,3234.0,RePEc
pch1832,Ioannis Chatziantoniou,Hellenic Mediterranean University,,https://ideas.repec.org/f/pch1832.html,eligible,0,,3179.0,162.0,RePEc
puh1,Harald Uhlig,University of Chicago,https://voices.uchicago.edu/haralduhlig/,https://ideas.repec.org/e/puh1.html,eligible,0,,163.0,233.0,RePEc
pna176,Stefan Nagel,University of Chicago,http://voices.uchicago.edu/stefannagel/,https://ideas.repec.org/e/pna176.html,eligible,0,,428.0,163.0,RePEc
pke18,Michael P Keane,UNSW Sydney,https://scholar.google.co.uk/citations?user=lIV7LhIAAAAJ&hl=en,https://ideas.repec.org/e/pke18.html,eligible,0,,164.0,834.0,RePEc
pgo327,Gita Gopinath,National Bureau of Economic Research (NBER),,https://ideas.repec.org/f/pgo327.html,eligible,0,,402.0,164.0,RePEc
pai8,Joshua Aizenman,University of Southern California,http://www.nber.org/people/joshua_aizenman,https://ideas.repec.org/e/pai8.html,eligible,0,,165.0,1027.0,RePEc
pum40,Zaghum Umar,Zayed University,https://scholar.google.com/citations?user=aXx3i0kAAAAJhl=en,https://ideas.repec.org/e/pum40.html,eligible,0,,3380.0,165.0,RePEc
pho488,Bengt Holmstrom,Massachusetts Institute of Technology (MIT),http://economics.mit.edu/faculty/bengt,https://ideas.repec.org/f/pho488.html,won,2016,,166.0,,RePEc
pwe95,Ivo Welch,University of California-Los Angeles (UCLA),http://www.ivo-welch.info,https://ideas.repec.org/e/pwe95.html,eligible,0,,360.0,166.0,RePEc
pmi748,Jacob Mincer,,https://en.wikipedia.org/wiki/Jacob_Mincer,https://ideas.repec.org/f/pmi748.html,deceased,0,,167.0,,RePEc
pmc29,David Mckenzie,World Bank Group,https://sites.google.com/site/decrgdmckenzie/home,https://ideas.repec.org/e/pmc29.html,eligible,0,,192.0,167.0,RePEc
pma110,Stephen Machin,London School of Economics (LSE),http://personal.lse.ac.uk/machin/,https://ideas.repec.org/e/pma110.html,eligible,0,,168.0,256.0,RePEc
pde497,David Deming,Harvard University,http://scholar.harvard.edu/ddeming,https://ideas.repec.org/f/pde497.html,eligible,0,,856.0,168.0,RePEc
pde792,Ender Demir,Háskólinn í Reykjavík,,https://ideas.repec.org/f/pde792.html,eligible,0,,3193.0,169.0,RePEc
pth14,Jacques Thisse,Université Catholique de Louvain,http://server.core.ucl.ac.be/staff/thisse.html,https://ideas.repec.org/e/pth14.html,eligible,0,,170.0,2660.0,RePEc
pka457,Marcin Kacperczyk,Imperial College,http://www.kacperczyk.net,https://ideas.repec.org/f/pka457.html,eligible,0,,858.0,170.0,RePEc
pbe81,B. Douglas Bernheim,Stanford University,http://www.stanford.edu/~bernheim/,https://ideas.repec.org/e/pbe81.html,eligible,0,,171.0,980.0,RePEc
ppi12,Christopher A Pissarides,London School of Economics (LSE),http://econ.lse.ac.uk/staff/cap/,https://ideas.repec.org/e/ppi12.html,won,2010,,172.0,,RePEc
ppe481,Jose-Luis Peydro,Libera Università Internazionale degli Studi Sociali Guido Carli (LUISS),https://sites.google.com/site/joseluispeydroswebpage/,https://ideas.repec.org/f/ppe481.html,eligible,0,,633.0,172.0,RePEc
pla64,Edward Lazear,,https://www.hoover.org/profiles/edward-paul-lazear,https://ideas.repec.org/e/pla64.html,deceased,0,,173.0,,RePEc
pjo44,Simon Johnson,National Bureau of Economic Research (NBER),http://BaselineScenario.com,https://ideas.repec.org/e/pjo44.html,won,2024,,174.0,,RePEc
pvi7,Giovanni Luca Violante,New York University (NYU),http://www.econ.nyu.edu/user/violante,https://ideas.repec.org/e/pvi7.html,eligible,0,,358.0,174.0,RePEc
pba53,Jushan Bai,Columbia University,http://www.columbia.edu/~jb3064/,https://ideas.repec.org/e/pba53.html,eligible,0,,175.0,1347.0,RePEc
psp218,Jann Spiess,Stanford University,https://gsb-faculty.stanford.edu/jann-spiess,https://ideas.repec.org/f/psp218.html,eligible,0,,3653.0,175.0,RePEc
pan143,George-Marios Angeletos,Northwestern University,http://econ-www.mit.edu/faculty/index.htm?prof_id=angelet,https://ideas.repec.org/e/pan143.html,eligible,0,,453.0,176.0,RePEc
pha78,Daniel Hamermesh,University of Texas-Austin,https://liberalarts.utexas.edu/economics/faculty/hamermes,https://ideas.repec.org/e/pha78.html,eligible,0,,177.0,912.0,RePEc
pno182,Matthew J. Notowidigdo,Northwestern University,http://faculty.wcas.northwestern.edu/noto/,https://ideas.repec.org/e/pno182.html,eligible,0,,1031.0,177.0,RePEc
pha97,Eric Hanushek,Hoover Institution on War Revolution & Peace,http://hanushek.stanford.edu,https://ideas.repec.org/e/pha97.html,eligible,0,,178.0,1732.0,RePEc
pba722,Mehmet Balcilar,University of New Haven,http://www.mbalcilar.net,https://ideas.repec.org/f/pba722.html,eligible,0,,1075.0,178.0,RePEc
pmo392,Enrico Moretti,University of California-Berkeley,http://emlab.berkeley.edu/~moretti/,https://ideas.repec.org/f/pmo392.html,eligible,0,,179.0,266.0,RePEc
ple1182,Chi-Chuan Lee,Southwestern University of Finance and Economics (SWUFE),,https://ideas.repec.org/f/ple1182.html,eligible,0,,3547.0,179.0,RePEc
pki21,Robert King,Boston University,http://people.bu.edu/rking,https://ideas.repec.org/e/pki21.html,eligible,0,,180.0,,RePEc
pgo419,Amit Goyal,Université de Lausanne,https://sites.google.com/view/agoyal145,https://ideas.repec.org/f/pgo419.html,eligible,0,,1602.0,180.0,RePEc
pat36,Anthony Barnes Atkinson,,,https://ideas.repec.org/e/pat36.html,deceased,0,,181.0,3697.0,RePEc
pra851,Christopher Rauh,University of Cambridge,https://sites.google.com/site/econrauh/,https://ideas.repec.org/f/pra851.html,eligible,0,,3045.0,181.0,RePEc
pvi149,Xavier Vives,Universidad de Navarra,http://blog.iese.edu/xvives,https://ideas.repec.org/e/pvi149.html,eligible,0,,182.0,615.0,RePEc
psh379,施训鹏,University of Technology Sydney,https://profiles.uts.edu.au/Xunpeng.Shi,https://ideas.repec.org/f/psh379.html,eligible,0,,3050.0,183.0,RePEc
pme144,Costas Meghir,Yale University,https://sites.google.com/site/costasmeghir/home,https://ideas.repec.org/e/pme144.html,eligible,0,,184.0,542.0,RePEc
ppr99,Ricardo Perez-Truglia,University of California-Los Angeles (UCLA),http://ricardotruglia.bol.ucla.edu/,https://ideas.repec.org/e/ppr99.html,eligible,0,,1813.0,184.0,RePEc
pbe52,Geert Bekaert,Columbia University,https://www0.gsb.columbia.edu/faculty/gbekaert/,https://ideas.repec.org/e/pbe52.html,eligible,0,,185.0,899.0,RePEc
pla429,Chi Keung Marco Lau,Hang Seng University of Hong Kong,https://scholar.google.co.uk/citations?user=9G9NwVsAAAAJ&hl=en,https://ideas.repec.org/f/pla429.html,eligible,0,,2780.0,185.0,RePEc
pma498,Eric S. Maskin,Harvard University,http://scholar.harvard.edu/maskin,https://ideas.repec.org/f/pma498.html,won,2007,,186.0,,RePEc
ppa503,Parag Pathak,Massachusetts Institute of Technology (MIT),http://economics.mit.edu/faculty/ppathak,https://ideas.repec.org/f/ppa503.html,eligible,0,,625.0,186.0,RePEc
pro58,Sherwin Rosen,,http://en.wikipedia.org/wiki/Sherwin_Rosen,https://ideas.repec.org/e/pro58.html,deceased,0,,187.0,,RePEc
pge95,Nicola Gennaioli,Università Commerciale Luigi Bocconi,https://mypage.unibocconi.eu/nicolagennaioli/index.php?IdUte=154156idr=18104lingua=eng,https://ideas.repec.org/e/pge95.html,eligible,0,,354.0,187.0,RePEc
psh70,Jesse Shapiro,Harvard University,https://shapiro.scholars.harvard.edu/,https://ideas.repec.org/e/psh70.html,eligible,0,,475.0,188.0,RePEc
pni25,Stephen Nickell,Oxford University,,https://ideas.repec.org/e/pni25.html,eligible,0,,189.0,,RePEc
pse604,Ahmet Sensoy,Bilkent Üniversitesi,,https://ideas.repec.org/f/pse604.html,eligible,0,,2722.0,189.0,RePEc
pjo35,Soren Johansen,Københavns Universitet,https://www.econ.ku.dk/ansatte/emeriti/?pure=da/persons/34220,https://ideas.repec.org/e/pjo35.html,eligible,0,,190.0,,RePEc
pbi159,Javier Bianchi,Federal Reserve Bank of Minneapolis,http://www.javierbianchi.com,https://ideas.repec.org/e/pbi159.html,eligible,0,,1416.0,190.0,RePEc
pja49,Adam Jaffe,Motu: Economic & Public Policy Research,http://www.motu.org.nz/about-us/people/adam-jaffe/,https://ideas.repec.org/e/pja49.html,eligible,0,,191.0,2296.0,RePEc
pbe98,Sascha O. Becker,University of Warwick,http://www.sobecker.de,https://ideas.repec.org/e/pbe98.html,eligible,0,,476.0,192.0,RePEc
pke4,Patrick J. Kehoe,Stanford University,http://www.econ.umn.edu/~kehoe/,https://ideas.repec.org/e/pke4.html,eligible,0,,194.0,1470.0,RePEc
pfi257,Raymond Fisman,Boston University,http://sites.bu.edu/fisman/,https://ideas.repec.org/f/pfi257.html,eligible,0,,377.0,194.0,RePEc
pnt7,Collins G. Ntim,University of Southampton,,https://ideas.repec.org/e/pnt7.html,eligible,0,,2372.0,195.0,RePEc
pba1733,Jose Maria Barrero,Instituto Tecnólogico Autónomo de México (ITAM),http://www.jmbarrero.com,https://ideas.repec.org/f/pba1733.html,eligible,0,,3442.0,196.0,RePEc
phi20,David Hirshleifer,University of Southern California,https://sites.uci.edu/dhirshle/,https://ideas.repec.org/e/phi20.html,eligible,0,,197.0,204.0,RePEc
pbi299,Carola Conces Binder,University of Texas-Austin,https://carolabinder.sites.haverford.edu/,https://ideas.repec.org/f/pbi299.html,eligible,0,,3222.0,197.0,RePEc
psc166,Friedrich Georg Schneider,Johannes-Kepler-Universität Linz,http://www.econ.jku.at/schneider,https://ideas.repec.org/e/psc166.html,eligible,0,,198.0,519.0,RePEc
pwo357,Johannes Wohlfart,Universität zu Köln,https://sites.google.com/site/johanneswohlfartecon/home,https://ideas.repec.org/f/pwo357.html,eligible,0,,2807.0,198.0,RePEc
psh557,Yongcheol Shin,University of York,,https://ideas.repec.org/f/psh557.html,eligible,0,,199.0,1195.0,RePEc
psw16,Eric T. Swanson,University of California-Irvine,http://www.ericswanson.org,https://ideas.repec.org/e/psw16.html,eligible,0,,606.0,199.0,RePEc
pas9,Orley Ashenfelter,Princeton University,,https://ideas.repec.org/e/pas9.html,eligible,0,,200.0,,RePEc
pal171,Hunt Allcott,Harvard University,http://ksghome.harvard.edu/~allcoth/,https://ideas.repec.org/e/pal171.html,eligible,0,,2051.0,200.0,RePEc
pta46,Alan M. Taylor,Columbia University,https://amtaylor.ucdavis.edu,https://ideas.repec.org/e/pta46.html,eligible,0,,201.0,215.0,RePEc
pdi319,Jonathan Ivan Dingel,Columbia University,http://www.jdingel.com,https://ideas.repec.org/f/pdi319.html,eligible,0,,3497.0,201.0,RePEc
pfu92,Andreas Fuster,École Polytechnique Fédérale de Lausanne (EPFL),http://www.andreasfuster.com,https://ideas.repec.org/e/pfu92.html,eligible,0,,1321.0,202.0,RePEc
pwo4,Mark Wohar,University of Nebraska-Omaha,http://mwohar.unomaha.community/homepage.html,https://ideas.repec.org/e/pwo4.html,eligible,0,,654.0,203.0,RePEc
pso18,Robert M. Solow,,,https://ideas.repec.org/e/pso18.html,won,1987,,204.0,,RePEc
pli253,Oliver Bruce Linton,University of Cambridge,,https://ideas.repec.org/f/pli253.html,eligible,0,,205.0,291.0,RePEc
plo185,Guido Lorenzoni,Northwestern University,https://voices.uchicago.edu/guidolorenzoni/,https://ideas.repec.org/e/plo185.html,eligible,0,,811.0,205.0,RePEc
pan31,James Andreoni,University of California-San Diego (UCSD),http://econ.ucsd.edu/~jandreon/,https://ideas.repec.org/e/pan31.html,eligible,0,,207.0,3025.0,RePEc
pzh1078,Yaojie Zhang,Nanjing University of Science and Technology,,https://ideas.repec.org/f/pzh1078.html,eligible,0,,,207.0,RePEc
pho22,Peter Howitt,Brown University,http://www.econ.brown.edu/fac/Peter_Howitt/,https://ideas.repec.org/e/pho22.html,won,2025,,208.0,,RePEc
psc930,Benjamin Schoefer,University of California-Berkeley,https://eml.berkeley.edu/~schoefer/,https://ideas.repec.org/f/psc930.html,eligible,0,,,208.0,RePEc
pgo50,Robert J. Gordon,Centre for Economic Policy Research (CEPR),https://gordon.economics.northwestern.edu,https://ideas.repec.org/e/pgo50.html,eligible,0,,209.0,,RePEc
pbo134,Ron Boschma,Universiteit Utrecht,http://econ.geo.uu.nl/boschma/boschma.html,https://ideas.repec.org/e/pbo134.html,eligible,0,,439.0,209.0,RePEc
pre4,Sergio Rebelo,Centre for Economic Policy Research (CEPR),https://www.kellogg.northwestern.edu/faculty/rebelo/htm/research.html,https://ideas.repec.org/e/pre4.html,eligible,0,,210.0,1953.0,RePEc
pph81,Thomas Philippon,New York University (NYU),http://pages.stern.nyu.edu/~tphilipp/,https://ideas.repec.org/e/pph81.html,eligible,0,,539.0,210.0,RePEc
pcl16,Stijn Claessens,Yale University,http://www.bis.org/author/stijn_claessens.htm,https://ideas.repec.org/e/pcl16.html,eligible,0,,211.0,370.0,RePEc
phe365,Kyle Frederic Herkenhoff,University of Minnesota,https://sites.google.com/site/kyleherkenhoff/,https://ideas.repec.org/f/phe365.html,eligible,0,,3280.0,211.0,RePEc
pwe24,David Weil,Brown University,,https://ideas.repec.org/e/pwe24.html,eligible,0,,212.0,1350.0,RePEc
pur103,Andrew Urquhart,University of Birmingham,,https://ideas.repec.org/e/pur103.html,eligible,0,,2710.0,213.0,RePEc
ped3,Sebastian Edwards,University of California-Los Angeles (UCLA),http://www.anderson.ucla.edu/faculty/sebastian.edwards/,https://ideas.repec.org/e/ped3.html,eligible,0,,214.0,,RePEc
pbr467,Abel Brodeur,Université d'Ottawa,https://sites.google.com/site/abelbrodeur/,https://ideas.repec.org/f/pbr467.html,eligible,0,,2103.0,214.0,RePEc
pbe359,Allen N. Berger,Federal Reserve Board (Board of Governors of the Federal Reserve System),,https://ideas.repec.org/f/pbe359.html,eligible,0,,216.0,,RePEc
pch1596,Eric Chyn,National Bureau of Economic Research (NBER),http://www.ericchyn.com,https://ideas.repec.org/f/pch1596.html,eligible,0,,,216.0,RePEc
png6,Serena Ng,Columbia University,http://www.columbia.edu/~sn2294,https://ideas.repec.org/e/png6.html,eligible,0,,217.0,639.0,RePEc
pku627,Satish Kumar,ICFAI University,,https://ideas.repec.org/f/pku627.html,eligible,0,,3659.0,217.0,RePEc
pze7,Richard Zeckhauser,National Bureau of Economic Research (NBER),https://www.hks.harvard.edu/faculty/richard-zeckhauser,https://ideas.repec.org/e/pze7.html,eligible,0,,218.0,1839.0,RePEc
pmo9,Stephen Morris,Massachusetts Institute of Technology (MIT),https://economics.mit.edu/faculty/semorris,https://ideas.repec.org/e/pmo9.html,eligible,0,,219.0,322.0,RePEc
psa3,Kjell G Salvanes,Norges Handelshøyskole (NHH),https://sites.google.com/view/kjellsalvanes/home,https://ideas.repec.org/e/psa3.html,eligible,0,,418.0,219.0,RePEc
pba92,William Baumol,,,https://ideas.repec.org/e/pba92.html,deceased,0,,220.0,,RePEc
pbe27,Roland Benabou,Princeton University,https://scholar.princeton.edu/rbenabou,https://ideas.repec.org/e/pbe27.html,eligible,0,,221.0,3315.0,RePEc
pli1280,Karl V. Lins,University of Utah,https://faculty.utah.edu/u0233184-Karl_V._Lins/hm/index.hml,https://ideas.repec.org/f/pli1280.html,eligible,0,,1486.0,221.0,RePEc
pal266,Joseph G. Altonji,Yale University,http://www.econ.yale.edu/faculty1/altonji.htm,https://ideas.repec.org/f/pal266.html,eligible,0,,222.0,2566.0,RePEc
pkr393,Arvind Krishnamurthy,Stanford University,,https://ideas.repec.org/f/pkr393.html,eligible,0,,378.0,222.0,RePEc
ple92,Thomas Lemieux,University of British Columbia,https://economics.ubc.ca/profile/thomas-lemieux/,https://ideas.repec.org/e/ple92.html,eligible,0,,223.0,1519.0,RePEc
pre7,Diego Restuccia,University of Toronto,http://www.economics.utoronto.ca/diegor,https://ideas.repec.org/e/pre7.html,eligible,0,,768.0,223.0,RePEc
pbr31,Markus K. Brunnermeier,Princeton University,http://scholar.princeton.edu/markus,https://ideas.repec.org/e/pbr31.html,eligible,0,,224.0,245.0,RePEc
pyo185,Imran Yousaf,Prince Sultan University,https://wku.edu.cn/en/faculty/imran-yousaf-ph-d/,https://ideas.repec.org/e/pyo185.html,eligible,0,,,224.0,RePEc
pco1085,Lin William Cong,Cornell University,http://www.linwilliamcong.com,https://ideas.repec.org/f/pco1085.html,eligible,0,,2950.0,225.0,RePEc
ple59,Steven Levitt,University of Chicago,https://voices.uchicago.edu/levitt/,https://ideas.repec.org/e/ple59.html,eligible,0,,226.0,,RePEc
pka365,Peter Karadi,European Central Bank,https://peterkaradi.com,https://ideas.repec.org/f/pka365.html,eligible,0,,1076.0,226.0,RePEc
pgr108,Sanford Jay Grossman,Quantitative Financial Strategies,http://www.qfsfunds.com,https://ideas.repec.org/e/pgr108.html,eligible,0,,228.0,,RePEc
pan244,Nikolaos Antonakakis,University of Nicosia,https://nikolaosantonakakis.com,https://ideas.repec.org/f/pan244.html,eligible,0,,2354.0,228.0,RePEc
phe30,J. Vernon Henderson,London School of Economics (LSE),https://www.lse.ac.uk/geography-and-environment/people/academic-staff/vernon-henderson,https://ideas.repec.org/e/phe30.html,eligible,0,,229.0,465.0,RePEc
pbr105,Alex Bryson,University College London (UCL),https://profiles.ucl.ac.uk/54820-alex-bryson,https://ideas.repec.org/e/pbr105.html,eligible,0,,675.0,229.0,RePEc
pgn18,Uri Gneezy,University of California-San Diego (UCSD),https://rady.ucsd.edu/people/faculty/gneezy/,https://ideas.repec.org/e/pgn18.html,eligible,0,,230.0,480.0,RePEc
pwa928,Yudong Wang,Nanjing University of Science and Technology,,https://ideas.repec.org/f/pwa928.html,eligible,0,,2175.0,230.0,RePEc
par7,Kenneth J. Arrow,,,https://ideas.repec.org/e/par7.html,won,1972,,231.0,,RePEc
pwr2,Randall Wright,University of Wisconsin-Madison,,https://ideas.repec.org/e/pwr2.html,eligible,0,,232.0,713.0,RePEc
pja86,Seema Jayachandran,Princeton University,https://seemajayachandran.com,https://ideas.repec.org/e/pja86.html,eligible,0,,1014.0,232.0,RePEc
pch205,Gary Charness,,http://www.econ.ucsb.edu/~charness,https://ideas.repec.org/f/pch205.html,deceased,0,,233.0,382.0,RePEc
pdo31,Rüdiger Dornbusch,,http://en.wikipedia.org/wiki/Rudi_Dornbusch,https://ideas.repec.org/e/pdo31.html,deceased,0,,234.0,,RePEc
pcu87,Douglas J. Cumming,Stevens Institute of Technology,https://sites.google.com/view/douglascumming/,https://ideas.repec.org/e/pcu87.html,eligible,0,,623.0,235.0,RePEc
pro30,Julio Rotemberg,,,https://ideas.repec.org/e/pro30.html,deceased,0,,236.0,,RePEc
pre73,Ricardo Reis,London School of Economics (LSE),https://www.r2rsquared.com,https://ideas.repec.org/e/pre73.html,eligible,0,,343.0,236.0,RePEc
pea1,William Easterly,National Bureau of Economic Research (NBER),http://williameasterly.org/,https://ideas.repec.org/e/pea1.html,eligible,0,,237.0,,RePEc
pbo1132,Teodora Boneva,Rheinische Friedrich-Wilhelms-Universität Bonn,https://sites.google.com/site/bonevateodora/home,https://ideas.repec.org/f/pbo1132.html,eligible,0,,,237.0,RePEc
pba832,Christiane Baumeister,University of Notre Dame,https://sites.google.com/site/cjsbaumeister/,https://ideas.repec.org/f/pba832.html,eligible,0,,1292.0,238.0,RePEc
pdu117,Steven N. Durlauf,University of Chicago,,https://ideas.repec.org/e/pdu117.html,eligible,0,,239.0,2917.0,RePEc
pcl8,Andrew Clark,Paris School of Economics,http://www.parisschoolofeconomics.com/clark-andrew/,https://ideas.repec.org/e/pcl8.html,eligible,0,,371.0,239.0,RePEc
pot15,Gianmarco I.p. Ottaviano,Università Commerciale Luigi Bocconi,,https://ideas.repec.org/e/pot15.html,eligible,0,,240.0,608.0,RePEc
ppa276,Lubos Pastor,University of Chicago,https://www.chicagobooth.edu/faculty/directory/p/lubos-pastor,https://ideas.repec.org/f/ppa276.html,eligible,0,,332.0,240.0,RePEc
pwo29,Ludger Woessmann,ifo Institut - Leibniz-Institut für Wirtschaftsforschung an der Universität München e.V.,https://sites.google.com/view/woessmann-e,https://ideas.repec.org/e/pwo29.html,eligible,0,,241.0,290.0,RePEc
pma443,Thierry Mayer,Sciences Po,https://sites.google.com/site/thierrymayer/,https://ideas.repec.org/f/pma443.html,eligible,0,,242.0,294.0,RePEc
pka41,Matthew Kahn,University of Southern California,http://mek1966.googlepages.com/home,https://ideas.repec.org/e/pka41.html,eligible,0,,302.0,242.0,RePEc
pve7,Anthony J. Venables,Oxford University,https://tonyvenables.weebly.com/,https://ideas.repec.org/e/pve7.html,eligible,0,,243.0,1733.0,RePEc
pzh71,Ekaterina Zhuravskaya,Paris School of Economics,http://www.parisschoolofeconomics.com/zhuravskaya-ekaterina/,https://ideas.repec.org/e/pzh71.html,eligible,0,,732.0,243.0,RePEc
pmc4,Bennett T. McCallum,,,https://ideas.repec.org/e/pmc4.html,deceased,0,,244.0,,RePEc
pst282,Robert F. Stambaugh,University of Pennsylvania,http://finance.wharton.upenn.edu/~stambaug/,https://ideas.repec.org/f/pst282.html,eligible,0,,245.0,307.0,RePEc
pmo48,Robert Moffitt,Johns Hopkins University,https://econ.jhu.edu/directory/robert-a-moffitt/,https://ideas.repec.org/e/pmo48.html,eligible,0,,246.0,914.0,RePEc
pel319,Sadok El Ghoul,"University of Alberta, Campus Saint-Jean",https://sites.google.com/a/ualberta.ca/sadok-el-ghoul/,https://ideas.repec.org/f/pel319.html,eligible,0,,1769.0,246.0,RePEc
pwr24,Mike Wright,,,https://ideas.repec.org/e/pwr24.html,deceased,0,,247.0,326.0,RePEc
pbi171,Francesco Bianchi,Johns Hopkins University,https://sites.google.com/view/francescobianchi/home,https://ideas.repec.org/e/pbi171.html,eligible,0,,1865.0,247.0,RePEc
pbo243,Michael David Bordo,Rutgers University-New Brunswick,,https://ideas.repec.org/f/pbo243.html,eligible,0,,248.0,1042.0,RePEc
pkl2,Pete Klenow,Stanford University,http://www.klenow.com,https://ideas.repec.org/e/pkl2.html,eligible,0,,249.0,893.0,RePEc
psu51,Uwe Sunde,Ludwig-Maximilians-Universität München,https://www.popecon.econ.uni-muenchen.de/personen/professoren/sunde/index.html,https://ideas.repec.org/e/psu51.html,eligible,0,,535.0,250.0,RePEc
pha79,Bruce E. Hansen,University of Wisconsin-Madison,http://www.ssc.wisc.edu/~bhansen/,https://ideas.repec.org/e/pha79.html,eligible,0,,251.0,3335.0,RePEc
pjo288,Niels Johannesen,Københavns Universitet,http://nielsjohannesen.net,https://ideas.repec.org/f/pjo288.html,eligible,0,,2693.0,251.0,RePEc
pvi69,W Kip Viscusi,Vanderbilt University,,https://ideas.repec.org/e/pvi69.html,eligible,0,,252.0,1264.0,RePEc
pja165,Marek Jarociński,European Central Bank,https://marekjarocinski.github.io,https://ideas.repec.org/e/pja165.html,eligible,0,,2893.0,252.0,RePEc
pbe285,Jere Richard Behrman,University of Pennsylvania,,https://ideas.repec.org/f/pbe285.html,eligible,0,,253.0,1606.0,RePEc
pdo8,Matthias Doepke,London School of Economics (LSE),https://mdoepke.github.io/index.html,https://ideas.repec.org/e/pdo8.html,eligible,0,,596.0,253.0,RePEc
pro1047,Stephen A. Ross,,https://news.mit.edu/2017/professor-stephen-ross-inventor-of-arbitrage-pricing-theory-dies-0306,https://ideas.repec.org/f/pro1047.html,deceased,0,,254.0,,RePEc
pma63,James MacKinnon,Queen's University,http://www.econ.queensu.ca/faculty/mackinnon,https://ideas.repec.org/e/pma63.html,eligible,0,,345.0,254.0,RePEc
pea5,Jonathan Eaton,,,https://ideas.repec.org/e/pea5.html,deceased,0,,256.0,3103.0,RePEc
pva185,Frederick,Oxford University,https://www.rickvanderploeg.wordpress.com,https://ideas.repec.org/e/pva185.html,eligible,0,,257.0,312.0,RePEc
pkh138,Amit Khandelwal,Yale University,https://akhandelwal8.github.io/,https://ideas.repec.org/e/pkh138.html,eligible,0,,789.0,257.0,RePEc
peg11,Peter H. Egger,Eidgenössische Technische Hochschule Zürich (ETHZ),https://www.bi.id.ethz.ch/personensuche/detail.do?pid=28A86&lang=DE,https://ideas.repec.org/e/peg11.html,eligible,0,,258.0,570.0,RePEc
paf1,Antonio Afonso,Universidade de Lisboa,https://sites.google.com/view/aafonso/home,https://ideas.repec.org/e/paf1.html,eligible,0,,594.0,258.0,RePEc
ppe28,Torsten Persson,Centre for Economic Policy Research (CEPR),http://www.iies.su.se/~perssont/,https://ideas.repec.org/e/ppe28.html,eligible,0,,259.0,,RePEc
pro180,Jesse Rothstein,University of California-Berkeley,https://jesse-rothstein.com,https://ideas.repec.org/e/pro180.html,eligible,0,,658.0,259.0,RePEc
pjo23,Dale Jorgenson,,,https://ideas.repec.org/e/pjo23.html,deceased,0,,260.0,,RePEc
pkn49,Alexander Knobel,Russian Presidential Academy of National Economy and Public Administration (RANEPA),http://www.iep.ru/en/personalia/knobel-aleksandr-yurevich.html,https://ideas.repec.org/e/pkn49.html,eligible,0,,1313.0,260.0,RePEc
pau27,David B. Audretsch,Indiana University,http://www.indiana.edu/~idsspea/audretsch.html,https://ideas.repec.org/e/pau27.html,eligible,0,,261.0,,RePEc
pjo46,Oscar Jorda,Federal Reserve Bank of San Francisco,https://sites.google.com/site/oscarjorda/,https://ideas.repec.org/e/pjo46.html,eligible,0,,521.0,261.0,RePEc
pra388,Assaf Razin,Tel Aviv University,http://www.tau.ac.il/~razin,https://ideas.repec.org/f/pra388.html,eligible,0,,262.0,2986.0,RePEc
pnu17,Nathan Nunn,University of British Columbia,https://nathannunn.arts.ubc.ca,https://ideas.repec.org/e/pnu17.html,eligible,0,,283.0,262.0,RePEc
ppi130,Robert S. Pindyck,Massachusetts Institute of Technology (MIT),http://web.mit.edu/rpindyck/www,https://ideas.repec.org/e/ppi130.html,eligible,0,,263.0,,RePEc
pts139,Mike Tsionas,,,https://ideas.repec.org/e/pts139.html,deceased,0,,356.0,263.0,RePEc
pko44,Laurence Kotlikoff,Boston University,http://www.kotlikoff.net/,https://ideas.repec.org/e/pko44.html,eligible,0,,264.0,,RePEc
peg7,Gauti B. Eggertsson,Brown University,https://sites.google.com/site/gautieggertsson/home,https://ideas.repec.org/e/peg7.html,eligible,0,,614.0,265.0,RePEc
plu347,Annamaria Lusardi,Stanford University,https://www.annamarialusardi.com/,https://ideas.repec.org/f/plu347.html,eligible,0,,266.0,504.0,RePEc
pos21,Andrew J. Oswald,University of Warwick,http://www.andrewoswald.com,https://ideas.repec.org/e/pos21.html,eligible,0,,267.0,,RePEc
pwo79,Wing-Keung Wong,Asia University,http://dns2.asia.edu.tw/~wong/,https://ideas.repec.org/e/pwo79.html,eligible,0,,473.0,267.0,RePEc
pra154,Valerie Ann Ramey,University of California-San Diego (UCSD),http://econ.ucsd.edu/~vramey,https://ideas.repec.org/e/pra154.html,eligible,0,,268.0,337.0,RePEc
pit14,Oleg Itskhoki,University of California-Los Angeles (UCLA),https://itskhoki.com/,https://ideas.repec.org/e/pit14.html,eligible,0,,1066.0,268.0,RePEc
ppe73,Pierre Pestieau,Université Catholique de Louvain,https://sites.google.com/ulg.ac.be/pierre-pestieau,https://ideas.repec.org/e/ppe73.html,eligible,0,,269.0,1840.0,RePEc
plu192,Yi Lu,Tsinghua University,http://ylu6.weebly.com/,https://ideas.repec.org/e/plu192.html,eligible,0,,1533.0,269.0,RePEc
psm33,Frank Rafael Smets,Bank for International Settlements (BIS),https://sites.google.com/view/frank-smets/home,https://ideas.repec.org/e/psm33.html,eligible,0,,270.0,797.0,RePEc
pau28,Raphael Auer,Bank for International Settlements (BIS),https://sites.google.com/site/raphaelauer/home,https://ideas.repec.org/e/pau28.html,eligible,0,,1894.0,270.0,RePEc
pep2,Larry Epstein,McGill University,,https://ideas.repec.org/e/pep2.html,eligible,0,,271.0,,RePEc
pna497,Muhammad Ali Nasir,University of Leeds,https://business.leeds.ac.uk/faculty/staff/1503/dr-muhammad-ali-nasir,https://ideas.repec.org/f/pna497.html,eligible,0,,,271.0,RePEc
pzi13,Klaus F. Zimmermann,Global Labor Organization (GLO),http://www.klausfzimmermann.de/,https://ideas.repec.org/e/pzi13.html,eligible,0,,272.0,2726.0,RePEc
par618,David Argente,Yale University,https://www.davidargente.com,https://ideas.repec.org/f/par618.html,eligible,0,,,272.0,RePEc
ple74,Lung-Fei Lee,Ohio State University,,https://ideas.repec.org/e/ple74.html,eligible,0,,273.0,2628.0,RePEc
pga1138,Peter Nathan Ganong,University of Chicago,http://voices.uchicago.edu/ganong,https://ideas.repec.org/f/pga1138.html,eligible,0,,,273.0,RePEc
pat7,Orazio Attanasio,University College London (UCL),,https://ideas.repec.org/e/pat7.html,eligible,0,,274.0,1112.0,RePEc
ppe174,Lasse Heje Pedersen,Copenhagen Business School,http://www.lhpedersen.com/,https://ideas.repec.org/e/ppe174.html,eligible,0,,287.0,274.0,RePEc
pve75,Thierry A. Verdier,Paris School of Economics,http://www.pse.ens.fr/senior/verdier,https://ideas.repec.org/e/pve75.html,eligible,0,,275.0,431.0,RePEc
pyi32,Hakan Yilmazkuday,Florida International University,https://faculty.fiu.edu/~hyilmazk/,https://ideas.repec.org/e/pyi32.html,eligible,0,,2337.0,275.0,RePEc
pze5,Yves Zenou,Monash University,https://sites.google.com/site/yvesbzenou/,https://ideas.repec.org/e/pze5.html,eligible,0,,276.0,629.0,RePEc
phe33,David F. Hendry,Oxford University,https://www.nuffield.ox.ac.uk/people/profiles/david-hendry/,https://ideas.repec.org/e/phe33.html,eligible,0,,277.0,1906.0,RePEc
pba824,Michael Dominic Bauer,Federal Reserve Bank of San Francisco,https://www.michaeldbauer.com,https://ideas.repec.org/f/pba824.html,eligible,0,,2027.0,277.0,RePEc
pgr20,Jonathan Gruber,Massachusetts Institute of Technology (MIT),http://web.mit.edu/gruberj/www,https://ideas.repec.org/e/pgr20.html,eligible,0,,278.0,1826.0,RePEc
pbe986,Festus Victor Bekun,İstanbul Gelişim Üniversitesi,https://gavsis.gelisim.edu.tr/fbekun/kimlik,https://ideas.repec.org/f/pbe986.html,eligible,0,,,278.0,RePEc
pgr12,Jeremy Greenwood,University of Pennsylvania,http://www.jeremygreenwood.net,https://ideas.repec.org/e/pgr12.html,eligible,0,,279.0,1040.0,RePEc
paw47,Sefa Awaworyi Churchill,RMIT University,https://www.researchgate.net/profile/Sefa-Awaworyi-Churchill/publications,https://ideas.repec.org/e/paw47.html,eligible,0,,,279.0,RePEc
pdi80,Douglas W. Diamond,University of Chicago,http://chicagobooth.edu/fac/douglas.diamond,https://ideas.repec.org/e/pdi80.html,won,2022,,280.0,,RePEc
pma722,Rocco Macchiavello,London School of Economics (LSE),https://sites.google.com/site/roccomacchiavello/,https://ideas.repec.org/f/pma722.html,eligible,0,,3111.0,280.0,RePEc
pmi73,Olivia S. Mitchell,National Bureau of Economic Research (NBER),https://bepp.wharton.upenn.edu/profile/mitchelo/,https://ideas.repec.org/e/pmi73.html,eligible,0,,281.0,561.0,RePEc
pwi239,Heidi L. Williams,Dartmouth College,https://faculty-directory.dartmouth.edu/heidi-lie-williams,https://ideas.repec.org/f/pwi239.html,eligible,0,,1749.0,281.0,RePEc
pwi169,Jeffrey Gale Williamson,,,https://ideas.repec.org/e/pwi169.html,deceased,0,,282.0,,RePEc
pba451,Oriana Bandiera,London School of Economics (LSE),,https://ideas.repec.org/f/pba451.html,eligible,0,,637.0,282.0,RePEc
phu87,Erik Hurst,University of Chicago,https://erikhurst.com,https://ideas.repec.org/e/phu87.html,eligible,0,,379.0,283.0,RePEc
pba380,Mohsen Bahmani-Oskooee,University of Wisconsin,https://sites.google.com/site/mohsenbahmanioskooee,https://ideas.repec.org/f/pba380.html,eligible,0,,284.0,303.0,RePEc
pko142,Anton Korinek,University of Virginia,http://www.korinek.com,https://ideas.repec.org/e/pko142.html,eligible,0,,1277.0,284.0,RePEc
pro57,Jean Charles Rochet,Toulouse School of Economics (TSE),,https://ideas.repec.org/e/pro57.html,eligible,0,,285.0,,RePEc
pra6,Debraj Ray,New York University (NYU),https://debrajray.com,https://ideas.repec.org/e/pra6.html,eligible,0,,286.0,575.0,RePEc
pre488,Juan Carlos Reboredo,Universidade de Santiago de Compostela,,https://ideas.repec.org/f/pre488.html,eligible,0,,1637.0,286.0,RePEc
pad288,Tomiwa Sunday Adebayo,Yakin Doğu Üniversitesi,https://scholar.google.com/citations?user=4OZxt5YAAAAJ&hl=en&oi=ao,https://ideas.repec.org/f/pad288.html,eligible,0,,,287.0,RePEc
pme30,Enrique G. Mendoza,University of Pennsylvania,http://www.sas.upenn.edu/~egme/index.html,https://ideas.repec.org/e/pme30.html,eligible,0,,288.0,1889.0,RePEc
pti51,Sheridan Titman,University of Texas-Austin,,https://ideas.repec.org/e/pti51.html,eligible,0,,289.0,,RePEc
pde570,Antoine Dechezleprêtre,Organisation de Coopération et de Développement Économiques (OCDE),https://antoinedechezlepretre.github.io/,https://ideas.repec.org/f/pde570.html,eligible,0,,1424.0,289.0,RePEc
pke127,William Kerr,Harvard University,http://www.people.hbs.edu/wkerr/,https://ideas.repec.org/e/pke127.html,eligible,0,,290.0,573.0,RePEc
psh275,Carl Shapiro,University of California-Berkeley,http://faculty.haas.berkeley.edu/shapiro/,https://ideas.repec.org/f/psh275.html,eligible,0,,291.0,3211.0,RePEc
pro120,David Malin Roodman,Open Philanthropy,http://davidroodman.com,https://ideas.repec.org/e/pro120.html,eligible,0,,292.0,1230.0,RePEc
pzi93,Owen Zidar,Princeton University,https://scholar.princeton.edu/zidar/publications,https://ideas.repec.org/e/pzi93.html,eligible,0,,3102.0,292.0,RePEc
pei64,Liran Einav,Stanford University,https://liraneinav.sites.stanford.edu/,https://ideas.repec.org/e/pei64.html,eligible,0,,696.0,293.0,RePEc
pmc7,Daniel L. McFadden,University of Southern California,https://healthpolicy.usc.edu/author/daniel-mcfadden-ph-d/,https://ideas.repec.org/e/pmc7.html,won,2000,,294.0,,RePEc
pfr10,Milton Friedman,,https://www.nobelprize.org/prizes/economic-sciences/1976/friedman/facts/,https://ideas.repec.org/e/pfr10.html,won,1976,,295.0,,RePEc
pha228,George E. Halkos,University of Thessaly,http://www.halkos.gr/,https://ideas.repec.org/f/pha228.html,eligible,0,,777.0,295.0,RePEc
pma218,Alan Manning,London School of Economics (LSE),http://econ.lse.ac.uk/staff/amanning/index_own.html,https://ideas.repec.org/f/pma218.html,eligible,0,,296.0,496.0,RePEc
pwe297,Matthew D Webb,Carleton University,https://sites.google.com/site/matthewdwebb/,https://ideas.repec.org/f/pwe297.html,eligible,0,,3437.0,296.0,RePEc
ppa56,Marco Pagano,Centro Studi di Economia e Finanza (CSEF),https://csef.it/people/marco-pagano/,https://ideas.repec.org/e/ppa56.html,eligible,0,,297.0,736.0,RePEc
pku506,Lorenz Kueng,Universitá della Svizzera Italiana (USI),http://www.lorenzkueng.com,https://ideas.repec.org/f/pku506.html,eligible,0,,,297.0,RePEc
pbe478,Andrew B. Bernard,Dartmouth College,https://andrewbbernard.com,https://ideas.repec.org/f/pbe478.html,eligible,0,,298.0,1834.0,RePEc
pkr7,Dirk Krueger,University of Pennsylvania,http://web.sas.upenn.edu/dkrueger/,https://ideas.repec.org/e/pkr7.html,eligible,0,,530.0,298.0,RePEc
pka56,Dean Karlan,Northwestern University,http://www.deankarlan.com,https://ideas.repec.org/e/pka56.html,eligible,0,,299.0,366.0,RePEc
pfe28,Gabriel J Felbermayr,Österreichisches Institut für Wirtschaftsforschung (WIFO),https://www.wifo.ac.at/gabriel_felbermayr,https://ideas.repec.org/e/pfe28.html,eligible,0,,661.0,299.0,RePEc
pne56,Richard R. Nelson,,http://www.columbia.edu/cu/sipa/RESEARCH/bios/rrn2.html,https://ideas.repec.org/e/pne56.html,deceased,0,,300.0,,RePEc
pde668,Riza Demirer,Southern Illinois University,https://www.siue.edu/business/departments-staff/rdemirer.shtml,https://ideas.repec.org/f/pde668.html,eligible,0,,3039.0,300.0,RePEc
psm12,Vernon L. Smith,Chapman University,https://www.chapman.edu/about-vernon-smith,https://ideas.repec.org/e/psm12.html,won,2002,,301.0,,RePEc
ppe202,Andreas Peichl,ifo Institut - Leibniz-Institut für Wirtschaftsforschung an der Universität München e.V.,http://www.ifo.de/peichl-a,https://ideas.repec.org/f/ppe202.html,eligible,0,,616.0,301.0,RePEc
pyo53,Seong-Min Yoon,Pusan National University,,https://ideas.repec.org/e/pyo53.html,eligible,0,,3520.0,302.0,RePEc
pmi415,Atif Mian,Princeton University,http://scholar.princeton.edu/atif/home,https://ideas.repec.org/f/pmi415.html,eligible,0,,303.0,328.0,RePEc
psa60,Gilles Saint-Paul,Paris School of Economics,http://gillessaintpaul.wordpress.com/,https://ideas.repec.org/e/psa60.html,eligible,0,,304.0,3354.0,RePEc
pro1120,Matthew Rognlie,Northwestern University,http://mattrognlie.com,https://ideas.repec.org/f/pro1120.html,eligible,0,,3263.0,304.0,RePEc
psc26,Jose Scheinkman,Columbia University,http://www.princeton.edu/~joses,https://ideas.repec.org/e/psc26.html,eligible,0,,305.0,,RePEc
pbi78,Florin O. Bilbiie,University of Cambridge,http://florin.bilbiie.googlepages.com/home,https://ideas.repec.org/e/pbi78.html,eligible,0,,1560.0,305.0,RePEc
pur9,Martin Uribe,National Bureau of Economic Research (NBER),http://www.columbia.edu/~mu2166,https://ideas.repec.org/e/pur9.html,eligible,0,,306.0,3162.0,RePEc
pfi115,Urs Fischbacher,Universität Konstanz,https://www.wiwi.uni-konstanz.de/fischbacher/,https://ideas.repec.org/e/pfi115.html,eligible,0,,308.0,,RePEc
pbe977,David Berger,Duke University,https://sites.google.com/site/davidwberger/,https://ideas.repec.org/f/pbe977.html,eligible,0,,2513.0,308.0,RePEc
pde190,Jakob de Haan,Rijksuniversiteit Groningen,,https://ideas.repec.org/e/pde190.html,eligible,0,,309.0,321.0,RePEc
ptr108,Christoph Trebesch,Kiel Institut für Weltwirtschaft - Leibniz Zentrum zur Erforschung globaler ökonomischer Herausforderungen (IfW),https://sites.google.com/site/christophtrebesch/,https://ideas.repec.org/e/ptr108.html,eligible,0,,1476.0,309.0,RePEc
pbe53,Jess Benhabib,New York University (NYU),http://www.econ.nyu.edu/user/benhabib/,https://ideas.repec.org/e/pbe53.html,eligible,0,,310.0,975.0,RePEc
pbe904,Antonin Bergeaud,HEC Paris (École des Hautes Études Commerciales),https://sites.google.com/site/abergeaudeco/,https://ideas.repec.org/f/pbe904.html,eligible,0,,2797.0,310.0,RePEc
pba9,Badi H. Baltagi,Syracuse University,https://pbaltagi.wixsite.com/badibaltagi,https://ideas.repec.org/e/pba9.html,eligible,0,,311.0,864.0,RePEc
pzh370,张跃军,Hunan University,http://authors.repec.org/pro/pzh370/,https://ideas.repec.org/f/pzh370.html,eligible,0,,2447.0,311.0,RePEc
pth44,Anjan V. Thakor,Washington University in St. Louis,,https://ideas.repec.org/e/pth44.html,eligible,0,,312.0,917.0,RePEc
ppi29,Jorn-Steffen Pischke,London School of Economics (LSE),http://econ.lse.ac.uk/staff/spischke,https://ideas.repec.org/e/ppi29.html,eligible,0,,313.0,3013.0,RePEc
pfe55,Joao Matos Ferreira,Universidade da Beira Interior,https://www.ubi.pt/Pessoa/jjmf,https://ideas.repec.org/e/pfe55.html,eligible,0,,2955.0,313.0,RePEc
pha982,Christian Hansen,University of Chicago,https://voices.uchicago.edu/christianhansen/,https://ideas.repec.org/f/pha982.html,eligible,0,,631.0,314.0,RePEc
pmu108,Kevin M. Murphy,University of Chicago,http://gsbwww.uchicago.edu/fac/kevin.murphy/research/,https://ideas.repec.org/e/pmu108.html,eligible,0,,315.0,,RePEc
pma336,Ioana Elena Marinescu,"University of Pennsylvania, School of Social Policy & Practice",http://www.marinescu.eu,https://ideas.repec.org/f/pma336.html,eligible,0,,2013.0,315.0,RePEc
ple43,Arthur Lewbel,Boston College,https://sites.google.com/bc.edu/arthur-lewbel,https://ideas.repec.org/e/ple43.html,eligible,0,,316.0,860.0,RePEc
pba124,Richard Baldwin,International Institute for Management (IMD),https://en.wikipedia.org/wiki/Richard_Baldwin_(economist),https://ideas.repec.org/e/pba124.html,eligible,0,,317.0,1473.0,RePEc
psh958,Shuai Shao,East China University of Science and Technology,https://bs-ecust-edu-cn-s.sslvpn.ecust.edu.cn:8118/szky/teacherdetail/oid/09108/m/jsml,https://ideas.repec.org/f/psh958.html,eligible,0,,,317.0,RePEc
pto99,Robert M. Townsend,University of Chicago,http://www.robertmtownsend.net,https://ideas.repec.org/e/pto99.html,eligible,0,,318.0,,RePEc
pya659,David Y. Yang,Harvard University,,https://ideas.repec.org/f/pya659.html,eligible,0,,3623.0,318.0,RePEc
pan2,James Anderson,Boston College,https://sites.bc.edu/james-anderson/,https://ideas.repec.org/e/pan2.html,eligible,0,,319.0,2618.0,RePEc
pfu13,Clemens Fuest,ifo Institut - Leibniz-Institut für Wirtschaftsforschung an der Universität München e.V.,,https://ideas.repec.org/e/pfu13.html,eligible,0,,322.0,319.0,RePEc
pel10,Glenn Ellison,Massachusetts Institute of Technology (MIT),http://econ-www.mit.edu/faculty/index.htm?prof_id=gellison,https://ideas.repec.org/e/pel10.html,eligible,0,,320.0,,RePEc
pgo1,Pinelopi Koujianou Goldberg,National Bureau of Economic Research (NBER),https://economics.yale.edu/people/faculty/pinelopi-goldberg,https://ideas.repec.org/e/pgo1.html,eligible,0,,364.0,320.0,RePEc
pdo10,Giovanni Dosi,Scuola Superiore Sant'Anna,http://www.lem.sssup.it/,https://ideas.repec.org/e/pdo10.html,eligible,0,,321.0,324.0,RePEc
pru8,Ariel Rubinstein,Tel Aviv University,http://arielrubinstein.tau.ac.il,https://ideas.repec.org/e/pru8.html,eligible,0,,323.0,,RePEc
ppa611,Donghyun Park,Asian Development Bank,,https://ideas.repec.org/f/ppa611.html,eligible,0,,737.0,323.0,RePEc
pal67,Franklin Allen,Imperial College,http://www.imperial.ac.uk/people/f.allen,https://ideas.repec.org/e/pal67.html,eligible,0,,324.0,,RePEc
pca47,Colin Farrell Camerer,California Institute of Technology,http://www.hss.caltech.edu/~camerer/camerer.html,https://ideas.repec.org/e/pca47.html,eligible,0,,325.0,820.0,RePEc
pmo1074,Simon Mongey,Federal Reserve Bank of Minneapolis,http://www.simonmongey.com,https://ideas.repec.org/f/pmo1074.html,eligible,0,,,325.0,RePEc
pwh8,John Whalley,University of Western Ontario,http://economics.uwo.ca/people/faculty/whalley.html,https://ideas.repec.org/e/pwh8.html,eligible,0,,326.0,,RePEc
pgi28,Simon Gilchrist,New York University (NYU),http://people.bu.edu/sgilchri,https://ideas.repec.org/e/pgi28.html,eligible,0,,327.0,1552.0,RePEc
pkr130,Philipp Krueger,Université de Genève,http://sites.google.com/site/philippkrueger/,https://ideas.repec.org/e/pkr130.html,eligible,0,,3014.0,327.0,RePEc
pen14,Charles Engel,University of Wisconsin-Madison,,https://ideas.repec.org/e/pen14.html,eligible,0,,328.0,1601.0,RePEc
pto286,Petra Elisabeth Todd,University of Pennsylvania,http://athena.sas.upenn.edu/~petra,https://ideas.repec.org/f/pto286.html,eligible,0,,329.0,1517.0,RePEc
pzh498,Bing Zhang,Nanjing University of Finance and Economics,https://www.bing-zhang.com/,https://ideas.repec.org/f/pzh498.html,eligible,0,,,329.0,RePEc
pla15,Philip Lane,Trinity College Dublin,http://www.philiplane.org,https://ideas.repec.org/e/pla15.html,eligible,0,,330.0,1558.0,RePEc
pka35,Anil Kashyap,University of Chicago,https://faculty.chicagobooth.edu/anil-kashyap,https://ideas.repec.org/e/pka35.html,eligible,0,,331.0,2038.0,RePEc
psc349,Andreas Schrimpf,Bank for International Settlements (BIS),,https://ideas.repec.org/f/psc349.html,eligible,0,,1933.0,331.0,RePEc
psu577,Chuanwang Sun,Xiamen University,,https://ideas.repec.org/f/psu577.html,eligible,0,,,332.0,RePEc
pfa2,Marcel A Fafchamps,Stanford University,http://www.stanford.edu/~fafchamp/,https://ideas.repec.org/e/pfa2.html,eligible,0,,333.0,793.0,RePEc
pfr218,Jon Frost,Bank for International Settlements,https://www.bis.org/author/jon_frost.htm,https://ideas.repec.org/f/pfr218.html,eligible,0,,2679.0,333.0,RePEc
pzi8,David Zilberman,University of California-Berkeley,http://are.Berkeley.EDU/~zilber/,https://ideas.repec.org/e/pzi8.html,eligible,0,,334.0,816.0,RePEc
pwa1211,Qiang Wang,St. Petersburg State University,,https://ideas.repec.org/f/pwa1211.html,eligible,0,,3065.0,334.0,RePEc
pba458,Christopher B. Barrett,Cornell University,http://barrett.dyson.cornell.edu/,https://ideas.repec.org/f/pba458.html,eligible,0,,335.0,373.0,RePEc
pgi23,Mariassunta Giannetti,Stockholm School of Economics,https://sites.google.com/site/mariassuntagiannetti/Home,https://ideas.repec.org/e/pgi23.html,eligible,0,,888.0,335.0,RePEc
pdj4,Simeon Djankov,London School of Economics (LSE),https://www.fmg.ac.uk/people/simeon-djankov,https://ideas.repec.org/e/pdj4.html,eligible,0,,336.0,2143.0,RePEc
pka37,Sebnem Kalemli-Ozcan,Brown University,,https://ideas.repec.org/e/pka37.html,eligible,0,,621.0,336.0,RePEc
pka426,Steven Neil Kaplan,University of Chicago,https://www.chicagobooth.edu/faculty/directory/k/steven-neil-kaplan,https://ideas.repec.org/f/pka426.html,eligible,0,,337.0,,RePEc
pbo9,Stephen Roy Bond,Oxford University,http://www.ifs.org.uk/people.php?person_id=19,https://ideas.repec.org/e/pbo9.html,eligible,0,,338.0,,RePEc
pal64,Laura Alfaro,Harvard University,http://dor.hbs.edu/fi_redirect.jhtml?facInfo=res&facEmId=lalfaro,https://ideas.repec.org/e/pal64.html,eligible,0,,1013.0,338.0,RePEc
psh155,Martin Shubik,,http://cowles.econ.yale.edu/faculty/shubik.htm,https://ideas.repec.org/e/psh155.html,deceased,0,,339.0,,RePEc
pwa253,Andrew M. Warner,International Monetary Fund (IMF),,https://ideas.repec.org/f/pwa253.html,eligible,0,,1226.0,340.0,RePEc
pkr80,Aart Kraay,World Bank Group,http://econ.worldbank.org/staff/akraay,https://ideas.repec.org/e/pkr80.html,eligible,0,,341.0,,RePEc
pge209,Dimitris Georgarakos,European Central Bank,https://sites.google.com/view/georgarakos,https://ideas.repec.org/f/pge209.html,eligible,0,,2219.0,341.0,RePEc
psp7,A. Michael Spence,New York University (NYU),http://www.stern.nyu.edu/faculty/bio/a-michael-spence,https://ideas.repec.org/e/psp7.html,won,2001,,342.0,,RePEc
pbu249,Leonardo Bursztyn,University of Chicago,http://home.uchicago.edu/~bursztyn/,https://ideas.repec.org/f/pbu249.html,eligible,0,,1505.0,342.0,RePEc
pmo661,Benjamin Moll,London School of Economics (LSE),https://benjaminmoll.com/,https://ideas.repec.org/f/pmo661.html,eligible,0,,1165.0,343.0,RePEc
pde32,Michael B. Devereux,University of British Columbia,https://sites.google.com/site/michaelbdevereux/,https://ideas.repec.org/e/pde32.html,eligible,0,,344.0,734.0,RePEc
pki472,Dervis Kirikkaleli,Lebanese American University,,https://ideas.repec.org/f/pki472.html,eligible,0,,,344.0,RePEc
pch377,Pierre Chiappori,Columbia University,http://www.columbia.edu/~pc2167,https://ideas.repec.org/f/pch377.html,eligible,0,,346.0,,RePEc
pti260,Rocio Titiunik,Princeton University,https://sites.google.com/site/rociotitiunik/,https://ideas.repec.org/f/pti260.html,eligible,0,,1801.0,346.0,RePEc
pit3,Takatoshi Ito,,,https://ideas.repec.org/e/pit3.html,deceased,0,,347.0,,RePEc
psu591,Bin Su,National University of Singapore (NUS),,https://ideas.repec.org/f/psu591.html,eligible,0,,2951.0,348.0,RePEc
pka712,Ravi Kanbur,Cornell University,https://www.kanbur.dyson.cornell.edu,https://ideas.repec.org/f/pka712.html,eligible,0,,349.0,1229.0,RePEc
ptr71,Mathias Trabandt,Goethe Universität Frankfurt am Main,https://www.mathiastrabandt.com,https://ideas.repec.org/e/ptr71.html,eligible,0,,1568.0,349.0,RePEc
pbr142,William A. Brock,University of Wisconsin-Madison,http://www.ssc.wisc.edu/~wbrock/,https://ideas.repec.org/e/pbr142.html,eligible,0,,350.0,,RePEc
pve458,Emil Verner,Massachusetts Institute of Technology (MIT),https://www.emilverner.com/,https://ideas.repec.org/f/pve458.html,eligible,0,,,350.0,RePEc
pru10,Glenn Rudebusch,Brookings Institution,http://glennrudebusch.com/,https://ideas.repec.org/e/pru10.html,eligible,0,,351.0,1122.0,RePEc
pal73,Carlo Altavilla,European Central Bank,https://sites.google.com/view/carlo-altavilla/home,https://ideas.repec.org/e/pal73.html,eligible,0,,2100.0,351.0,RePEc
pma2363,Alexandre Mas,Princeton University,,https://ideas.repec.org/f/pma2363.html,eligible,0,,978.0,352.0,RePEc
pkr102,Per Krusell,Stockholms Universitet,http://www.princeton.edu/~pkrusell/,https://ideas.repec.org/e/pkr102.html,eligible,0,,353.0,875.0,RePEc
pri152,Francisco L. Rivera-Batiz,Columbia University,http://www.columbia.edu/~flr9/,https://ideas.repec.org/e/pri152.html,eligible,0,,3418.0,353.0,RePEc
pfa356,Andreas Fagereng,BI Handelshøyskolen,https://sites.google.com/site/andreasfagereng/,https://ideas.repec.org/f/pfa356.html,eligible,0,,,354.0,RePEc
plo51,George Loewenstein,Carnegie Mellon University,http://www.hss.cmu.edu/departments/sds/faculty/loewenstein.html,https://ideas.repec.org/e/plo51.html,eligible,0,,355.0,895.0,RePEc
pdo43,Thomas Dohmen,Rheinische Friedrich-Wilhelms-Universität Bonn,https://www.econ.uni-bonn.de/iame/en/team/dohmen,https://ideas.repec.org/e/pdo43.html,eligible,0,,665.0,355.0,RePEc
pgo53,Avi Goldfarb,University of Toronto,http://www.avigoldfarb.com,https://ideas.repec.org/e/pgo53.html,eligible,0,,1157.0,356.0,RePEc
pst155,Jon Steinsson,University of California-Berkeley,https://eml.berkeley.edu/~jsteinsson/,https://ideas.repec.org/e/pst155.html,eligible,0,,668.0,357.0,RePEc
pce231,Oguzhan Cepni,Central Bank of the United Arab Emirates,https://sites.google.com/view/oguzhancepni/home?authuser=0,https://ideas.repec.org/f/pce231.html,eligible,0,,,358.0,RePEc
pcu64,David M. Cutler,Harvard University,http://www.economics.harvard.edu/faculty/dcutler/dcutler.html,https://ideas.repec.org/e/pcu64.html,eligible,0,,359.0,,RePEc
png97,Duc Khuong Nguyen,University of Cambridge,https://www.nguyenduckhuong.org/,https://ideas.repec.org/e/png97.html,eligible,0,,882.0,359.0,RePEc
pya379,Danny Yagan,University of California-Berkeley,http://www.econ.berkeley.edu/~yagan,https://ideas.repec.org/f/pya379.html,eligible,0,,2244.0,360.0,RePEc
ppa222,Adrian Rodney Pagan,University of Sydney,,https://ideas.repec.org/f/ppa222.html,eligible,0,,361.0,,RePEc
pca45,Christopher Carroll,Johns Hopkins University,http://econ.jhu.edu/people/ccarroll,https://ideas.repec.org/e/pca45.html,eligible,0,,362.0,,RePEc
pbl61,Joern H. Block,Universität Trier,http://www.uni-trier.de/?id=2323,https://ideas.repec.org/e/pbl61.html,eligible,0,,1806.0,362.0,RePEc
pbu137,Willem Hendrik Buiter,,http://willembuiter.com/,https://ideas.repec.org/e/pbu137.html,eligible,0,,363.0,,RePEc
pat52,Andrew Atkeson,University of California-Los Angeles (UCLA),https://sites.google.com/site/andyatkeson/,https://ideas.repec.org/e/pat52.html,eligible,0,,487.0,363.0,RePEc
pta756,Dmitry Taubinsky,University of California-Berkeley,https://www.dmitrytaubinsky.com/,https://ideas.repec.org/f/pta756.html,eligible,0,,2612.0,364.0,RePEc
phe517,David A. Hensher,University of Sydney,,https://ideas.repec.org/f/phe517.html,eligible,0,,365.0,479.0,RePEc
ppo594,David Powell,University of Pennsylvania,https://sites.google.com/view/davidpowell/,https://ideas.repec.org/f/ppo594.html,eligible,0,,2822.0,365.0,RePEc
pdi117,Walter Erwin Diewert,University of British Columbia,https://economics.ubc.ca/faculty-and-staff/w-erwin-diewert/,https://ideas.repec.org/e/pdi117.html,eligible,0,,366.0,1954.0,RePEc
pga41,Douglas Gale,New York University (NYU),https://wp.nyu.edu/douglas_gale/,https://ideas.repec.org/e/pga41.html,eligible,0,,367.0,,RePEc
psm185,Lee A. Smales,University of Western Australia,https://research-repository.uwa.edu.au/en/persons/lee-smales,https://ideas.repec.org/e/psm185.html,eligible,0,,3289.0,367.0,RePEc
pan22,Kym Anderson,Adelaide University,http://www.adelaide.edu.au/directory/kym.anderson,https://ideas.repec.org/e/pan22.html,eligible,0,,368.0,1197.0,RePEc
pte171,Silvana Tenreyro,London School of Economics (LSE),http://personal.lse.ac.uk/tenreyro/,https://ideas.repec.org/e/pte171.html,eligible,0,,663.0,368.0,RePEc
psa510,Xavier Sala-i-Martin,Columbia University,http://www.columbia.edu/~xs23,https://ideas.repec.org/f/psa510.html,eligible,0,,369.0,,RePEc
phu488,Kilian Huber,University of Chicago,https://sites.google.com/site/kilianhuberecon/,https://ideas.repec.org/f/phu488.html,eligible,0,,,369.0,RePEc
pma528,James R. Markusen,University of Colorado,https://www.colorado.edu/faculty/markusen,https://ideas.repec.org/f/pma528.html,eligible,0,,370.0,,RePEc
pbo544,Patrick Bolton,Columbia University,http://www0.gsb.columbia.edu/faculty/pbolton/,https://ideas.repec.org/f/pbo544.html,eligible,0,,414.0,371.0,RePEc
pme353,Allan H. Meltzer,,,https://ideas.repec.org/f/pme353.html,deceased,0,,372.0,,RePEc
pgi49,Domenico Giannone,Johns Hopkins University,https://econ.washington.edu/people/domenico-giannone,https://ideas.repec.org/e/pgi49.html,eligible,0,,648.0,372.0,RePEc
pju19,Kenneth L. Judd,Hoover Institution on War Revolution & Peace,http://bucky.stanford.edu,https://ideas.repec.org/e/pju19.html,eligible,0,,373.0,,RePEc
pwr25,Jonathan Wright,Johns Hopkins University,http://econ.jhu.edu/People/Wright/index.html,https://ideas.repec.org/e/pwr25.html,eligible,0,,374.0,891.0,RePEc
pmu102,Karthik Muralidharan,University of California-San Diego (UCSD),https://econweb.ucsd.edu/~kamurali/,https://ideas.repec.org/e/pmu102.html,eligible,0,,1693.0,374.0,RePEc
pja11,Tullio Jappelli,Centro Studi di Economia e Finanza (CSEF),https://csef.it/people/tullio-jappelli/,https://ideas.repec.org/e/pja11.html,eligible,0,,375.0,845.0,RePEc
pwo172,Alexander Wolitzky,Massachusetts Institute of Technology (MIT),http://economics.mit.edu/faculty/wolitzky,https://ideas.repec.org/e/pwo172.html,eligible,0,,2576.0,375.0,RePEc
phe156,Keith Head,University of British Columbia,https://blogs.ubc.ca/khead/,https://ideas.repec.org/e/phe156.html,eligible,0,,376.0,1556.0,RePEc
pge9,Hans Gersbach,Eidgenössische Technische Hochschule Zürich (ETHZ),http://www.gersbach.de/,https://ideas.repec.org/e/pge9.html,eligible,0,,496.0,376.0,RePEc
pha1278,Ingar Haaland,Norges teknisk-naturvitenskaplige universitet (NTNU),https://sites.google.com/site/ingarhaaland/,https://ideas.repec.org/f/pha1278.html,eligible,0,,,377.0,RePEc
pni42,Morten Ørregaard Nielsen,Aarhus Universitet,https://sites.google.com/view/mortennielsen/,https://ideas.repec.org/e/pni42.html,eligible,0,,1311.0,378.0,RePEc
pda935,Eduardo Davila,Yale University,http://www.eduardodavila.com,https://ideas.repec.org/f/pda935.html,eligible,0,,,379.0,RePEc
plo171,Andrew W. Lo,Massachusetts Institute of Technology (MIT),http://web.mit.edu/alo/www/,https://ideas.repec.org/e/plo171.html,eligible,0,,380.0,,RePEc
pko394,Scott Duke Kominers,Harvard University,http://www.scottkom.com/,https://ideas.repec.org/f/pko394.html,eligible,0,,2682.0,380.0,RePEc
pyu332,Hao Yu,Beijing Institute of Technology,https://sme.bit.edu.cn/gbszdw/gbjxzy/gbsyyjjx/126462.htm,https://ideas.repec.org/f/pyu332.html,eligible,0,,,381.0,RePEc
pcr111,John Creedy,Victoria University of Wellington,,https://ideas.repec.org/e/pcr111.html,eligible,0,,382.0,,RePEc
pdo605,Will Dobbie,Harvard University,,https://ideas.repec.org/f/pdo605.html,eligible,0,,2135.0,383.0,RePEc
psh9,Robert Shimer,University of Chicago,https://economics.uchicago.edu/directory/robert-shimer,https://ideas.repec.org/e/psh9.html,eligible,0,,384.0,932.0,RePEc
psu32,Paolo Surico,London Business School (LBS),https://sites.google.com/site/paolosurico/,https://ideas.repec.org/e/psu32.html,eligible,0,,1274.0,384.0,RePEc
pco185,Giancarlo Corsetti,European University Institute,http://sites.google.com/site/giancarlocorsetti/,https://ideas.repec.org/e/pco185.html,eligible,0,,385.0,596.0,RePEc
pcl99,Jeffrey P. Clemens,University of California-San Diego (UCSD),http://econweb.ucsd.edu/~j1clemens/,https://ideas.repec.org/e/pcl99.html,eligible,0,,2223.0,385.0,RePEc
pst24,George J. Stigler,,https://www.nobelprize.org/prizes/economic-sciences/1982/stigler/facts/,https://ideas.repec.org/e/pst24.html,won,1982,,386.0,,RePEc
pgo916,Marta Golin,Universität Zürich,https://sites.google.com/view/marta-golin/home,https://ideas.repec.org/f/pgo916.html,eligible,0,,,386.0,RePEc
pko8,Gary Koop,University of Strathclyde,https://sites.google.com/site/garykoop/,https://ideas.repec.org/e/pko8.html,eligible,0,,387.0,1149.0,RePEc
pmi1080,Nawazish Mirza,Excelia Business School,,https://ideas.repec.org/f/pmi1080.html,eligible,0,,,387.0,RePEc
pol170,Benjamin Olken,Massachusetts Institute of Technology (MIT),https://web.mit.edu/bolken,https://ideas.repec.org/e/pol170.html,eligible,0,,388.0,409.0,RePEc
pyo133,Naoyuki Yoshino,Keio University,https://k-ris.keio.ac.jp/html/100000577_en.html,https://ideas.repec.org/e/pyo133.html,eligible,0,,3041.0,388.0,RePEc
pac129,Alex O. Acheampong,Bond University,,https://ideas.repec.org/e/pac129.html,eligible,0,,,389.0,RePEc
pba1,Christopher Baum,Boston College,http://ideas.repec.org/e/pba1.html,https://ideas.repec.org/e/pba1.html,eligible,0,,390.0,1560.0,RePEc
pml7,Gernot J. Müller,Eberhard-Karls-Universität Tübingen,http://mueller.gernot.googlepages.com/,https://ideas.repec.org/e/pml7.html,eligible,0,,1336.0,390.0,RePEc
pgo458,Gary Gorton,Yale University,http://faculty.som.yale.edu/garygorton/,https://ideas.repec.org/f/pgo458.html,eligible,0,,391.0,,RePEc
psc224,Peter Schmidt,Michigan State University,,https://ideas.repec.org/f/psc224.html,eligible,0,,392.0,,RePEc
pkh566,Zeeshan Khan,Curtin University,https://scholar.google.com/citations?user=Xka_ngYAAAAJhl=en,https://ideas.repec.org/f/pkh566.html,eligible,0,,,392.0,RePEc
psh144,Matthew D. Shapiro,University of Michigan,http://www.umich.edu/~shapiro,https://ideas.repec.org/e/psh144.html,eligible,0,,393.0,967.0,RePEc
pfo1,Kristin J Forbes,Massachusetts Institute of Technology (MIT),http://web.mit.edu/kjforbes/www,https://ideas.repec.org/e/pfo1.html,eligible,0,,620.0,393.0,RePEc
pda455,Gordon B. Dahl,University of California-San Diego (UCSD),https://econweb.ucsd.edu/~gdahl/,https://ideas.repec.org/f/pda455.html,eligible,0,,971.0,394.0,RePEc
pzi3,Fabrizio Zilibotti,Yale University,https://campuspress.yale.edu/zilibotti/,https://ideas.repec.org/e/pzi3.html,eligible,0,,395.0,1424.0,RePEc
pco34,Nicholas Cox,,,https://ideas.repec.org/e/pco34.html,eligible,0,,396.0,800.0,RePEc
phu45,David Huffman,Cornell University,http://www.dbhuffman.com,https://ideas.repec.org/e/phu45.html,eligible,0,,859.0,396.0,RePEc
pob33,Ezra Oberfield,Cornell University,https://sites.google.com/site/ezraoberfield/,https://ideas.repec.org/e/pob33.html,eligible,0,,2913.0,397.0,RePEc
phu97,Robert Glenn Hubbard,Columbia University,http://www0.gsb.columbia.edu/faculty/ghubbard/,https://ideas.repec.org/e/phu97.html,eligible,0,,398.0,,RePEc
ptc17,Vanessa Simen Tchamyou,African Governance and Development Institute (AGDI),,https://ideas.repec.org/e/ptc17.html,eligible,0,,,398.0,RePEc
pdu48,Gilles Duranton,University of Pennsylvania,https://real-estate.wharton.upenn.edu/profile/21470/,https://ideas.repec.org/e/pdu48.html,eligible,0,,399.0,858.0,RePEc
pfa702,Max H Farrell,University of California-Santa Barbara (UCSB),,https://ideas.repec.org/f/pfa702.html,eligible,0,,,399.0,RePEc
pta36,Mark P. Taylor,Washington University in St. Louis,https://olin.wustl.edu/EN-US/about-olin/Pages/dean.aspx,https://ideas.repec.org/e/pta36.html,eligible,0,,400.0,,RePEc
pfi264,Amy Finkelstein,Massachusetts Institute of Technology (MIT),http://economics.mit.edu/faculty/afink,https://ideas.repec.org/f/pfi264.html,eligible,0,,503.0,400.0,RePEc
pky2,Finn E. Kydland,University of California-Santa Barbara (UCSB),,https://ideas.repec.org/e/pky2.html,won,2004,,401.0,,RePEc
pmu707,Muntasir Murshed,North South University,,https://ideas.repec.org/f/pmu707.html,eligible,0,,,401.0,RePEc
psa155,Paola Sapienza,Northwestern University,http://www.kellogg.northwestern.edu/faculty/sapienza/htm/research.htm,https://ideas.repec.org/e/psa155.html,eligible,0,,403.0,,RePEc
pir70,Muhammad Irfan,Beijing Institute of Technology,https://scholar.google.com/citations?user=CPuuS-AAAAAJhl=en,https://ideas.repec.org/e/pir70.html,eligible,0,,,403.0,RePEc
pwe127,Michael Steven Weisbach,Ohio State University,http://fisher.osu.edu/fin/faculty/weisbach/,https://ideas.repec.org/e/pwe127.html,eligible,0,,404.0,1967.0,RePEc
pal529,Amjad Ali,University of Lahore City Campus,http://www.chanamjadali.com,https://ideas.repec.org/f/pal529.html,eligible,0,,,404.0,RePEc
pre160,Luc Renneboog,Universiteit van Tilburg,https://sites.google.com/view/lucrenneboog/home,https://ideas.repec.org/e/pre160.html,eligible,0,,903.0,405.0,RePEc
pan210,Torben G. Andersen,National Bureau of Economic Research (NBER),,https://ideas.repec.org/f/pan210.html,eligible,0,,406.0,2361.0,RePEc
pfr282,Carl Benedikt Frey,Oxford University,http://carlbenediktfrey.com/,https://ideas.repec.org/f/pfr282.html,eligible,0,,,406.0,RePEc
pwi45,David Wise,Harvard University,,https://ideas.repec.org/e/pwi45.html,eligible,0,,407.0,,RePEc
pva480,Joseph Vavra,University of Chicago,https://voices.uchicago.edu/vavra/,https://ideas.repec.org/f/pva480.html,eligible,0,,2228.0,407.0,RePEc
pmo42,Dale T. Mortensen,,http://en.wikipedia.org/wiki/Dale_T._Mortensen,https://ideas.repec.org/e/pmo42.html,won,2010,,408.0,,RePEc
pse218,Henri Servaes,London Business School (LBS),http://faculty.london.edu/hservaes,https://ideas.repec.org/f/pse218.html,eligible,0,,942.0,408.0,RePEc
pko74,Samuel Kortum,Yale University,http://kortum.elisites.yale.edu,https://ideas.repec.org/e/pko74.html,eligible,0,,409.0,,RePEc
pto4,James Tobin,,http://cowles.econ.yale.edu/faculty/tobin.htm,https://ideas.repec.org/e/pto4.html,won,1981,,410.0,,RePEc
pal184,Sule Alan,European University Institute,https://sulealan.com,https://ideas.repec.org/e/pal184.html,eligible,0,,2759.0,410.0,RePEc
pgr107,Michael Grossman,City University of New York (CUNY),http://mgrossman.ws.gc.cuny.edu/,https://ideas.repec.org/e/pgr107.html,eligible,0,,411.0,,RePEc
pli62,Francesco Lippi,Istituto Einaudi per l'Economia e la Finanza (EIEF),https://sites.google.com/view/francesco-lippi/bio,https://ideas.repec.org/e/pli62.html,eligible,0,,1244.0,411.0,RePEc
pba605,Laurence Ball,Johns Hopkins University,http://www.econ.jhu.edu,https://ideas.repec.org/f/pba605.html,eligible,0,,412.0,1816.0,RePEc
pos23,Jonathan David Ostry,University of Toronto,https://gufaculty360.georgetown.edu/s/contact/0031Q00002YJVXvQAP/jonathan-ostry,https://ideas.repec.org/e/pos23.html,eligible,0,,785.0,412.0,RePEc
pwa71,Gert G. Wagner,,,https://ideas.repec.org/e/pwa71.html,deceased,0,,413.0,2358.0,RePEc
ppr159,Klaus Prettner,WU Wirtschaftsuniversität Wien,https://www.wu.ac.at/economics/mitarbeiter-innen/prettner-k/,https://ideas.repec.org/e/ppr159.html,eligible,0,,2319.0,414.0,RePEc
pco355,Arnaud Costinot,Massachusetts Institute of Technology (MIT),https://economics.mit.edu/people/faculty/arnaud-costinot,https://ideas.repec.org/f/pco355.html,eligible,0,,714.0,415.0,RePEc
pbr221,Martin Browning,Oxford University,,https://ideas.repec.org/f/pbr221.html,eligible,0,,416.0,,RePEc
pzy12,Thomas Zylkin,University of Richmond,http://www.tomzylkin.com,https://ideas.repec.org/e/pzy12.html,eligible,0,,,416.0,RePEc
pal1182,Edward I. Altman,New York University (NYU),https://www.stern.nyu.edu/faculty/bio/edward-altman,https://ideas.repec.org/f/pal1182.html,eligible,0,,417.0,,RePEc
pfa338,Robert W. Fairlie,University of California-Los Angeles (UCLA),https://rfairlie.sites.luskin.ucla.edu/,https://ideas.repec.org/f/pfa338.html,eligible,0,,783.0,418.0,RePEc
psh64,Jason Shogren,University of Wyoming,https://www.uwyo.edu/economics/faculty-staff/jason-shogren/index.html,https://ideas.repec.org/e/psh64.html,eligible,0,,419.0,2974.0,RePEc
pro188,Andrea Roventini,Scuola Superiore Sant'Anna,,https://ideas.repec.org/e/pro188.html,eligible,0,,1949.0,419.0,RePEc
pre8,Helene Rey,London Business School (LBS),http://www.helenerey.eu/,https://ideas.repec.org/e/pre8.html,eligible,0,,420.0,447.0,RePEc
pzh690,Ning Zhang,Yonsei University,,https://ideas.repec.org/f/pzh690.html,eligible,0,,3178.0,420.0,RePEc
pca565,Adrian Colin Cameron,University of California-Davis,http://www.econ.ucdavis.edu/faculty/cameron/,https://ideas.repec.org/f/pca565.html,eligible,0,,421.0,,RePEc
pdu481,Rameshwar Dubey,Montpellier Business School,https://www.mbs-education.com/faculte-recherche/faculte-et-departements/annuaire-professeurs/dubey-rameshwar/,https://ideas.repec.org/f/pdu481.html,eligible,0,,,421.0,RePEc
pyu185,Noam Yuchtman,London School of Economics (LSE),,https://ideas.repec.org/e/pyu185.html,eligible,0,,2136.0,422.0,RePEc
pwi23,John C. Williams,Federal Reserve Bank of New York,https://www.newyorkfed.org/aboutthefed/orgchart/williams,https://ideas.repec.org/e/pwi23.html,eligible,0,,423.0,1225.0,RePEc
pgr81,William H Greene,New York University (NYU),http://www.stern.nyu.edu/~wgreene,https://ideas.repec.org/e/pgr81.html,eligible,0,,424.0,,RePEc
phe1,Jonathan Heathcote,Federal Reserve Bank of Minneapolis,https://www.jonathanheathcote.com,https://ideas.repec.org/e/phe1.html,eligible,0,,700.0,424.0,RePEc
pkl5,Paul Klemperer,Oxford University,http://www.paulklemperer.org,https://ideas.repec.org/e/pkl5.html,eligible,0,,425.0,,RePEc
pat68,David Atkin,Massachusetts Institute of Technology (MIT),https://www.mit.edu/~atkin/,https://ideas.repec.org/e/pat68.html,eligible,0,,2111.0,425.0,RePEc
pmo51,Dilip Mookherjee,Boston University,http://people.bu.edu/dilipm/,https://ideas.repec.org/e/pmo51.html,eligible,0,,426.0,1076.0,RePEc
pad61,Tobias Adrian,International Monetary Fund (IMF),http://www.tobiasadrian.com,https://ideas.repec.org/e/pad61.html,eligible,0,,451.0,426.0,RePEc
ppa1164,Thomas R. Palfrey,California Institute of Technology,,https://ideas.repec.org/f/ppa1164.html,eligible,0,,427.0,,RePEc
pjg3,Simon Jäger,Massachusetts Institute of Technology (MIT),http://economics.mit.edu/faculty/sjaeger,https://ideas.repec.org/e/pjg3.html,eligible,0,,,427.0,RePEc
pam39,Mary Amiti,Federal Reserve Bank of New York,,https://ideas.repec.org/e/pam39.html,eligible,0,,812.0,428.0,RePEc
pmo943,Joan Monras,Barcelona School of Economics (BSE),http://joanmonras.weebly.com/,https://ideas.repec.org/f/pmo943.html,eligible,0,,3517.0,429.0,RePEc
ppe42,Mitchell Petersen,Northwestern University,https://www.kellogg.northwestern.edu/faculty/directory/petersen_mitchell_a.aspx,https://ideas.repec.org/e/ppe42.html,eligible,0,,430.0,,RePEc
pca1386,Canh Phuc Nguyen,University of Economics Ho Chi Minh City,https://www.researchgate.net/profile/Nguyen_Canh4?ev=hdr_xprf&_sg=tRJty_rUI6tWUc-oov_4Rc596e0D1GRjbt,https://ideas.repec.org/f/pca1386.html,eligible,0,,,430.0,RePEc
psc313,Richard Schmalensee,Massachusetts Institute of Technology (MIT),,https://ideas.repec.org/f/psc313.html,eligible,0,,431.0,,RePEc
pru113,Michele Ruta,International Monetary Fund (IMF),http://sites.google.com/site/michelerutasite/,https://ideas.repec.org/e/pru113.html,eligible,0,,2362.0,432.0,RePEc
pbo225,François J. Bourguignon,Paris School of Economics,,https://ideas.repec.org/f/pbo225.html,eligible,0,,433.0,,RePEc
pha320,Shigeyuki Hamori,Yamato University,https://researchmap.jp/read0034833?lang=en,https://ideas.repec.org/f/pha320.html,eligible,0,,1661.0,433.0,RePEc
pwi200,Oliver E. Williamson,,http://www2.haas.berkeley.edu/Faculty/williamson_oliver.aspx,https://ideas.repec.org/e/pwi200.html,won,2009,,434.0,,RePEc
pha333,Kyle L. Handley,University of California-San Diego (UCSD),http://kylehandley.com,https://ideas.repec.org/f/pha333.html,eligible,0,,2882.0,434.0,RePEc
pca108,Anne Case,Princeton University,https://scholar.princeton.edu/accase/home,https://ideas.repec.org/e/pca108.html,eligible,0,,435.0,1863.0,RePEc
pgu24,Fatih Guvenen,University of Minnesota,http://fatihguvenen.com,https://ideas.repec.org/e/pgu24.html,eligible,0,,824.0,435.0,RePEc
ppl81,Charles Raymond Plott,California Institute of Technology,http://www.hss.caltech.edu/content/charles-r-plott,https://ideas.repec.org/e/ppl81.html,eligible,0,,436.0,,RePEc
pka453,Lisa B. Kahn,University of Rochester,https://sites.google.com/site/lbkahn/,https://ideas.repec.org/f/pka453.html,eligible,0,,1856.0,436.0,RePEc
pan181,Pol Antras,Harvard University,http://post.economics.harvard.edu/faculty/antras/antras.html,https://ideas.repec.org/e/pan181.html,eligible,0,,437.0,635.0,RePEc
pka357,Loukas Karabarbounis,University of Minnesota,https://sites.google.com/site/loukaskarabarbounis/,https://ideas.repec.org/f/pka357.html,eligible,0,,1145.0,437.0,RePEc
pfr34,Marcel Fratzscher,DIW Berlin (Deutsches Institut für Wirtschaftsforschung),http://www.fratzscher.eu,https://ideas.repec.org/e/pfr34.html,eligible,0,,438.0,2606.0,RePEc
pca1329,Michela Carlana,Harvard University,http://michelacarlana.com,https://ideas.repec.org/f/pca1329.html,eligible,0,,,439.0,RePEc
psc44,Stephanie Schmitt-Grohe,Columbia University,https://www.columbia.edu/~ss3501,https://ideas.repec.org/e/psc44.html,eligible,0,,440.0,964.0,RePEc
pro1315,Daniel Rock,University of Pennsylvania,http://www.danielianrock.com,https://ideas.repec.org/f/pro1315.html,eligible,0,,,440.0,RePEc
ptr1,Kenneth Train,University of California-Berkeley,http://elsa.berkeley.edu/~train,https://ideas.repec.org/e/ptr1.html,eligible,0,,441.0,,RePEc
pco826,Sergio Correia,Federal Reserve Bank of Richmond,http://scorreia.com/,https://ideas.repec.org/f/pco826.html,eligible,0,,,441.0,RePEc
pmy13,Roger B. Myerson,University of Chicago,http://home.uchicago.edu/~rmyerson/,https://ideas.repec.org/e/pmy13.html,won,2007,,442.0,,RePEc
pbl22,David G. Blanchflower,Dartmouth College,https://sites.dartmouth.edu/blanchflower/,https://ideas.repec.org/e/pbl22.html,eligible,0,,443.0,484.0,RePEc
phe531,Guojun He,University of Hong Kong,http://www.guojunhe.com,https://ideas.repec.org/f/phe531.html,eligible,0,,,443.0,RePEc
pac17,Zoltan J. Acs,London School of Economics (LSE),https://schar.gmu.edu/profiles/zacs,https://ideas.repec.org/e/pac17.html,eligible,0,,444.0,728.0,RePEc
pca74,Efrem Castelnuovo,Università degli Studi di Padova,https://sites.google.com/site/efremcastelnuovo/,https://ideas.repec.org/e/pca74.html,eligible,0,,2069.0,444.0,RePEc
psw9,Johan Swinnen,International Food Policy Research Institute (IFPRI),https://www.ifpri.org/profile/johan-swinnen,https://ideas.repec.org/e/psw9.html,eligible,0,,445.0,1008.0,RePEc
pce110,Serhan Cevik,International Monetary Fund (IMF),,https://ideas.repec.org/e/pce110.html,eligible,0,,,445.0,RePEc
pbr241,Jan K. Brueckner,University of California-Irvine,http://www.socsci.uci.edu/~jkbrueck/,https://ideas.repec.org/f/pbr241.html,eligible,0,,446.0,3184.0,RePEc
pkn73,Diego Raoul Känzig,Northwestern University,https://www.diegokaenzig.com,https://ideas.repec.org/e/pkn73.html,eligible,0,,,446.0,RePEc
psi735,Kenneth Singleton,Stanford University,https://people.stanford.edu/kenneths/,https://ideas.repec.org/f/psi735.html,eligible,0,,447.0,,RePEc
pko25,Narayana Kocherlakota,University of Rochester,http://sites.google.com/site/kocherlakota009,https://ideas.repec.org/e/pko25.html,eligible,0,,448.0,1201.0,RePEc
pwe276,Martin Weidner,Oxford University,http://users.ox.ac.uk/~econ0610/,https://ideas.repec.org/f/pwe276.html,eligible,0,,3666.0,448.0,RePEc
pbe18,Steven Titus Berry,Yale University,http://www.steventberry.com,https://ideas.repec.org/e/pbe18.html,eligible,0,,449.0,2186.0,RePEc
pya107,Pierre Yared,Columbia University,,https://ideas.repec.org/e/pya107.html,eligible,0,,1710.0,449.0,RePEc
psc19,Frank Schorfheide,University of Pennsylvania,http://sites.sas.upenn.edu/schorf,https://ideas.repec.org/e/psc19.html,eligible,0,,450.0,874.0,RePEc
pla366,Mario Larch,Universität Bayreuth,https://www.ewf.uni-bayreuth.de/en/,https://ideas.repec.org/f/pla366.html,eligible,0,,1301.0,450.0,RePEc
plu550,Jens Ludwig,University of Chicago,https://voices.uchicago.edu/jensludwig/,https://ideas.repec.org/f/plu550.html,eligible,0,,1125.0,451.0,RePEc
pku274,Moritz Kuhn,Rheinische Friedrich-Wilhelms-Universität Bonn,https://sites.google.com/site/kuhnecon/home,https://ideas.repec.org/f/pku274.html,eligible,0,,3381.0,452.0,RePEc
pwe34,David Weinstein,Columbia University,http://blogs.cuit.columbia.edu/dew35/wp-admin/my-sites.php,https://ideas.repec.org/e/pwe34.html,eligible,0,,454.0,547.0,RePEc
pst95,Holger Strulik,Georg-August-Universität Göttingen,http://holger-strulik.org,https://ideas.repec.org/e/pst95.html,eligible,0,,969.0,454.0,RePEc
pkr138,David M. Kreps,Stanford University,,https://ideas.repec.org/e/pkr138.html,eligible,0,,455.0,,RePEc
pha418,Tomas Havranek,Univerzita Karlova v Praze,http://tomashavranek.cz,https://ideas.repec.org/f/pha418.html,eligible,0,,1099.0,455.0,RePEc
pma1397,Ulrike Malmendier,University of California-Berkeley,http://www.econ.berkeley.edu/~ulrike/research.html,https://ideas.repec.org/f/pma1397.html,eligible,0,,456.0,1163.0,RePEc
pyi113,Libo Yin,Beijing University of Aeronautics and Astronautics (Beihang University),http://ylbcufe.weebly.com/,https://ideas.repec.org/e/pyi113.html,eligible,0,,,456.0,RePEc
pgr70,Rachel Griffith,University of Manchester,https://www.ifs.org.uk/people/profile/37,https://ideas.repec.org/e/pgr70.html,eligible,0,,457.0,1578.0,RePEc
pcl85,James Cloyne,University of California-Davis,https://sites.google.com/site/jamescloyne/,https://ideas.repec.org/e/pcl85.html,eligible,0,,3264.0,457.0,RePEc
pch40,Varadarajan Chari,University of Minnesota,,https://ideas.repec.org/e/pch40.html,eligible,0,,458.0,,RePEc
pne183,Rabindra Nepal,University of Wollongong,,https://ideas.repec.org/e/pne183.html,eligible,0,,,458.0,RePEc
psc177,David Scharfstein,Harvard University,http://www.people.hbs.edu/dscharfstein/,https://ideas.repec.org/e/psc177.html,eligible,0,,459.0,,RePEc
pco20,Joan Costa-i-Font,London School of Economics (LSE),https://www.lse.ac.uk/health-policy/people/professor-joan-costa-font,https://ideas.repec.org/e/pco20.html,eligible,0,,1572.0,459.0,RePEc
por35,Athanasios Orphanides,Massachusetts Institute of Technology (MIT),https://mitsloan.mit.edu/faculty/directory/athanasios-orphanides,https://ideas.repec.org/e/por35.html,eligible,0,,460.0,3578.0,RePEc
pve332,Patrick Velte,Leuphana Universität Lüneburg,https://www.leuphana.de/en/institutes/imaf/persons/patrick-velte.html,https://ideas.repec.org/f/pve332.html,eligible,0,,,460.0,RePEc
pbo726,Claudio Borio,Bank for International Settlements (BIS),,https://ideas.repec.org/f/pbo726.html,eligible,0,,461.0,463.0,RePEc
pgi147,Kenneth Thomas Gillingham,Yale School of the Environment,http://www.yale.edu/gillingham,https://ideas.repec.org/e/pgi147.html,eligible,0,,1983.0,461.0,RePEc
pwh6,Toni Whited,University of Michigan,https://toniwhited.com,https://ideas.repec.org/e/pwh6.html,eligible,0,,462.0,1115.0,RePEc
ppa21,Jonathan A. Parker,Massachusetts Institute of Technology (MIT),https://mitmgmtfaculty.mit.edu/japarker/,https://ideas.repec.org/e/ppa21.html,eligible,0,,547.0,462.0,RePEc
psc61,David Schmeidler,,,https://ideas.repec.org/e/psc61.html,deceased,0,,463.0,,RePEc
pbe619,Itzhak Ben-David,Ohio State University,https://u.osu.edu/ben-david.1/,https://ideas.repec.org/f/pbe619.html,eligible,0,,1444.0,464.0,RePEc
pne11,J. Peter Neary,,,https://ideas.repec.org/e/pne11.html,deceased,0,,465.0,2949.0,RePEc
psm3,Bruce D. Smith,,,https://ideas.repec.org/e/psm3.html,deceased,0,,466.0,,RePEc
phe168,Emeric Henry,Sciences Po,,https://ideas.repec.org/e/phe168.html,eligible,0,,2860.0,466.0,RePEc
pgo91,Christian Gollier,Toulouse School of Economics (TSE),http://www.tse-fr.eu/people/christian-gollier?lang=en,https://ideas.repec.org/e/pgo91.html,eligible,0,,467.0,1211.0,RePEc
ptr222,Pavel Trunin,Gaidar Institute for Economic Policy,,https://ideas.repec.org/f/ptr222.html,eligible,0,,2186.0,467.0,RePEc
pmi28,Gian Maria Milesi-Ferretti,Brookings Institution,https://www.brookings.edu/author/gian-maria-milesi-ferretti/,https://ideas.repec.org/e/pmi28.html,eligible,0,,468.0,1270.0,RePEc
pmi418,Kurt Mitman,Stockholms Universitet,http://perseus.iies.su.se/~kmitm/,https://ideas.repec.org/f/pmi418.html,eligible,0,,2615.0,468.0,RePEc
pva5,Hal Varian,University of California-Berkeley,http://www.sims.berkeley.edu/~hal,https://ideas.repec.org/e/pva5.html,eligible,0,,469.0,,RePEc
pal885,Marcella Alsan,Stanford University,https://www.healthinequalitylab.org/,https://ideas.repec.org/f/pal885.html,eligible,0,,,469.0,RePEc
pgo301,Paul Alan Gompers,Harvard University,http://people.hbs.edu/pgompers,https://ideas.repec.org/f/pgo301.html,eligible,0,,470.0,3314.0,RePEc
pfi99,Robert Finger,Eidgenössische Technische Hochschule Zürich (ETHZ),https://sites.google.com/view/fingerrobert/home,https://ideas.repec.org/e/pfi99.html,eligible,0,,,470.0,RePEc
pva498,Dimitri Vayanos,London School of Economics (LSE),https://personal.lse.ac.uk/vayanos/,https://ideas.repec.org/f/pva498.html,eligible,0,,598.0,471.0,RePEc
pca50,Fabio Canova,BI Handelshøyskolen,https://sites.google.com/view/fabio-canova-homepage/home,https://ideas.repec.org/e/pca50.html,eligible,0,,472.0,,RePEc
phu594,Zhen Huo,Yale University,,https://ideas.repec.org/f/phu594.html,eligible,0,,,472.0,RePEc
pwo89,Klaus Wohlrabe,ifo Institut - Leibniz-Institut für Wirtschaftsforschung an der Universität München e.V.,https://www.ifo.de/wohlrabe-k,https://ideas.repec.org/e/pwo89.html,eligible,0,,1127.0,473.0,RePEc
pma114,Massimiliano Marcellino,Università Commerciale Luigi Bocconi,http://www.igier.unibocconi.it/marcellino/,https://ideas.repec.org/e/pma114.html,eligible,0,,474.0,510.0,RePEc
pdi67,Julian Di Giovanni,Federal Reserve Bank of New York,http://julian.digiovanni.ca,https://ideas.repec.org/e/pdi67.html,eligible,0,,1635.0,474.0,RePEc
pfi186,George Filis,Panteion University of Social and Political Sciences,,https://ideas.repec.org/e/pfi186.html,eligible,0,,2640.0,475.0,RePEc
pab499,Emmanuel Joel Aikins Abakah,University of Ghana,,https://ideas.repec.org/f/pab499.html,eligible,0,,,476.0,RePEc
psa708,Todd Sandler,University of Texas-Dallas,https://personal.utdallas.edu/~tms063000/website/,https://ideas.repec.org/f/psa708.html,eligible,0,,477.0,1568.0,RePEc
ptr35,Manuel Trajtenberg,Tel Aviv University,https://www.manueltr.com/,https://ideas.repec.org/e/ptr35.html,eligible,0,,478.0,,RePEc
pra365,Imran Rasul,University College London (UCL),https://www.imranrasul.com/,https://ideas.repec.org/f/pra365.html,eligible,0,,650.0,478.0,RePEc
ppo36,Robert A. Pollak,Washington University in St. Louis,http://www.olin.wustl.edu/faculty/pollak/,https://ideas.repec.org/e/ppo36.html,eligible,0,,479.0,,RePEc
pmo146,Randall Morck,University of Alberta,http://www.bus.ualberta.ca/rmorck/,https://ideas.repec.org/e/pmo146.html,eligible,0,,480.0,,RePEc
pba1389,Brad M. Barber,University of California-Davis,http://www.bradmbarber.com/,https://ideas.repec.org/f/pba1389.html,eligible,0,,481.0,2854.0,RePEc
pba170,Marco Battaglini,Cornell University,http://www.mbattaglini.com,https://ideas.repec.org/e/pba170.html,eligible,0,,1191.0,481.0,RePEc
pch129,Menzie Chinn,University of Wisconsin-Madison,http://www.ssc.wisc.edu/~mchinn,https://ideas.repec.org/e/pch129.html,eligible,0,,482.0,3068.0,RePEc
psc116,G. William Schwert,University of Rochester,http://billschwert.com,https://ideas.repec.org/e/psc116.html,eligible,0,,483.0,,RePEc
psu6,Matthias Sutter,Max-Planck-Gesellschaft,https://www.coll.mpg.de/matthias-sutter,https://ideas.repec.org/e/psu6.html,eligible,0,,484.0,556.0,RePEc
pst89,Erik Stam,Universiteit Utrecht,https://www.uu.nl/staff/FCStam,https://ideas.repec.org/e/pst89.html,eligible,0,,2246.0,485.0,RePEc
pha1127,Johannes Haushofer,Stockholms Universitet,https://www.su.se/english/profiles/jhaus-1.282919,https://ideas.repec.org/f/pha1127.html,eligible,0,,,487.0,RePEc
psa934,Bruce Sacerdote,Dartmouth College,http://dartmouth.edu/~bsacerdo,https://ideas.repec.org/f/psa934.html,eligible,0,,488.0,,RePEc
pga326,Sebastian Galiani,University of Maryland,http://www.sebastiangaliani.com/,https://ideas.repec.org/f/pga326.html,eligible,0,,628.0,488.0,RePEc
pbo406,John Bound,University of Michigan,,https://ideas.repec.org/f/pbo406.html,eligible,0,,489.0,881.0,RePEc
pzw2,Josef Zweimüller,Universität Zürich,https://sites.google.com/view/josefzweimueller/home,https://ideas.repec.org/e/pzw2.html,eligible,0,,771.0,489.0,RePEc
pmi179,Douglas Lee Miller,Cornell University,http://www.econ.ucdavis.edu/faculty/dlmiller/,https://ideas.repec.org/e/pmi179.html,eligible,0,,490.0,2494.0,RePEc
pda919,Marina Dabic,Sveučilište u Zagrebu,https://www.efzg.unizg.hr/katedre-29721/medjunarodna-ekonomija-29784/clanovi-30025/prof-dr-sc-marina,https://ideas.repec.org/f/pda919.html,eligible,0,,,490.0,RePEc
pha322,Jens Hainmueller,,https://web.stanford.edu/~jhain/,https://ideas.repec.org/f/pha322.html,eligible,0,,491.0,3610.0,RePEc
pli161,Albert N. Link,University of North Carolina-Greensboro,,https://ideas.repec.org/e/pli161.html,eligible,0,,839.0,491.0,RePEc
pmo265,John Moore,University of Edinburgh,,https://ideas.repec.org/f/pmo265.html,eligible,0,,492.0,,RePEc
pze202,Olivier David Zerbib,Centre de Recherche en Économie et Statistique (CREST),,https://ideas.repec.org/f/pze202.html,eligible,0,,,492.0,RePEc
pro507,Richard Roll,University of California-Los Angeles (UCLA),,https://ideas.repec.org/f/pro507.html,eligible,0,,493.0,,RePEc
pla492,David Lagakos,Boston University,https://sites.google.com/site/davidlagakos/home,https://ideas.repec.org/f/pla492.html,eligible,0,,2176.0,493.0,RePEc
pha552,Ricardo Hausmann,Harvard University,http://www.ricardohausmann.com,https://ideas.repec.org/f/pha552.html,eligible,0,,494.0,2253.0,RePEc
ppa463,Dimitris Papanikolaou,Northwestern University,http://www.kellogg.northwestern.edu/faculty/papanikolaou/htm/index.html,https://ideas.repec.org/f/ppa463.html,eligible,0,,1453.0,494.0,RePEc
pab10,Andrew Abel,University of Pennsylvania,http://finance.wharton.upenn.edu/~abel,https://ideas.repec.org/e/pab10.html,eligible,0,,495.0,,RePEc
pgo308,Rajeev K. Goel,FLAME University,https://www.flame.edu.in/faculty/rajeev-k-goel,https://ideas.repec.org/f/pgo308.html,eligible,0,,1388.0,495.0,RePEc
ple440,Edward E. Leamer,,http://www.anderson.ucla.edu/faculty/edward.leamer/,https://ideas.repec.org/f/ple440.html,deceased,0,,497.0,,RePEc
pot62,Pablo Ottonello,University of Michigan,https://sites.google.com/site/ottonellopablo/home,https://ideas.repec.org/e/pot62.html,eligible,0,,,497.0,RePEc
pbl92,Sandra E. Black,Columbia University,http://www.sandraeblack.com/,https://ideas.repec.org/e/pbl92.html,eligible,0,,498.0,1439.0,RePEc
pme280,Karel Mertens,Federal Reserve Bank of Dallas,https://karelmertens.com/,https://ideas.repec.org/f/pme280.html,eligible,0,,1521.0,498.0,RePEc
pli22,Nuno M. Limão,Georgetown University,https://gufaculty360.georgetown.edu/s/contact/0031Q00002fgIvmQAE/nuno-lim%C3%A3o,https://ideas.repec.org/e/pli22.html,eligible,0,,1836.0,499.0,RePEc
pku48,Subal C. Kumbhakar,State University of New York-Binghamton (SUNY),http://bingweb.binghamton.edu/~kkar,https://ideas.repec.org/e/pku48.html,eligible,0,,500.0,849.0,RePEc
pmi132,Roni Michaely,University of Hong Kong,,https://ideas.repec.org/e/pmi132.html,eligible,0,,727.0,500.0,RePEc
pla111,Victor Chaim Lavy,University of Warwick,https://profiles.warwick.ac.uk/ecskah-victor-lavy,https://ideas.repec.org/e/pla111.html,eligible,0,,501.0,788.0,RePEc
pne96,Christopher A. Neilson,Yale University,https://christopherneilson.github.io/,https://ideas.repec.org/e/pne96.html,eligible,0,,3216.0,501.0,RePEc
pst78,Henri Sterdyniak,Sciences Po,,https://ideas.repec.org/e/pst78.html,eligible,0,,502.0,,RePEc
pbe260,Marc F. Bellemare,University of Minnesota-St. Paul,http://www.marcfbellemare.com,https://ideas.repec.org/f/pbe260.html,eligible,0,,2674.0,502.0,RePEc
pba542,Régis Barnichon,Federal Reserve Bank of San Francisco,http://sites.google.com/site/regisbarnichon/,https://ideas.repec.org/f/pba542.html,eligible,0,,2449.0,503.0,RePEc
pha248,Glenn W. Harrison,Georgia State University,http://cear.gsu.edu,https://ideas.repec.org/f/pha248.html,eligible,0,,504.0,,RePEc
pro554,John Roberts,,,https://ideas.repec.org/f/pro554.html,deceased,0,,505.0,,RePEc
pdi467,Rebecca Diamond,Stanford University,http://www.stanford.edu/diamondr,https://ideas.repec.org/f/pdi467.html,eligible,0,,2438.0,505.0,RePEc
pri8,José-Víctor Ríos-Rull,University of Pennsylvania,https://www.sas.upenn.edu/~vr0j/,https://ideas.repec.org/e/pri8.html,eligible,0,,506.0,886.0,RePEc
pzh164,Peng Zhou,China University of Petroleum,http://scholar.google.com.sg/citations?hl=en&user=LlQ_grEAAAAJ,https://ideas.repec.org/e/pzh164.html,eligible,0,,1652.0,506.0,RePEc
pro707,Scott Rozelle,Stanford University,,https://ideas.repec.org/f/pro707.html,eligible,0,,507.0,1596.0,RePEc
pma413,Sushanta K. Mallick,Queen Mary University of London,http://skmallick.busman.qmul.ac.uk,https://ideas.repec.org/f/pma413.html,eligible,0,,2221.0,507.0,RePEc
plo190,Norman V. Loayza,World Bank Group,https://www.worldbank.org/en/about/people/norman-loayza,https://ideas.repec.org/e/plo190.html,eligible,0,,508.0,3576.0,RePEc
pxu119,Yi Daniel Xu,Duke University,,https://ideas.repec.org/e/pxu119.html,eligible,0,,1780.0,508.0,RePEc
pme99,Andrew Metrick,Yale University,http://mba.yale.edu/faculty/profiles/metrick.shtml,https://ideas.repec.org/e/pme99.html,eligible,0,,509.0,1289.0,RePEc
pba961,Samuel Bazzi,Boston University,http://sites.google.com/site/samuelbazzi/,https://ideas.repec.org/f/pba961.html,eligible,0,,2481.0,509.0,RePEc
pal49,James Alm,Tulane University,https://liberalarts.tulane.edu/departments/economics/people/james-alm,https://ideas.repec.org/e/pal49.html,eligible,0,,511.0,647.0,RePEc
pgu654,Mariya Gubareva,Universidade de Lisboa,,https://ideas.repec.org/f/pgu654.html,eligible,0,,,511.0,RePEc
pne247,Charles R. Nelson,University of Washington,,https://ideas.repec.org/f/pne247.html,eligible,0,,512.0,,RePEc
pbh22,Sonia Bhalotra,University of Warwick,https://sites.google.com/site/srbhalotra/,https://ideas.repec.org/e/pbh22.html,eligible,0,,1868.0,512.0,RePEc
pam182,Yakov Amihud,New York University (NYU),http://www.stern.nyu.edu/faculty/bio/yakov-amihud,https://ideas.repec.org/e/pam182.html,eligible,0,,513.0,,RePEc
pph137,Linh Pham,University of Central Oklahoma,,https://ideas.repec.org/e/pph137.html,eligible,0,,,513.0,RePEc
pev23,Charles L. Evans,Federal Reserve Bank of Chicago,,https://ideas.repec.org/e/pev23.html,eligible,0,,514.0,,RePEc
pcl102,Damian Clarke,Universidad de Chile,http://www.damianclarke.net/,https://ideas.repec.org/e/pcl102.html,eligible,0,,,514.0,RePEc
pro323,Jean-Marc Robin,Sciences Po,https://sites.google.com/site/jmarcrobin/,https://ideas.repec.org/f/pro323.html,eligible,0,,515.0,1248.0,RePEc
pti73,Felix Tintelnot,University of Chicago,http://www.felix-tintelnot.wikidot.com,https://ideas.repec.org/e/pti73.html,eligible,0,,3448.0,515.0,RePEc
pca333,Pierre Cahuc,Sciences Po,http://www.crest.fr/pageperso/cahuc/cahuc.htm,https://ideas.repec.org/f/pca333.html,eligible,0,,516.0,1503.0,RePEc
pso417,Kazi Sohag,St. Petersburg State University,https://sites.google.com/view/drksohag,https://ideas.repec.org/f/pso417.html,eligible,0,,,516.0,RePEc
pfr226,Philip Hans Franses,Erasmus Universiteit Rotterdam,,https://ideas.repec.org/f/pfr226.html,eligible,0,,517.0,2894.0,RePEc
pka63,Lawrence Kahn,CESifo,https://www.ilr.cornell.edu/people/lawrence-kahn,https://ideas.repec.org/e/pka63.html,eligible,0,,518.0,,RePEc
par274,Costas Arkolakis,Yale University,http://www.arkolakis.com,https://ideas.repec.org/f/par274.html,eligible,0,,986.0,518.0,RePEc
pru7,Christopher Ruhm,University of Virginia,https://sites.google.com/site/christopherjruhm/home,https://ideas.repec.org/e/pru7.html,eligible,0,,519.0,1280.0,RePEc
pti8,Allan Timmermann,University of California-San Diego (UCSD),http://rady.ucsd.edu/faculty/directory/timmermann/,https://ideas.repec.org/e/pti8.html,eligible,0,,520.0,,RePEc
pwa151,Alexander F. Wagner,Centre for Economic Policy Research (CEPR),http://www.alex-wagner.com,https://ideas.repec.org/e/pwa151.html,eligible,0,,2436.0,520.0,RePEc
ppi123,Christian Pierdzioch,Helmut Schmidt Universität Hamburg,,https://ideas.repec.org/e/ppi123.html,eligible,0,,1539.0,521.0,RePEc
pke16,Timothy J. Kehoe,University of Minnesota,http://www.econ.umn.edu/~tkehoe,https://ideas.repec.org/e/pke16.html,eligible,0,,522.0,2248.0,RePEc
pde468,Olivier Deschenes,University of California-Santa Barbara (UCSB),https://www.olivierdeschenes.org/,https://ideas.repec.org/f/pde468.html,eligible,0,,1517.0,522.0,RePEc
pce99,Richard J. Cebula,University of Tennessee-Knoxville,,https://ideas.repec.org/e/pce99.html,eligible,0,,523.0,3201.0,RePEc
pte114,Michele Tertilt,Universität Mannheim,http://tertilt.vwl.uni-mannheim.de/,https://ideas.repec.org/e/pte114.html,eligible,0,,1828.0,523.0,RePEc
pqu8,John Quiggin,University of Queensland,http://johnquiggin.substack.com,https://ideas.repec.org/e/pqu8.html,eligible,0,,524.0,,RePEc
pmo697,José Alberto Molina,Universidad de Zaragoza,http://personal.unizar.es/jamolina/,https://ideas.repec.org/f/pmo697.html,eligible,0,,2095.0,524.0,RePEc
pab175,John M. Abowd,Cornell University,https://blogs.cornell.edu/abowd/,https://ideas.repec.org/e/pab175.html,eligible,0,,525.0,1948.0,RePEc
psa123,Aysegul Sahin,Princeton University,https://sites.google.com/view/aysegulsahin/home,https://ideas.repec.org/e/psa123.html,eligible,0,,1307.0,525.0,RePEc
pjo110,Paul Joskow,Massachusetts Institute of Technology (MIT),http://web.mit.edu/pjoskow/www/,https://ideas.repec.org/e/pjo110.html,eligible,0,,526.0,,RePEc
psu123,Jens Suedekum,Heinriche-Heine-Universität Düsseldorf,https://sites.google.com/site/jenssuedekum/,https://ideas.repec.org/e/psu123.html,eligible,0,,1714.0,526.0,RePEc
pri69,Jay R. Ritter,University of Florida,http://bear.cba.ufl.edu/ritter,https://ideas.repec.org/e/pri69.html,eligible,0,,527.0,,RePEc
pak156,Cevat Giray Aksoy,European Bank for Reconstruction and Development (EBRD),http://cevatgirayaksoy.com,https://ideas.repec.org/e/pak156.html,eligible,0,,,527.0,RePEc
pva387,Eric van Wincoop,University of Virginia,http://www.virginia.edu/economics/vanwincoop.htm,https://ideas.repec.org/f/pva387.html,eligible,0,,528.0,,RePEc
pja19,Michael Jansson,University of California-Berkeley,https://sites.google.com/berkeley.edu/michael-jansson/,https://ideas.repec.org/e/pja19.html,eligible,0,,2225.0,528.0,RePEc
pst85,Robert W. Staiger,Dartmouth College,http://www.dartmouth.edu/~rstaiger/,https://ideas.repec.org/e/pst85.html,eligible,0,,529.0,2182.0,RePEc
pfa17,Hanming Fang,University of Pennsylvania,http://www.econ.upenn.edu/~hfang,https://ideas.repec.org/e/pfa17.html,eligible,0,,889.0,529.0,RePEc
pkr148,Ladislav Krištoufek,Univerzita Karlova v Praze,https://ies.fsv.cuni.cz/en/contacts/institute-members/17152303,https://ideas.repec.org/e/pkr148.html,eligible,0,,3565.0,530.0,RePEc
pco66,Stephen Coate,National Bureau of Economic Research (NBER),http://www.arts.cornell.edu/econ/sc163/,https://ideas.repec.org/e/pco66.html,eligible,0,,531.0,,RePEc
ple143,Andrew Theo Levin,Dartmouth College,http://www.dartmouth.edu/~alevin,https://ideas.repec.org/e/ple143.html,eligible,0,,532.0,3416.0,RePEc
pzh744,Xiaoqing Zhou,Federal Reserve Bank of Dallas,https://sites.google.com/a/umich.edu/xqzhou/,https://ideas.repec.org/f/pzh744.html,eligible,0,,,532.0,RePEc
pba409,Kyle Bagwell,Stanford University,http://www.stanford.edu/~kbagwell/,https://ideas.repec.org/f/pba409.html,eligible,0,,533.0,,RePEc
pca392,Sebastian Calonico,Columbia University,https://sites.google.com/site/scalonico/,https://ideas.repec.org/f/pca392.html,eligible,0,,2224.0,533.0,RePEc
pcu20,Alex Cukierman,,,https://ideas.repec.org/e/pcu20.html,deceased,0,,534.0,,RePEc
pra563,Syed Ali Raza,Iqra University,,https://ideas.repec.org/f/pra563.html,eligible,0,,,534.0,RePEc
pho504,Boris Hofmann,Bank for International Settlements (BIS),http://www.bis.org/author/boris_hofmann.htm,https://ideas.repec.org/f/pho504.html,eligible,0,,1815.0,535.0,RePEc
pst393,Oded Stark,Uniwersytet Warszawski,,https://ideas.repec.org/f/pst393.html,eligible,0,,536.0,3077.0,RePEc
pwe42,Rafał Weron,Politechnika Wrocławska,https://p.wz.pwr.edu.pl/~weron.rafal/,https://ideas.repec.org/e/pwe42.html,eligible,0,,1375.0,536.0,RePEc
pma143,Kiminori Matsuyama,Northwestern University,https://faculty.wcas.northwestern.edu/~kmatsu/,https://ideas.repec.org/e/pma143.html,eligible,0,,537.0,1776.0,RePEc
phu734,Khaled Hussainey,Bangor University,https://www.bangor.ac.uk/staff/bbs/khaled-hussainey-609390/cy,https://ideas.repec.org/f/phu734.html,eligible,0,,3088.0,537.0,RePEc
pro55,Harvey Rosen,Princeton University,http://www.princeton.edu/~hsr/,https://ideas.repec.org/e/pro55.html,eligible,0,,538.0,,RePEc
pda402,Wolfgang Dauth,Institut für Arbeitsmarkt- und Berufsforschung (IAB),https://sites.google.com/site/dauthecon/,https://ideas.repec.org/f/pda402.html,eligible,0,,,538.0,RePEc
pme283,Leonardo Melosi,University of Warwick,https://sites.google.com/site/lemelosi/,https://ideas.repec.org/f/pme283.html,eligible,0,,2818.0,539.0,RePEc
psc136,Klaus M. Schmidt,Ludwig-Maximilians-Universität München,http://www.et.vwl.uni-muenchen.de/index.html,https://ideas.repec.org/e/psc136.html,eligible,0,,540.0,,RePEc
pya366,David Yanagizawa-Drott,Universität Zürich,http://yanagizawadrott.com,https://ideas.repec.org/f/pya366.html,eligible,0,,2443.0,540.0,RePEc
ple164,Jong-Wha Lee,Korea University,http://econ.korea.ac.kr/~jwlee/,https://ideas.repec.org/e/ple164.html,eligible,0,,541.0,,RePEc
pmo232,Ahmed Mushfiq Mobarak,Yale University,http://mba.yale.edu/faculty/profiles/mobarak.shtml,https://ideas.repec.org/f/pmo232.html,eligible,0,,1726.0,541.0,RePEc
pfr60,Kenneth A. Froot,Harvard University,https://scholar.harvard.edu/kenfroot,https://ideas.repec.org/e/pfr60.html,eligible,0,,542.0,,RePEc
pta61,George Tauchen,Duke University,http://www.econ.duke.edu/~get,https://ideas.repec.org/e/pta61.html,eligible,0,,543.0,,RePEc
pro86,Barbara Rossi,Barcelona School of Economics (BSE),https://sites.google.com/site/barbararossiwebsite/,https://ideas.repec.org/e/pro86.html,eligible,0,,841.0,543.0,RePEc
plt2,Helmut Lütkepohl,DIW Berlin (Deutsches Institut für Wirtschaftsforschung),http://www.wiwiss.fu-berlin.de/fachbereich/vwl/luetkepohl/index.html,https://ideas.repec.org/e/plt2.html,eligible,0,,717.0,544.0,RePEc
ppa1139,Sudharshan Reddy Paramati,American University of the Middle East,,https://ideas.repec.org/f/ppa1139.html,eligible,0,,,545.0,RePEc
pva54,Jan van Ours,Erasmus Universiteit Rotterdam,https://sites.google.com/site/homepagejanvanours/,https://ideas.repec.org/e/pva54.html,eligible,0,,546.0,3209.0,RePEc
pde51,Mariacristina De Nardi,University of Minnesota,http://www.nber.org/~denardim,https://ideas.repec.org/e/pde51.html,eligible,0,,1167.0,546.0,RePEc
pma1390,David Martimort,Toulouse School of Economics (TSE),http://www.david-martimort-eco.com/,https://ideas.repec.org/f/pma1390.html,eligible,0,,548.0,1896.0,RePEc
psa1990,Thomas Sampson,London School of Economics (LSE),http://personal.lse.ac.uk/sampsont,https://ideas.repec.org/f/psa1990.html,eligible,0,,2746.0,548.0,RePEc
pbl79,David Bloom,Harvard University,,https://ideas.repec.org/e/pbl79.html,eligible,0,,549.0,,RePEc
pjo233,Callum Jones,Federal Reserve Board (Board of Governors of the Federal Reserve System),https://callumjones.github.io/,https://ideas.repec.org/f/pjo233.html,eligible,0,,,549.0,RePEc
pkr29,Francis Kramarz,Collège de France,https://sites.google.com/view/kramarzfrancis/home,https://ideas.repec.org/e/pkr29.html,eligible,0,,550.0,1626.0,RePEc
pla655,Thibaut Lamadon,University of Chicago,http://www.lamadon.com,https://ideas.repec.org/f/pla655.html,eligible,0,,,550.0,RePEc
ppa92,Ugo Gianluigi Panizza,The Graduate Institute of International and Development Studies,https://www.upanizza.com/,https://ideas.repec.org/e/ppa92.html,eligible,0,,551.0,670.0,RePEc
pal51,Yann Algan,HEC Paris (École des Hautes Études Commerciales),https://www.yann-algan.com/,https://ideas.repec.org/e/pal51.html,eligible,0,,634.0,551.0,RePEc
ple236,Hayne Ellis Leland,University of California-Berkeley,http://haas.berkeley.edu/faculty/leland.html,https://ideas.repec.org/f/ple236.html,eligible,0,,552.0,,RePEc
pbe357,Stelios Bekiros,Athens University of Economics and Business (AUEB),https://steliosbekiros.com,https://ideas.repec.org/f/pbe357.html,eligible,0,,2836.0,552.0,RePEc
pho115,Robert James Hodrick,Columbia University,http://www.columbia.edu/~rh169,https://ideas.repec.org/e/pho115.html,eligible,0,,553.0,,RePEc
pfl78,Marc Fleurbaey,Paris School of Economics,http://sites.google.com/site/marcfleurbaey/Home,https://ideas.repec.org/e/pfl78.html,eligible,0,,556.0,553.0,RePEc
pgo144,Christian S. Gourieroux,University of Toronto,,https://ideas.repec.org/e/pgo144.html,eligible,0,,554.0,,RePEc
psh703,Zhiyang Shen,Lille Économie et Management (LEM),,https://ideas.repec.org/f/psh703.html,eligible,0,,,554.0,RePEc
pba284,Pranab K. Bardhan,University of California-Berkeley,http://eml.berkeley.edu/~webfac/bardhan/bardhan.htm,https://ideas.repec.org/f/pba284.html,eligible,0,,555.0,,RePEc
pst425,Jan Leonard Stuhler,Universidad Carlos III de Madrid,http://janstuhler.wordpress.com/,https://ideas.repec.org/f/pst425.html,eligible,0,,2957.0,555.0,RePEc
pst466,Doug Staiger,Dartmouth College,https://sites.dartmouth.edu/dstaiger/,https://ideas.repec.org/f/pst466.html,eligible,0,,557.0,,RePEc
pcl20,Michael A. Clemens,Johns Hopkins University,http://mclem.org,https://ideas.repec.org/e/pcl20.html,eligible,0,,1266.0,557.0,RePEc
pwu8,Jeffrey Wurgler,New York University (NYU),http://www.stern.nyu.edu/~jwurgler,https://ideas.repec.org/e/pwu8.html,eligible,0,,558.0,1199.0,RePEc
pri12,Roberto Rigobon,Massachusetts Institute of Technology (MIT),http://web.mit.edu/rigobon/www/,https://ideas.repec.org/e/pri12.html,eligible,0,,559.0,,RePEc
pba1010,Tomas Baležentis,Lietuvos Agrarinės Ekonomikos Institutas (LAEI),,https://ideas.repec.org/f/pba1010.html,eligible,0,,,559.0,RePEc
pwi97,Robert Butler Wilson,Stanford University,https://gsb-faculty.stanford.edu/robert-wilson/,https://ideas.repec.org/e/pwi97.html,won,2020,,560.0,,RePEc
psu476,Juan Carlos Suárez Serrato,Duke University,http://www.jcsuarez.com,https://ideas.repec.org/f/psu476.html,eligible,0,,3592.0,560.0,RePEc
plo153,Ngo Van Long,,,https://ideas.repec.org/e/plo153.html,deceased,0,,561.0,2714.0,RePEc
pmc46,Ellen R. McGrattan,University of Minnesota,http://www.econ.umn.edu/~erm,https://ideas.repec.org/e/pmc46.html,eligible,0,,562.0,2435.0,RePEc
phe316,Eric Heyer,Sciences Po,,https://ideas.repec.org/f/phe316.html,eligible,0,,1586.0,562.0,RePEc
pde423,Mathias Dewatripont,Université Libre de Bruxelles,,https://ideas.repec.org/f/pde423.html,eligible,0,,563.0,,RePEc
pst716,Philipp Strack,Yale University,http://philippstrack.com,https://ideas.repec.org/f/pst716.html,eligible,0,,,563.0,RePEc
pph34,Edmund S. Phelps,,http://www.columbia.edu/~esp2/,https://ideas.repec.org/e/pph34.html,won,2006,,564.0,,RePEc
pfo9,Lionel Fontagné,Paris School of Economics,https://sites.google.com/view/lionelfontagne,https://ideas.repec.org/e/pfo9.html,eligible,0,,821.0,564.0,RePEc
pki97,Miles Spencer Kimball,University of Colorado,http://www.umich.edu/~mkimball/,https://ideas.repec.org/e/pki97.html,eligible,0,,565.0,,RePEc
pka876,Maximilian Kasy,Harvard University,https://maxkasy.github.io/home/,https://ideas.repec.org/f/pka876.html,eligible,0,,,565.0,RePEc
pga108,Simon Gächter,University of Nottingham,https://www.nottingham.ac.uk/Economics/people/simon.gaechter,https://ideas.repec.org/e/pga108.html,eligible,0,,566.0,992.0,RePEc
phu183,Paul Hubert,Banque de France,https://sites.google.com/view/paulhubert,https://ideas.repec.org/e/phu183.html,eligible,0,,3134.0,566.0,RePEc
psm143,V. Kerry Smith,Arizona State University,https://webapp4.asu.edu/directory/person/947584,https://ideas.repec.org/e/psm143.html,eligible,0,,567.0,,RePEc
psg8,Jakob Egholt Søgaard,Københavns Universitet,https://www.jakobsogaard.com,https://ideas.repec.org/e/psg8.html,eligible,0,,,567.0,RePEc
pag38,Ajay K. Agrawal,University of Toronto,http://www.rotman.utoronto.ca/Ajay.Agrawal/,https://ideas.repec.org/e/pag38.html,eligible,0,,1787.0,568.0,RePEc
psu169,Robert Sugden,University of East Anglia,,https://ideas.repec.org/e/psu169.html,eligible,0,,569.0,3378.0,RePEc
pca97,Ana Rute Cardoso,Barcelona School of Economics (BSE),https://www.iae.csic.es/people/faculty/cardoso-ana-rute,https://ideas.repec.org/e/pca97.html,eligible,0,,2097.0,569.0,RePEc
pme273,Bruce D. Meyer,University of Chicago,http://harrisschool.uchicago.edu/faculty/web-pages/bruce-meyer.asp,https://ideas.repec.org/f/pme273.html,eligible,0,,570.0,2812.0,RePEc
pgo256,Linda S. Goldberg,Federal Reserve Bank of New York,,https://ideas.repec.org/f/pgo256.html,eligible,0,,571.0,1032.0,RePEc
pji300,Ruixue Jia,University of California-San Diego (UCSD),https://www.ruixuejia.com/,https://ideas.repec.org/f/pji300.html,eligible,0,,3336.0,571.0,RePEc
psh10,Neil Shephard,Harvard University,http://www.people.fas.harvard.edu/~shephard/,https://ideas.repec.org/e/psh10.html,eligible,0,,572.0,,RePEc
pbo573,Nina Boyarchenko,Federal Reserve Bank of New York,,https://ideas.repec.org/f/pbo573.html,eligible,0,,2936.0,572.0,RePEc
pko51,Kai A. Konrad,Max-Planck-Gesellschaft,https://www.tax.mpg.de/en/public_economics/public_economics_people/prof_dr_kai_a_konrad,https://ideas.repec.org/e/pko51.html,eligible,0,,573.0,2638.0,RePEc
pgo412,Stéphane Goutte,Université Paris-Saclay,https://sites.google.com/site/mathgoutte/,https://ideas.repec.org/f/pgo412.html,eligible,0,,,574.0,RePEc
pco940,Russell Cooper,Pennsylvania State University,https://sites.google.com/site/coopereconomics/,https://ideas.repec.org/f/pco940.html,eligible,0,,575.0,,RePEc
pco144,George M. Constantinides,University of Chicago,http://faculty.chicagobooth.edu/george.constantinides/index.htm,https://ideas.repec.org/e/pco144.html,eligible,0,,576.0,,RePEc
pca1212,Stefano Carattini,Georgia State University,https://sites.google.com/site/stefanocarattini/,https://ideas.repec.org/f/pca1212.html,eligible,0,,,576.0,RePEc
ppa81,Chris Papageorgiou,International Monetary Fund (IMF),http://chrispapageorgiou.com,https://ideas.repec.org/e/ppa81.html,eligible,0,,1285.0,577.0,RePEc
ppr27,Lant Pritchett,Harvard University,http://lantpritchett.org,https://ideas.repec.org/e/ppr27.html,eligible,0,,578.0,,RePEc
psc264,Todd Schoellman,Federal Reserve Bank of Minneapolis,https://toddschoellman.com/,https://ideas.repec.org/f/psc264.html,eligible,0,,3540.0,578.0,RePEc
pcl69,Richard H. Clarida,Columbia University,http://www.columbia.edu/~rhc2,https://ideas.repec.org/e/pcl69.html,eligible,0,,579.0,,RePEc
phe118,Martin F. Hellwig,Max-Planck-Gesellschaft,http://www.coll.mpg.de,https://ideas.repec.org/e/phe118.html,eligible,0,,580.0,,RePEc
pme67,Lukas Menkhoff,Kiel Institut für Weltwirtschaft - Leibniz Zentrum zur Erforschung globaler ökonomischer Herausforderungen (IfW),https://sites.google.com/view/lukas-menkhoff/,https://ideas.repec.org/e/pme67.html,eligible,0,,883.0,580.0,RePEc
pma1319,Ronald Masulis,UNSW Sydney,https://hq.ssrn.com/submissions/MyPapers.cfm?partid=122768,https://ideas.repec.org/f/pma1319.html,eligible,0,,581.0,2458.0,RePEc
pma2618,Wanglin Ma,Lincoln University,https://researchers.lincoln.ac.nz/wanglin.ma,https://ideas.repec.org/f/pma2618.html,eligible,0,,,581.0,RePEc
pan374,Andrew Ang,National Bureau of Economic Research (NBER),http://www.columbia.edu/~aa610,https://ideas.repec.org/f/pan374.html,eligible,0,,582.0,,RePEc
pza107,Basit Zafar,University of Michigan,https://sites.google.com/site/basitakzafar/,https://ideas.repec.org/e/pza107.html,eligible,0,,935.0,582.0,RePEc
pna133,Paresh Kumar Narayan,Monash University,,https://ideas.repec.org/e/pna133.html,eligible,0,,583.0,,RePEc
pfe480,James J. Feigenbaum,Boston University,http://jamesfeigenbaum.github.io,https://ideas.repec.org/f/pfe480.html,eligible,0,,,583.0,RePEc
phi111,"James R. Hines, Jr.",University of Michigan,,https://ideas.repec.org/e/phi111.html,eligible,0,,584.0,,RePEc
pji114,Panle Jia Barwick,University of Wisconsin-Madison,https://panlebarwick.github.io/,https://ideas.repec.org/e/pji114.html,eligible,0,,2591.0,584.0,RePEc
ppo86,Andrew Postlewaite,University of Pennsylvania,http://www.ssc.upenn.edu/~apostlew/,https://ideas.repec.org/e/ppo86.html,eligible,0,,585.0,,RePEc
pjo400,Benjamin F. Jones,Northwestern University,https://www.kellogg.northwestern.edu/faculty/jones-ben/htm/research.htm,https://ideas.repec.org/f/pjo400.html,eligible,0,,787.0,585.0,RePEc
psa95,Lucio Sarno,University of Cambridge,https://sites.google.com/view/luciosarno,https://ideas.repec.org/e/psa95.html,eligible,0,,586.0,1763.0,RePEc
pgu538,Adam Guren,Boston University,http://people.bu.edu/guren/,https://ideas.repec.org/f/pgu538.html,eligible,0,,3182.0,586.0,RePEc
pcr2,Vincent P. Crawford,University of California-San Diego (UCSD),https://econweb.ucsd.edu/~vcrawfor/index.html,https://ideas.repec.org/e/pcr2.html,eligible,0,,587.0,,RePEc
ppr174,Andrea Prat,Columbia University,http://www.columbia.edu/~ap3116,https://ideas.repec.org/e/ppr174.html,eligible,0,,975.0,587.0,RePEc
pbe459,Efraim Benmelech,Northwestern University,,https://ideas.repec.org/f/pbe459.html,eligible,0,,1524.0,588.0,RePEc
psc180,Antoinette Schoar,Massachusetts Institute of Technology (MIT),http://www.mit.edu/~aschoar/,https://ideas.repec.org/e/psc180.html,eligible,0,,589.0,1300.0,RePEc
phu448,Florian Huber,Paris-Lodron Universität Salzburg,https://sites.google.com/site/fhuber7/,https://ideas.repec.org/f/phu448.html,eligible,0,,3311.0,589.0,RePEc
pre102,Lucrezia Reichlin,London Business School (LBS),http://www.lucreziareichlin.eu,https://ideas.repec.org/e/pre102.html,eligible,0,,590.0,3104.0,RePEc
pbo840,Johannes Boehm,Université de Genève,http://jmboehm.github.io,https://ideas.repec.org/f/pbo840.html,eligible,0,,,590.0,RePEc
pbl16,Francine Blau,Cornell University,https://www.ilr.cornell.edu/people/francine-blau,https://ideas.repec.org/e/pbl16.html,eligible,0,,591.0,,RePEc
pfr119,John N. Friedman,Brown University,https://sites.google.com/brown.edu/johnnfriedman/home,https://ideas.repec.org/e/pfr119.html,eligible,0,,1216.0,591.0,RePEc
pzh80,Tao Zha,Federal Reserve Bank of Atlanta,https://tzha.net/,https://ideas.repec.org/e/pzh80.html,eligible,0,,592.0,1193.0,RePEc
pdw12,Piotr Dworczak,Universität zu Köln,https://pdworczak.com/,https://ideas.repec.org/e/pdw12.html,eligible,0,,,592.0,RePEc
pdr9,Axel Dreher,Ruprecht-Karls-Universität Heidelberg,http://www.axel-dreher.de,https://ideas.repec.org/e/pdr9.html,eligible,0,,593.0,1434.0,RePEc
pho256,Bernard Hoekman,European University Institute,http://globalgovernanceprogramme.eui.eu/research-areas/global-economics/,https://ideas.repec.org/f/pho256.html,eligible,0,,652.0,593.0,RePEc
ptr40,Francesco Trebbi,University of California-Berkeley,https://haas.berkeley.edu/faculty/francesco-trebbi/,https://ideas.repec.org/e/ptr40.html,eligible,0,,689.0,594.0,RePEc
pro407,Christina Duckworth Romer,University of California-Berkeley,http://emlab.berkeley.edu/users/cromer/index.shtml,https://ideas.repec.org/f/pro407.html,eligible,0,,595.0,,RePEc
pse737,Bradley Setzler,Pennsylvania State University,http://bradleysetzler.com,https://ideas.repec.org/f/pse737.html,eligible,0,,,595.0,RePEc
ple1010,Daniel J. Lewis,University College London (UCL),http://www.danjlewis.com,https://ideas.repec.org/f/ple1010.html,eligible,0,,,597.0,RePEc
pha444,Kazunobu Hayakawa,Government of Japan,https://sites.google.com/view/kazunobu-hayakawa/home,https://ideas.repec.org/f/pha444.html,eligible,0,,2315.0,598.0,RePEc
pst16,Jan-Egbert Sturm,Eidgenössische Technische Hochschule Zürich (ETHZ),https://www.kof.ethz.ch/sturm,https://ideas.repec.org/e/pst16.html,eligible,0,,599.0,982.0,RePEc
ple337,Michele Lenza,European Central Bank,,https://ideas.repec.org/f/ple337.html,eligible,0,,2080.0,599.0,RePEc
pro372,Andres Rodriguez-Clare,"University of California at Berkeley, Department of Economics",http://emlab.berkeley.edu/~arodeml/,https://ideas.repec.org/f/pro372.html,eligible,0,,600.0,777.0,RePEc
pbo515,Pedro Bordalo,Royal Holloway,,https://ideas.repec.org/f/pbo515.html,eligible,0,,2243.0,600.0,RePEc
ppi39,Luigi Pistaferri,Stanford University,http://www.stanford.edu/~pista/,https://ideas.repec.org/e/ppi39.html,eligible,0,,601.0,3157.0,RePEc
ped63,Ottmar Edenhofer,Potsdam-Institut für Klimafolgenforschung (PIK),http://www.pik-potsdam.de/members/edenh,https://ideas.repec.org/e/ped63.html,eligible,0,,1793.0,601.0,RePEc
por38,Philip Oreopoulos,University of Toronto,http://www.economics.utoronto.ca/oreo/,https://ideas.repec.org/e/por38.html,eligible,0,,603.0,1056.0,RePEc
phe112,Anthony Giles Heyes,Université d'Ottawa,,https://ideas.repec.org/e/phe112.html,eligible,0,,2728.0,603.0,RePEc
pgi283,Robert Gibbons,Massachusetts Institute of Technology (MIT),http://web.mit.edu/rgibbons/www/index.html,https://ideas.repec.org/f/pgi283.html,eligible,0,,604.0,,RePEc
ppa1172,Nitya Pandalai-Nayar,University of Texas-Austin,http://www.nityapandalainayar.com,https://ideas.repec.org/f/ppa1172.html,eligible,0,,,604.0,RePEc
pmu109,John Muellbauer,Oxford University,https://www.nuffield.ox.ac.uk/people/profiles/john-muellbauer/,https://ideas.repec.org/e/pmu109.html,eligible,0,,605.0,3356.0,RePEc
pha1103,Marina Halac,Yale University,https://sites.google.com/view/marinahalac,https://ideas.repec.org/f/pha1103.html,eligible,0,,3513.0,605.0,RePEc
psc921,Carlo Schwarz,Università Commerciale Luigi Bocconi,https://carloschwarz.eu/,https://ideas.repec.org/f/psc921.html,eligible,0,,,606.0,RePEc
ple3,Eric M. Leeper,University of Virginia,,https://ideas.repec.org/e/ple3.html,eligible,0,,607.0,,RePEc
pbr44,Loren Brandt,University of Toronto,https://brandt.economics.utoronto.ca/,https://ideas.repec.org/e/pbr44.html,eligible,0,,871.0,607.0,RePEc
pch1911,Gary Chamberlain,,,https://ideas.repec.org/f/pch1911.html,deceased,0,,608.0,,RePEc
ppe66,Roberto Perotti,Università Commerciale Luigi Bocconi,https://sites.google.com/view/rperotti/home,https://ideas.repec.org/e/ppe66.html,eligible,0,,609.0,,RePEc
pra44,Tarun Ramadorai,Imperial College,http://www.tarunramadorai.com,https://ideas.repec.org/e/pra44.html,eligible,0,,1352.0,609.0,RePEc
plu153,Sydney C. Ludvigson,New York University (NYU),http://www.sydneyludvigson.com,https://ideas.repec.org/e/plu153.html,eligible,0,,610.0,,RePEc
psc768,Hannes Schwandt,Northwestern University,http://hschwandt.com,https://ideas.repec.org/f/psc768.html,eligible,0,,3321.0,610.0,RePEc
pso215,Gary Solon,University of Arizona,https://econ.arizona.edu/people/gary-solon,https://ideas.repec.org/f/pso215.html,eligible,0,,611.0,2502.0,RePEc
pmo1049,Christian Moser,Columbia University,http://www.economoser.com/,https://ideas.repec.org/f/pmo1049.html,eligible,0,,,611.0,RePEc
pje75,J. Bradford Jensen,Georgetown University,,https://ideas.repec.org/e/pje75.html,eligible,0,,612.0,,RePEc
pmo1065,Peter Molnár,Universitetet i Stavanger,,https://ideas.repec.org/f/pmo1065.html,eligible,0,,,612.0,RePEc
pwo72,Raf Wouters,Nationale Bank van België/Banque national de Belqique (BNB),,https://ideas.repec.org/e/pwo72.html,eligible,0,,613.0,,RePEc
psh718,Dehua Shen,Nankai University,,https://ideas.repec.org/f/psh718.html,eligible,0,,,613.0,RePEc
pba99,Edward B. Barbier,Colorado State University,http://www.edwardbbarbier.com/,https://ideas.repec.org/e/pba99.html,eligible,0,,766.0,614.0,RePEc
pja39,Robert A Jarrow,Cornell University,,https://ideas.repec.org/e/pja39.html,eligible,0,,615.0,1142.0,RePEc
pbi192,Alexander Bick,Federal Reserve Bank of St. Louis,https://alexbick.weebly.com,https://ideas.repec.org/e/pbi192.html,eligible,0,,3027.0,616.0,RePEc
pba464,Kaushik Basu,Cornell University,http://www.kaushikbasu.org/,https://ideas.repec.org/f/pba464.html,eligible,0,,617.0,,RePEc
pno75,Dennis Novy,University of Warwick,http://www2.warwick.ac.uk/fac/soc/economics/staff/dnovy/,https://ideas.repec.org/e/pno75.html,eligible,0,,2621.0,617.0,RePEc
pbo80,Olympia Bover,Centro de Estudios Monetarios y Financieros (CEMFI),https://sites.google.com/site/olympiabover/,https://ideas.repec.org/e/pbo80.html,eligible,0,,618.0,,RePEc
pba575,Pierre-Alexandre Balland,Harvard University,http://www.paballand.com/,https://ideas.repec.org/f/pba575.html,eligible,0,,,618.0,RePEc
pge136,John Geweke,University of Technology Sydney,,https://ideas.repec.org/e/pge136.html,eligible,0,,619.0,,RePEc
pol63,Claudia Olivetti,Dartmouth College,,https://ideas.repec.org/e/pol63.html,eligible,0,,1122.0,619.0,RePEc
pdo459,Buhari Doğan,Süleyman Demirel Üniversitesi,,https://ideas.repec.org/f/pdo459.html,eligible,0,,,620.0,RePEc
psc344,Johannes F. Schmieder,Boston University,https://johannes-schmieder.com,https://ideas.repec.org/f/psc344.html,eligible,0,,1951.0,621.0,RePEc
pbr34,Timothy Bresnahan,Stanford University,https://tbres.su.domains/,https://ideas.repec.org/e/pbr34.html,eligible,0,,622.0,,RePEc
ppo244,Alexander Popov,European Central Bank,http://www.alexanderpopov.org,https://ideas.repec.org/f/ppo244.html,eligible,0,,1851.0,622.0,RePEc
pav41,Stefan Avdjiev,Bank for International Settlements (BIS),http://www.bis.org/author/stefan_avdjiev.htm,https://ideas.repec.org/e/pav41.html,eligible,0,,3619.0,623.0,RePEc
pmi185,Javier Miranda,Leibniz-Institut für Wirtschaftsforschung Halle (IWH),http://www.iwh-halle.de/en/about-the-iwh/people/detail/javier-miranda,https://ideas.repec.org/e/pmi185.html,eligible,0,,1373.0,624.0,RePEc
ppr57,Andrea Filippo Presbitero,International Monetary Fund (IMF),https://sites.google.com/site/presbitero/,https://ideas.repec.org/e/ppr57.html,eligible,0,,1697.0,625.0,RePEc
pje7,Stephen Jenkins,London School of Economics (LSE),https://www.lse.ac.uk/social-policy/people/academic-staff/Professor-Stephen-Jenkins,https://ideas.repec.org/e/pje7.html,eligible,0,,626.0,1681.0,RePEc
pma1570,Cosimo Magazzino,Università LUM Giuseppe Degennaro,https://sites.google.com/site/cpmagazzino/home,https://ideas.repec.org/f/pma1570.html,eligible,0,,,626.0,RePEc
pce4,Stephen Cecchetti,Brandeis University,http://people.brandeis.edu/~cecchett/,https://ideas.repec.org/e/pce4.html,eligible,0,,627.0,,RePEc
ppi516,Laura Pilossoph,Duke University,https://sites.google.com/site/laurapilossoph/,https://ideas.repec.org/f/ppi516.html,eligible,0,,,627.0,RePEc
ppe484,Barbara Petrongolo,Oxford University,https://sites.google.com/site/barbarapetrongolo/,https://ideas.repec.org/f/ppe484.html,eligible,0,,872.0,628.0,RePEc
pde18,André Jean-Louis de Palma,Université de Cergy-Pontoise,https://fr.wikipedia.org/wiki/Andr%C3%A9_de_Palma,https://ideas.repec.org/e/pde18.html,eligible,0,,630.0,2154.0,RePEc
pma1585,Ian Martin,London School of Economics (LSE),https://personal.lse.ac.uk/martiniw/,https://ideas.repec.org/f/pma1585.html,eligible,0,,2259.0,630.0,RePEc
pma1072,Giovanni Marin,Sustainability Environmental Economics and Dynamics Studies (SEEDS),http://giovamarin.altervista.org,https://ideas.repec.org/f/pma1072.html,eligible,0,,3191.0,631.0,RePEc
psc151,Carsten Schröder,DIW Berlin (Deutsches Institut für Wirtschaftsforschung),http://www.diw.de/cv/en/cschroeder,https://ideas.repec.org/e/psc151.html,eligible,0,,2597.0,632.0,RePEc
pkl21,Stephan Klasen,,,https://ideas.repec.org/e/pkl21.html,deceased,0,,643.0,633.0,RePEc
phu202,Martin Huber,Université de Fribourg - Universität Freiburg,http://www.unifr.ch/appecon/en/team/martin-huber/,https://ideas.repec.org/f/phu202.html,eligible,0,,2432.0,634.0,RePEc
pjo96,Magnus Johannesson,Stockholm School of Economics,https://research.hhs.se/esploro/profile/magnus_johannesson/overview?institution=46SSOE_INST,https://ideas.repec.org/e/pjo96.html,eligible,0,,635.0,679.0,RePEc
pod60,Terrance Odean,University of California-Berkeley,http://odean.org,https://ideas.repec.org/e/pod60.html,eligible,0,,636.0,,RePEc
pwa614,Gang-Jin Wang,Hunan University,http://scholar.google.com/citations?user=g87CyaYAAAAJ&hl=en,https://ideas.repec.org/f/pwa614.html,eligible,0,,,636.0,RePEc
pfa271,Belaid Fateh,King Abdullah Petroleum Studies and Research Center (KAPSARC),https://www.researchgate.net/profile/Fateh_Belaid2,https://ideas.repec.org/f/pfa271.html,eligible,0,,,637.0,RePEc
pro46,John Roemer,Yale University,http://johnroemer.commons.yale.edu/,https://ideas.repec.org/e/pro46.html,eligible,0,,638.0,,RePEc
pai23,Yacine Ait-Sahalia,Princeton University,http://www.princeton.edu/~yacine,https://ideas.repec.org/e/pai23.html,eligible,0,,639.0,1976.0,RePEc
pja91,Ravi Jagannathan,Northwestern University,,https://ideas.repec.org/e/pja91.html,eligible,0,,640.0,,RePEc
pma470,Inmaculada Martínez-Zarzoso,Universitat Jaume I,https://sites.google.com/uji.es/inma-martinez-zarzoso/,https://ideas.repec.org/f/pma470.html,eligible,0,,1204.0,640.0,RePEc
pne15,David M Newbery,University of Cambridge,https://www.eprg.group.cam.ac.uk/david-newbery/,https://ideas.repec.org/e/pne15.html,eligible,0,,641.0,1892.0,RePEc
ppe135,Martin Peitz,Universität Mannheim,http://peitz.vwl.uni-mannheim.de/,https://ideas.repec.org/e/ppe135.html,eligible,0,,1304.0,641.0,RePEc
pma156,W. Bentley Macleod,Yale University,http://wbmacleod.net,https://ideas.repec.org/e/pma156.html,eligible,0,,642.0,2247.0,RePEc
phe224,Stephan Heblich,University of Toronto,https://sites.google.com/view/stephanheblich/about,https://ideas.repec.org/f/phe224.html,eligible,0,,2170.0,642.0,RePEc
pko589,Ralph Koijen,London Business School (LBS),,https://ideas.repec.org/f/pko589.html,eligible,0,,2078.0,643.0,RePEc
pha441,Ann E. Harrison,University of California-Berkeley,https://haas.berkeley.edu/faculty/ann-harrison/,https://ideas.repec.org/f/pha441.html,eligible,0,,644.0,,RePEc
pmo645,Massimo Morelli,Università Commerciale Luigi Bocconi,http://www.massimomorelli.eu/,https://ideas.repec.org/f/pmo645.html,eligible,0,,1380.0,644.0,RePEc
pho46,Caroline Hoxby,Stanford University,http://economics.stanford.edu/faculty/hoxby,https://ideas.repec.org/e/pho46.html,eligible,0,,645.0,,RePEc
pmo321,Herve Moulin,University of Glasgow,http://www.gla.ac.uk/schools/business/staff/hervemoulin/,https://ideas.repec.org/f/pmo321.html,eligible,0,,646.0,,RePEc
pko293,Mark Koyama,Mercatus Center,http://economics.gmu.edu/people/mkoyama2,https://ideas.repec.org/f/pko293.html,eligible,0,,3482.0,646.0,RePEc
pyo20,Motohiro Yogo,Princeton University,https://sites.google.com/site/motohiroyogo,https://ideas.repec.org/e/pyo20.html,eligible,0,,647.0,802.0,RePEc
pch1559,Lucas Chancel,Paris School of Economics,http://www.lucaschancel.info,https://ideas.repec.org/f/pch1559.html,eligible,0,,,648.0,RePEc
pst167,Robert Norman Stavins,Harvard University,http://www.stavins.com,https://ideas.repec.org/e/pst167.html,eligible,0,,649.0,2447.0,RePEc
pta370,Alireza Tahbaz-Salehi,Northwestern University,http://sites.northwestern.edu/alirezat,https://ideas.repec.org/f/pta370.html,eligible,0,,1596.0,649.0,RePEc
pdo446,Sebastian Doerr,Bank for International Settlements (BIS),http://www.sdoerr.com,https://ideas.repec.org/f/pdo446.html,eligible,0,,,650.0,RePEc
psc98,Peter K. Schott,Yale University,http://www.som.yale.edu/faculty/pks4/,https://ideas.repec.org/e/psc98.html,eligible,0,,651.0,1997.0,RePEc
pzi116,Florian Zimmermann,briq Institute on Behavior and Inequality,,https://ideas.repec.org/e/pzi116.html,eligible,0,,,651.0,RePEc
pse23,Amartya Sen,Harvard University,http://www.economics.harvard.edu/faculty/sen,https://ideas.repec.org/e/pse23.html,won,1998,,653.0,,RePEc
psc854,Armin Schwienbacher,SKEMA Business School,https://sites.google.com/view/armin-schwienbacher,https://ideas.repec.org/f/psc854.html,eligible,0,,3040.0,653.0,RePEc
phj12,Jonas Hjort,Columbia University,https://www.jonashjort.com/,https://ideas.repec.org/e/phj12.html,eligible,0,,,654.0,RePEc
pud2,Christopher Udry,Northwestern University,http://www.economics.northwestern.edu/people/directory/christopher-udry.html,https://ideas.repec.org/e/pud2.html,eligible,0,,655.0,785.0,RePEc
pla1002,Charles James Larkin,University of Bath,https://scholar.google.com/citations?user=Pbjnz4IAAAAJ&hl=en,https://ideas.repec.org/f/pla1002.html,eligible,0,,,655.0,RePEc
pst116,Eric Albert Strobl,Universität Bern,,https://ideas.repec.org/e/pst116.html,eligible,0,,656.0,664.0,RePEc
pba2070,Alexander W Bartik,University of Illinois at Urbana-Champaign,https://www.alexbartik.com,https://ideas.repec.org/f/pba2070.html,eligible,0,,,656.0,RePEc
pho200,Charles A. Holt,University of Virginia,https://sites.google.com/view/charlesholt/home,https://ideas.repec.org/e/pho200.html,eligible,0,,657.0,,RePEc
pji273,Zhilun Jiao,Nankai University,,https://ideas.repec.org/f/pji273.html,eligible,0,,,657.0,RePEc
peh4,Michael Ehrmann,Frankfurt School of Finance and Management,,https://ideas.repec.org/e/peh4.html,eligible,0,,748.0,658.0,RePEc
par13,Richard Arnott,,,https://ideas.repec.org/e/par13.html,deceased,0,,659.0,,RePEc
pve303,Venky Venkateswaran,New York University (NYU),https://sites.google.com/site/vvenkate/,https://ideas.repec.org/f/pve303.html,eligible,0,,,659.0,RePEc
psi285,Leopold Simar,Université Catholique de Louvain,,https://ideas.repec.org/f/psi285.html,eligible,0,,660.0,1190.0,RePEc
pal621,Iñaki Aldasoro,Bank for International Settlements (BIS),https://sites.google.com/view/inakialdasoro,https://ideas.repec.org/f/pal621.html,eligible,0,,,660.0,RePEc
pbo555,Chad P. Bown,Peter G. Peterson Institute for International Economics (IIE),http://sites.google.com/site/chadpbown/,https://ideas.repec.org/f/pbo555.html,eligible,0,,1519.0,661.0,RePEc
pbe35,Paul Beaudry,University of British Columbia,http://www.econ.ubc.ca/beaudry/homepage.htm,https://ideas.repec.org/e/pbe35.html,eligible,0,,662.0,2913.0,RePEc
pco248,Alex Coad,Waseda University,https://alexcoad.com/,https://ideas.repec.org/f/pco248.html,eligible,0,,1253.0,662.0,RePEc
pch91,Yeon-Koo Che,University of Wisconsin-Madison,http://www.columbia.edu/~yc2271,https://ideas.repec.org/e/pch91.html,eligible,0,,711.0,663.0,RePEc
pfl40,Jason Fletcher,University of Wisconsin-Madison,,https://ideas.repec.org/e/pfl40.html,eligible,0,,1341.0,665.0,RePEc
pwa157,Joachim Wagner,Leuphana Universität Lüneburg,http://www.leuphana.de/joachim-wagner.html,https://ideas.repec.org/e/pwa157.html,eligible,0,,666.0,2884.0,RePEc
pba669,Martha J. Bailey,University of California-Los Angeles (UCLA),https://sites.google.com/g.ucla.edu/marthajbailey/,https://ideas.repec.org/f/pba669.html,eligible,0,,1835.0,666.0,RePEc
ppr18,Giorgio Primiceri,Northwestern University,http://faculty.wcas.northwestern.edu/~gep575,https://ideas.repec.org/e/ppr18.html,eligible,0,,667.0,725.0,RePEc
ppl63,Matthew Charles Plosser,Federal Reserve Bank of New York,http://nyfedeconomists.org/plosser/,https://ideas.repec.org/e/ppl63.html,eligible,0,,,667.0,RePEc
pbo471,Benjamin Born,Rheinische Friedrich-Wilhelms-Universität Bonn,http://www.benjaminborn.de,https://ideas.repec.org/f/pbo471.html,eligible,0,,2975.0,668.0,RePEc
pca421,Charles W. Calomiris,,,https://ideas.repec.org/f/pca421.html,eligible,0,,669.0,,RePEc
pra457,Christian Rammer,Leibniz-Zentrum für Europäische Wirtschaftsforschung (ZEW),,https://ideas.repec.org/f/pra457.html,eligible,0,,1852.0,669.0,RePEc
pyi43,Kamil Yilmaz,Koç Üniversitesi,https://sites.google.com/view/kamilyilmaz/,https://ideas.repec.org/e/pyi43.html,eligible,0,,670.0,3379.0,RePEc
pka853,Edward J. Kane,,https://sites.google.com/bc.edu/edward-j-kane,https://ideas.repec.org/f/pka853.html,deceased,0,,671.0,,RePEc
pas170,Badar Nadeem Ashraf,London South Bank University,,https://ideas.repec.org/e/pas170.html,eligible,0,,,671.0,RePEc
pwa67,Romain Wacziarg,University of California-Los Angeles (UCLA),http://wacziarg.bol.ucla.edu,https://ideas.repec.org/e/pwa67.html,eligible,0,,672.0,1521.0,RePEc
psa51,João M.c. Santos Silva,University of Surrey,http://www.surrey.ac.uk/economics/people/joao_santos_silva/index.htm,https://ideas.repec.org/e/psa51.html,eligible,0,,1088.0,672.0,RePEc
pmu64,Casey Mulligan,University of Chicago,http://home.uchicago.edu/~cbm4/,https://ideas.repec.org/e/pmu64.html,eligible,0,,673.0,,RePEc
pda201,Leo Paul Dana,McGill University,http://www.gwebspace.de/professordana,https://ideas.repec.org/f/pda201.html,eligible,0,,3128.0,673.0,RePEc
ppa335,Christina Paxson,Brown University,,https://ideas.repec.org/f/ppa335.html,eligible,0,,674.0,,RePEc
plu63,Jayson L. Lusk,Oklahoma State University,http://www.jaysonlusk.com,https://ideas.repec.org/e/plu63.html,eligible,0,,805.0,674.0,RePEc
pra576,Hillel Rapoport,Paris School of Economics,,https://ideas.repec.org/f/pra576.html,eligible,0,,912.0,675.0,RePEc
pva310,Gerard J. van den Berg,Rijksuniversiteit Groningen,,https://ideas.repec.org/f/pva310.html,eligible,0,,676.0,,RePEc
pja142,Tooraj Jamasb,Copenhagen Business School,,https://ideas.repec.org/e/pja142.html,eligible,0,,1974.0,676.0,RePEc
pgi34,Itzhak Gilboa,Tel Aviv University,https://itzhakgilboa.weebly.com/,https://ideas.repec.org/e/pgi34.html,eligible,0,,677.0,,RePEc
pxu79,Guo Xu,University of California-Berkeley,http://www.guoxu.org,https://ideas.repec.org/e/pxu79.html,eligible,0,,,677.0,RePEc
pwe289,Joakim Westerlund,Lunds Universitet,https://sites.google.com/site/perjoakimwesterlund/,https://ideas.repec.org/f/pwe289.html,eligible,0,,678.0,1234.0,RePEc
pgu220,Veronica Guerrieri,University of Chicago,http://faculty.chicagobooth.edu/veronica.guerrieri/,https://ideas.repec.org/f/pgu220.html,eligible,0,,2147.0,678.0,RePEc
ppu14,Louis Putterman,Brown University,http://www.brown.edu/Departments/Economics/Faculty/Louis_Putterman/,https://ideas.repec.org/e/ppu14.html,eligible,0,,679.0,3630.0,RePEc
pba557,Faruk Balli,Massey University,,https://ideas.repec.org/f/pba557.html,eligible,0,,,680.0,RePEc
pla83,Kevin Lang,Boston University,http://people.bu.edu/lang/,https://ideas.repec.org/e/pla83.html,eligible,0,,681.0,1409.0,RePEc
pad77,Achyuta R. Adhvaryu,University of Michigan,http://www.yale.edu/adhvaryu,https://ideas.repec.org/e/pad77.html,eligible,0,,,681.0,RePEc
pka15,George Kapetanios,King's College London,,https://ideas.repec.org/e/pka15.html,eligible,0,,682.0,1072.0,RePEc
pno250,Paul Novosad,Dartmouth College,http://paulnovosad.com,https://ideas.repec.org/f/pno250.html,eligible,0,,,682.0,RePEc
pro20,Gérard Roland,University of California-Berkeley,http://emlab.berkeley.edu/users/groland/,https://ideas.repec.org/e/pro20.html,eligible,0,,683.0,,RePEc
pfi57,David Figlio,University of Rochester,,https://ideas.repec.org/e/pfi57.html,eligible,0,,1170.0,683.0,RePEc
psm73,Jeffrey Andrew Smith,University of Wisconsin-Madison,http://www-personal.umich.edu/~econjeff,https://ideas.repec.org/e/psm73.html,eligible,0,,684.0,3295.0,RePEc
pti137,Xuan Tian,Tsinghua University,http://xuantian.info,https://ideas.repec.org/e/pti137.html,eligible,0,,1735.0,684.0,RePEc
pma588,Philippe Martin,,,https://ideas.repec.org/f/pma588.html,deceased,0,,685.0,1035.0,RePEc
pto480,Alexander Torgovitsky,University of Chicago,http://a-torgovitsky.github.io/,https://ideas.repec.org/f/pto480.html,eligible,0,,,685.0,RePEc
psh1382,Yuli Shan,Beijing Institute of Technology,,https://ideas.repec.org/f/psh1382.html,eligible,0,,,686.0,RePEc
pva659,Aleksandar Vasilev,Toshkent Xalqaro Vestminster Universiteti,https://staff.lincoln.ac.uk/794ec32a-bb46-49d4-a514-c135a8826f1e,https://ideas.repec.org/f/pva659.html,eligible,0,,,687.0,RePEc
pke22,Michael Keen,International Monetary Fund (IMF),,https://ideas.repec.org/e/pke22.html,eligible,0,,688.0,3181.0,RePEc
psu241,Liangjun Su,Tsinghua University,https://www.sem.tsinghua.edu.cn/en/info/1240/7145.htm,https://ideas.repec.org/f/psu241.html,eligible,0,,1446.0,688.0,RePEc
pli1117,Shengwu Li,Harvard University,http://www.shengwu.li,https://ideas.repec.org/f/pli1117.html,eligible,0,,,689.0,RePEc
phe190,Thomas Warren Hertel,Purdue University,http://web.ics.purdue.edu/~hertel/,https://ideas.repec.org/e/phe190.html,eligible,0,,690.0,2412.0,RePEc
psc554,Glenn Schepens,European Central Bank,https://sites.google.com/site/schepensglenn,https://ideas.repec.org/f/psc554.html,eligible,0,,,690.0,RePEc
pse31,Apostolos Serletis,University of Calgary,https://profiles.ucalgary.ca/apostolos-serletis,https://ideas.repec.org/e/pse31.html,eligible,0,,691.0,1068.0,RePEc
pqa33,Matin Qaim,Rheinische Friedrich-Wilhelms-Universität Bonn,https://www.zef.de/about-zef/zef-faculty/prof-dr-matin-qaim,https://ideas.repec.org/e/pqa33.html,eligible,0,,1601.0,691.0,RePEc
pko65,Ayhan Kose,World Bank Group,http://www.worldbank.org/en/about/people/m-ayhan-kose,https://ideas.repec.org/e/pko65.html,eligible,0,,692.0,769.0,RePEc
pba190,Olivier Bargain,Université de Bordeaux,https://sites.google.com/site/bargainoliv/,https://ideas.repec.org/e/pba190.html,eligible,0,,1497.0,692.0,RePEc
pka84,Graciela Laura Kaminsky,George Washington University,https://www.gracielakaminsky.com/,https://ideas.repec.org/e/pka84.html,eligible,0,,693.0,,RePEc
pta65,Oleksandr Talavera,University of Birmingham,http://www.otalavera.com,https://ideas.repec.org/e/pta65.html,eligible,0,,2309.0,693.0,RePEc
pfa35,Joseph Farrell,University of California-Berkeley,http://elsa.berkeley.edu/users/farrell,https://ideas.repec.org/e/pfa35.html,eligible,0,,694.0,,RePEc
ple259,Christian Leuz,University of Chicago,https://faculty.chicagobooth.edu/christian-leuz,https://ideas.repec.org/f/ple259.html,eligible,0,,722.0,694.0,RePEc
pbo78,Severin Borenstein,University of California-Berkeley,http://faculty.haas.berkeley.edu/borenste,https://ideas.repec.org/e/pbo78.html,eligible,0,,695.0,3705.0,RePEc
pbr259,David C. Broadstock,National University of Singapore (NUS),,https://ideas.repec.org/f/pbr259.html,eligible,0,,,695.0,RePEc
phe736,Benjamin M. Hebert,Stanford University,https://bhebert.people.stanford.edu/,https://ideas.repec.org/f/phe736.html,eligible,0,,,696.0,RePEc
pma712,Jacques Mairesse,Centre de Recherche en Économie et Statistique (CREST),,https://ideas.repec.org/f/pma712.html,eligible,0,,697.0,,RePEc
pch595,Julien Chevallier,Université Paris-Saint-Denis (Paris VIII),https://sites.google.com/site/jpchevallier,https://ideas.repec.org/f/pch595.html,eligible,0,,2031.0,697.0,RePEc
pho21,Cars Hommes,Universiteit van Amsterdam,https://www.uva.nl/en/profile/h/o/c.h.hommes/c.h.hommes.html,https://ideas.repec.org/e/pho21.html,eligible,0,,698.0,754.0,RePEc
pti96,Xavier Timbeau,Sciences Po,http://www.ofce.sciences-po.fr/pages-chercheurs/home-timbeau.htm,https://ideas.repec.org/e/pti96.html,eligible,0,,1322.0,698.0,RePEc
pli535,Shanjun Li,Cornell University,http://dyson.cornell.edu/people/profiles/li.php,https://ideas.repec.org/f/pli535.html,eligible,0,,3243.0,699.0,RePEc
pme246,Guido Menzio,New York University (NYU),https://wp.nyu.edu/guido_menzio/,https://ideas.repec.org/f/pme246.html,eligible,0,,1633.0,700.0,RePEc
por40,Guillermo L. Ordonez,University of Pennsylvania,,https://ideas.repec.org/e/por40.html,eligible,0,,2364.0,701.0,RePEc
pvi341,Maria Enrica Virgillito,Università Cattolica del Sacro Cuore,https://www.santannapisa.it/en/maria-enrica-virgillito,https://ideas.repec.org/f/pvi341.html,eligible,0,,,702.0,RePEc
pgo59,William Goetzmann,Yale University,http://viking.som.yale.edu,https://ideas.repec.org/e/pgo59.html,eligible,0,,703.0,,RePEc
ptu94,Bertil Tungodden,Norges Handelshøyskole (NHH),https://sites.google.com/view/bertiltungodden/home,https://ideas.repec.org/e/ptu94.html,eligible,0,,1654.0,703.0,RePEc
pba28,William Barnett,University of Kansas,http://alum.mit.edu/www/barnett,https://ideas.repec.org/e/pba28.html,eligible,0,,704.0,,RePEc
psc568,Jesse Schreger,Harvard University,http://scholar.harvard.edu/schreger/,https://ideas.repec.org/f/psc568.html,eligible,0,,,704.0,RePEc
pbe54,Giuseppe Bertola,Università degli Studi di Torino,https://sites.google.com/site/gipbert/,https://ideas.repec.org/e/pbe54.html,eligible,0,,705.0,,RePEc
pwi342,Casey J. Wichman,Georgia Institute of Technology,http://www.caseyjwichman.com,https://ideas.repec.org/f/pwi342.html,eligible,0,,,705.0,RePEc
pqu1,John M. Quigley,,https://www.econ.berkeley.edu/profile/john-m-quigley,https://ideas.repec.org/e/pqu1.html,deceased,0,,706.0,,RePEc
pro229,Dominic Rohner,The Graduate Institute of International and Development Studies,https://sites.google.com/site/dprohner/,https://ideas.repec.org/f/pro229.html,eligible,0,,2049.0,706.0,RePEc
pcl55,Todd Clark,Federal Reserve Bank of Cleveland,,https://ideas.repec.org/e/pcl55.html,eligible,0,,707.0,1075.0,RePEc
pme196,Robert D Metcalfe,Columbia University,http://www.rmetcalfe.net,https://ideas.repec.org/e/pme196.html,eligible,0,,2776.0,707.0,RePEc
pud9,Gregory Udell,Indiana University,,https://ideas.repec.org/e/pud9.html,eligible,0,,708.0,,RePEc
pso47,Konstantin Sonin,University of Chicago,https://harris.uchicago.edu/directory/konstantin-sonin,https://ideas.repec.org/e/pso47.html,eligible,0,,1544.0,708.0,RePEc
pch1746,Xiaohong Chen,Yale University,,https://ideas.repec.org/f/pch1746.html,eligible,0,,709.0,,RePEc
pch288,Anusha Chari,Hoover Institution on War Revolution & Peace,https://anushachari.weebly.com,https://ideas.repec.org/f/pch288.html,eligible,0,,3213.0,709.0,RePEc
psu303,Amir Sufi,University of Chicago,http://faculty.chicagobooth.edu/amir.sufi/,https://ideas.repec.org/f/psu303.html,eligible,0,,710.0,1044.0,RePEc
pde887,Tatyana Deryugina,University of Illinois at Urbana-Champaign,https://deryugina.com,https://ideas.repec.org/f/pde887.html,eligible,0,,2869.0,710.0,RePEc
pug17,Andrea Ugolini,Università degli Studi di Milano-Bicocca,,https://ideas.repec.org/e/pug17.html,eligible,0,,,711.0,RePEc
pma384,Brigitte C. Madrian,Brigham Young University,https://marriottschool.byu.edu/brigitte-madrian,https://ideas.repec.org/f/pma384.html,eligible,0,,712.0,,RePEc
pph135,Dinh Hoang Bach Phan,La Trobe University,,https://ideas.repec.org/e/pph135.html,eligible,0,,,712.0,RePEc
psa323,David E. M. Sappington,University of Florida,https://people.clas.ufl.edu/sapping/,https://ideas.repec.org/f/psa323.html,eligible,0,,713.0,,RePEc
pdu104,Pascaline Dupas,Princeton University,https://sites.google.com/view/pascaline-dupas/home?authuser=0,https://ideas.repec.org/e/pdu104.html,eligible,0,,1000.0,714.0,RePEc
pli332,Assar Lindbeck,,,https://ideas.repec.org/f/pli332.html,deceased,0,,715.0,,RePEc
psu615,Thanh Dinh Su,University of Economics Ho Chi Minh City,,https://ideas.repec.org/f/psu615.html,eligible,0,,,715.0,RePEc
pch425,Barry R. Chiswick,George Washington University,https://elliott.gwu.edu/barry-chiswick,https://ideas.repec.org/f/pch425.html,eligible,0,,716.0,,RePEc
pfi153,Sebastian Findeisen,Universität Konstanz,http://sebastian-findeisen.com,https://ideas.repec.org/e/pfi153.html,eligible,0,,,716.0,RePEc
pgi12,John Gibson,University of Waikato,https://profiles.waikato.ac.nz/john.gibson,https://ideas.repec.org/e/pgi12.html,eligible,0,,863.0,717.0,RePEc
pba735,Malcolm Baker,Harvard University,http://people.hbs.edu/mbaker,https://ideas.repec.org/f/pba735.html,eligible,0,,718.0,,RePEc
psi314,Kosali Ilayperuma Simon,Cornell University,http://www.human.cornell.edu/bio.cfm?netid=kis6,https://ideas.repec.org/f/psi314.html,eligible,0,,2938.0,718.0,RePEc
par85,Mark Armstrong,University College London (UCL),https://sites.google.com/view/mark-armstrong/home,https://ideas.repec.org/e/par85.html,eligible,0,,719.0,2016.0,RePEc
pja54,Ron S. Jarmin,Government of the United States,https://www.census.gov/about/leadership/deputy-director.html,https://ideas.repec.org/e/pja54.html,eligible,0,,1275.0,719.0,RePEc
pma549,Vojislav Maksimovic,University of Maryland,http://www.rhsmith.umd.edu/faculty/vmax/,https://ideas.repec.org/f/pma549.html,eligible,0,,720.0,,RePEc
pma3109,Aktham I. Maghyereh,United Arab Emirates University,,https://ideas.repec.org/f/pma3109.html,eligible,0,,,720.0,RePEc
ppa34,Andrew Patton,Duke University,http://econ.duke.edu/~ap172,https://ideas.repec.org/e/ppa34.html,eligible,0,,721.0,1574.0,RePEc
plo31,Lance Lochner,Purdue University,https://sites.google.com/view/lancelochner/home,https://ideas.repec.org/e/plo31.html,eligible,0,,741.0,721.0,RePEc
ped30,Alex Edmans,University of Pennsylvania,http://www.alexedmans.com,https://ideas.repec.org/e/ped30.html,eligible,0,,797.0,722.0,RePEc
phr5,Wolfgang Karl Härdle,Humboldt-Universität Berlin,http://lvb.wiwi.hu-berlin.de,https://ideas.repec.org/e/phr5.html,eligible,0,,723.0,856.0,RePEc
pvo5,Hans-Joachim Voth,Universität Zürich,http://www.jvoth.com,https://ideas.repec.org/e/pvo5.html,eligible,0,,834.0,723.0,RePEc
psi32,Donald S. Siegel,Arizona State University,https://isearch.asu.edu/profile/3164210,https://ideas.repec.org/e/psi32.html,eligible,0,,724.0,2673.0,RePEc
psc824,Frank Schilbach,Massachusetts Institute of Technology (MIT),https://economics.mit.edu/faculty/fschilb,https://ideas.repec.org/f/psc824.html,eligible,0,,,724.0,RePEc
pku75,Kenneth Neil Kuttner,Williams College,http://econ.williams.edu/people/knk1,https://ideas.repec.org/e/pku75.html,eligible,0,,725.0,,RePEc
pca244,Mark Carhart,,,https://ideas.repec.org/f/pca244.html,eligible,0,,726.0,,RePEc
psk7,Marinko Skare,Sveučilište Jurja Dobrile u Puli,https://fet.unipu.hr/fet/marinko.skare,https://ideas.repec.org/e/psk7.html,eligible,0,,,726.0,RePEc
psp199,Johannes Spinnewijn,London School of Economics (LSE),https://personal.lse.ac.uk/spinnewi/,https://ideas.repec.org/e/psp199.html,eligible,0,,3062.0,727.0,RePEc
pwi12,Stephen Williamson,University of Western Ontario,https://sites.google.com/site/1954stephenwilliamson/,https://ideas.repec.org/e/pwi12.html,eligible,0,,728.0,960.0,RePEc
pha351,Stephane Hallegatte,World Bank Group,http://www.stephane.hallegatte.eu,https://ideas.repec.org/f/pha351.html,eligible,0,,1421.0,729.0,RePEc
psm83,Richard J. Smith,University of Cambridge,http://www.econ.cam.ac.uk/faculty/smith/index.html,https://ideas.repec.org/e/psm83.html,eligible,0,,730.0,,RePEc
pwa46,Joel Waldfogel,National Bureau of Economic Research (NBER),http://www.tc.umn.edu/~jwaldfog/,https://ideas.repec.org/e/pwa46.html,eligible,0,,825.0,730.0,RePEc
pra166,James E. Rauch,University of California-San Diego (UCSD),http://econweb.ucsd.edu/~jrauch,https://ideas.repec.org/e/pra166.html,eligible,0,,731.0,,RePEc
pma693,Antoine Mandel,Université Paris 1 (Panthéon-Sorbonne),https://sites.google.com/site/antoinedavidmandel/,https://ideas.repec.org/f/pma693.html,eligible,0,,,731.0,RePEc
pra194,Dil Bahadur Rahut,Asian Development Bank,https://www.adb.org/adbi/about/staff-profiles/dil-rahut,https://ideas.repec.org/e/pra194.html,eligible,0,,,732.0,RePEc
ppu2,Diego Puga,Centro de Estudios Monetarios y Financieros (CEMFI),https://diegopuga.org/,https://ideas.repec.org/e/ppu2.html,eligible,0,,733.0,2598.0,RePEc
pgo281,Joshua Goodman,Boston University,https://www.joshua-goodman.com,https://ideas.repec.org/f/pgo281.html,eligible,0,,3271.0,733.0,RePEc
pho390,Harrison Hong,,http://www.princeton.edu/~hhong,https://ideas.repec.org/f/pho390.html,eligible,0,,734.0,,RePEc
ppo9,Fabien Postel-Vinay,Southern Methodist University,https://www.fabienpostelvinay.com/,https://ideas.repec.org/e/ppo9.html,eligible,0,,735.0,1485.0,RePEc
pji245,Zhijie Jia,Xiamen University,,https://ideas.repec.org/f/pji245.html,eligible,0,,,735.0,RePEc
pwe40,Andrew Weiss,Boston University,http://www.weissassetmanagement.com/andrew.html,https://ideas.repec.org/e/pwe40.html,eligible,0,,736.0,,RePEc
pch679,Xi Chen,Yale University,https://sites.google.com/site/xichennj/,https://ideas.repec.org/f/pch679.html,eligible,0,,,738.0,RePEc
psk23,Jonathan Skinner,Dartmouth College,https://jonskinner.org,https://ideas.repec.org/e/psk23.html,eligible,0,,739.0,,RePEc
pmi103,Jianjun Miao,Zhejiang University,https://sites.google.com/site/jianjunmiaobook/,https://ideas.repec.org/e/pmi103.html,eligible,0,,1113.0,739.0,RePEc
pfu10,Don Fullerton,National Bureau of Economic Research (NBER),https://sites.google.com/view/donfullerton/home,https://ideas.repec.org/e/pfu10.html,eligible,0,,740.0,3491.0,RePEc
pba1112,Stijn Baert,Universiteit Gent,http://www.stijnbaert.eu,https://ideas.repec.org/f/pba1112.html,eligible,0,,3205.0,740.0,RePEc
pje78,Remi Jedwab,George Washington University,http://remijedwab.com,https://ideas.repec.org/e/pje78.html,eligible,0,,2635.0,741.0,RePEc
pwo9,Justin Wolfers,University of Michigan,http://www.nber.org/~jwolfers,https://ideas.repec.org/e/pwo9.html,eligible,0,,742.0,,RePEc
pmo1401,David P Molitor,University of Illinois at Urbana-Champaign,http://www.davidmolitor.com,https://ideas.repec.org/f/pmo1401.html,eligible,0,,,742.0,RePEc
pgu36,Guesnerie Roger,,,https://ideas.repec.org/e/pgu36.html,deceased,0,,743.0,,RePEc
pst92,Engelbert Stockhammer,King's College London,https://www.kcl.ac.uk/sspp/departments/european-studies/people/staff/academic/stockhammere.aspx,https://ideas.repec.org/e/pst92.html,eligible,0,,1451.0,743.0,RePEc
psm18,Ronald Smith,Birkbeck College,https://www.bbk.ac.uk/our-staff/profile/8003558/ron-smith/,https://ideas.repec.org/e/psm18.html,eligible,0,,744.0,,RePEc
ple6,Keun Lee,Chung-Ang University,http://www.keunlee.com,https://ideas.repec.org/e/ple6.html,eligible,0,,2076.0,744.0,RePEc
phs10,Cheng Hsiao,University of Southern California,,https://ideas.repec.org/e/phs10.html,eligible,0,,745.0,3406.0,RePEc
ppr390,Mounu Prem,CUNEF Universidad,https://sites.google.com/site/fcomunozma/,https://ideas.repec.org/f/ppr390.html,eligible,0,,,745.0,RePEc
pwi50,Frank Windmeijer,Oxford University,https://www.stats.ox.ac.uk/people/frank-windmeijer,https://ideas.repec.org/e/pwi50.html,eligible,0,,746.0,,RePEc
pca605,Alberto Felipe Cavallo,Harvard University,http://www.albertocavallo.com,https://ideas.repec.org/f/pca605.html,eligible,0,,2450.0,746.0,RePEc
pgi66,Paola Giuliano,University of California-Los Angeles (UCLA),,https://ideas.repec.org/e/pgi66.html,eligible,0,,747.0,781.0,RePEc
pva353,Jeroen C.j.m. van den Bergh,Barcelona School of Economics (BSE),https://www.icrea.cat/community/icreas/17562/jeroen-van-den-bergh/,https://ideas.repec.org/f/pva353.html,eligible,0,,803.0,747.0,RePEc
pad258,Oluwasegun Babatunde Adekoya,University of Maine,,https://ideas.repec.org/f/pad258.html,eligible,0,,,748.0,RePEc
pgy3,Joseph Gyourko,University of Pennsylvania,,https://ideas.repec.org/e/pgy3.html,eligible,0,,749.0,2116.0,RePEc
pdh18,Swati Dhingra,London School of Economics (LSE),http://www.sdhingra.com,https://ideas.repec.org/e/pdh18.html,eligible,0,,,749.0,RePEc
pco70,Harold Linh Cole,University of Pennsylvania,https://economics.sas.upenn.edu/people/harold-l-cole,https://ideas.repec.org/e/pco70.html,eligible,0,,750.0,2255.0,RePEc
pda280,Hai-Anh H. Dang,World Bank Group,https://sites.google.com/site/haianhhdang/,https://ideas.repec.org/f/pda280.html,eligible,0,,3548.0,750.0,RePEc
psc782,Michael Schwert,University of Pennsylvania,https://sites.google.com/site/mwschwert/,https://ideas.repec.org/f/psc782.html,eligible,0,,,751.0,RePEc
pra16,Morten Ravn,University College London (UCL),https://sites.google.com/view/mortenoravn/home,https://ideas.repec.org/e/pra16.html,eligible,0,,752.0,1522.0,RePEc
pbi148,Mark Joseph Bils,University of Rochester,,https://ideas.repec.org/e/pbi148.html,eligible,0,,753.0,2730.0,RePEc
pda245,Dhaval M. Dave,National Bureau of Economic Research (NBER),,https://ideas.repec.org/f/pda245.html,eligible,0,,2892.0,753.0,RePEc
pte183,David J. Teece,University of California-Berkeley,http://businessinnovation.berkeley.edu/teece/,https://ideas.repec.org/e/pte183.html,eligible,0,,754.0,,RePEc
ppr1,Eswar Prasad,Cornell University,http://prasad.aem.cornell.edu,https://ideas.repec.org/e/ppr1.html,eligible,0,,755.0,,RePEc
ppo21,Michael Gerald Pollitt,University of Cambridge,https://www.jbs.cam.ac.uk/people/michael-pollitt/,https://ideas.repec.org/e/ppo21.html,eligible,0,,1062.0,755.0,RePEc
psm28,James P. Smith,,http://www.rand.org/about/contacts/personal/smith/,https://ideas.repec.org/e/psm28.html,deceased,0,,756.0,,RePEc
pba599,Nathaniel Baum-Snow,University of Toronto,https://sites.google.com/site/baumsnow/home,https://ideas.repec.org/f/pba599.html,eligible,0,,2061.0,756.0,RePEc
pbe100,Ansgar Belke,,http://www.uni-due.de/makrooekonomik/,https://ideas.repec.org/e/pbe100.html,deceased,0,,757.0,1759.0,RePEc
pia22,Simona Iammarino,Gran Sasso Science Institute (GSSI),https://web.unica.it/unica/page/it/simona_iammarino,https://ideas.repec.org/e/pia22.html,eligible,0,,2419.0,757.0,RePEc
psc269,T. Paul Schultz,Yale University,http://www.econ.yale.edu/~pschultz/,https://ideas.repec.org/f/psc269.html,eligible,0,,758.0,,RePEc
pch787,Davin Chor,Dartmouth College,https://sites.google.com/site/davinchor/,https://ideas.repec.org/f/pch787.html,eligible,0,,1952.0,758.0,RePEc
pgr45,Holger Görg,Kiel Institut für Weltwirtschaft - Leibniz Zentrum zur Erforschung globaler ökonomischer Herausforderungen (IfW),http://www.bwl.uni-kiel.de/vwlinstitute/auss/team_goerg.php,https://ideas.repec.org/e/pgr45.html,eligible,0,,759.0,,RePEc
pbo332,Leah Platt Boustan,Princeton University,http://www.princeton.edu/~lboustan/,https://ideas.repec.org/f/pbo332.html,eligible,0,,1797.0,759.0,RePEc
pai4,S. Rao Aiyagari,,http://www.minneapolisfed.org/publications_papers/pub_display.cfm?id=647,https://ideas.repec.org/e/pai4.html,deceased,0,,760.0,,RePEc
pva219,Tommaso Valletti,Imperial College,https://profiles.imperial.ac.uk/t.valletti,https://ideas.repec.org/f/pva219.html,eligible,0,,1172.0,761.0,RePEc
pti9,Marcel Peter Timmer,Rijksuniversiteit Groningen,http://www.rug.nl/staff/m.p.timmer/index,https://ideas.repec.org/e/pti9.html,eligible,0,,762.0,2929.0,RePEc
pzi155,Seth D. Zimmerman,Yale University,https://sites.google.com/site/sethdavidzimmerman/home,https://ideas.repec.org/e/pzi155.html,eligible,0,,,762.0,RePEc
pka210,Michael L. Katz,University of California-Berkeley,http://www.haas.berkeley.edu/faculty/katz.html,https://ideas.repec.org/f/pka210.html,eligible,0,,763.0,,RePEc
pmu188,Oliver Musshoff,Georg-August-Universität Göttingen,http://www.betriebslehre.uni-goettingen.de,https://ideas.repec.org/e/pmu188.html,eligible,0,,2805.0,763.0,RePEc
pmc32,Randolph Preston Mcafee,Google Research,http://mc4f.ee,https://ideas.repec.org/e/pmc32.html,eligible,0,,764.0,,RePEc
pzi50,Nicolas Robert Ziebarth,Leibniz-Zentrum für Europäische Wirtschaftsforschung (ZEW),https://www.zew.de/team/nrz,https://ideas.repec.org/e/pzi50.html,eligible,0,,3004.0,764.0,RePEc
pwh46,Michael Whinston,Massachusetts Institute of Technology (MIT),,https://ideas.repec.org/e/pwh46.html,eligible,0,,765.0,3124.0,RePEc
pst847,Iain Staffell,Imperial College,,https://ideas.repec.org/f/pst847.html,eligible,0,,,765.0,RePEc
pel359,Ahmed H. Elsayed,United Arab Emirates University,,https://ideas.repec.org/f/pel359.html,eligible,0,,,766.0,RePEc
pru209,Aldo Rustichini,University of Minnesota,http://sites.google.com/site/aldorustichini/home,https://ideas.repec.org/f/pru209.html,eligible,0,,767.0,,RePEc
ppi49,Tomasz Piskorski,Columbia University,,https://ideas.repec.org/e/ppi49.html,eligible,0,,,767.0,RePEc
pvo136,Francesco Vona,"Università degli Studi di Milano, Dipartimento di Scienze e Politiche Ambientali",https://sites.google.com/view/francescovona/home,https://ideas.repec.org/e/pvo136.html,eligible,0,,3454.0,768.0,RePEc
pha90,Nick Hanley,"University of Glasgow, Institute of Biodiversity, Animal Health and Comparative Medicine",https://www.gla.ac.uk/researchinstitutes/bahcm/staff/nicholashanley/,https://ideas.repec.org/e/pha90.html,eligible,0,,769.0,857.0,RePEc
pst4,Kjetil Storesletten,University of Minnesota,http://folk.uio.no/kjstore/,https://ideas.repec.org/e/pst4.html,eligible,0,,770.0,1259.0,RePEc
pde1038,Mehmet Akif Destek,Gaziantep Üniversitesi,https://akbis.gaziantep.edu.tr/detay/?A_ID=196697_docent_mehmet-akif-destek,https://ideas.repec.org/f/pde1038.html,eligible,0,,,770.0,RePEc
pza419,Adam Zaremba,Uniwersytet Ekonomiczny w Poznaniu,http://adamzaremba.pl/,https://ideas.repec.org/f/pza419.html,eligible,0,,,771.0,RePEc
pzh45,Xiaobo Zhang,International Food Policy Research Institute (IFPRI),http://www.ifpri.org/srstaff/ZhangX.asp,https://ideas.repec.org/e/pzh45.html,eligible,0,,1058.0,772.0,RePEc
pgi102,Victor A. Ginsburgh,,,https://ideas.repec.org/e/pgi102.html,deceased,0,,773.0,,RePEc
pcr53,Chiara Criscuolo,London School of Economics (LSE),,https://ideas.repec.org/e/pcr53.html,eligible,0,,2047.0,773.0,RePEc
pde40,Stefan Dercon,Oxford University,http://www.bsg.ox.ac.uk/people/stefan-dercon,https://ideas.repec.org/e/pde40.html,eligible,0,,774.0,3285.0,RePEc
pas310,Sam Asher,Imperial College,http://samuelasher.com,https://ideas.repec.org/f/pas310.html,eligible,0,,,774.0,RePEc
psp18,Mark M Spiegel,Federal Reserve Bank of San Francisco,https://www.frbsf.org/our-people/economists/mark-spiegel/,https://ideas.repec.org/e/psp18.html,eligible,0,,775.0,1870.0,RePEc
pke8,Wolfgang Keller,National Bureau of Economic Research (NBER),http://spot.colorado.edu/~kellerw,https://ideas.repec.org/e/pke8.html,eligible,0,,776.0,2334.0,RePEc
psa1792,Yuya Sasaki,Vanderbilt University,https://sites.google.com/site/yuyasasaki/,https://ideas.repec.org/f/psa1792.html,eligible,0,,,776.0,RePEc
pwa23,Carl Walsh,University of California-Santa Cruz (UCSC),http://people.ucsc.edu/~walshc/,https://ideas.repec.org/e/pwa23.html,eligible,0,,778.0,,RePEc
pul71,Mauricio Ulate,Federal Reserve Bank of San Francisco,https://www.mauricioulate.com,https://ideas.repec.org/e/pul71.html,eligible,0,,,778.0,RePEc
pmi1005,Pascal Michaillat,University of California-Santa Cruz (UCSC),https://pascalmichaillat.org,https://ideas.repec.org/f/pmi1005.html,eligible,0,,3275.0,779.0,RePEc
ppe52,Fabrizio Perri,Federal Reserve Bank of Minneapolis,http://www.fperri.net,https://ideas.repec.org/e/ppe52.html,eligible,0,,780.0,1308.0,RePEc
pch840,Joshua C.c. Chan,Purdue University,http://joshuachan.org,https://ideas.repec.org/f/pch840.html,eligible,0,,2921.0,780.0,RePEc
pin77,Roman Inderst,Goethe Universität Frankfurt am Main,,https://ideas.repec.org/e/pin77.html,eligible,0,,782.0,1330.0,RePEc
pfo74,Lucia Smith Foster,Government of the United States,,https://ideas.repec.org/e/pfo74.html,eligible,0,,1425.0,782.0,RePEc
pla4,Rafael Lalive,Université de Lausanne,https://sites.google.com/site/rafaellalive/,https://ideas.repec.org/e/pla4.html,eligible,0,,1254.0,783.0,RePEc
psh12,Shouyong Shi,Queen's University,http://sites.google.com/site/shouyongsite/,https://ideas.repec.org/e/psh12.html,eligible,0,,784.0,,RePEc
pha695,Stephen Hansen,Imperial College,,https://ideas.repec.org/f/pha695.html,eligible,0,,3674.0,784.0,RePEc
pca130,Pedro Carneiro,University College London (UCL),https://www.ucl.ac.uk/~uctppca/,https://ideas.repec.org/e/pca130.html,eligible,0,,786.0,2151.0,RePEc
paf50,Hassan Afrouzi,National Bureau of Economic Research (NBER),http://www.afrouzi.com,https://ideas.repec.org/e/paf50.html,eligible,0,,,786.0,RePEc
pgo953,Niels Gormsen,University of Chicago,,https://ideas.repec.org/f/pgo953.html,eligible,0,,,787.0,RePEc
ple131,Michael Lechner,Universität St. Gallen,http://www.michael-lechner.eu,https://ideas.repec.org/e/ple131.html,eligible,0,,788.0,1395.0,RePEc
pst122,Livio Stracca,European Central Bank,,https://ideas.repec.org/e/pst122.html,eligible,0,,1733.0,789.0,RePEc
pje59,Olivier Jeanne,Johns Hopkins University,https://econ.jhu.edu/directory/olivier-jeanne/,https://ideas.repec.org/e/pje59.html,eligible,0,,790.0,,RePEc
psi263,Paul Edward Simshauser,Griffith University,,https://ideas.repec.org/f/psi263.html,eligible,0,,,790.0,RePEc
pcr84,Nicholas Crafts,,,https://ideas.repec.org/e/pcr84.html,deceased,0,,791.0,1591.0,RePEc
pth113,Mathias Thoenig,Université de Lausanne,https://people.unil.ch/mathiasthoenig/,https://ideas.repec.org/e/pth113.html,eligible,0,,1329.0,791.0,RePEc
pwe97,Philippe Weil,Université Libre de Bruxelles,http://www.philippeweil.com,https://ideas.repec.org/e/pwe97.html,eligible,0,,792.0,,RePEc
pre517,Thomas Renault,Université Paris-Saclay,http://www.thomas-renault.com,https://ideas.repec.org/f/pre517.html,eligible,0,,,792.0,RePEc
pva270,Arthur van Soest,Universiteit van Tilburg,https://research.tilburguniversity.edu/en/persons/arthur-van-soest,https://ideas.repec.org/f/pva270.html,eligible,0,,793.0,,RePEc
pma6,George J. Mailath,University of Pennsylvania,http://www.ssc.upenn.edu/~gmailath/,https://ideas.repec.org/e/pma6.html,eligible,0,,794.0,,RePEc
pch379,Lanouar Charfeddine,University of Qatar,http://www.researchgate.net/profile/Lanouar_Charfeddine/,https://ideas.repec.org/f/pch379.html,eligible,0,,,794.0,RePEc
poh1,Lee Edward Ohanian,University of California-Los Angeles (UCLA),http://www.leeohanian.com,https://ideas.repec.org/e/poh1.html,eligible,0,,795.0,3069.0,RePEc
pco1187,Patricia Cortes,Boston University,,https://ideas.repec.org/f/pco1187.html,eligible,0,,3259.0,795.0,RePEc
pba102,Marianne Baxter,Boston University,,https://ideas.repec.org/e/pba102.html,eligible,0,,796.0,,RePEc
pse401,Refk Selmi,Éklore-ed School of Management (ESC Pau),,https://ideas.repec.org/f/pse401.html,eligible,0,,,796.0,RePEc
pho217,Hugo A. Hopenhayn,University of California-Los Angeles (UCLA),,https://ideas.repec.org/f/pho217.html,eligible,0,,798.0,,RePEc
ppa763,Jessica Pan,National University of Singapore (NUS),,https://ideas.repec.org/f/ppa763.html,eligible,0,,2725.0,798.0,RePEc
plo268,C. A. Knox Lovell,,,https://ideas.repec.org/f/plo268.html,deceased,0,,799.0,,RePEc
pca561,Alexander Wright Cappelen,Norges Handelshøyskole (NHH),https://www.nhh.no/en/employees/faculty/alexander-wright-cappelen/,https://ideas.repec.org/f/pca561.html,eligible,0,,2371.0,799.0,RePEc
pkn35,Stephen Knack,,,https://ideas.repec.org/e/pkn35.html,deceased,0,,800.0,,RePEc
pma337,Paolo Mauro,World Bank Group,,https://ideas.repec.org/f/pma337.html,eligible,0,,801.0,,RePEc
ppe207,Loriana Pelizzon,Leibniz-Institut für Finanzmarktforschung SAFE (Sustainable Architecture for Finance in Europe),http://www.wiwi.uni-frankfurt.de/en/departments/finance/lehrstuhl/prof-loriana-pelizzon/home-profess,https://ideas.repec.org/f/ppe207.html,eligible,0,,2173.0,801.0,RePEc
poa3,Wallace E. Oates,,,https://ideas.repec.org/e/poa3.html,deceased,0,,802.0,,RePEc
pam50,Manuel Amador,Federal Reserve Bank of Minneapolis,http://amadormanuel.me,https://ideas.repec.org/e/pam50.html,eligible,0,,1724.0,803.0,RePEc
pch504,Thomas Chaney,University of Southern California,https://sites.google.com/site/thomaschaney/,https://ideas.repec.org/f/pch504.html,eligible,0,,804.0,809.0,RePEc
pbo372,Stéphane Bonhomme,University of Chicago,https://economics.uchicago.edu/directory/st%C3%A9phane-bonhomme,https://ideas.repec.org/f/pbo372.html,eligible,0,,1514.0,804.0,RePEc
pbr121,Christian T. Brownlees,Barcelona School of Economics (BSE),https://ctbrownlees.github.io/,https://ideas.repec.org/e/pbr121.html,eligible,0,,2697.0,805.0,RePEc
pcr113,Helmuth Cremer,Toulouse School of Economics (TSE),http://www.idei.fr/member.php?i=31,https://ideas.repec.org/e/pcr113.html,eligible,0,,806.0,2322.0,RePEc
pbr214,Alexander Brem,Universität Stuttgart,http://www.eni.Uni-stuttgart.de,https://ideas.repec.org/f/pbr214.html,eligible,0,,,806.0,RePEc
pea15,David Easley,Cornell University,http://www.arts.cornell.edu/econ/deasley/,https://ideas.repec.org/e/pea15.html,eligible,0,,807.0,3116.0,RePEc
pdo54,David Dollar,,,https://ideas.repec.org/e/pdo54.html,deceased,0,,808.0,,RePEc
pmi156,Virgiliu Midrigan,New York University (NYU),http://www.virgiliumidrigan.com/,https://ideas.repec.org/e/pmi156.html,eligible,0,,1217.0,808.0,RePEc
pla208,Guy Laroque,University College London (UCL),,https://ideas.repec.org/f/pla208.html,eligible,0,,809.0,,RePEc
pdr61,Jacques H. Dreze,,,https://ideas.repec.org/e/pdr61.html,deceased,0,,810.0,,RePEc
pas226,Elliott Ash,Eidgenössische Technische Hochschule Zürich (ETHZ),http://elliottash.com,https://ideas.repec.org/f/pas226.html,eligible,0,,,810.0,RePEc
pch1221,Sangyup Choi,Yonsei University,https://www.sangyupchoi.com,https://ideas.repec.org/f/pch1221.html,eligible,0,,,811.0,RePEc
pra60,Xavier Ragot,Sciences Po,http://xavier-ragot.fr/pages/research.html,https://ideas.repec.org/e/pra60.html,eligible,0,,2633.0,812.0,RePEc
par43,Philip Arestis,University of Cambridge,,https://ideas.repec.org/e/par43.html,eligible,0,,813.0,,RePEc
psc82,Fabiano Schivardi,Istituto Einaudi per l'Economia e la Finanza (EIEF),https://sites.google.com/view/fabianoschivardi,https://ideas.repec.org/e/psc82.html,eligible,0,,1265.0,813.0,RePEc
pje39,Philippe Jehiel,Paris School of Economics,http://www.enpc.fr/ceras/jehiel/,https://ideas.repec.org/e/pje39.html,eligible,0,,814.0,2354.0,RePEc
pko254,Dimitris Korobilis,University of Glasgow,https://sites.google.com/site/dimitriskorobilis/Research,https://ideas.repec.org/f/pko254.html,eligible,0,,2043.0,814.0,RePEc
pev4,George William Evans,University of Oregon,https://pages.uoregon.edu/gevans/,https://ideas.repec.org/e/pev4.html,eligible,0,,815.0,,RePEc
ppe959,Markus Pelger,Stanford University,https://mpelger.people.stanford.edu/,https://ideas.repec.org/f/ppe959.html,eligible,0,,,815.0,RePEc
pma235,Ronald MacDonald,University of Glasgow,,https://ideas.repec.org/f/pma235.html,eligible,0,,816.0,,RePEc
pka445,Edi Karni,Johns Hopkins University,http://econ.jhu.edu/people/karni/index.html,https://ideas.repec.org/f/pka445.html,eligible,0,,817.0,,RePEc
pna218,Mauro Napoletano,Université Côte d'Azur,https://mauronapoletano.org,https://ideas.repec.org/f/pna218.html,eligible,0,,3316.0,817.0,RePEc
pva186,Wilbert H van der Klaauw,Federal Reserve Bank of New York,https://www.newyorkfed.org/research/economists/vanderklaauw/,https://ideas.repec.org/e/pva186.html,eligible,0,,818.0,1530.0,RePEc
psc789,Philipp Schnabl,New York University (NYU),http://pages.stern.nyu.edu/~pschnabl/index.html,https://ideas.repec.org/f/psc789.html,eligible,0,,1489.0,818.0,RePEc
pel18,Graham Elliott,University of California-San Diego (UCSD),http://www.econ.ucsd.edu/~gelliott,https://ideas.repec.org/e/pel18.html,eligible,0,,819.0,,RePEc
pwi408,Johannes Wieland,University of California-San Diego (UCSD),https://sites.google.com/site/johannesfwieland/,https://ideas.repec.org/f/pwi408.html,eligible,0,,,819.0,RePEc
pde118,Eddie Dekel,Tel Aviv University,https://sites.google.com/site/eddiedekelsite/,https://ideas.repec.org/e/pde118.html,eligible,0,,820.0,,RePEc
pbo336,Timo Boppart,Universität Zürich,https://www.iies.su.se/about-us/the-iies/2.11550/timo-boppart-1.117449,https://ideas.repec.org/f/pbo336.html,eligible,0,,,821.0,RePEc
pha1189,Jinyong Hahn,University of California-Los Angeles (UCLA),,https://ideas.repec.org/f/pha1189.html,eligible,0,,822.0,,RePEc
per145,Bilge Erten,Northeastern University,http://www.bilgeerten.com,https://ideas.repec.org/e/per145.html,eligible,0,,,822.0,RePEc
ple349,Charles M. C. Lee,Stanford University,http://www.professorlee.com,https://ideas.repec.org/f/ple349.html,eligible,0,,823.0,2066.0,RePEc
pch323,James Jinwoo Choi,Yale University,https://faculty.som.yale.edu/jameschoi/,https://ideas.repec.org/f/pch323.html,eligible,0,,1201.0,823.0,RePEc
pma141,Mariana Mazzucato,University College London (UCL),http://www.marianamazzucato.com,https://ideas.repec.org/e/pma141.html,eligible,0,,3244.0,824.0,RePEc
pcr213,Matteo Crosignani,University of Michigan,http://matteocrosignani.com/,https://ideas.repec.org/f/pcr213.html,eligible,0,,,825.0,RePEc
pka329,G. Andrew Karolyi,Cornell University,http://www.johnson.cornell.edu/faculty/profiles/Karolyi/,https://ideas.repec.org/f/pka329.html,eligible,0,,826.0,,RePEc
pfa225,Miguel Faria-e-Castro,Federal Reserve Bank of St. Louis,http://www.fariaecastro.net,https://ideas.repec.org/f/pfa225.html,eligible,0,,,826.0,RePEc
pla68,Eliana La Ferrara,Centre for Economic Policy Research (CEPR),http://www.igier.unibocconi.it/laferrara,https://ideas.repec.org/e/pla68.html,eligible,0,,827.0,2715.0,RePEc
pla224,Fabian Lange,McGill University,https://sites.google.com/view/fabianlange/home,https://ideas.repec.org/f/pla224.html,eligible,0,,2021.0,827.0,RePEc
plo283,Francis A. Longstaff,University of California-Los Angeles (UCLA),http://personal.anderson.ucla.edu/francis.longstaff/,https://ideas.repec.org/f/plo283.html,eligible,0,,828.0,,RePEc
pso277,Jae Song,Government of the United States,,https://ideas.repec.org/f/pso277.html,eligible,0,,1168.0,828.0,RePEc
pqu9,Danny Quah,London School of Economics (LSE),http://econ.lse.ac.uk/staff/dquah/,https://ideas.repec.org/e/pqu9.html,eligible,0,,829.0,,RePEc
pyu85,Ali Yurukoglu,Stanford University,http://www.stanford.edu/~ayurukog,https://ideas.repec.org/e/pyu85.html,eligible,0,,,829.0,RePEc
ppa577,James E. Payne,Oklahoma State University,,https://ideas.repec.org/f/ppa577.html,eligible,0,,830.0,1943.0,RePEc
pci212,Javier Cifuentes-Faura,Universidad de Murcia,,https://ideas.repec.org/f/pci212.html,eligible,0,,,830.0,RePEc
pho278,Hilary Williamson Hoynes,University of California-Berkeley,https://gspp.berkeley.edu/directories/faculty/hilary-hoynes,https://ideas.repec.org/f/pho278.html,eligible,0,,831.0,1250.0,RePEc
pfa386,Haichao Fan,Fudan University,http://fanhaichao.weebly.com,https://ideas.repec.org/f/pfa386.html,eligible,0,,,831.0,RePEc
pja78,Beata Smarzynska Javorcik,Oxford University,http://users.ox.ac.uk/~econ0247/,https://ideas.repec.org/e/pja78.html,eligible,0,,832.0,962.0,RePEc
pto326,Alexis Akira Toda,Emory University,https://alexisakira.github.io,https://ideas.repec.org/f/pto326.html,eligible,0,,,832.0,RePEc
pgo95,Roger H. Gordon,University of California-San Diego (UCSD),http://econweb.ucsd.edu/~rogordon,https://ideas.repec.org/e/pgo95.html,eligible,0,,833.0,,RePEc
pca601,Julia Cagé,Sciences Po,https://sites.google.com/site/juliacagehomepage/,https://ideas.repec.org/f/pca601.html,eligible,0,,,833.0,RePEc
pep21,Dennis Epple,Carnegie Mellon University,https://www.cmu.edu/tepper/faculty-and-research/faculty-by-area/profiles/epple-dennis.html,https://ideas.repec.org/e/pep21.html,eligible,0,,835.0,,RePEc
pbo852,Luigi Bocola,Stanford University,https://lbocola.people.stanford.edu/,https://ideas.repec.org/f/pbo852.html,eligible,0,,,835.0,RePEc
pmi20,James A. Mirrlees,,,https://ideas.repec.org/e/pmi20.html,won,1996,,836.0,,RePEc
ppl11,Charles I. Plosser,,,https://ideas.repec.org/e/ppl11.html,deceased,0,,837.0,,RePEc
pbr791,Jonathan Brogaard,University of Utah,http://www.brogaard.utah.edu/,https://ideas.repec.org/f/pbr791.html,eligible,0,,3155.0,837.0,RePEc
pfa24,Ray Fair,Yale University,http://fairmodel.econ.yale.edu,https://ideas.repec.org/e/pfa24.html,eligible,0,,838.0,,RePEc
ppa1120,Uğur Korkut Pata,Hatay Mustafa Kemal Üniversitesi,,https://ideas.repec.org/f/ppa1120.html,eligible,0,,,838.0,RePEc
pag45,David R. Agrawal,University of California-Irvine,https://sites.socsci.uci.edu/~dagrawa4/,https://ideas.repec.org/e/pag45.html,eligible,0,,,839.0,RePEc
pda171,Russell Davidson,McGill University,https://russell-davidson.research.mcgill.ca,https://ideas.repec.org/e/pda171.html,eligible,0,,840.0,,RePEc
pst21,Thanasis Stengos,University of Guelph,https://www.uoguelph.ca/lang/people/thanasis-stengos,https://ideas.repec.org/e/pst21.html,eligible,0,,1261.0,840.0,RePEc
pch1111,Ryan Chahrour,Cornell University,http://www.chahrour.net,https://ideas.repec.org/f/pch1111.html,eligible,0,,,841.0,RePEc
pgt1,Werner Güth,Libera Università Internazionale degli Studi Sociali Guido Carli (LUISS),,https://ideas.repec.org/e/pgt1.html,eligible,0,,842.0,,RePEc
pmc138,Alisdair McKay,Federal Reserve Bank of Minneapolis,https://alisdairmckay.com,https://ideas.repec.org/e/pmc138.html,eligible,0,,2289.0,842.0,RePEc
psh27,William F. Sharpe,Stanford University,http://www.wsharpe.com/,https://ideas.repec.org/e/psh27.html,won,1990,,843.0,,RePEc
pba77,Marco Bassetto,Federal Reserve Bank of Minneapolis,https://m-bassetto.github.io,https://ideas.repec.org/e/pba77.html,eligible,0,,2705.0,843.0,RePEc
pde449,Klaus W. Deininger,World Bank Group,,https://ideas.repec.org/f/pde449.html,eligible,0,,844.0,,RePEc
pvi52,Marie Claire Villeval,Université de Lyon,http://sites.google.com/view/marie-claire-villeval,https://ideas.repec.org/e/pvi52.html,eligible,0,,845.0,861.0,RePEc
pev28,William N. Evans,University of Notre Dame,http://www.nd.edu/~wevans1,https://ideas.repec.org/e/pev28.html,eligible,0,,846.0,1746.0,RePEc
pvo196,Till Marco von Wachter,University of California-Los Angeles (UCLA),http://www.econ.ucla.edu/tvwachter,https://ideas.repec.org/e/pvo196.html,eligible,0,,1458.0,846.0,RePEc
phe40,Geoffrey Heal,Columbia University,http://www.geoffreyheal.com,https://ideas.repec.org/e/phe40.html,eligible,0,,847.0,2370.0,RePEc
ppa1430,Nicholas W. Papageorge,Johns Hopkins University,http://nicholaswpapageorge.com,https://ideas.repec.org/f/ppa1430.html,eligible,0,,,847.0,RePEc
pkl66,Leora F. Klapper,World Bank Group,http://econ.worldbank.org/staff/lklapper,https://ideas.repec.org/e/pkl66.html,eligible,0,,848.0,1980.0,RePEc
pba175,Christian Bayer,Rheinische Friedrich-Wilhelms-Universität Bonn,http://www.wiwi.uni-bonn.de/bayer/,https://ideas.repec.org/e/pba175.html,eligible,0,,2667.0,848.0,RePEc
pbi10,Alberto Bisin,New York University (NYU),https://wp.nyu.edu/albertobisin/,https://ideas.repec.org/e/pbi10.html,eligible,0,,849.0,1551.0,RePEc
pfa127,Robert William Faff,University of Queensland,,https://ideas.repec.org/e/pfa127.html,eligible,0,,850.0,1381.0,RePEc
pfr45,Fredj Jawadi,Université Paris-Nanterre (Paris X),https://sites.google.com/site/wwwfredjjawadicom/,https://ideas.repec.org/e/pfr45.html,eligible,0,,3507.0,850.0,RePEc
ppu153,Manju Puri,Duke University,https://www.fuqua.duke.edu/faculty/manju-puri,https://ideas.repec.org/e/ppu153.html,eligible,0,,851.0,1352.0,RePEc
pmi632,Zhifu Mi,University College London (UCL),https://profiles.ucl.ac.uk/64212,https://ideas.repec.org/f/pmi632.html,eligible,0,,,851.0,RePEc
pst849,Claudia Steinwender,Ludwig-Maximilians-Universität München,https://sites.google.com/site/clsteinwender/,https://ideas.repec.org/f/pst849.html,eligible,0,,,852.0,RePEc
pvi437,Annette Vissing-Jorgensen,Federal Reserve Board (Board of Governors of the Federal Reserve System),https://sites.google.com/view/annette-vissing-jorgensen,https://ideas.repec.org/f/pvi437.html,eligible,0,,853.0,1699.0,RePEc
pho672,Martin Blomhoff Holm,Universitetet i Oslo,https://sites.google.com/site/martinblomhoffholm/,https://ideas.repec.org/f/pho672.html,eligible,0,,,853.0,RePEc
pri130,Piet Rietveld,,http://en.wikipedia.org/wiki/Piet_Rietveld,https://ideas.repec.org/e/pri130.html,deceased,0,,854.0,,RePEc
pgu93,Refet S. Gürkaynak,Bilkent Üniversitesi,http://refet.bilkent.edu.tr,https://ideas.repec.org/e/pgu93.html,eligible,0,,1091.0,854.0,RePEc
pba274,Susanto Basu,Boston College,http://fmwww.bc.edu/ec/Basu.php,https://ideas.repec.org/f/pba274.html,eligible,0,,855.0,,RePEc
pec5,Federico Echenique,University of California-Berkeley,http://eml.berkeley.edu/~fechenique/,https://ideas.repec.org/e/pec5.html,eligible,0,,1593.0,855.0,RePEc
pbo24,Robin Boadway,Queen's University,http://www.econ.queensu.ca/faculty/boadway,https://ideas.repec.org/e/pbo24.html,eligible,0,,857.0,,RePEc
pal1092,Rafael Alvarado,Universidad Nacional de Loja,,https://ideas.repec.org/f/pal1092.html,eligible,0,,,859.0,RePEc
pbe65,Dan Bernhardt,University of Illinois at Urbana-Champaign,https://warwick.ac.uk/fac/soc/economics/staff/mdbernhardt/,https://ideas.repec.org/e/pbe65.html,eligible,0,,861.0,1294.0,RePEc
psc29,Myron S. Scholes,Stanford University,http://gobi.stanford.edu/facultybios/bio.asp?ID=196,https://ideas.repec.org/e/psc29.html,won,1997,,862.0,,RePEc
phe627,Philipp Heimberger,Wiener Institut für Internationale Wirtschaftsvergleiche (WIIW),https://wiiw.ac.at/philipp-heimberger-s-1138.html,https://ideas.repec.org/f/phe627.html,eligible,0,,,862.0,RePEc
pwa169,Pengfei Wang,Peking University,https://english.phbs.pku.edu.cn/2019/fulltime_0920/118.html,https://ideas.repec.org/e/pwa169.html,eligible,0,,2048.0,863.0,RePEc
phu100,David L. Hummels,Purdue University,https://business.purdue.edu/faculty/hummelsd/,https://ideas.repec.org/e/phu100.html,eligible,0,,864.0,,RePEc
pvo15,Juergen von Hagen,Indiana University,http://www.iiw.uni-bonn.de,https://ideas.repec.org/e/pvo15.html,eligible,0,,865.0,,RePEc
pme346,Albert J. Menkveld,Tinbergen Instituut,https://albertjmenkveld.com,https://ideas.repec.org/f/pme346.html,eligible,0,,1876.0,865.0,RePEc
pba242,David Backus,,,https://ideas.repec.org/f/pba242.html,deceased,0,,866.0,,RePEc
pst816,Bryan Andrew Stuart,Federal Reserve Bank of Philadelphia,http://bryan-stuart.com,https://ideas.repec.org/f/pst816.html,eligible,0,,,866.0,RePEc
pan676,B.w. Ang,National University of Singapore (NUS),,https://ideas.repec.org/f/pan676.html,eligible,0,,867.0,1554.0,RePEc
phu279,Ahmed Imran Hunjra,Institut de Préparation à l'Administration et à la Gestion (IPAG),https://www.aihunjra.com/,https://ideas.repec.org/f/phu279.html,eligible,0,,,867.0,RePEc
pac42,Sushant Acharya,University of Melbourne,https://sushantacharya.github.io,https://ideas.repec.org/e/pac42.html,eligible,0,,,868.0,RePEc
pla73,David Laidler,University of Western Ontario,,https://ideas.repec.org/e/pla73.html,eligible,0,,869.0,,RePEc
pde1022,Jeffrey T. Denning,University of Texas-Austin,http://jeffdenning.com,https://ideas.repec.org/f/pde1022.html,eligible,0,,,869.0,RePEc
pmc238,Ronald I. McKinnon,,,https://ideas.repec.org/f/pmc238.html,deceased,0,,870.0,,RePEc
pdr66,Anna Dreber,Stockholm School of Economics,https://sites.google.com/site/annadreber/,https://ideas.repec.org/e/pdr66.html,eligible,0,,1790.0,870.0,RePEc
pmc17,Robert Neil Mccauley,Boston University,,https://ideas.repec.org/e/pmc17.html,eligible,0,,2072.0,871.0,RePEc
pso409,Sakiru Adebola Solarin,Multimedia University,,https://ideas.repec.org/f/pso409.html,eligible,0,,,872.0,RePEc
pde56,Alan V. Deardorff,University of Michigan,http://www-personal.umich.edu/~alandear/,https://ideas.repec.org/e/pde56.html,eligible,0,,873.0,,RePEc
pch1037,Tsangyao Chang,Feng Chia University,,https://ideas.repec.org/f/pch1037.html,eligible,0,,1923.0,873.0,RePEc
pth26,Roy Thurik,Montpellier Business School,https://personal.eur.nl/thurik/,https://ideas.repec.org/e/pth26.html,eligible,0,,874.0,2281.0,RePEc
psu108,Arvind Subramanian,Peter G. Peterson Institute for International Economics (IIE),https://www.arvindsubramanian.org/,https://ideas.repec.org/e/psu108.html,eligible,0,,875.0,,RePEc
phe59,Benjamin Hermalin,University of California-Berkeley,http://faculty.haas.berkeley.edu/hermalin/,https://ideas.repec.org/e/phe59.html,eligible,0,,876.0,,RePEc
pgr314,Joshua Graff Zivin,University of California-San Diego (UCSD),https://gps.ucsd.edu/faculty-directory/joshua-graff-zivin.html,https://ideas.repec.org/f/pgr314.html,eligible,0,,879.0,876.0,RePEc
pki184,Philipp Albert Theodor Kircher,Cornell University,https://philippkircher.com,https://ideas.repec.org/e/pki184.html,eligible,0,,1970.0,877.0,RePEc
psa250,Joao Santos,Federal Reserve Bank of New York,http://www.newyorkfed.org/rmaghome/economist/santos/contact.html,https://ideas.repec.org/f/psa250.html,eligible,0,,1676.0,878.0,RePEc
plu438,Ralph Luetticke,Centre for Economic Policy Research (CEPR),https://www.ralphluetticke.com/,https://ideas.repec.org/f/plu438.html,eligible,0,,,879.0,RePEc
pla354,Richard Layard,London School of Economics (LSE),,https://ideas.repec.org/f/pla354.html,eligible,0,,880.0,3144.0,RePEc
plo21,Prakash Loungani,International Monetary Fund (IMF),,https://ideas.repec.org/e/plo21.html,eligible,0,,1392.0,880.0,RePEc
pca205,Francesco Caselli,London School of Economics (LSE),http://personal.lse.ac.uk/casellif/,https://ideas.repec.org/f/pca205.html,eligible,0,,881.0,,RePEc
psi414,Sebastian Siegloch,Universität zu Köln,https://sebastian-siegloch.com,https://ideas.repec.org/f/psi414.html,eligible,0,,3322.0,882.0,RePEc
pfo237,Luca Fornaro,Barcelona School of Economics (BSE),http://www.crei.cat/people/fornaro/,https://ideas.repec.org/f/pfo237.html,eligible,0,,,883.0,RePEc
pwe155,Yoram Weiss,Tel Aviv University,,https://ideas.repec.org/e/pwe155.html,eligible,0,,884.0,,RePEc
pwa105,Hannes F. Wagner,Università Commerciale Luigi Bocconi,http://mypage.unibocconi.eu/hanneswagner,https://ideas.repec.org/e/pwa105.html,eligible,0,,,884.0,RePEc
ppa511,Nina Pavcnik,Dartmouth College,https://sites.dartmouth.edu/npavcnik/,https://ideas.repec.org/f/ppa511.html,eligible,0,,885.0,,RePEc
pde187,Paul J. Devereux,University College Dublin,,https://ideas.repec.org/e/pde187.html,eligible,0,,886.0,1074.0,RePEc
psi29,Herbert Simon,,https://www.nobelprize.org/prizes/economic-sciences/1978/simon/facts/,https://ideas.repec.org/e/psi29.html,won,1978,,887.0,,RePEc
pde69,Ralph De Haas,European Bank for Reconstruction and Development (EBRD),,https://ideas.repec.org/e/pde69.html,eligible,0,,1727.0,887.0,RePEc
pco913,Thomas Conlon,University College Dublin,https://people.ucd.ie/conlon.thomas,https://ideas.repec.org/f/pco913.html,eligible,0,,,888.0,RePEc
ple107,Sokbae,Columbia University,https://sites.google.com/site/sokbae,https://ideas.repec.org/e/ple107.html,eligible,0,,1400.0,889.0,RePEc
psr38,T. N. Srinivasan,,,https://ideas.repec.org/e/psr38.html,deceased,0,,890.0,,RePEc
pmi314,Stelios Michalopoulos,Brown University,http://sites.google.com/site/steliosecon/,https://ideas.repec.org/f/pmi314.html,eligible,0,,1501.0,890.0,RePEc
pke132,Philip Keefer,Inter-American Development Bank,,https://ideas.repec.org/e/pke132.html,eligible,0,,891.0,,RePEc
pdy4,Philip H. Dybvig,Southwestern University of Finance and Economics (SWUFE),https://phildybvig.com,https://ideas.repec.org/e/pdy4.html,won,2022,,892.0,,RePEc
pme850,Klaus E. Meyer,University of Western Ontario,http://klausmeyer.co.uk,https://ideas.repec.org/f/pme850.html,eligible,0,,1474.0,892.0,RePEc
pqu2,Vincenzo Quadrini,University of Southern California,http://www-rcf.usc.edu/~quadrini,https://ideas.repec.org/e/pqu2.html,eligible,0,,893.0,,RePEc
pko46,Siem Jan Koopman,Vrije Universiteit Amsterdam,http://sjkoopman.net,https://ideas.repec.org/e/pko46.html,eligible,0,,894.0,2335.0,RePEc
pho433,John Joseph Horton,New York University (NYU),http://john-joseph-horton.com/,https://ideas.repec.org/f/pho433.html,eligible,0,,,894.0,RePEc
pru25,Juan F Rubio-Ramirez,Emory University,https://sites.google.com/site/juanfrubioramirez/,https://ideas.repec.org/e/pru25.html,eligible,0,,895.0,1942.0,RePEc
pda76,Paul A. David,,,https://ideas.repec.org/e/pda76.html,deceased,0,,896.0,,RePEc
pom27,Anis Omri,Qassim University,,https://ideas.repec.org/e/pom27.html,eligible,0,,,896.0,RePEc
ple351,Frank Levy,Massachusetts Institute of Technology (MIT),http://web.mit.edu/flevy/www/,https://ideas.repec.org/f/ple351.html,eligible,0,,897.0,,RePEc
psh1124,Umer Shahzad,Anhui University of Finance and Economics,https://www.researchgate.net/profile/Umer_Shahzad,https://ideas.repec.org/f/psh1124.html,eligible,0,,,897.0,RePEc
pgi18,Francesco Giavazzi,Centre for Economic Policy Research (CEPR),,https://ideas.repec.org/e/pgi18.html,eligible,0,,898.0,,RePEc
pka189,Navin Kartik,Yale University,http://www.columbia.edu/~nk2339,https://ideas.repec.org/e/pka189.html,eligible,0,,2459.0,898.0,RePEc
pde613,Alain de Janvry,University of California-Berkeley,http://are.berkeley.edu/~alain/,https://ideas.repec.org/f/pde613.html,eligible,0,,899.0,2731.0,RePEc
psa843,Elisabeth Sadoulet,,http://areweb.berkeley.edu/~sadoulet/,https://ideas.repec.org/f/psa843.html,deceased,0,,900.0,1618.0,RePEc
phu447,Nazim Hussain,Rijksuniversiteit Groningen,https://www.rug.nl/staff/n.hussain/,https://ideas.repec.org/f/phu447.html,eligible,0,,,900.0,RePEc
pni95,Muriel Niederle,Stanford University,http://www.stanford.edu/~niederle,https://ideas.repec.org/e/pni95.html,eligible,0,,901.0,,RePEc
pma1006,Christian Matthes,University of Notre Dame,https://cm1518.github.io/,https://ideas.repec.org/f/pma1006.html,eligible,0,,,901.0,RePEc
pru5,John Philip Rust,Georgetown University,http://editorialexpress.com/jrust,https://ideas.repec.org/e/pru5.html,eligible,0,,902.0,,RePEc
pba1412,Saleem Abubakr Bahaj,Bank of England,https://sites.google.com/site/saleembahaj/home,https://ideas.repec.org/f/pba1412.html,eligible,0,,,902.0,RePEc
pwe10,Laurent Weill,Université de Strasbourg,https://www.em-strasbourg.com/fr/chercheur/enseignants/weill-laurent,https://ideas.repec.org/e/pwe10.html,eligible,0,,1074.0,903.0,RePEc
pco561,Timothy Guy Conley,University of Western Ontario,http://economics.uwo.ca/faculty/conley/,https://ideas.repec.org/f/pco561.html,eligible,0,,904.0,,RePEc
pta51,Andrea Tambalotti,,https://www.linkedin.com/in/andreatambalotti/,https://ideas.repec.org/e/pta51.html,eligible,0,,2188.0,904.0,RePEc
pth258,David Thesmar,Massachusetts Institute of Technology (MIT),http://www.hec.fr/thesmar,https://ideas.repec.org/f/pth258.html,eligible,0,,905.0,1125.0,RePEc
pth272,Gregory Thwaites,University of Nottingham,http://personal.lse.ac.uk/THWAITES/,https://ideas.repec.org/f/pth272.html,eligible,0,,,905.0,RePEc
pzi83,Jonathan Zinman,Dartmouth College,https://sites.dartmouth.edu/jzinman/,https://ideas.repec.org/e/pzi83.html,eligible,0,,906.0,1295.0,RePEc
psc432,Raphael S. Schoenle,Brandeis University,http://people.brandeis.edu/~schoenle/,https://ideas.repec.org/f/psc432.html,eligible,0,,3617.0,906.0,RePEc
pre105,Reinhilde Veugelers,KU Leuven,,https://ideas.repec.org/e/pre105.html,eligible,0,,907.0,1830.0,RePEc
pan759,Peter Andre,Leibniz-Institut für Finanzmarktforschung SAFE (Sustainable Architecture for Finance in Europe),https://www.peter-andre.com/,https://ideas.repec.org/f/pan759.html,eligible,0,,,907.0,RePEc
phu352,Jikun Huang,Peking University,,https://ideas.repec.org/f/phu352.html,eligible,0,,908.0,1274.0,RePEc
ple471,Thomas Le Barbanchon,Università Commerciale Luigi Bocconi,https://sites.google.com/site/tlebarbanchon/home,https://ideas.repec.org/f/ple471.html,eligible,0,,,908.0,RePEc
phu113,Harry P. Huizinga,Universiteit van Tilburg,https://www.tilburguniversity.edu/staff/h-p-huizinga,https://ideas.repec.org/e/phu113.html,eligible,0,,909.0,,RePEc
pqu42,Francesco Quatraro,Università degli Studi di Torino,https://sites.google.com/site/francescoquatraro/,https://ideas.repec.org/e/pqu42.html,eligible,0,,3117.0,909.0,RePEc
ppo728,James L. Powell,University of Arizona,https://eller.arizona.edu/people/james-l-powell,https://ideas.repec.org/f/ppo728.html,eligible,0,,910.0,,RePEc
psc798,Linda Schilling,Washington University in St. Louis,https://sites.google.com/view/lindamarleneschilling,https://ideas.repec.org/f/psc798.html,eligible,0,,,910.0,RePEc
phi209,Jack Hirshleifer,,https://en.wikipedia.org/wiki/Jack_Hirshleifer,https://ideas.repec.org/f/phi209.html,deceased,0,,911.0,,RePEc
psh722,Ilhyock Shim,Bank for International Settlements (BIS),http://www.bis.org/author/ilhyock_shim.htm,https://ideas.repec.org/f/psh722.html,eligible,0,,3436.0,911.0,RePEc
pic3,Andrea Ichino,Alma Mater Studiorum - Università di Bologna,http://www.andreaichino.it/,https://ideas.repec.org/e/pic3.html,eligible,0,,913.0,1588.0,RePEc
pbo938,Christoph Emanuel Boehm,University of Texas-Austin,http://www.christopheboehm.com/,https://ideas.repec.org/f/pbo938.html,eligible,0,,,913.0,RePEc
pmo37,Franco Modigliani,,https://www.nobelprize.org/prizes/economic-sciences/1985/modigliani/facts/,https://ideas.repec.org/e/pmo37.html,won,1985,,914.0,,RePEc
pma3102,Christos Andreas Makridis,Arizona State University,http://www.christosmakridis.com,https://ideas.repec.org/f/pma3102.html,eligible,0,,,915.0,RePEc
pba670,Robert Barsky,Federal Reserve Bank of Chicago,,https://ideas.repec.org/f/pba670.html,eligible,0,,916.0,,RePEc
pjo350,Damon Jones,University of Chicago,http://home.uchicago.edu/~j1s,https://ideas.repec.org/f/pjo350.html,eligible,0,,,916.0,RePEc
ple572,Martin Lettau,University of California-Berkeley,,https://ideas.repec.org/f/ple572.html,eligible,0,,917.0,1451.0,RePEc
pwi51,Sidney Graham Winter Jr.,University of Pennsylvania,http://www-management.wharton.upenn.edu/FacultyScreens/Winter.htm,https://ideas.repec.org/e/pwi51.html,eligible,0,,918.0,,RePEc
pfr95,Michael Fritsch,Friedrich-Schiller-Universität Jena,https://m-fritsch.de/,https://ideas.repec.org/e/pfr95.html,eligible,0,,1060.0,918.0,RePEc
pfa3,Roger E. A. Farmer,University of Warwick,http://rogerfarmer.com,https://ideas.repec.org/e/pfa3.html,eligible,0,,919.0,2269.0,RePEc
ppo31,Panu Poutvaara,ifo Institut - Leibniz-Institut für Wirtschaftsforschung an der Universität München e.V.,http://www.ifo.de/poutvaara-p,https://ideas.repec.org/e/ppo31.html,eligible,0,,1773.0,919.0,RePEc
pbo202,Tito Boeri,Università Commerciale Luigi Bocconi,http://www.igier.unibocconi.it/boeri,https://ideas.repec.org/f/pbo202.html,eligible,0,,920.0,1561.0,RePEc
pma885,Aaditya Mattoo,World Bank Group,,https://ideas.repec.org/f/pma885.html,eligible,0,,1348.0,920.0,RePEc
pde1077,Paul De Grauwe,London School of Economics (LSE),,https://ideas.repec.org/f/pde1077.html,eligible,0,,921.0,,RePEc
pno49,Ilan Noy,Gran Sasso Science Institute (GSSI),https://sites.google.com/view/ilannoy,https://ideas.repec.org/e/pno49.html,eligible,0,,1156.0,921.0,RePEc
pmi18,Merton H. Miller,,https://www.nobelprize.org/prizes/economic-sciences/1990/miller/facts/,https://ideas.repec.org/e/pmi18.html,won,1990,,922.0,,RePEc
pkh569,Irfan Khan,Beijing Institute of Technology,https://scholar.google.com/citations?user=oRilUVcAAAAJhl=en,https://ideas.repec.org/f/pkh569.html,eligible,0,,,922.0,RePEc
pha777,Jarrad Harford,University of Washington,http://faculty.washington.edu/jarrad/,https://ideas.repec.org/f/pha777.html,eligible,0,,923.0,1325.0,RePEc
plo626,Benjamin B Lockwood,University of Pennsylvania,http://benlockwood.com,https://ideas.repec.org/f/plo626.html,eligible,0,,,923.0,RePEc
por7,Kevin Hjortshøj O'Rourke,Sciences Po,https://kevinhorourke.com,https://ideas.repec.org/e/por7.html,eligible,0,,924.0,1810.0,RePEc
pfe513,Andreas Ferrara,University of Pittsburgh,https://andreas-ferrara.com/,https://ideas.repec.org/f/pfe513.html,eligible,0,,,924.0,RePEc
pha4,Milton Harris,University of Chicago,http://faculty.chicagobooth.edu/milton.harris/,https://ideas.repec.org/e/pha4.html,eligible,0,,925.0,,RePEc
poh37,Franziska Ohnsorge,World Bank Group,,https://ideas.repec.org/e/poh37.html,eligible,0,,,925.0,RePEc
ple318,Jonathan Levin,Stanford University,http://www.stanford.edu/~jdlevin/,https://ideas.repec.org/f/ple318.html,eligible,0,,926.0,2798.0,RePEc
pca56,Vasco Marques de Carvalho,University of Cambridge,http://vasco-m-carvalho.github.io,https://ideas.repec.org/e/pca56.html,eligible,0,,1789.0,926.0,RePEc
ple189,John Leahy,,,https://ideas.repec.org/e/ple189.html,deceased,0,,927.0,1631.0,RePEc
psi739,Sanjay R. Singh,Federal Reserve Bank of San Francisco,https://sanjayrajsingh.github.io/,https://ideas.repec.org/f/psi739.html,eligible,0,,,927.0,RePEc
pfe43,John Fernald,INSEAD,http://www.johnfernald.net,https://ideas.repec.org/e/pfe43.html,eligible,0,,928.0,2517.0,RePEc
pan599,Noam Angrist,Oxford University,,https://ideas.repec.org/f/pan599.html,eligible,0,,,928.0,RePEc
pco35,Thomas Cooley,,,https://ideas.repec.org/e/pco35.html,deceased,0,,929.0,,RePEc
phu616,Jiekun Huang,University of Illinois at Urbana-Champaign,http://www.huangjk.com,https://ideas.repec.org/f/phu616.html,eligible,0,,,929.0,RePEc
pto111,Robert H. Topel,University of Chicago,,https://ideas.repec.org/e/pto111.html,eligible,0,,930.0,,RePEc
pwa410,W. Reed Walker,University of California-Berkeley,http://w-reed-walker.com,https://ideas.repec.org/f/pwa410.html,eligible,0,,1861.0,930.0,RePEc
pwo147,Asher Wolinsky,Northwestern University,,https://ideas.repec.org/e/pwo147.html,eligible,0,,931.0,,RePEc
ple582,Le Thai-Ha,Institut de Préparation à l'Administration et à la Gestion (IPAG),https://vinfutureprize.org/members/dr-thai-ha-le/,https://ideas.repec.org/f/ple582.html,eligible,0,,,931.0,RePEc
pph31,Gordon M. Phillips,Dartmouth College,http://faculty.tuck.dartmouth.edu/gordon-phillips/,https://ideas.repec.org/e/pph31.html,eligible,0,,932.0,1156.0,RePEc
pre34,Patrick Rey,Toulouse School of Economics (TSE),https://www.tse-fr.eu/people/patrick-rey,https://ideas.repec.org/e/pre34.html,eligible,0,,933.0,2007.0,RePEc
plu433,Stephan Luck,Federal Reserve Bank of New York,https://sites.google.com/site/stephanluck/,https://ideas.repec.org/f/plu433.html,eligible,0,,,933.0,RePEc
pgr65,Herschel I. Grossman,,http://en.wikipedia.org/wiki/Herschel_Grossman,https://ideas.repec.org/e/pgr65.html,deceased,0,,934.0,,RePEc
pke311,Benjamin J. Keys,University of Pennsylvania,http://real-faculty.wharton.upenn.edu/benkeys/,https://ideas.repec.org/f/pke311.html,eligible,0,,1935.0,934.0,RePEc
pal938,Douglas Almond,Columbia University,https://users.nber.org/~almond/,https://ideas.repec.org/f/pal938.html,eligible,0,,1166.0,935.0,RePEc
pag16,Pierre-Richard Agénor,University of Manchester,,https://ideas.repec.org/e/pag16.html,eligible,0,,936.0,2997.0,RePEc
pna255,"Rodolfo M. Nayga, Jr.",Texas A&M University,https://agecon.tamu.edu/people/nayga-jr-rodolfo-m/,https://ideas.repec.org/f/pna255.html,eligible,0,,1040.0,936.0,RePEc
ple386,James Levinsohn,,http://www.umich.edu/~jamesl,https://ideas.repec.org/f/ple386.html,eligible,0,,937.0,,RePEc
pma442,Frédéric Marty,Université Côte d'Azur,https://univ-cotedazur.fr/annuaire/frederic-marty,https://ideas.repec.org/f/pma442.html,eligible,0,,,937.0,RePEc
pve25,Lise Vesterlund,University of Pittsburgh,http://www.pitt.edu/~vester/,https://ideas.repec.org/e/pve25.html,eligible,0,,938.0,1257.0,RePEc
phe97,Eckhard Hein,Hochschule für Wirtschaft und Recht,https://www.hwr-berlin.de/en/prof/eckhard-hein/,https://ideas.repec.org/e/phe97.html,eligible,0,,1532.0,938.0,RePEc
pbr614,Michael Brennan,University of California-Los Angeles (UCLA),,https://ideas.repec.org/f/pbr614.html,eligible,0,,939.0,,RePEc
pmu176,Andreas Mueller,Universität Zürich,https://sites.google.com/view/andreasimueller/,https://ideas.repec.org/e/pmu176.html,eligible,0,,2741.0,939.0,RePEc
ptr44,Daniel Trefler,University of Toronto,http://www.rotman.utoronto.ca/~dtrefler/,https://ideas.repec.org/e/ptr44.html,eligible,0,,940.0,,RePEc
ppa182,Stephanos Τ. Papadamou,Aristotle University of Thessaloniki,https://scholar.google.com/citations?user=ZidYwiQAAAAJhl=eloi=ao,https://ideas.repec.org/e/ppa182.html,eligible,0,,,940.0,RePEc
pne27,Joseph Newhouse,National Bureau of Economic Research (NBER),https://hcp.hms.harvard.edu/people/joseph-p-newhouse,https://ideas.repec.org/e/pne27.html,eligible,0,,941.0,,RePEc
pwi26,Daniel Wilson,Federal Reserve Bank of San Francisco,https://www.frbsf.org/economic-research/economists/daniel-wilson/,https://ideas.repec.org/e/pwi26.html,eligible,0,,1804.0,941.0,RePEc
pca549,Davide Cantoni,Ludwig-Maximilians-Universität München,http://www.davidecantoni.net,https://ideas.repec.org/f/pca549.html,eligible,0,,2806.0,942.0,RePEc
pea25,Richard A. Easterlin,,,https://ideas.repec.org/e/pea25.html,deceased,0,,943.0,,RePEc
pas4,Guido Ascari,Università degli Studi di Pavia,https://sites.google.com/site/guidoascari/,https://ideas.repec.org/e/pas4.html,eligible,0,,1862.0,943.0,RePEc
pfl34,Mark Jeffrey Flannery,,http://www.cba.ufl.edu/faculty/facultyinfo.asp?WEBID=281,https://ideas.repec.org/e/pfl34.html,eligible,0,,944.0,,RePEc
pwi499,Coady Wing,Indiana University,,https://ideas.repec.org/f/pwi499.html,eligible,0,,,944.0,RePEc
plu82,Shelly Lundberg,University of California-Santa Barbara (UCSB),https://sjlundberg.weebly.com/,https://ideas.repec.org/e/plu82.html,eligible,0,,945.0,1009.0,RePEc
pal359,Claudiu Tiberiu Albulescu,Universitatea Politehnica Timişoara,https://sites.google.com/site/claudiutiberiualbulescu/home,https://ideas.repec.org/f/pal359.html,eligible,0,,,945.0,RePEc
pst61,Alois Stutzer,Universität Basel,https://wwz.unibas.ch/en/stutzer/,https://ideas.repec.org/e/pst61.html,eligible,0,,946.0,2028.0,RePEc
pko61,Jozef Konings,KU Leuven,http://www.jozefkonings.com,https://ideas.repec.org/e/pko61.html,eligible,0,,1018.0,946.0,RePEc
pha279,Andrew C. Harvey,University of Cambridge,http://www.econ.cam.ac.uk/faculty/harvey/,https://ideas.repec.org/f/pha279.html,eligible,0,,947.0,,RePEc
pbo779,J. Aislinn Bohren,Carnegie Mellon University,https://www.aislinnbohren.com,https://ideas.repec.org/f/pbo779.html,eligible,0,,,947.0,RePEc
pfe65,Lars P. Feld,Walter Eucken Institut,http://www.walter-eucken-institut.de/das-institut/personen/prof-dr-lars-p-feld.html,https://ideas.repec.org/e/pfe65.html,eligible,0,,948.0,1438.0,RePEc
pke223,Geoff Kenny,European Central Bank,,https://ideas.repec.org/f/pke223.html,eligible,0,,,948.0,RePEc
psi57,Tayfun Sönmez,Boston College,http://www.tayfunsonmez.net/,https://ideas.repec.org/e/psi57.html,eligible,0,,949.0,1544.0,RePEc
ppa1181,Pascal Paul,Federal Reserve Bank of San Francisco,http://www.pascalpaul.de,https://ideas.repec.org/f/ppa1181.html,eligible,0,,,949.0,RePEc
pmu30,Kevin Murphy,University of Southern California,http://www.marshall.usc.edu/faculty/kjmurphy,https://ideas.repec.org/e/pmu30.html,eligible,0,,950.0,,RePEc
phs8,Po-Hsuan Hsu,National Tsing Hua University,http://oir.ctm.nthu.edu.tw/p/404-1487-164292.php,https://ideas.repec.org/e/phs8.html,eligible,0,,3037.0,950.0,RePEc
pwi82,Paul W. Wilson,"Clemson University, Emeritus College",https://pwwilson.com,https://ideas.repec.org/e/pwi82.html,eligible,0,,951.0,2422.0,RePEc
pse116,Enrico Sette,Banca d'Italia,https://sites.google.com/site/settenrico/,https://ideas.repec.org/e/pse116.html,eligible,0,,3015.0,951.0,RePEc
psc165,Christoph M. Schmidt,RWI - Leibniz-Institut für Wirtschaftsforschung,https://www.rwi-essen.de/rwi/team/person/christoph-m-schmidt,https://ideas.repec.org/e/psc165.html,eligible,0,,952.0,3587.0,RePEc
pha247,Bard Harstad,Stanford University,https://www.gsb.stanford.edu/faculty-research/faculty/bard-harstad,https://ideas.repec.org/f/pha247.html,eligible,0,,2421.0,952.0,RePEc
pir1,Peter Ireland,Boston College,http://irelandp.com,https://ideas.repec.org/e/pir1.html,eligible,0,,953.0,,RePEc
pmo433,Francesca Molinari,Cornell University,https://molinari.economics.cornell.edu,https://ideas.repec.org/f/pmo433.html,eligible,0,,2574.0,953.0,RePEc
psa385,Raffaella Sadun,Harvard University,http://people.hbs.edu/rsadun,https://ideas.repec.org/f/psa385.html,eligible,0,,1552.0,954.0,RePEc
pli259,Robert E. Lipsey,,http://query.nytimes.com/gst/fullpage.html?res=9902E6D8103AF936A2575BC0A9679D8B63,https://ideas.repec.org/f/pli259.html,deceased,0,,955.0,,RePEc
pmc79,Philip McCann,University of Manchester,https://www.productivity.ac.uk/people/professor-philip-mccann/,https://ideas.repec.org/e/pmc79.html,eligible,0,,988.0,955.0,RePEc
pde44,David de la Croix,Université Catholique de Louvain,http://www.de-la-croix.be,https://ideas.repec.org/e/pde44.html,eligible,0,,956.0,1185.0,RePEc
pza225,Francesco Zanetti,Oxford University,http://users.ox.ac.uk/~wadh4073/,https://ideas.repec.org/f/pza225.html,eligible,0,,3358.0,956.0,RePEc
pec27,Catherine C Eckel,Texas A&M University,https://econ.tamu.edu/catherine-eckel/,https://ideas.repec.org/e/pec27.html,eligible,0,,957.0,3535.0,RePEc
pni406,Baozhuang Niu,South China University of Technology,,https://ideas.repec.org/f/pni406.html,eligible,0,,,957.0,RePEc
pcu47,Flavio Cunha,Rice University,http://www.flaviocunha.com,https://ideas.repec.org/e/pcu47.html,eligible,0,,958.0,,RePEc
psc52,Kurt Schmidheiny,Universität Basel,https://www.schmidheiny.name/,https://ideas.repec.org/e/psc52.html,eligible,0,,,958.0,RePEc
phu137,Michael D. Hurd,RAND,,https://ideas.repec.org/e/phu137.html,eligible,0,,959.0,,RePEc
phy3,Rob J Hyndman,Monash University,http://robjhyndman.com,https://ideas.repec.org/e/phy3.html,eligible,0,,1786.0,959.0,RePEc
pha83,Fumio Hayashi,National Graduate Institute for Policy Studies (GRIPS),https://sites.google.com/site/fumiohayashi/home,https://ideas.repec.org/e/pha83.html,eligible,0,,960.0,,RePEc
psv22,Jakob Svensson,Stockholms Universitet,http://people.su.se/~jsven/,https://ideas.repec.org/e/psv22.html,eligible,0,,961.0,1858.0,RePEc
pre490,Alex Rees-Jones,University of Pennsylvania,https://alexreesjones.github.io/,https://ideas.repec.org/f/pre490.html,eligible,0,,,961.0,RePEc
ppe145,Bruce Clayton Petersen,Washington University in St. Louis,,https://ideas.repec.org/e/ppe145.html,eligible,0,,962.0,,RePEc
pgr476,Jerry Green,Harvard University,http://scholar.harvard.edu/green,https://ideas.repec.org/f/pgr476.html,eligible,0,,963.0,,RePEc
pbe203,Pierpaolo Benigno,Universität Bern,,https://ideas.repec.org/f/pbe203.html,eligible,0,,1093.0,963.0,RePEc
pmc60,John McMillan,,https://en.wikipedia.org/wiki/John_McMillan_(economist),https://ideas.repec.org/e/pmc60.html,deceased,0,,964.0,,RePEc
pau21,Robert J. Aumann,Hebrew University of Jerusalem,http://www.ma.huji.ac.il/~raumann/,https://ideas.repec.org/e/pau21.html,won,2005,,965.0,,RePEc
pel11,Robert J R Elliott,University of Birmingham,https://www.birmingham.ac.uk/staff/profiles/business/elliott-robert.aspx,https://ideas.repec.org/e/pel11.html,eligible,0,,1823.0,965.0,RePEc
pvo58,Jonathan E. Vogel,National Bureau of Economic Research (NBER),http://www.jonathanvogel.com,https://ideas.repec.org/e/pvo58.html,eligible,0,,2598.0,966.0,RePEc
plj2,Alexander Ljungqvist,Stockholm School of Economics,,https://ideas.repec.org/e/plj2.html,eligible,0,,968.0,,RePEc
pbl209,Adam Blandin,Vanderbilt University,https://sites.google.com/view/blandin,https://ideas.repec.org/f/pbl209.html,eligible,0,,,968.0,RePEc
pdi551,Thomas Dimpfl,Universität Hohenheim,https://datascience.uni-hohenheim.de,https://ideas.repec.org/f/pdi551.html,eligible,0,,,969.0,RePEc
pvi114,John Vickers,Oxford University,,https://ideas.repec.org/e/pvi114.html,eligible,0,,970.0,3591.0,RePEc
pab32,Katharine Abraham,University of Maryland,,https://ideas.repec.org/e/pab32.html,eligible,0,,1138.0,970.0,RePEc
pbo1151,Christopher John Boudreaux,Florida Atlantic University,http://home.fau.edu/cboudreaux/web,https://ideas.repec.org/f/pbo1151.html,eligible,0,,,971.0,RePEc
pdo103,Juan J. Dolado,Universidad Carlos III de Madrid,http://dolado.blogspot.com/,https://ideas.repec.org/e/pdo103.html,eligible,0,,972.0,2189.0,RePEc
pph91,Andrew Phiri,Nelson Mandela Metropolitan University,,https://ideas.repec.org/e/pph91.html,eligible,0,,,972.0,RePEc
pbu20,Craig Burnside,Duke University,https://people.duke.edu/~acb8/Burnside/Home.html,https://ideas.repec.org/e/pbu20.html,eligible,0,,973.0,,RePEc
plu193,Petter Lundborg,Lunds Universitet,https://sites.google.com/site/atpetterlundborg/,https://ideas.repec.org/e/plu193.html,eligible,0,,2499.0,973.0,RePEc
pno11,Douglass C. North,,https://www.nobelprize.org/prizes/economic-sciences/1993/north/facts/,https://ideas.repec.org/e/pno11.html,won,1993,,974.0,,RePEc
pko58,Evžen Kočenda,Univerzita Karlova v Praze,https://evzenkocenda.github.io,https://ideas.repec.org/e/pko58.html,eligible,0,,1686.0,974.0,RePEc
pma25,Jorge Martinez-Vazquez,Georgia State University,http://icepp.gsu.edu/profile/jorge-martinez-vazquez/,https://ideas.repec.org/e/pma25.html,eligible,0,,976.0,1509.0,RePEc
peh23,Torsten Ehlers,Bank for International Settlements,http://www.bis.org/author/torsten_ehlers.htm,https://ideas.repec.org/e/peh23.html,eligible,0,,,976.0,RePEc
pka406,Arie Kapteyn,University of Southern California,,https://ideas.repec.org/f/pka406.html,eligible,0,,977.0,,RePEc
pde1228,ManasI Deshpande,University of Chicago,https://economics.uchicago.edu/directory/manasi-deshpande,https://ideas.repec.org/f/pde1228.html,eligible,0,,,977.0,RePEc
ppo405,Michael Leonidas Polemis,University of Piraeus,http://www.unipi.gr/unipi/en/mpolemis.html,https://ideas.repec.org/f/ppo405.html,eligible,0,,,978.0,RePEc
pwe483,Finis Welch,,,https://ideas.repec.org/f/pwe483.html,deceased,0,,979.0,,RePEc
pma3315,Xinxin Ma,Hosei University,https://kenkyu-web.hosei.ac.jp/Profiles/112/0011125/profile.html,https://ideas.repec.org/f/pma3315.html,eligible,0,,,979.0,RePEc
psc146,Andrew Schotter,New York University (NYU),,https://ideas.repec.org/e/psc146.html,eligible,0,,980.0,,RePEc
pca77,Andrew Caplin,New York University (NYU),,https://ideas.repec.org/e/pca77.html,eligible,0,,981.0,2526.0,RePEc
pzh151,张 卫彬,Ritsumeikan Asia Pacific University,http://www.apu.ac.jp/~wbz1,https://ideas.repec.org/e/pzh151.html,eligible,0,,1305.0,981.0,RePEc
pka270,John Kagel,,https://www.asc.ohio-state.edu/kagel.4/,https://ideas.repec.org/f/pka270.html,deceased,0,,982.0,,RePEc
pva299,Eric van Damme,Universiteit van Tilburg,,https://ideas.repec.org/f/pva299.html,eligible,0,,983.0,,RePEc
pir23,Zuzana Irsova,Univerzita Karlova v Praze,http://irsova.com/,https://ideas.repec.org/e/pir23.html,eligible,0,,3258.0,983.0,RePEc
pco358,Dora L. Costa,University of California-Los Angeles (UCLA),http://www.econ.ucla.edu/costa/,https://ideas.repec.org/f/pco358.html,eligible,0,,984.0,,RePEc
pto237,Christopher Tonetti,Stanford University,http://christophertonetti.com,https://ideas.repec.org/f/pto237.html,eligible,0,,,984.0,RePEc
pbe259,Leonardo Becchetti,"Università degli Studi di Roma ""Tor Vergata""",https://economia.uniroma2.it/faculty/148/becchetti-leonardo,https://ideas.repec.org/f/pbe259.html,eligible,0,,985.0,1664.0,RePEc
pau102,Marc Audi,Abu Dhabi School of Management,https://scholar.google.com/citations?user=FgvxEhYAAAAJ&hl=en,https://ideas.repec.org/e/pau102.html,eligible,0,,,985.0,RePEc
pfe104,Ivan Fernandez-Val,Boston University,http://sites.bu.edu/ivanf/,https://ideas.repec.org/e/pfe104.html,eligible,0,,1461.0,986.0,RePEc
pda66,Michael Darby,University of California-Los Angeles (UCLA),http://www.nber.org/vitae/vita150.htm,https://ideas.repec.org/e/pda66.html,eligible,0,,987.0,,RePEc
pfa265,Pablo D. Fajgelbaum,University of California-Los Angeles (UCLA),http://www.econ.ucla.edu/pfajgelbaum/,https://ideas.repec.org/f/pfa265.html,eligible,0,,3252.0,987.0,RePEc
poc7,Axel Ockenfels,Universität zu Köln,https://ockenfels.uni-koeln.de/ao,https://ideas.repec.org/e/poc7.html,eligible,0,,989.0,1787.0,RePEc
pke209,Matthias Kehrig,Duke University,https://sites.google.com/site/matthiaskehrig/,https://ideas.repec.org/f/pke209.html,eligible,0,,,989.0,RePEc
pfi4,Jonas Fisher,Federal Reserve Bank of Chicago,https://www.chicagofed.org/people/f/fisher-jonas-d-m,https://ideas.repec.org/e/pfi4.html,eligible,0,,990.0,,RePEc
pde1433,Melissa Dell,Harvard University,,https://ideas.repec.org/f/pde1433.html,eligible,0,,1143.0,990.0,RePEc
pbi43,Bruno R Biais,HEC Paris (École des Hautes Études Commerciales),,https://ideas.repec.org/e/pbi43.html,eligible,0,,991.0,1864.0,RePEc
pli167,Jeremy Lise,Cornell University,https://sites.google.com/view/jeremylise,https://ideas.repec.org/e/pli167.html,eligible,0,,3485.0,991.0,RePEc
pbe56,Ted Bergstrom,University of California-Santa Barbara (UCSB),http://econ.ucsb.edu/~tedb,https://ideas.repec.org/e/pbe56.html,eligible,0,,992.0,,RePEc
pde392,James Bradford DeLong,University of California-Berkeley,http://delong.typepad.com/main/,https://ideas.repec.org/f/pde392.html,eligible,0,,993.0,,RePEc
ppe83,Sari Pekkala Kerr,Wellesley College,,https://ideas.repec.org/e/ppe83.html,eligible,0,,2543.0,993.0,RePEc
pdi128,Rafael Di Tella,Harvard University,,https://ideas.repec.org/e/pdi128.html,eligible,0,,994.0,,RePEc
pya337,Hai Yang,Hong Kong University of Science and Technology,http://ihome.ust.hk/~cehyang/,https://ideas.repec.org/f/pya337.html,eligible,0,,2045.0,994.0,RePEc
pko590,Botond Koszegi,Rheinische Friedrich-Wilhelms-Universität Bonn,http://www.personal.ceu.hu/staff/Botond_Koszegi/,https://ideas.repec.org/f/pko590.html,eligible,0,,995.0,1150.0,RePEc
pri214,Fernando Rios-Avila,Universidad Privada Boliviana,https://friosavila.github.io,https://ideas.repec.org/f/pri214.html,eligible,0,,,995.0,RePEc
pfu8,Jeffrey C. Fuhrer,Harvard University,,https://ideas.repec.org/e/pfu8.html,eligible,0,,996.0,,RePEc
pvu11,Quan-Hoang Vuong,Phenikaa University,https://sites.google.com/site/vuongqh2019,https://ideas.repec.org/e/pvu11.html,eligible,0,,,996.0,RePEc
pwa205,Peter P. Wakker,Erasmus Universiteit Rotterdam,http://personal.eur.nl/wakker/index.htm,https://ideas.repec.org/f/pwa205.html,eligible,0,,997.0,,RePEc
pma1341,Bhashkar Mazumder,University of California-Irvine,https://sites.google.com/view/bhash/home,https://ideas.repec.org/f/pma1341.html,eligible,0,,1412.0,997.0,RePEc
pcr18,Rachel Toni Algaze Croson,University of Minnesota,,https://ideas.repec.org/e/pcr18.html,eligible,0,,998.0,,RePEc
pse207,Suresh P. Sethi,University of Texas-Dallas,http://www.utdallas.edu/~sethi,https://ideas.repec.org/f/pse207.html,eligible,0,,2914.0,998.0,RePEc
psi78,Pierre Siklos,Centre for Applied Macroeconomic Analysis,,https://ideas.repec.org/e/psi78.html,eligible,0,,999.0,1326.0,RePEc
pml46,Karsten Müller,National University of Singapore (NUS),http://www.karstenmueller.com,https://ideas.repec.org/e/pml46.html,eligible,0,,,999.0,RePEc
pko378,Andreas Kotsadam,Universitetet i Oslo,http://andreaskotsadam.wordpress.com/,https://ideas.repec.org/f/pko378.html,eligible,0,,,1000.0,RePEc
pde173,Jaime de Melo,Fondation pour les études et recherches sur le développment international (FERDI),http://www.unige.ch/ses/ecopo/demelo/Jaime.html,https://ideas.repec.org/e/pde173.html,eligible,0,,1001.0,,RePEc
pde35,Marco Del Negro,Federal Reserve Bank of New York,http://www.newyorkfed.org/research/economists/delnegro/,https://ideas.repec.org/e/pde35.html,eligible,0,,1198.0,1001.0,RePEc
ple258,Loet Leydesdorff,,http://www.leydesdorff.net/list.htm,https://ideas.repec.org/f/ple258.html,deceased,0,,1002.0,2398.0,RePEc
pgu524,Khaled Guesmi,Groupe Paris Graduate School of Management,https://sites.google.com/site/khhguesmi2017/home,https://ideas.repec.org/f/pgu524.html,eligible,0,,,1002.0,RePEc
pch261,Yin-Wong Cheung,University of California-Santa Cruz (UCSC),,https://ideas.repec.org/f/pch261.html,eligible,0,,1003.0,2587.0,RePEc
pgo49,Austan Goolsbee,National Bureau of Economic Research (NBER),http://gsbadg.uchicago.edu/,https://ideas.repec.org/e/pgo49.html,eligible,0,,1405.0,1003.0,RePEc
pro190,Mark J. Roberts,Pennsylvania State University,http://personal.psu.edu/m7r,https://ideas.repec.org/e/pro190.html,eligible,0,,1004.0,,RePEc
pde418,Hans Degryse,KU Leuven,http://sites.google.com/site/degrysehans/,https://ideas.repec.org/f/pde418.html,eligible,0,,1115.0,1004.0,RePEc
plu27,Erzo F.p. Luttmer,Dartmouth College,http://www.nber.org/~luttmer,https://ideas.repec.org/e/plu27.html,eligible,0,,1005.0,,RePEc
pal30,Stefania Albanesi,University of Miami,https://sites.google.com/site/stefaniaalbanesi/,https://ideas.repec.org/e/pal30.html,eligible,0,,2268.0,1005.0,RePEc
pos55,Elinor Ostrom,,https://www.nobelprize.org/prizes/economic-sciences/2009/ostrom/facts/,https://ideas.repec.org/e/pos55.html,won,2009,,1006.0,,RePEc
pza123,Chahir Zaki,Université d'Orléans,http://sites.google.com/site/chahirzaki/,https://ideas.repec.org/e/pza123.html,eligible,0,,,1006.0,RePEc
pve34,Carlos Vegh,Johns Hopkins University,http://www.sais-jhu.edu/carlos-vegh,https://ideas.repec.org/e/pve34.html,eligible,0,,1007.0,,RePEc
pbo856,Lutz Bornmann,"Max Planck Gesellschaft, Generalverwaltung (Max Planck Society, Administrative Headquarters)",https://www.researchgate.net/profile/Lutz_Bornmann,https://ideas.repec.org/f/pbo856.html,eligible,0,,2263.0,1007.0,RePEc
pbu16,James M. Buchanan,,https://www.nobelprize.org/prizes/economic-sciences/1986/buchanan/facts/,https://ideas.repec.org/e/pbu16.html,won,1986,,1008.0,,RePEc
pfa220,Mara Faccio,Purdue University,http://www.krannert.purdue.edu/faculty/mfaccio/home.asp,https://ideas.repec.org/f/pfa220.html,eligible,0,,1009.0,,RePEc
pbo47,Alison Lee Booth,Australian National University,https://rse.anu.edu.au/about/staff-directory/professor-alison-booth,https://ideas.repec.org/e/pbo47.html,eligible,0,,1010.0,,RePEc
psc777,Edouard Schaal,Barcelona School of Economics (BSE),https://sites.google.com/site/edouardschaal/,https://ideas.repec.org/f/psc777.html,eligible,0,,,1010.0,RePEc
pdi178,John Enrico DiNardo,,,https://ideas.repec.org/e/pdi178.html,deceased,0,,1011.0,,RePEc
psa150,Juan M. Sanchez,Federal Reserve Bank of St. Louis,https://www.juanmsanchezecon.com/,https://ideas.repec.org/e/psa150.html,eligible,0,,2811.0,1011.0,RePEc
pxi88,Wei Xiong,Princeton University,http://www.princeton.edu/~wxiong/,https://ideas.repec.org/e/pxi88.html,eligible,0,,1012.0,2676.0,RePEc
pme66,Gilbert Metcalf,Tufts University,https://ase.tufts.edu/economics/people/peopleMetcalf.htm,https://ideas.repec.org/e/pme66.html,eligible,0,,1019.0,1012.0,RePEc
pwh68,Laura Wherry,New York University (NYU),http://www.laurawherry.com,https://ideas.repec.org/e/pwh68.html,eligible,0,,,1013.0,RePEc
pzo110,Eric Zou,National Bureau of Economic Research (NBER),http://www.eric-zou.com/,https://ideas.repec.org/e/pzo110.html,eligible,0,,,1014.0,RePEc
pma507,Massimo Marinacci,Università Commerciale Luigi Bocconi,http://faculty.unibocconi.eu/massimomarinacci/,https://ideas.repec.org/f/pma507.html,eligible,0,,1015.0,3421.0,RePEc
pei70,Tim Eisert,Universidade Nova de Lisboa,https://sites.google.com/site/eiserttim/home,https://ideas.repec.org/e/pei70.html,eligible,0,,,1015.0,RePEc
pwe359,Martin Weber,,https://www.bwl.uni-mannheim.de/weber/,https://ideas.repec.org/f/pwe359.html,eligible,0,,1016.0,2450.0,RePEc
pbh89,Manudeep Bhuller,Universitetet i Oslo,https://sites.google.com/site/manudeepbhuller,https://ideas.repec.org/e/pbh89.html,eligible,0,,,1016.0,RePEc
pmo1084,Richhild Moessner,Bank for International Settlements (BIS),,https://ideas.repec.org/f/pmo1084.html,eligible,0,,3684.0,1017.0,RePEc
pdi388,Marcus Dillender,Vanderbilt University,https://www.marcusdillender.com/,https://ideas.repec.org/f/pdi388.html,eligible,0,,,1018.0,RePEc
pal346,Annette Alstadsæter,Norges miljø- og biovitenskapelig universitet,,https://ideas.repec.org/f/pal346.html,eligible,0,,,1019.0,RePEc
pgh108,Maitreesh Ghatak,London School of Economics (LSE),http://personal.lse.ac.uk/ghatak/,https://ideas.repec.org/e/pgh108.html,eligible,0,,1020.0,1043.0,RePEc
pba288,Hrabrin Ianouchev Bachev,Institute of Agricultural Economics (IAE),http://hrabrin-bachev.my.contact.bg/,https://ideas.repec.org/f/pba288.html,eligible,0,,3090.0,1020.0,RePEc
pst365,Nancy Stokey,University of Chicago,,https://ideas.repec.org/f/pst365.html,eligible,0,,1021.0,,RePEc
pde116,Klaus Desmet,Southern Methodist University,https://people.smu.edu/kdesmet/,https://ideas.repec.org/e/pde116.html,eligible,0,,1634.0,1021.0,RePEc
pdo36,Frédéric Docquier,Luxembourg Institute of Socio-Economic Research (LISER),https://sites.google.com/view/fredericdocquier,https://ideas.repec.org/e/pdo36.html,eligible,0,,1022.0,1431.0,RePEc
pli570,Hua Liao,Beijing Institute of Technology,https://orcid.org/0000-0002-4835-927X,https://ideas.repec.org/f/pli570.html,eligible,0,,,1022.0,RePEc
pje46,Glenn Paul Jenkins,Queen's University,https://www.econ.queensu.ca/people/faculty/glenn-jenkins,https://ideas.repec.org/e/pje46.html,eligible,0,,1023.0,2241.0,RePEc
pwo217,Arlene Wong,Princeton University,http://www.arlene-wong.com,https://ideas.repec.org/f/pwo217.html,eligible,0,,,1023.0,RePEc
pho4,V. Joseph Hotz,Duke University,https://public.econ.duke.edu/~vjh3/,https://ideas.repec.org/e/pho4.html,eligible,0,,1024.0,3426.0,RePEc
ple945,Sang-Ho Lee,Chonnam National University,https://www.researchgate.net/profile/Sang_Ho_Lee5,https://ideas.repec.org/f/ple945.html,eligible,0,,,1024.0,RePEc
pic1,Hidehiko Ichimura,University of Arizona,,https://ideas.repec.org/e/pic1.html,eligible,0,,1025.0,,RePEc
pke151,Melissa Schettini Kearney,University of Notre Dame,,https://ideas.repec.org/e/pke151.html,eligible,0,,1175.0,1025.0,RePEc
pli76,Frank Lichtenberg,Columbia University,http://www8.gsb.columbia.edu/cbs-directory/detail/frl1,https://ideas.repec.org/e/pli76.html,eligible,0,,1026.0,,RePEc
pba244,Jonathan Andrew Batten,RMIT University,https://www.rmit.edu.au/contact/staff-contacts/academic-staff/b/batten-professor-jonathan,https://ideas.repec.org/f/pba244.html,eligible,0,,,1026.0,RePEc
pan42,Simon Anderson,University of Virginia,https://economics.virginia.edu/people/simon-anderson,https://ideas.repec.org/e/pan42.html,eligible,0,,1027.0,,RePEc
pod31,Ted O'Donoghue,Cornell University,https://blogs.cornell.edu/odonoghue/,https://ideas.repec.org/e/pod31.html,eligible,0,,1028.0,,RePEc
pve269,Francisco Venegas-Martínez,Instituto Politécnico Nacional,,https://ideas.repec.org/f/pve269.html,eligible,0,,1282.0,1028.0,RePEc
pto104,Petia Topalova,International Monetary Fund (IMF),,https://ideas.repec.org/e/pto104.html,eligible,0,,1029.0,2169.0,RePEc
pmi702,Stefan Minner,Technische Universität München,https://www.ot.mgt.tum.de/log/team/minner/,https://ideas.repec.org/f/pmi702.html,eligible,0,,,1029.0,RePEc
pde1,Michael P. Devereux,Oxford University,http://www.sbs.ox.ac.uk/tax/,https://ideas.repec.org/e/pde1.html,eligible,0,,1030.0,,RePEc
psh202,Adam Hale Shapiro,Federal Reserve Bank of San Francisco,http://sites.google.com/site/adamshap/,https://ideas.repec.org/f/psh202.html,eligible,0,,,1030.0,RePEc
piw9,Ichiro Iwasaki,Okinawa University,https://researchmap.jp/ichiro_iwasaki/teaching_experience?lang=en,https://ideas.repec.org/e/piw9.html,eligible,0,,2689.0,1031.0,RePEc
pwe185,Jörgen W. Weibull,Stockholm School of Economics,https://sites.google.com/view/jorgenweibull/,https://ideas.repec.org/e/pwe185.html,eligible,0,,1032.0,,RePEc
pca21,Marco Caliendo,Universität Potsdam,http://www.caliendo.de,https://ideas.repec.org/e/pca21.html,eligible,0,,1033.0,1393.0,RePEc
pgo200,Mikhail Golosov,University of Chicago,https://voices.uchicago.edu/golosov/,https://ideas.repec.org/e/pgo200.html,eligible,0,,1038.0,1033.0,RePEc
pgr231,Mark Grinblatt,University of California-Los Angeles (UCLA),,https://ideas.repec.org/f/pgr231.html,eligible,0,,1034.0,,RePEc
pme185,Friederike Mengel,University of Essex,http://sites.google.com/site/friederikemengel/,https://ideas.repec.org/e/pme185.html,eligible,0,,,1034.0,RePEc
pha1102,Michael Hanemann,Arizona State University,,https://ideas.repec.org/f/pha1102.html,eligible,0,,1035.0,3424.0,RePEc
pba76,Timothy J. Bartik,W.E. Upjohn Institute for Employment Research,https://www.upjohn.org/about/upjohn-team/staff/timothy-j-bartik,https://ideas.repec.org/e/pba76.html,eligible,0,,1036.0,2939.0,RePEc
pvo139,Ulrich Volz,School of Oriental and African Studies (SOAS),,https://ideas.repec.org/e/pvo139.html,eligible,0,,,1036.0,RePEc
pth20,Duncan Thomas,Duke University,http://ipl.econ.duke.edu/dthomas,https://ideas.repec.org/e/pth20.html,eligible,0,,1037.0,,RePEc
pbe1338,Peter Bergman,University of Texas-Austin,https://www.learningcollider.org/peter-bergman,https://ideas.repec.org/f/pbe1338.html,eligible,0,,,1037.0,RePEc
pdo2,Tom Doan,Northwestern University,http://www.estima.com,https://ideas.repec.org/e/pdo2.html,eligible,0,,,1038.0,RePEc
pro248,John H. Rogers,Fudan University,https://johnrogerseconomist.net,https://ideas.repec.org/f/pro248.html,eligible,0,,1039.0,1212.0,RePEc
pxe5,Dimitrios Xefteris,University of Cyprus,http://dxefteris.googlepages.com,https://ideas.repec.org/e/pxe5.html,eligible,0,,,1039.0,RePEc
pde131,Harold Demsetz,,,https://ideas.repec.org/e/pde131.html,deceased,0,,1041.0,,RePEc
pba1401,Matthew D. Baron,Cornell University,https://gufaculty360.georgetown.edu/s/faculty-profile?netID=mb3023,https://ideas.repec.org/f/pba1401.html,eligible,0,,,1041.0,RePEc
pwi238,L. Alan Winters,University of Sussex,,https://ideas.repec.org/f/pwi238.html,eligible,0,,1042.0,,RePEc
pde650,Peter M. DeMarzo,Stanford University,http://faculty-gsb.stanford.edu/demarzo/,https://ideas.repec.org/f/pde650.html,eligible,0,,1043.0,1254.0,RePEc
pwe334,Barry R. Weingast,Stanford University,https://www.stanford.edu/group/mcnollgast/cgi-bin/wordpress/,https://ideas.repec.org/f/pwe334.html,eligible,0,,1044.0,,RePEc
phu9,Jennifer Hunt,Rutgers University-New Brunswick,http://users.nber.org/~jhunt/,https://ideas.repec.org/e/phu9.html,eligible,0,,1045.0,3188.0,RePEc
pzh471,Lin Zhang,"School of Energy and Environment, City University of Hong Kong",https://scholars.cityu.edu.hk/en/persons/lin-zhang(82d36211-2260-4aa7-9419-aa6e663fdaf6).html,https://ideas.repec.org/f/pzh471.html,eligible,0,,,1045.0,RePEc
pwa40,Michael Waldman,Cornell University,http://www.johnson.cornell.edu/faculty-research/faculty/mw46/,https://ideas.repec.org/e/pwa40.html,eligible,0,,1046.0,,RePEc
pel264,Ahmed Ahmed Elamer,Alfaisal University,https://www.brunel.ac.uk/people/ahmed-elamer,https://ideas.repec.org/f/pel264.html,eligible,0,,,1046.0,RePEc
psc69,Martin Schneider,Stanford University,http://www.stanford.edu/~schneidr/,https://ideas.repec.org/e/psc69.html,eligible,0,,1047.0,,RePEc
pch756,Mikhail Chernov,University of California-Los Angeles (UCLA),http://sites.google.com/site/mbchernov,https://ideas.repec.org/f/pch756.html,eligible,0,,1509.0,1047.0,RePEc
pmu87,Richard J. Murnane,National Bureau of Economic Research (NBER),,https://ideas.repec.org/e/pmu87.html,eligible,0,,1048.0,,RePEc
pbe1067,Youssef Benzarti,University of California-Santa Barbara (UCSB),https://sites.google.com/view/benzarti/?authuser=1,https://ideas.repec.org/f/pbe1067.html,eligible,0,,,1048.0,RePEc
pbe151,Hendrik Bessembinder,Arizona State University,https://search.asu.edu/profile/10341,https://ideas.repec.org/e/pbe151.html,eligible,0,,1049.0,1744.0,RePEc
pbo699,Alexandra Bozhechkova,Gaidar Institute for Economic Policy,,https://ideas.repec.org/f/pbo699.html,eligible,0,,,1049.0,RePEc
pag47,Sumit Agarwal,National University of Singapore (NUS),http://www.ushakrisna.com,https://ideas.repec.org/e/pag47.html,eligible,0,,1050.0,,RePEc
pve137,Frank Verboven,KU Leuven,https://sites.google.com/site/frankverbo/,https://ideas.repec.org/e/pve137.html,eligible,0,,1149.0,1050.0,RePEc
psh42,Steven M. Shavell,National Bureau of Economic Research (NBER),,https://ideas.repec.org/e/psh42.html,eligible,0,,1051.0,,RePEc
pni29,Dirk Niepelt,Universität Bern,http://alum.mit.edu/www/niepelt,https://ideas.repec.org/e/pni29.html,eligible,0,,3247.0,1051.0,RePEc
pco206,Pierre-Philippe Combes,Sciences Po,https://sites.google.com/view/pierrephilippecombes/,https://ideas.repec.org/f/pco206.html,eligible,0,,1052.0,2000.0,RePEc
pal280,Yegandi,NILE VALLEY MULTIVERSITY (Nile Valley Multiversity),http://www.african-review.com/,https://ideas.repec.org/f/pal280.html,eligible,0,,,1052.0,RePEc
pva412,Sweder van Wijnbergen,Universiteit van Amsterdam,https://www.tinbergen.nl/person/1466/sweder-van-wijnbergen,https://ideas.repec.org/f/pva412.html,eligible,0,,1053.0,3113.0,RePEc
pka1669,Andrey Kaukin,Gaidar Institute for Economic Policy,,https://ideas.repec.org/f/pka1669.html,eligible,0,,,1053.0,RePEc
pse666,Robert Seamans,New York University (NYU),https://robertseamans.com/,https://ideas.repec.org/f/pse666.html,eligible,0,,,1054.0,RePEc
pye37,Stephen Ross Yeaple,National Bureau of Economic Research (NBER),,https://ideas.repec.org/e/pye37.html,eligible,0,,1055.0,,RePEc
pbl56,Rebecca M. Blank,,https://chancellor.wisc.edu/about,https://ideas.repec.org/e/pbl56.html,deceased,0,,1056.0,,RePEc
pci47,Antonio Ciccone,Barcelona School of Economics (BSE),http://www.antoniociccone.eu,https://ideas.repec.org/e/pci47.html,eligible,0,,1057.0,,RePEc
pma1755,Jeremy R. Magruder,University of California-Berkeley,http://ocf.berkeley.edu/~jmagruder,https://ideas.repec.org/f/pma1755.html,eligible,0,,,1057.0,RePEc
phe315,Garth Heutel,Georgia State University,http://sites.gsu.edu/gheutel/,https://ideas.repec.org/f/phe315.html,eligible,0,,2071.0,1058.0,RePEc
pho12,Seppo Mikko Sakari Honkapohja,Aalto-yliopisto,,https://ideas.repec.org/e/pho12.html,eligible,0,,1059.0,,RePEc
pku210,Marianna Kudlyak,Federal Reserve Bank of San Francisco,http://www.mariannakudlyak.com,https://ideas.repec.org/f/pku210.html,eligible,0,,3107.0,1059.0,RePEc
pra605,David S. Rapson,University of California-Davis,http://rapson.ucdavis.edu,https://ideas.repec.org/f/pra605.html,eligible,0,,,1060.0,RePEc
pho272,John Hoddinott,Cornell University,,https://ideas.repec.org/f/pho272.html,eligible,0,,1061.0,1627.0,RePEc
pmo1146,Khaled Mokni,Institut Supérieur de Gestion de Gabès,,https://ideas.repec.org/f/pmo1146.html,eligible,0,,,1061.0,RePEc
pal97,Facundo Alvaredo,Oxford University,,https://ideas.repec.org/e/pal97.html,eligible,0,,,1062.0,RePEc
pta125,Finn Tarp,Københavns Universitet,https://web.econ.ku.dk/ftarp/,https://ideas.repec.org/e/pta125.html,eligible,0,,1063.0,1187.0,RePEc
ple754,Philipp Lergetporer,Technische Universität München,http://www.cesifo-group.de/lergetporer-p,https://ideas.repec.org/f/ple754.html,eligible,0,,,1063.0,RePEc
pdu558,Martin Dufwenberg,Purdue University,https://sites.google.com/view/martin-dufwenberg,https://ideas.repec.org/f/pdu558.html,eligible,0,,1064.0,3202.0,RePEc
psm127,Jonathan Smith,Georgia State University,https://sites.google.com/site/jonathansmithphd/,https://ideas.repec.org/e/psm127.html,eligible,0,,,1064.0,RePEc
pka119,Charles Milton Kahn,University of Illinois at Urbana-Champaign,http://kahnfrance.com/cmk/,https://ideas.repec.org/e/pka119.html,eligible,0,,1065.0,,RePEc
pli716,Kai Li,University of British Columbia,https://sites.google.com/view/kaili/home,https://ideas.repec.org/f/pli716.html,eligible,0,,1623.0,1065.0,RePEc
pma513,Alberto Martin,Barcelona School of Economics (BSE),https://crei.cat/people/martin/,https://ideas.repec.org/f/pma513.html,eligible,0,,2020.0,1066.0,RePEc
psc64,Sergio Schmukler,World Bank Group,http://www.worldbank.org/en/about/people/s/sergio-schmukler,https://ideas.repec.org/e/psc64.html,eligible,0,,1067.0,1958.0,RePEc
pca441,Massimiliano Caporin,Università degli Studi di Padova - Dipartimento di Scienze Statistiche,,https://ideas.repec.org/f/pca441.html,eligible,0,,2502.0,1067.0,RePEc
pla18,Ricardo Lagos,New York University (NYU),https://sites.google.com/view/ricardolagos/,https://ideas.repec.org/e/pla18.html,eligible,0,,1068.0,1315.0,RePEc
pde83,Giovanni Dell'ariccia,International Monetary Fund (IMF),http://www.imf.org/external/np/cv/CV.aspx?AuthID=128,https://ideas.repec.org/e/pde83.html,eligible,0,,1069.0,1358.0,RePEc
pdi434,Jan Ditzen,Libera Università di Bolzano / Freie Universität Bozen,http://www.jan.ditzen.net,https://ideas.repec.org/f/pdi434.html,eligible,0,,,1069.0,RePEc
pir25,Douglas A. Irwin,Dartmouth College,http://www.dartmouth.edu/~dirwin,https://ideas.repec.org/e/pir25.html,eligible,0,,1070.0,2923.0,RePEc
pmi38,Paul Mizen,King's College London,https://sites.google.com/site/pdmizen/,https://ideas.repec.org/e/pmi38.html,eligible,0,,2478.0,1070.0,RePEc
pbu78,Claudia M. Buch,European Central Bank,,https://ideas.repec.org/e/pbu78.html,eligible,0,,1071.0,2728.0,RePEc
ple284,Hooi Hooi Lean,i-CATS University College,https://hooilean.wordpress.com/,https://ideas.repec.org/f/ple284.html,eligible,0,,2117.0,1071.0,RePEc
pst178,William C. Strange,University of Toronto,http://www.rotman.utoronto.ca/%7Ewstrange/,https://ideas.repec.org/e/pst178.html,eligible,0,,1072.0,,RePEc
psa605,Andre Sapir,Université Libre de Bruxelles,,https://ideas.repec.org/f/psa605.html,eligible,0,,1073.0,,RePEc
png36,Nguyen Viet Cuong,Mekong Development Research Institute,http://mdri.org.vn,https://ideas.repec.org/e/png36.html,eligible,0,,2748.0,1073.0,RePEc
pha907,Jessie Handbury,University of Pennsylvania,,https://ideas.repec.org/f/pha907.html,eligible,0,,,1077.0,RePEc
pwi9,Volker Wieland,Goethe Universität Frankfurt am Main,http://www.volkerwieland.com,https://ideas.repec.org/e/pwi9.html,eligible,0,,1078.0,,RePEc
pan395,Dan Andrews,Organisation de Coopération et de Développement Économiques (OCDE),http://www.oecd.org/eco/Dan_Andrews_OECD_CV.pdf,https://ideas.repec.org/f/pan395.html,eligible,0,,3531.0,1078.0,RePEc
ppa636,Thomas I. Palley,Hans Böckler Stiftung,http://thomaspalley.com/,https://ideas.repec.org/f/ppa636.html,eligible,0,,1079.0,1155.0,RePEc
pls1,Andreas Löschel,Ruhr-Universität Bochum,http://www.loeschel.eu,https://ideas.repec.org/e/pls1.html,eligible,0,,2209.0,1079.0,RePEc
pkl19,Steven Klepper,,http://www.cmu.edu/dietrich/sds/people/in-memoriam/steven-klepper.html,https://ideas.repec.org/e/pkl19.html,deceased,0,,1080.0,,RePEc
pdr141,Thomas Drechsel,Johns Hopkins University,http://thomas-drechsel.com,https://ideas.repec.org/e/pdr141.html,eligible,0,,,1080.0,RePEc
pka669,Jonathan Mark Karpoff,University of Washington,http://faculty.washington.edu/karpoff/,https://ideas.repec.org/f/pka669.html,eligible,0,,1081.0,1466.0,RePEc
pfi338,Stefano Fiorin,Università Commerciale Luigi Bocconi,http://www.stefanofiorin.com,https://ideas.repec.org/f/pfi338.html,eligible,0,,,1081.0,RePEc
pwa73,Etienne Wasmer,New York University Abu Dhabi,https://sites.google.com/site/etiennewasmer/home,https://ideas.repec.org/e/pwa73.html,eligible,0,,1082.0,,RePEc
pqi25,Nancy Qian,Northwestern University,http://www.kellogg.northwestern.edu/faculty/qian/index.html,https://ideas.repec.org/e/pqi25.html,eligible,0,,1173.0,1082.0,RePEc
psc174,Jürgen Schupp,DIW Berlin (Deutsches Institut für Wirtschaftsforschung),http://www.diw.de/cv/en/jschupp,https://ideas.repec.org/e/psc174.html,eligible,0,,1083.0,2212.0,RePEc
pbu218,Philip Bunn,Bank of England,,https://ideas.repec.org/f/pbu218.html,eligible,0,,,1083.0,RePEc
pla194,Robert John LaLonde,,,https://ideas.repec.org/e/pla194.html,deceased,0,,1084.0,,RePEc
pce135,Eugenio Martin Cerutti,International Monetary Fund (IMF),http://www.eugeniocerutti.com/,https://ideas.repec.org/e/pce135.html,eligible,0,,2454.0,1084.0,RePEc
pro746,Stuart S. Rosenthal,Syracuse University,http://faculty.maxwell.syr.edu/rosenthal,https://ideas.repec.org/f/pro746.html,eligible,0,,1085.0,3294.0,RePEc
ppa1470,Dharen Kumar Pandey,"P. G. Department of Commerce, Magadh University",https://orcid.org/0000-0002-0030-1781,https://ideas.repec.org/f/ppa1470.html,eligible,0,,,1085.0,RePEc
pba505,Ray Ball,University of Chicago,https://appcenter.chicagobooth.edu/Apps/FacultyStaffDirectory/FSDView.aspx?person_id=870,https://ideas.repec.org/f/pba505.html,eligible,0,,1086.0,,RePEc
pko451,Hans Koster,Vrije Universiteit Amsterdam,http://www.urbaneconomics.nl,https://ideas.repec.org/f/pko451.html,eligible,0,,,1086.0,RePEc
phe368,John F. Helliwell,University of British Columbia,http://faculty.arts.ubc.ca/jhelliwell/,https://ideas.repec.org/f/phe368.html,eligible,0,,1087.0,,RePEc
pan227,Philippe Andrade,Federal Reserve Bank of Boston,http://sites.google.com/site/philippeandradeeconomics/,https://ideas.repec.org/f/pan227.html,eligible,0,,,1087.0,RePEc
pde896,Anthony A. DeFusco,University of Wisconsin-Madison,http://www.anthonydefusco.com,https://ideas.repec.org/f/pde896.html,eligible,0,,,1088.0,RePEc
pfr22,Daniel Friedman,University of California-Santa Cruz (UCSC),https://leeps.ucsc.edu/people/details/dan-friedman,https://ideas.repec.org/e/pfr22.html,eligible,0,,1089.0,,RePEc
pha1094,W Walker Hanlon,Northwestern University,http://walkerhanlon.com/,https://ideas.repec.org/f/pha1094.html,eligible,0,,,1089.0,RePEc
pdi189,Georges Dionne,HEC Montréal (École des Hautes Études Commerciales),https://www.risksresearch.com/,https://ideas.repec.org/e/pdi189.html,eligible,0,,1090.0,,RePEc
pne193,Florian Neumeier,ifo Institut - Leibniz-Institut für Wirtschaftsforschung an der Universität München e.V.,https://www.ifo.de/neumeier-f,https://ideas.repec.org/e/pne193.html,eligible,0,,,1090.0,RePEc
pli817,Yue Li,University at Albany,http://www.sites.google.com/site/yueliecon/,https://ideas.repec.org/f/pli817.html,eligible,0,,,1091.0,RePEc
pli184,Jeffrey B. Liebman,Harvard University,http://www.ksg.harvard.edu/jeffreyliebman/,https://ideas.repec.org/e/pli184.html,eligible,0,,1092.0,,RePEc
pqu97,Pablo Querubin,"New York University, Department of Politics",https://sites.google.com/site/pabloquerubin/,https://ideas.repec.org/e/pqu97.html,eligible,0,,,1092.0,RePEc
pse464,David Seim,Stockholms Universitet,http://www.davidseim.com/,https://ideas.repec.org/f/pse464.html,eligible,0,,,1093.0,RePEc
pgr127,David Greenaway,University of Nottingham,http://www.nottingham.ac.uk/economics/staff/details/david_greenaway.html,https://ideas.repec.org/e/pgr127.html,eligible,0,,1094.0,,RePEc
pwi451,Riley Wilson,Brigham Young University,https://economics.byu.edu/directory/riley-wilson,https://ideas.repec.org/f/pwi451.html,eligible,0,,,1094.0,RePEc
plo26,J. David Lopez-Salido,Centre for Economic Policy Research (CEPR),http://www.federalreserve.gov/econresdata/j-david-lopez-salido.htm,https://ideas.repec.org/e/plo26.html,eligible,0,,1095.0,,RePEc
pga388,Erwan Gautier,Banque de France,https://sites.google.com/site/erwangautiereconomics/,https://ideas.repec.org/f/pga388.html,eligible,0,,3581.0,1095.0,RePEc
psc367,Susanne Schennach,Brown University,https://sites.google.com/a/brown.edu/smschenn/home,https://ideas.repec.org/f/psc367.html,eligible,0,,1096.0,2524.0,RePEc
pfe454,Miguel A. Ferreira,Universidade Nova de Lisboa,http://docentes.fe.unl.pt/~mferreira/,https://ideas.repec.org/f/pfe454.html,eligible,0,,1212.0,1096.0,RePEc
pga77,Luis Garicano,London School of Economics (LSE),http://luisgaricano.eu,https://ideas.repec.org/e/pga77.html,eligible,0,,1097.0,,RePEc
psc453,Hannah Schildberg-Hoerisch,Heinriche-Heine-Universität Düsseldorf,https://www.dice.hhu.de/en/diceteam/professors/prof-dr-hannah-schildberg-hoerisch,https://ideas.repec.org/f/psc453.html,eligible,0,,,1097.0,RePEc
pch567,Jean-Paul Chavas,University of Wisconsin-Madison,,https://ideas.repec.org/f/pch567.html,eligible,0,,1098.0,,RePEc
pna157,Wim Naudé,Rheinisch-Westfälische Technische Hochschule Aachen,https://www.wimnaude.com,https://ideas.repec.org/e/pna157.html,eligible,0,,2184.0,1098.0,RePEc
pmo1210,Jack Mountjoy,University of Chicago,http://www.jackmountjoy.net,https://ideas.repec.org/f/pmo1210.html,eligible,0,,,1099.0,RePEc
pgr24,Avner Greif,Stanford University,,https://ideas.repec.org/e/pgr24.html,eligible,0,,1100.0,,RePEc
pgo19,Marvin Goodfriend,,,https://ideas.repec.org/e/pgo19.html,deceased,0,,1101.0,,RePEc
pga362,Jiti Gao,Monash University,https://research.monash.edu/en/persons/jiti-gao,https://ideas.repec.org/f/pga362.html,eligible,0,,2180.0,1101.0,RePEc
pmo131,John Morgan,,,https://ideas.repec.org/e/pmo131.html,deceased,0,,1102.0,,RePEc
pkh17,Konstantin Kholodilin,DIW Berlin (Deutsches Institut für Wirtschaftsforschung),http://www.diw.de/de/diw_01.c.100376.de/ueber_uns/menschen_am_diw_berlin/mitarbeiter/innen/mitarbeit,https://ideas.repec.org/e/pkh17.html,eligible,0,,2418.0,1102.0,RePEc
pju57,Bruno Jullien,Toulouse School of Economics (TSE),http://www.tse-fr.eu/people/bruno-jullien,https://ideas.repec.org/e/pju57.html,eligible,0,,1103.0,1818.0,RePEc
pin87,John Nkwoma Inekwe,Macquarie University,,https://ideas.repec.org/e/pin87.html,eligible,0,,,1103.0,RePEc
pma73,Harry M. Markowitz,,,https://ideas.repec.org/e/pma73.html,won,1990,,1104.0,,RePEc
pbj3,Christian Bjørnskov,Aarhus Universitet,http://pure.au.dk/portal/da/chbj@asb.dk,https://ideas.repec.org/e/pbj3.html,eligible,0,,1682.0,1104.0,RePEc
pti17,Clement Tisdell,,,https://ideas.repec.org/e/pti17.html,deceased,0,,1105.0,,RePEc
psp102,Jörg L. Spenkuch,Northwestern University,https://jspenkuch.github.io,https://ideas.repec.org/e/psp102.html,eligible,0,,,1105.0,RePEc
pah63,Gabriel M. Ahlfeldt,London School of Economics (LSE),http://personal.lse.ac.uk/ahlfeldg/,https://ideas.repec.org/e/pah63.html,eligible,0,,2485.0,1106.0,RePEc
pma174,Roberto S. Mariano,,,https://ideas.repec.org/e/pma174.html,deceased,0,,1107.0,,RePEc
ple1138,Ro'ee Levy,Tel Aviv University,http://roeelevy.com,https://ideas.repec.org/f/ple1138.html,eligible,0,,,1107.0,RePEc
pge194,Paul Gertler,University of California-Berkeley,,https://ideas.repec.org/e/pge194.html,eligible,0,,1108.0,2134.0,RePEc
ppa1083,Evgenia Passari,Université Paris-Dauphine (Paris IX),https://sites.google.com/site/evgeniapassari/,https://ideas.repec.org/f/ppa1083.html,eligible,0,,,1108.0,RePEc
pme136,Loretta J. Mester,University of Pennsylvania,https://www.clevelandfed.org/people/profiles/m/mester-loretta-j,https://ideas.repec.org/e/pme136.html,eligible,0,,1109.0,,RePEc
pma1291,Filip Matejka,Center for Economic Research and Graduate Education and Economics Institute (CERGE-EI),http://home.cerge-ei.cz/matejka/,https://ideas.repec.org/f/pma1291.html,eligible,0,,3159.0,1109.0,RePEc
pfr18,Paul Frijters,London School of Economics (LSE),http://www.liberamentis.org,https://ideas.repec.org/e/pfr18.html,eligible,0,,1110.0,2493.0,RePEc
pra1,Raghavendra Rau,University of Cambridge,http://www.jbs.cam.ac.uk/research/faculty/rau.html,https://ideas.repec.org/e/pra1.html,eligible,0,,2907.0,1110.0,RePEc
pli54,Justin Yifu Lin,Peking University,,https://ideas.repec.org/e/pli54.html,eligible,0,,1111.0,,RePEc
ppa1363,Theodore Panagiotidis,University of Macedonia,https://sites.google.com/view/prof-theodore-panagiotidis/,https://ideas.repec.org/f/ppa1363.html,eligible,0,,3002.0,1111.0,RePEc
pst75,David I. Stern,Australian National University,http://www.sterndavidi.com,https://ideas.repec.org/e/pst75.html,eligible,0,,1112.0,2935.0,RePEc
pla423,Augustin Landier,HEC Paris (École des Hautes Études Commerciales),https://sites.google.com/site/augustinlandier/,https://ideas.repec.org/f/pla423.html,eligible,0,,1455.0,1113.0,RePEc
pco40,Ronald H. Coase,,https://www.nobelprize.org/prizes/economic-sciences/1991/coase/facts/,https://ideas.repec.org/e/pco40.html,won,1991,,1114.0,,RePEc
pwe32,Andrea Weber,Central European University,https://people.ceu.edu/andrea_weber,https://ideas.repec.org/e/pwe32.html,eligible,0,,1116.0,2019.0,RePEc
pku113,Saten Kumar,Auckland University of Technology,https://www.satenkumar.com/,https://ideas.repec.org/e/pku113.html,eligible,0,,,1116.0,RePEc
pha305,Timothy James Hatton,Australian National University,https://sites.google.com/site/timhattonwebsite/,https://ideas.repec.org/f/pha305.html,eligible,0,,1117.0,2773.0,RePEc
pdu24,Jean-Marie Dufour,McGill University,http://www.jeanmariedufour.com,https://ideas.repec.org/e/pdu24.html,eligible,0,,1118.0,,RePEc
pla954,Nathaniel Lane,Oxford University,http://nathanlane.info,https://ideas.repec.org/f/pla954.html,eligible,0,,,1118.0,RePEc
pja181,Julapa A. Jagtiani,Federal Reserve Bank of Philadelphia,https://www.philadelphiafed.org/our-people/julapa-jagtiani,https://ideas.repec.org/e/pja181.html,eligible,0,,,1119.0,RePEc
pne29,Richard Newell,Resources for the Future (RFF),https://scholars.duke.edu/display/per1676282,https://ideas.repec.org/e/pne29.html,eligible,0,,1120.0,2027.0,RePEc
pgi103,Jose Ignacio Gimenez-Nadal,Universidad de Zaragoza,https://sites.google.com/site/jignaciogimeneznadal/,https://ideas.repec.org/e/pgi103.html,eligible,0,,,1120.0,RePEc
pbo45,A.L.Bovenberg,Universiteit van Tilburg,http://www.tilburguniversity.edu/webwijs/show/?uid=a.l.bovenberg,https://ideas.repec.org/e/pbo45.html,eligible,0,,1121.0,,RePEc
psa2079,Suleman Sarwar,جامعه جده,,https://ideas.repec.org/f/psa2079.html,eligible,0,,,1121.0,RePEc
phe429,Patric H. Hendershott,DePaul University,,https://ideas.repec.org/f/phe429.html,eligible,0,,1123.0,,RePEc
pbo433,Wouter Botzen,Vrije Universiteit Amsterdam,http://www.ivm.vu.nl/en/people/researchers/environmental-economics/botzen/index.asp,https://ideas.repec.org/f/pbo433.html,eligible,0,,,1123.0,RePEc
ppa261,Ian Parry,International Monetary Fund (IMF),http://www.rff.org/parry.cfm,https://ideas.repec.org/f/ppa261.html,eligible,0,,1124.0,2261.0,RePEc
ppe325,Ivan Petrella,Centre for Economic Policy Research (CEPR),https://sites.google.com/view/ivanpetrella/home/,https://ideas.repec.org/f/ppe325.html,eligible,0,,,1124.0,RePEc
pfa165,Jianqing Fan,Princeton University,https://fan.princeton.edu/,https://ideas.repec.org/e/pfa165.html,eligible,0,,1126.0,1386.0,RePEc
psh256,Azeem M. Shaikh,University of Chicago,http://home.uchicago.edu/~amshaikh,https://ideas.repec.org/f/psh256.html,eligible,0,,2159.0,1126.0,RePEc
pmu32,Ram Mudambi,Temple University,https://www.fox.temple.edu/directory/ram-mudambi-rmudambi,https://ideas.repec.org/e/pmu32.html,eligible,0,,1910.0,1127.0,RePEc
pge238,Jonah B. Gelbach,University of Pennsylvania Law School,,https://ideas.repec.org/f/pge238.html,eligible,0,,1128.0,,RePEc
pva83,Maarten van Rooij,de Nederlandsche Bank,https://www.dnb.nl/en/research/personal-pages/maarten-van-rooij/,https://ideas.repec.org/e/pva83.html,eligible,0,,2493.0,1128.0,RePEc
pcr1,Peter Cramton,Universität zu Köln,https://cramton.umd.edu/,https://ideas.repec.org/e/pcr1.html,eligible,0,,1129.0,,RePEc
pwi218,David Geoffrey Wiczer,Federal Reserve Bank of New York,https://sites.google.com/site/davidwiczer/,https://ideas.repec.org/f/pwi218.html,eligible,0,,,1129.0,RePEc
pfa12,Carlo Favero,Università Commerciale Luigi Bocconi,https://mypage.unibocconi.eu/carloambrogiofavero/,https://ideas.repec.org/e/pfa12.html,eligible,0,,1130.0,2696.0,RePEc
pma2722,Benjamin Marx,Boston University,https://sites.google.com/view/bmarx,https://ideas.repec.org/f/pma2722.html,eligible,0,,,1130.0,RePEc
pka21,Daniel Kaufmann,Brookings Institution,http://www.thekaufmannpost.net,https://ideas.repec.org/e/pka21.html,eligible,0,,1131.0,,RePEc
ppo41,Nattavudh Powdthavee,Nanyang Technological University,https://dr.ntu.edu.sg/entities/person/Nick-Powdthavee,https://ideas.repec.org/e/ppo41.html,eligible,0,,1833.0,1131.0,RePEc
pbo25,Henning Bohn,University of California-Santa Barbara (UCSB),http://econ.ucsb.edu/~bohn/,https://ideas.repec.org/e/pbo25.html,eligible,0,,1132.0,,RePEc
pse663,Edson Severnini,Boston College,https://sites.google.com/site/ersevernini/,https://ideas.repec.org/f/pse663.html,eligible,0,,,1132.0,RePEc
pja709,Christopher M James,University of Florida,https://sites.google.com/view/christopher-james/home,https://ideas.repec.org/f/pja709.html,eligible,0,,1133.0,,RePEc
ptu3,Matthew Turner,Brown University,https://matthewturner.org/,https://ideas.repec.org/e/ptu3.html,eligible,0,,1410.0,1133.0,RePEc
pro222,Peter M. Robinson,London School of Economics (LSE),http://econ.lse.ac.uk/staff/pmr/,https://ideas.repec.org/f/pro222.html,eligible,0,,1134.0,,RePEc
pra1195,Roy Radner,,,https://ideas.repec.org/f/pra1195.html,deceased,0,,1135.0,,RePEc
pde735,Stavros Degiannakis,Panteion University of Social and Political Sciences,https://scholar.google.com/citations?user=aEnFrQwAAAAJ&hl=en,https://ideas.repec.org/f/pde735.html,eligible,0,,,1135.0,RePEc
pbr268,Stephen J. Brown,New York University (NYU),http://pages.stern.nyu.edu/~sbrown/,https://ideas.repec.org/f/pbr268.html,eligible,0,,1136.0,2721.0,RePEc
pba1613,Ramez Badeeb,Vaasan yliopisto,,https://ideas.repec.org/f/pba1613.html,eligible,0,,,1136.0,RePEc
pgl14,Paul William Glewwe,University of Minnesota-St. Paul,http://www.apec.umn.edu/people/paul-glewwe,https://ideas.repec.org/e/pgl14.html,eligible,0,,1137.0,,RePEc
pbu214,Paul J. Burke,Australian National University,https://researchportalplus.anu.edu.au/en/persons/paul-burke,https://ideas.repec.org/f/pbu214.html,eligible,0,,,1137.0,RePEc
pku30,Ali M. Kutan,Southern Illinois University,https://scholar.google.com/citations?user=FNao_6sAAAAJ&hl=en,https://ideas.repec.org/e/pku30.html,eligible,0,,1188.0,1138.0,RePEc
pta60,M. Scott Taylor,University of Calgary,http://www.mstaylor1.org,https://ideas.repec.org/e/pta60.html,eligible,0,,1139.0,,RePEc
pgo87,Libertad Gonzalez,Barcelona School of Economics (BSE),https://libertadgonzalez.com/,https://ideas.repec.org/e/pgo87.html,eligible,0,,3112.0,1139.0,RePEc
pca46,Timothy Neal Cason,Purdue University,https://sites.google.com/view/tim-cason,https://ideas.repec.org/e/pca46.html,eligible,0,,1140.0,2249.0,RePEc
pre6,Alessandro Rebucci,Johns Hopkins University,https://carey.jhu.edu/faculty/faculty-directory/alessandro-rebucci-phd,https://ideas.repec.org/e/pre6.html,eligible,0,,2018.0,1140.0,RePEc
psa1748,Agnar Sandmo,,,https://ideas.repec.org/f/psa1748.html,deceased,0,,1141.0,,RePEc
pja531,Francisco Jareño,Universidad de Castilla La Mancha,http://orcid.org/0000-0001-9778-7345,https://ideas.repec.org/f/pja531.html,eligible,0,,,1141.0,RePEc
pbu155,Erwin Bulte,Wageningen Universiteit en Researchcentrum,,https://ideas.repec.org/e/pbu155.html,eligible,0,,1142.0,2002.0,RePEc
pch431,Yongqiang Chu,University of North Carolina-Charlotte,https://sites.google.com/site/yongqiangchu/,https://ideas.repec.org/f/pch431.html,eligible,0,,,1143.0,RePEc
pno50,Charles Noussair,Georgia State University,,https://ideas.repec.org/e/pno50.html,eligible,0,,1144.0,2800.0,RePEc
pgi174,Osea Giuntella,University of Pittsburgh,http://www.oseagiuntella.com,https://ideas.repec.org/e/pgi174.html,eligible,0,,,1144.0,RePEc
pcz10,Robert Czudaj,Technische Universität Bergakademie Freiberg,https://sites.google.com/site/robertczudaj/,https://ideas.repec.org/e/pcz10.html,eligible,0,,,1145.0,RePEc
pza207,Egon Zakrajšek,Federal Reserve Bank of Boston,https://www.bostonfed.org/people/bank/egon-zakrajsek.aspx,https://ideas.repec.org/f/pza207.html,eligible,0,,1146.0,1636.0,RePEc
ppa91,Harry Anthony Patrinos,Luxembourg Institute of Socio-Economic Research (LISER),https://hpatrinos.com/,https://ideas.repec.org/e/ppa91.html,eligible,0,,2448.0,1146.0,RePEc
pha63,Peter Hansen,University of North Carolina-Chapel-Hill,https://reinhardhansen.github.io/,https://ideas.repec.org/e/pha63.html,eligible,0,,1147.0,,RePEc
pdi592,Rafael Dix-Carneiro,Duke University,https://sites.google.com/site/rafaeldixcarneiro/,https://ideas.repec.org/f/pdi592.html,eligible,0,,3188.0,1147.0,RePEc
pad89,Anat Admati,Stanford University,,https://ideas.repec.org/e/pad89.html,eligible,0,,1148.0,,RePEc
pbo522,Jamal Bouoiyour,Université de Pau et des Pays de l'Adour,,https://ideas.repec.org/f/pbo522.html,eligible,0,,,1148.0,RePEc
pdu3,John Duffy,University of California-Irvine,https://sites.socsci.uci.edu/~duffy/,https://ideas.repec.org/e/pdu3.html,eligible,0,,1150.0,1651.0,RePEc
pbr264,Jeffrey Robert Brown,University of Illinois at Urbana-Champaign,https://giesbusiness.illinois.edu/profile/jeffrey-brown,https://ideas.repec.org/f/pbr264.html,eligible,0,,1151.0,,RePEc
pwi453,Alexander Willén,Norges Handelshøyskole (NHH),http://alexanderwillen.com,https://ideas.repec.org/f/pwi453.html,eligible,0,,,1151.0,RePEc
pph37,Tomas Philipson,University of Southern California,http://harrisschool.uchicago.edu/faculty/web-pages/tomas-philipson.asp,https://ideas.repec.org/e/pph37.html,eligible,0,,1152.0,,RePEc
pfe315,Bruno Ferman,Fundação Getúlio Vargas (FGV),https://sites.google.com/site/brunoferman/home,https://ideas.repec.org/f/pfe315.html,eligible,0,,,1152.0,RePEc
pmu563,Michael Louis Mussa,,,https://ideas.repec.org/f/pmu563.html,deceased,0,,1153.0,,RePEc
pte309,Stephen James Terry,University of Michigan,https://www.umich.edu/~sjterry,https://ideas.repec.org/f/pte309.html,eligible,0,,3663.0,1153.0,RePEc
pth54,William Thomson,University of Rochester,,https://ideas.repec.org/e/pth54.html,eligible,0,,1154.0,,RePEc
ple914,Sang Yoon,Queen Mary University of London,http://www.syleetim.net/,https://ideas.repec.org/f/ple914.html,eligible,0,,,1154.0,RePEc
pbe209,Roel Maria Wilhelmus Jozef Beetsma,Universiteit van Amsterdam,https://www.uva.nl/en/profile/b/e/r.m.w.j.beetsma/r.m.w.j.beetsma.html,https://ideas.repec.org/f/pbe209.html,eligible,0,,1155.0,2078.0,RePEc
pch353,Jonathan Chiu,Bank of Canada,,https://ideas.repec.org/f/pch353.html,eligible,0,,,1157.0,RePEc
pde80,Jose De Gregorio,Universidad de Chile,http://www.econ.uchile.cl/jdegregorio,https://ideas.repec.org/e/pde80.html,eligible,0,,1158.0,,RePEc
pzi120,James P. Ziliak,University of Kentucky,https://sites.google.com/site/jamesziliak/,https://ideas.repec.org/e/pzi120.html,eligible,0,,2171.0,1158.0,RePEc
pst378,Frank Peter Stafford,,,https://ideas.repec.org/f/pst378.html,eligible,0,,1159.0,,RePEc
pyi76,易君健,Peking University,https://en.nsd.pku.edu.cn/faculty/fulltime/y/520194.htm,https://ideas.repec.org/e/pyi76.html,eligible,0,,,1159.0,RePEc
pma412,Jakob B. Madsen,University of Western Australia,https://research-repository.uwa.edu.au/en/persons/00031798,https://ideas.repec.org/f/pma412.html,eligible,0,,1160.0,1474.0,RePEc
pba1660,"John M. Barrios, Jr.",Washington University in St. Louis,https://www.johnmbarrios.org,https://ideas.repec.org/f/pba1660.html,eligible,0,,,1160.0,RePEc
pag57,Mark Aguiar,University of Rochester,http://www.markaguiar.com,https://ideas.repec.org/e/pag57.html,eligible,0,,1161.0,2560.0,RePEc
pca325,Giovanni Caggiano,Monash University,https://sites.google.com/site/giovannicaggiano72/home,https://ideas.repec.org/f/pca325.html,eligible,0,,,1161.0,RePEc
plo65,Ben Lockwood,University of Warwick,,https://ideas.repec.org/e/plo65.html,eligible,0,,1162.0,,RePEc
pdu64,Romain Duval,International Monetary Fund (IMF),,https://ideas.repec.org/e/pdu64.html,eligible,0,,2404.0,1162.0,RePEc
pwo165,Christopher Woodruff,Oxford University,,https://ideas.repec.org/e/pwo165.html,eligible,0,,1163.0,,RePEc
pve40,Laura Veldkamp,Columbia University,https://www.gsb.columbia.edu/faculty/lveldkamp,https://ideas.repec.org/e/pve40.html,eligible,0,,1164.0,1637.0,RePEc
pga472,Luca Gambetti,Barcelona School of Economics (BSE),http://pareto.uab.es/lgambetti/,https://ideas.repec.org/f/pga472.html,eligible,0,,2067.0,1164.0,RePEc
pgi36,Marc P. Giannoni,Barclays Corporate and Investment Bank,,https://ideas.repec.org/e/pgi36.html,eligible,0,,1683.0,1165.0,RePEc
pah189,Wasim Ahmad,Indian Institute of Technology Kanpur,http://iitk.ac.in/new/wasim-ahmad,https://ideas.repec.org/e/pah189.html,eligible,0,,,1166.0,RePEc
pfe193,Paulo Jorge Silveira Ferreira,Instituto Politécnico de Portalegre,,https://ideas.repec.org/e/pfe193.html,eligible,0,,,1167.0,RePEc
pda815,Debojyoti Das,Indian Institute of Management Bangalore (IIMB),,https://ideas.repec.org/f/pda815.html,eligible,0,,,1168.0,RePEc
pho54,Bart Hobijn,Arizona State University,http://www.barthobijn.net,https://ideas.repec.org/e/pho54.html,eligible,0,,1169.0,2811.0,RePEc
pna248,Gisle James Natvik,BI Handelshøyskolen,https://sites.google.com/site/gjnatvik/,https://ideas.repec.org/f/pna248.html,eligible,0,,,1169.0,RePEc
pgo110,Daniel Gottlieb,London School of Economics (LSE),https://sites.usc.edu/gottlieb/,https://ideas.repec.org/e/pgo110.html,eligible,0,,,1170.0,RePEc
psp13,Daniel F. Spulber,Northwestern University,https://www.kellogg.northwestern.edu/faculty/directory/spulber_daniel.aspx,https://ideas.repec.org/e/psp13.html,eligible,0,,1171.0,3659.0,RePEc
pja726,Atif Jahanger,Hainan University,https://ibs.hainanu.edu.cn/info/1350/8631.htm,https://ideas.repec.org/f/pja726.html,eligible,0,,,1171.0,RePEc
pno17,Volker Nocke,Universität Mannheim,http://www.volkernocke.com,https://ideas.repec.org/e/pno17.html,eligible,0,,2154.0,1172.0,RePEc
pfo293,Eliza Forsythe,University of Illinois at Urbana-Champaign,https://elizaforsythe.web.illinois.edu/,https://ideas.repec.org/f/pfo293.html,eligible,0,,,1173.0,RePEc
pfa173,Mohammad Reza Farzanegan,Philipps-Universität Marburg,http://www.uni-marburg.de/cnms/wirtschaft,https://ideas.repec.org/e/pfa173.html,eligible,0,,,1174.0,RePEc
psc340,Uta Schoenberg,University College London (UCL),http://www.homepages.ucl.ac.uk/~uctpusc/,https://ideas.repec.org/f/psc340.html,eligible,0,,1408.0,1175.0,RePEc
pne58,Edward Nelson,Federal Reserve Board (Board of Governors of the Federal Reserve System),https://sites.google.com/site/edwardnelsonresearch/,https://ideas.repec.org/e/pne58.html,eligible,0,,1176.0,,RePEc
pfa200,Renato Faccini,Danmarks Nationalbank,https://sites.google.com/site/econrenatofaccini/,https://ideas.repec.org/e/pfa200.html,eligible,0,,,1176.0,RePEc
pba111,Philippe Bacchetta,Université de Lausanne,http://www.hec.unil.ch/pbacchetta,https://ideas.repec.org/e/pba111.html,eligible,0,,1177.0,2579.0,RePEc
pbe644,Joscha Beckmann,Fernuniversität in Hagen,,https://ideas.repec.org/f/pbe644.html,eligible,0,,,1177.0,RePEc
pbr203,Giorgio Brunello,Università degli Studi di Padova,http://giorgiobrunello.jimdo.com,https://ideas.repec.org/f/pbr203.html,eligible,0,,1178.0,1428.0,RePEc
pde730,Jonathan de Quidt,Stockholms Universitet,https://jondequidt.com,https://ideas.repec.org/f/pde730.html,eligible,0,,,1178.0,RePEc
pro477,Sherman Robinson,International Food Policy Research Institute (IFPRI),http://www.ifpri.org,https://ideas.repec.org/f/pro477.html,eligible,0,,1179.0,,RePEc
pad119,Jerome Adda,Università Commerciale Luigi Bocconi,https://sites.google.com/site/jeromeadda16/,https://ideas.repec.org/e/pad119.html,eligible,0,,1657.0,1179.0,RePEc
poa2,Ronald L. Oaxaca,Luxembourg Institute of Socio-Economic Research (LISER),,https://ideas.repec.org/e/poa2.html,eligible,0,,1180.0,,RePEc
pmc14,Warwick Mckibbin,Australian National University,https://www.wjmckibbin.com,https://ideas.repec.org/e/pmc14.html,eligible,0,,1575.0,1180.0,RePEc
pfr203,Eric Baird French,University College London (UCL),https://sites.google.com/site/ericfrenchecon/,https://ideas.repec.org/f/pfr203.html,eligible,0,,1181.0,1348.0,RePEc
pal145,Jason Allen,University of Wisconsin-Madison,http://www.bankofcanada.ca/profile/jason-allen/,https://ideas.repec.org/e/pal145.html,eligible,0,,,1181.0,RePEc
pba366,Tamim A Bayoumi,King's College London,,https://ideas.repec.org/f/pba366.html,eligible,0,,1182.0,,RePEc
ptz18,Panayiotis G. Tzeremes,University of Thessaly,,https://ideas.repec.org/e/ptz18.html,eligible,0,,,1182.0,RePEc
pec3,Zvi Eckstein,Interdisciplinary Center (IDC),http://zvi-eckstein.com,https://ideas.repec.org/e/pec3.html,eligible,0,,1183.0,,RePEc
pag129,Philipp Ager,Universität Mannheim,http://www.philippager.com/,https://ideas.repec.org/e/pag129.html,eligible,0,,,1183.0,RePEc
ppe413,Gert Peersman,Universiteit Gent,https://sites.google.com/view/gert-peersman/home,https://ideas.repec.org/f/ppe413.html,eligible,0,,1184.0,1231.0,RePEc
pde294,Davide Debortoli,Barcelona School of Economics (BSE),http://econ.upf.edu/ddebortoli,https://ideas.repec.org/f/pde294.html,eligible,0,,,1184.0,RePEc
pla338,Marc Lavoie,Université d'Ottawa,https://marc-lavoie.com/,https://ideas.repec.org/f/pla338.html,eligible,0,,1185.0,2047.0,RePEc
pte111,Linda L. Tesar,University of Michigan,http://www-personal.umich.edu/~ltesar/,https://ideas.repec.org/e/pte111.html,eligible,0,,1186.0,,RePEc
pdo274,Chris Doucouliagos,Deakin University,https://www.deakin.edu.au/about-deakin/people/chris-doucouliagos,https://ideas.repec.org/f/pdo274.html,eligible,0,,1617.0,1186.0,RePEc
pya75,Dean Yang,University of Michigan,http://www.umich.edu/~deanyang,https://ideas.repec.org/e/pya75.html,eligible,0,,1187.0,1301.0,RePEc
pda145,Hippolyte d'Albis,ESSEC Business School,https://sites.google.com/site/hdalbis/,https://ideas.repec.org/e/pda145.html,eligible,0,,3359.0,1188.0,RePEc
pso138,Ugur Soytas,Danmarks Tekniske Universitet,,https://ideas.repec.org/e/pso138.html,eligible,0,,2723.0,1189.0,RePEc
pch343,Peter F. Christoffersen,,http://www.christoffersen.com,https://ideas.repec.org/f/pch343.html,deceased,0,,1190.0,,RePEc
pba562,Stefano Battiston,Università Ca' Foscari Venezia,https://www.unive.it/data/persone/23832560,https://ideas.repec.org/f/pba562.html,eligible,0,,,1191.0,RePEc
pte4,Jonathan Temple,,,https://ideas.repec.org/e/pte4.html,deceased,0,,1192.0,,RePEc
pti242,Yannick Timmer,Federal Reserve Board (Board of Governors of the Federal Reserve System),https://sites.google.com/site/timmeryannick/,https://ideas.repec.org/f/pti242.html,eligible,0,,,1192.0,RePEc
pne133,Aviv Nevo,Northwestern University,,https://ideas.repec.org/e/pne133.html,eligible,0,,1193.0,,RePEc
pli18,Zheng Liu,Federal Reserve Bank of San Francisco,http://www.frbsf.org/economic-research/economists/zheng-liu/,https://ideas.repec.org/e/pli18.html,eligible,0,,1561.0,1194.0,RePEc
pco55,Diego Comin,Dartmouth College,https://dcomin.host.dartmouth.edu/,https://ideas.repec.org/e/pco55.html,eligible,0,,1195.0,3257.0,RePEc
pye21,Janet L. Yellen,University of California-Berkeley,,https://ideas.repec.org/e/pye21.html,eligible,0,,1196.0,,RePEc
pse304,Petr Sedlacek,UNSW Sydney,https://petr-sedlacek.com,https://ideas.repec.org/f/pse304.html,eligible,0,,,1196.0,RePEc
pjo72,Philippe Jorion,,,https://ideas.repec.org/e/pjo72.html,deceased,0,,1197.0,,RePEc
pwe79,Pierre-Olivier Weill,National Bureau of Economic Research (NBER),http://www.econ.ucla.edu/poweill,https://ideas.repec.org/e/pwe79.html,eligible,0,,1946.0,1198.0,RePEc
psc8,Fabio Schiantarelli,Boston College,https://sites.google.com/a/bc.edu/fabio-schiantarelli/research,https://ideas.repec.org/e/psc8.html,eligible,0,,1199.0,,RePEc
peh1,Isaac Ehrlich,State University of New York-Buffalo (SUNY),http://arts-sciences.buffalo.edu/economics/faculty/faculty-directory/ehrlich.html,https://ideas.repec.org/e/peh1.html,eligible,0,,1200.0,,RePEc
peb3,Janice Eberly,Northwestern University,https://www.kellogg.northwestern.edu/faculty/directory/eberly_janice_c/,https://ideas.repec.org/e/peb3.html,eligible,0,,1699.0,1200.0,RePEc
pze2,Stephen P. Zeldes,Columbia University,https://business.columbia.edu/szeldes,https://ideas.repec.org/e/pze2.html,eligible,0,,1202.0,,RePEc
pba1509,Ryan Niladri Banerjee,Bank for International Settlements (BIS),,https://ideas.repec.org/f/pba1509.html,eligible,0,,,1202.0,RePEc
pbe72,Lucian Bebchuk,Centre for Economic Policy Research (CEPR),http://www.law.harvard.edu/faculty/bebchuk,https://ideas.repec.org/e/pbe72.html,eligible,0,,1203.0,,RePEc
pfa37,Natalia Fabra,Centro de Estudios Monetarios y Financieros (CEMFI),https://nataliafabra.org/,https://ideas.repec.org/e/pfa37.html,eligible,0,,3707.0,1203.0,RePEc
pke424,Rohan Kekre,University of California-Berkeley,https://sites.google.com/site/rohankekre/,https://ideas.repec.org/f/pke424.html,eligible,0,,,1204.0,RePEc
pli1032,Qi Li,Texas A&M University,http://econweb.tamu.edu/li/,https://ideas.repec.org/f/pli1032.html,eligible,0,,1205.0,,RePEc
pvi316,Nicolas Vincent,HEC Montréal (École des Hautes Études Commerciales),http://neumann.hec.ca/pages/nicolas.vincent/,https://ideas.repec.org/f/pvi316.html,eligible,0,,,1205.0,RePEc
ppo25,Richard A. Posner,,http://home.uchicago.edu/~rposner/,https://ideas.repec.org/e/ppo25.html,eligible,0,,1206.0,,RePEc
pgu40,Nezih Guner,Centro de Estudios Monetarios y Financieros (CEMFI),https://www.cemfi.es/~guner/,https://ideas.repec.org/e/pgu40.html,eligible,0,,1290.0,1206.0,RePEc
pba1135,Robert E. Baldwin,,,https://ideas.repec.org/f/pba1135.html,deceased,0,,1207.0,,RePEc
pmo438,Enrique Moral-Benito,Banco de España,https://moralbenito.weebly.com/,https://ideas.repec.org/f/pmo438.html,eligible,0,,3013.0,1207.0,RePEc
pco132,Frank Alan Cowell,London School of Economics (LSE),http://darp.lse.ac.uk/Cowell.htm,https://ideas.repec.org/e/pco132.html,eligible,0,,1208.0,3624.0,RePEc
pde704,Aureo de Paula,University College London (UCL),https://www.homepages.ucl.ac.uk/~uctpand/,https://ideas.repec.org/f/pde704.html,eligible,0,,3174.0,1208.0,RePEc
pre44,Jennifer Reinganum,Vanderbilt University,http://sitemason.vanderbilt.edu/econ/reinganum,https://ideas.repec.org/e/pre44.html,eligible,0,,1209.0,,RePEc
pzh497,Siqi Zheng,Massachusetts Institute of Technology (MIT),http://siqizheng.mit.edu,https://ideas.repec.org/f/pzh497.html,eligible,0,,,1209.0,RePEc
pnu52,Peter Nunnenkamp,Kiel Institut für Weltwirtschaft - Leibniz Zentrum zur Erforschung globaler ökonomischer Herausforderungen (IfW),http://www.ifw-members.ifw-kiel.de/~peter_nunnenkamp_ifw_kiel_de,https://ideas.repec.org/e/pnu52.html,eligible,0,,1210.0,,RePEc
pzl8,Ulf Zölitz,Universität Zürich,https://ulfzoelitz.com/,https://ideas.repec.org/e/pzl8.html,eligible,0,,,1210.0,RePEc
pky6,Albert S. Kyle,University of Maryland,,https://ideas.repec.org/e/pky6.html,eligible,0,,1211.0,,RePEc
pgr781,Shawna Grosskopf,Oregon State University,,https://ideas.repec.org/f/pgr781.html,eligible,0,,1213.0,,RePEc
pve240,Frank Maarten Jan Venmans,London School of Economics (LSE),http://www.fvenmans.com,https://ideas.repec.org/f/pve240.html,eligible,0,,,1213.0,RePEc
pwa33,Neil Wallace,Pennsylvania State University,http://econ.la.psu.edu/BiographyPages/wallace_bio.html,https://ideas.repec.org/e/pwa33.html,eligible,0,,1214.0,,RePEc
pal824,Diane Alexander,University of Pennsylvania,https://www.diane-alexander.com,https://ideas.repec.org/f/pal824.html,eligible,0,,,1214.0,RePEc
phu74,Andrew Hughes Hallett,,,https://ideas.repec.org/e/phu74.html,deceased,0,,1215.0,,RePEc
pde313,Manthos D. Delis,Audencia Nantes École de Management,http://manthosdelis.wix.com/manthosdelis,https://ideas.repec.org/f/pde313.html,eligible,0,,1913.0,1215.0,RePEc
pha1276,Bryan Hardy,Bank for International Settlements (BIS),,https://ideas.repec.org/f/pha1276.html,eligible,0,,,1216.0,RePEc
pra788,Ibrahim Dolapo Raheem,European Xtramile Centre of African Studies (EXCAS),,https://ideas.repec.org/f/pra788.html,eligible,0,,,1217.0,RePEc
pmo298,Alain Monfort,Centre de Recherche en Économie et Statistique (CREST),https://crest.science/user/Alain-MONFORT/,https://ideas.repec.org/f/pmo298.html,eligible,0,,1218.0,,RePEc
pkn5,Christopher R. Knittel,Massachusetts Institute of Technology (MIT),http://web.mit.edu/knittel/www/,https://ideas.repec.org/e/pkn5.html,eligible,0,,1291.0,1218.0,RePEc
pbo95,Arnoud Boot,Universiteit van Amsterdam,http://www.arnoudboot.nl,https://ideas.repec.org/e/pbo95.html,eligible,0,,1219.0,,RePEc
ppa196,Elena Pastorino,Hoover Institution on War Revolution & Peace,https://sites.google.com/site/elenapastorino1econ/home?authuser=0,https://ideas.repec.org/e/ppa196.html,eligible,0,,,1219.0,RePEc
pvy2,Edward Vytlacil,Yale University,http://cowles.econ.yale.edu/faculty/vytlacil.htm,https://ideas.repec.org/e/pvy2.html,eligible,0,,1220.0,,RePEc
pst593,Michael R. Strain,American Enterprise Institute,https://www.michaelrstrain.com,https://ideas.repec.org/f/pst593.html,eligible,0,,,1220.0,RePEc
pnw19,Jacinta Nwachukwu,University of Central Lancashire,,https://ideas.repec.org/e/pnw19.html,eligible,0,,,1221.0,RePEc
pbr341,CharlesBrown,University of Michigan,,https://ideas.repec.org/f/pbr341.html,eligible,0,,1222.0,,RePEc
pal276,Md. Mahmudul Alam,Universiti Utara Malaysia,https://www.researchgate.net/profile/Md_Mahmudul_Alam,https://ideas.repec.org/f/pal276.html,eligible,0,,,1222.0,RePEc
pjo442,Ronald W. Jones,,,https://ideas.repec.org/f/pjo442.html,deceased,0,,1223.0,,RePEc
pbe722,Michael Carlos Best,Columbia University,http://www.columbia.edu/~mcb2270/,https://ideas.repec.org/f/pbe722.html,eligible,0,,,1223.0,RePEc
pki305,Nicholas M. Kiefer,,,https://ideas.repec.org/f/pki305.html,deceased,0,,1224.0,,RePEc
pal1010,Mamdouh Abdulaziz Saleh Al-Faryan,University of Portsmouth,http://mamdouhabdulazizsalehalfaryan.academia.edu/research,https://ideas.repec.org/f/pal1010.html,eligible,0,,,1224.0,RePEc
psh109,Eytan Sheshinski,Hebrew University of Jerusalem,http://pluto.huji.ac.il/~mseytan/,https://ideas.repec.org/e/psh109.html,eligible,0,,1225.0,,RePEc
psc355,Joachim Schleich,Fraunhofer-Gesellschaft,,https://ideas.repec.org/f/psc355.html,eligible,0,,,1226.0,RePEc
pre193,Thomas Reardon,Michigan State University,,https://ideas.repec.org/e/pre193.html,eligible,0,,1227.0,1977.0,RePEc
pki4,Michael T Kiley,Federal Reserve Board (Board of Governors of the Federal Reserve System),https://michaeltkiley.github.io/,https://ideas.repec.org/e/pki4.html,eligible,0,,1597.0,1227.0,RePEc
pio6,Yannis M. Ioannides,Tufts University,http://sites.tufts.edu/yioannides/,https://ideas.repec.org/e/pio6.html,eligible,0,,1228.0,,RePEc
pfe214,Filippo Ferroni,Alma Mater Studiorum - Università di Bologna,https://naffe15.github.io/,https://ideas.repec.org/f/pfe214.html,eligible,0,,,1228.0,RePEc
peh2,Ronald Ehrenberg,Cornell University,https://courses.cit.cornell.edu/rge2,https://ideas.repec.org/e/peh2.html,eligible,0,,1229.0,,RePEc
pma319,Robert Andrew Margo,Boston University,,https://ideas.repec.org/f/pma319.html,eligible,0,,1230.0,,RePEc
ppr36,Carol Propper,Imperial College,,https://ideas.repec.org/e/ppr36.html,eligible,0,,1231.0,2233.0,RePEc
ple135,Arik Levinson,Georgetown University,https://www.ariklevinson.com,https://ideas.repec.org/e/ple135.html,eligible,0,,1232.0,1777.0,RePEc
pga933,Bertrand Garbinti,Centre de Recherche en Économie et Statistique (CREST),https://sites.google.com/view/bertrandgarbinti/,https://ideas.repec.org/f/pga933.html,eligible,0,,,1232.0,RePEc
pbr168,James A. Brander,University of British Columbia,,https://ideas.repec.org/e/pbr168.html,eligible,0,,1233.0,,RePEc
ppi37,Monika Piazzesi,National Bureau of Economic Research (NBER),http://www.stanford.edu/~piazzesi,https://ideas.repec.org/e/ppi37.html,eligible,0,,1234.0,,RePEc
pvi41,Marco Vivarelli,Università Cattolica del Sacro Cuore,http://sites.google.com/site/mvivarel/,https://ideas.repec.org/e/pvi41.html,eligible,0,,1235.0,1275.0,RePEc
pbt7,Aline Bütikofer,Norges Handelshøyskole (NHH),https://www.nhh.no/en/employees/faculty/aline-buetikofer,https://ideas.repec.org/e/pbt7.html,eligible,0,,,1235.0,RePEc
pwy2,Charles Wyplosz,The Graduate Institute of International and Development Studies,https://www.charleswyplosz.info/,https://ideas.repec.org/e/pwy2.html,eligible,0,,1236.0,,RePEc
pbe989,Felipe Benguria,University of Kentucky,http://felipebenguria.weebly.com,https://ideas.repec.org/f/pbe989.html,eligible,0,,,1236.0,RePEc
pch362,Thomas J Chemmanur,Boston College,http://thomaschemmanur.com/,https://ideas.repec.org/f/pch362.html,eligible,0,,1237.0,1612.0,RePEc
pli1503,Jianping Li,University of Chinese Academy of Sciences,https://people.ucas.ac.cn/~lijianping,https://ideas.repec.org/f/pli1503.html,eligible,0,,,1237.0,RePEc
pma186,Nelson Mark,University of Notre Dame,https://academicweb.nd.edu/~nmark/,https://ideas.repec.org/e/pma186.html,eligible,0,,1238.0,,RePEc
pma547,Bartosz Maćkowiak,European Central Bank,https://sites.google.com/site/bartoszamackowiak/,https://ideas.repec.org/f/pma547.html,eligible,0,,2042.0,1238.0,RePEc
pfo101,Nicole M. Fortin,University of British Columbia,http://www.econ.ubc.ca/nfortin/hmpgfort.htm,https://ideas.repec.org/e/pfo101.html,eligible,0,,1239.0,,RePEc
phu36,Brad Humphreys,West Virginia University,https://bradhumphreys.faculty.wvu.edu/home,https://ideas.repec.org/e/phu36.html,eligible,0,,1442.0,1239.0,RePEc
ppo114,William Poole,Cato Institute,,https://ideas.repec.org/e/ppo114.html,eligible,0,,1240.0,,RePEc
pko1102,Brian K. Kovak,Carnegie Mellon University,https://www.andrew.cmu.edu/user/bkovak/,https://ideas.repec.org/f/pko1102.html,eligible,0,,3432.0,1240.0,RePEc
pte1,Timo Teräsvirta,Aarhus Universitet,,https://ideas.repec.org/e/pte1.html,eligible,0,,1241.0,3117.0,RePEc
pgu727,German Gutierrez,New York University (NYU),http://germangutierrezg.com/,https://ideas.repec.org/f/pgu727.html,eligible,0,,,1241.0,RePEc
pba2106,Patrick L. Bajari,,,https://ideas.repec.org/f/pba2106.html,deceased,0,,1242.0,,RePEc
pwa234,Michael E. Waugh,Federal Reserve Bank of Minneapolis,http://www.waugheconomics.com/,https://ideas.repec.org/f/pwa234.html,eligible,0,,2129.0,1242.0,RePEc
pyi12,Shlomo Yitzhaki,,,https://ideas.repec.org/e/pyi12.html,deceased,0,,1243.0,,RePEc
pcr150,Javier Cravino,University of Michigan,https://lsa.umich.edu/econ/people/faculty/jcravino.html,https://ideas.repec.org/e/pcr150.html,eligible,0,,,1243.0,RePEc
pst598,Joseph B. Steinberg,University of Toronto,https://joesteinberg.com/,https://ideas.repec.org/f/pst598.html,eligible,0,,,1244.0,RePEc
pta27,Robert Taylor,University of Bath,https://robtaylor.droppages.site,https://ideas.repec.org/e/pta27.html,eligible,0,,1245.0,2571.0,RePEc
pgi259,Paolo Stefano Giudici,Università degli Studi di Pavia,https://sites.google.com/a/unipv.it/giudici/,https://ideas.repec.org/f/pgi259.html,eligible,0,,,1245.0,RePEc
pzh420,Guofu Zhou,Washington University in St. Louis,http://apps.olin.wustl.edu/faculty/zhou,https://ideas.repec.org/f/pzh420.html,eligible,0,,1246.0,2860.0,RePEc
pgr529,Daniel P. Gross,Duke University,https://www.dpgross.com,https://ideas.repec.org/f/pgr529.html,eligible,0,,,1246.0,RePEc
pty13,James R. Tybout,National Bureau of Economic Research (NBER),http://econ.la.psu.edu/~jtybout/tyboutj.html,https://ideas.repec.org/e/pty13.html,eligible,0,,1247.0,,RePEc
pta345,Amine Tarazi,Université de Limoges,http://www.unilim.fr/lape/staff/full-time/Amine-Tarazi,https://ideas.repec.org/f/pta345.html,eligible,0,,2899.0,1247.0,RePEc
poo5,Hessel Oosterbeek,Universiteit van Amsterdam,http://oosterbeek.economists.nl/,https://ideas.repec.org/e/poo5.html,eligible,0,,1248.0,,RePEc
pha276,Dietmar Harhoff,Max-Planck-Gesellschaft,http://www.ip.mpg.de,https://ideas.repec.org/f/pha276.html,eligible,0,,1249.0,3106.0,RePEc
ple634,Derek Lemoine,University of Arizona,http://www.dereklemoine.com,https://ideas.repec.org/f/ple634.html,eligible,0,,,1249.0,RePEc
pka42,Robert Kaestner,University of Chicago,,https://ideas.repec.org/e/pka42.html,eligible,0,,1250.0,1489.0,RePEc
pki563,Hyunseob Kim,Federal Reserve Bank of Chicago,https://sites.google.com/view/hyunseobkim,https://ideas.repec.org/f/pki563.html,eligible,0,,,1251.0,RePEc
pfu157,Victor R. Fuchs,,,https://ideas.repec.org/e/pfu157.html,deceased,0,,1252.0,,RePEc
pbo878,Alessandro Bonatti,Massachusetts Institute of Technology (MIT),http://www.mit.edu/~bonatti/,https://ideas.repec.org/f/pbo878.html,eligible,0,,,1252.0,RePEc
pal451,Chaker Aloui,Prince Sultan University,http://www.psu.edu.sa,https://ideas.repec.org/f/pal451.html,eligible,0,,,1253.0,RePEc
pse18,Roberto Serrano,Brown University,https://sites.google.com/brown.edu/robertoserrano/home,https://ideas.repec.org/e/pse18.html,eligible,0,,1255.0,,RePEc
ple543,Erik E. Lehmann,Universität Augsburg,https://www.uni-augsburg.de/en/fakultaet/wiwi/prof/bwl/lehmann/research/,https://ideas.repec.org/f/ple543.html,eligible,0,,2160.0,1255.0,RePEc
pma551,Will J Martin,International Food Policy Research Institute (IFPRI),,https://ideas.repec.org/f/pma551.html,eligible,0,,1256.0,2722.0,RePEc
psi336,Eric Sims,University of Notre Dame,https://sites.nd.edu/esims/,https://ideas.repec.org/f/psi336.html,eligible,0,,1864.0,1256.0,RePEc
ptr10,Pravin Trivedi,Indiana University,http://pravinktrivedi.com,https://ideas.repec.org/e/ptr10.html,eligible,0,,1257.0,,RePEc
pgi285,Richard J. Gilbert,University of California-Berkeley,http://elsa.berkeley.edu/~gilbert/,https://ideas.repec.org/f/pgi285.html,eligible,0,,1258.0,,RePEc
phe60,Magnus Henrekson,Institutet för Näringslivsforskning (IFN),http://www.ifn.se/mh,https://ideas.repec.org/e/phe60.html,eligible,0,,1278.0,1258.0,RePEc
pfr26,Joseph Francois,Universität Bern,http://www.wti.org,https://ideas.repec.org/e/pfr26.html,eligible,0,,1259.0,,RePEc
pfe17,Raquel Fernandez,Centre for Economic Policy Research (CEPR),,https://ideas.repec.org/e/pfe17.html,eligible,0,,1260.0,,RePEc
pna30,Rajneesh Narula,University of Reading,http://www.linkedin.com/in/narula1,https://ideas.repec.org/e/pna30.html,eligible,0,,2755.0,1260.0,RePEc
pba291,Yan Bai,University of Rochester,https://sites.google.com/site/yanbai06/,https://ideas.repec.org/f/pba291.html,eligible,0,,3570.0,1261.0,RePEc
pwa22,Ping Wang,Washington University in St. Louis,https://sites.wustl.edu/pingwang/,https://ideas.repec.org/e/pwa22.html,eligible,0,,1262.0,2464.0,RePEc
pmo544,Masayuki Morikawa,Research Institute of Economy,https://www.rieti.go.jp/users/morikawa-masayuki/index_en.html,https://ideas.repec.org/f/pmo544.html,eligible,0,,,1262.0,RePEc
pgo22,Douglas Gollin,Tufts University,http://sites.google.com/site/douglasgollin/,https://ideas.repec.org/e/pgo22.html,eligible,0,,1263.0,2003.0,RePEc
pwy6,Michael Wyrwich,Rijksuniversiteit Groningen,,https://ideas.repec.org/e/pwy6.html,eligible,0,,,1263.0,RePEc
pch86,Alberto Chong,Georgia State University,,https://ideas.repec.org/e/pch86.html,eligible,0,,1264.0,,RePEc
pri230,Giovanni Ricco,Centre de Recherche en Économie et Statistique (CREST),http://www.giovanni-ricco.com/,https://ideas.repec.org/f/pri230.html,eligible,0,,,1265.0,RePEc
psy2,Constantinos Syropoulos,Drexel University,https://sites.google.com/view/csyropoulos,https://ideas.repec.org/e/psy2.html,eligible,0,,2861.0,1266.0,RePEc
pgr125,Jeffrey T. Grogger,Luxembourg Institute of Socio-Economic Research (LISER),http://harrisschool.uchicago.edu/faculty/web-pages/jeffrey-grogger.asp,https://ideas.repec.org/e/pgr125.html,eligible,0,,1267.0,,RePEc
pew6,Michael Ewens,Columbia University,https://michaelewens.com,https://ideas.repec.org/e/pew6.html,eligible,0,,,1267.0,RePEc
pho691,Yongmiao Hong,University of Chinese Academy of Sciences,https://people.ucas.ac.cn/~ymhong?language=en,https://ideas.repec.org/f/pho691.html,eligible,0,,1268.0,2363.0,RePEc
pbi247,Saki Bigio,University of California-Los Angeles (UCLA),http://www.sakibigio.net,https://ideas.repec.org/f/pbi247.html,eligible,0,,,1268.0,RePEc
psi31,John J. Siegfried,Vanderbilt University,,https://ideas.repec.org/e/psi31.html,eligible,0,,1269.0,,RePEc
pcu144,Wei Cui,University College London (UCL),https://sites.google.com/site/weicuiweb/,https://ideas.repec.org/e/pcu144.html,eligible,0,,,1269.0,RePEc
pfo139,Thierry Foucault,HEC Paris (École des Hautes Études Commerciales),,https://ideas.repec.org/e/pfo139.html,eligible,0,,1270.0,1412.0,RePEc
pre196,Philip J. Reny,University of Chicago,https://economics.uchicago.edu/directory/philip-j-reny,https://ideas.repec.org/e/pre196.html,eligible,0,,1271.0,2313.0,RePEc
pnu38,Galo Nuño Barrau,Banco de España,https://www.galonuno.com,https://ideas.repec.org/e/pnu38.html,eligible,0,,,1271.0,RePEc
pad1,Klaus Adam,Universität Mannheim,http://adam.vwl.uni-mannheim.de/1528.0.html,https://ideas.repec.org/e/pad1.html,eligible,0,,1272.0,1321.0,RePEc
psc282,Sam Schulhofer-Wohl,Federal Reserve Bank of Dallas,https://sschulh1.wordpress.com,https://ideas.repec.org/f/psc282.html,eligible,0,,3362.0,1272.0,RePEc
pzi46,Stanley E. Zin,National Bureau of Economic Research (NBER),https://sites.google.com/site/stanzin2/,https://ideas.repec.org/e/pzi46.html,eligible,0,,1273.0,,RePEc
pfo78,Frank M. Fossen,University of Nevada-Reno,https://www.unr.edu/business/faculty-and-staff/fossen-frank,https://ideas.repec.org/e/pfo78.html,eligible,0,,3453.0,1273.0,RePEc
pva139,Johannes Van Biesebroeck,KU Leuven,https://sites.google.com/view/jovb,https://ideas.repec.org/e/pva139.html,eligible,0,,1276.0,,RePEc
pja349,Matthew Steven Jaremski,Utah State University,https://matthewjaremski.com/,https://ideas.repec.org/f/pja349.html,eligible,0,,,1276.0,RePEc
pze33,Valentin Zelenyuk,University of Queensland,http://www.uq.edu.au/economics/a-z-listing,https://ideas.repec.org/e/pze33.html,eligible,0,,3217.0,1277.0,RePEc
pmi184,Sébastien Miroudot,Organisation de Coopération et de Développement Économiques (OCDE),,https://ideas.repec.org/e/pmi184.html,eligible,0,,,1278.0,RePEc
pwh49,Lawrence J. White,New York University (NYU),http://www.stern.nyu.edu/~lwhite,https://ideas.repec.org/e/pwh49.html,eligible,0,,1279.0,,RePEc
ple706,Jessica Leight,International Food Policy Research Institute (IFPRI),http://econ.williams.edu/people/jl14,https://ideas.repec.org/f/ple706.html,eligible,0,,,1279.0,RePEc
pch151,Judith Chevalier,National Bureau of Economic Research (NBER),http://www.som.yale.edu/faculty/jc576/default.htm,https://ideas.repec.org/e/pch151.html,eligible,0,,1280.0,2678.0,RePEc
pov5,Henry G. Overman,London School of Economics (LSE),https://www.lse.ac.uk/geography-and-environment/people/academic-staff/henry-overman,https://ideas.repec.org/e/pov5.html,eligible,0,,1281.0,2267.0,RePEc
pba2,Söhnke M. Bartram,University of Warwick,http://go.warwick.ac.uk/sbartram/,https://ideas.repec.org/e/pba2.html,eligible,0,,2541.0,1281.0,RePEc
pgr144,Markus M. Grabka,DIW Berlin (Deutsches Institut für Wirtschaftsforschung),,https://ideas.repec.org/e/pgr144.html,eligible,0,,2583.0,1282.0,RePEc
psh114,Jay Shanken,National Bureau of Economic Research (NBER),http://www.goizueta.emory.edu/faculty/JayShanken/,https://ideas.repec.org/e/psh114.html,eligible,0,,1283.0,,RePEc
pco1061,Giulio Cornelli,Bank for International Settlements (BIS),,https://ideas.repec.org/f/pco1061.html,eligible,0,,,1283.0,RePEc
pst130,Nicholas H. Stern,Government of the United Kingdom,,https://ideas.repec.org/e/pst130.html,eligible,0,,1284.0,,RePEc
ple583,Neil Lee,London School of Economics (LSE),http://personal.lse.ac.uk/leen,https://ideas.repec.org/f/ple583.html,eligible,0,,,1284.0,RePEc
pma1325,Karen Macours,Paris School of Economics,,https://ideas.repec.org/f/pma1325.html,eligible,0,,3508.0,1285.0,RePEc
pwi7,Rudolf Winter-Ebmer,Johannes-Kepler-Universität Linz,http://www.econ.jku.at/winter,https://ideas.repec.org/e/pwi7.html,eligible,0,,1286.0,,RePEc
pbo393,Emine Boz,International Monetary Fund (IMF),http://www.emine.biz,https://ideas.repec.org/f/pbo393.html,eligible,0,,,1286.0,RePEc
pve27,Bart Verspagen,United Nations University-Maastricht Economic Research Institute of Innovation and Technology (UNU-MERIT),http://www.verspagen.nl,https://ideas.repec.org/e/pve27.html,eligible,0,,1287.0,,RePEc
pbr527,Mihaela Simionescu,Universitatea din Bucureşti,,https://ideas.repec.org/f/pbr527.html,eligible,0,,2917.0,1287.0,RePEc
pdu194,Mark Duggan,Stanford University,http://web.stanford.edu/~mgduggan/,https://ideas.repec.org/e/pdu194.html,eligible,0,,1288.0,2895.0,RePEc
pfo131,Samuel Fosso Wamba,Groupe ESC Toulouse,http://www.fossowambasamuel.com,https://ideas.repec.org/e/pfo131.html,eligible,0,,,1288.0,RePEc
pne3,Christopher J. Neely,Federal Reserve Bank of St. Louis,http://research.stlouisfed.org/econ/cneely/,https://ideas.repec.org/e/pne3.html,eligible,0,,1289.0,2931.0,RePEc
pmi1108,Prachi Mishra,Ashoka University,https://prachimishra.in/,https://ideas.repec.org/f/pmi1108.html,eligible,0,,2329.0,1290.0,RePEc
pwi356,Colin C. Williams,University of Sheffield,,https://ideas.repec.org/f/pwi356.html,eligible,0,,2037.0,1291.0,RePEc
pre299,Armon Rezai,WU Wirtschaftsuniversität Wien,https://www.wu.ac.at/pepp/staff/rezai-armon,https://ideas.repec.org/f/pre299.html,eligible,0,,,1292.0,RePEc
pwi246,Matthew James Wiswall,Johns Hopkins University,https://sites.google.com/site/mattwiswall/,https://ideas.repec.org/f/pwi246.html,eligible,0,,1954.0,1293.0,RePEc
ple99,Eduardo Levy Yeyati,Universidad Torcuato Di Tella,https://automatizados.com.ar/eduardo-levy-yeyati/,https://ideas.repec.org/e/ple99.html,eligible,0,,1294.0,,RePEc
pst106,Robert Stehrer,Wiener Institut für Internationale Wirtschaftsvergleiche (WIIW),http://wiiw.ac.at,https://ideas.repec.org/e/pst106.html,eligible,0,,1295.0,1957.0,RePEc
ppo193,Simon Potter,Peter G. Peterson Institute for International Economics (IIE),https://www.piie.com/experts/senior-research-staff/simon-potter,https://ideas.repec.org/e/ppo193.html,eligible,0,,1296.0,,RePEc
pmo1560,Joel Mokyr,Northwestern University,https://faculty.wcas.northwestern.edu/jmokyr/,https://ideas.repec.org/f/pmo1560.html,won,2025,,1413.0,1296.0,RePEc
psc538,Anna Jacobson Schwartz,,http://en.wikipedia.org/wiki/Anna_Schwartz,https://ideas.repec.org/f/psc538.html,deceased,0,,1297.0,,RePEc
pmi740,Silvia Miranda-Agrippino,Federal Reserve Bank of New York,http://silviamirandaagrippino.com/,https://ideas.repec.org/f/pmi740.html,eligible,0,,3431.0,1297.0,RePEc
pme221,Robert Owen Mendelsohn,Yale University,,https://ideas.repec.org/f/pme221.html,eligible,0,,1298.0,,RePEc
pwa696,Qunwei Wang,Nanjing University of Aeroneautics and Astronautics,,https://ideas.repec.org/f/pwa696.html,eligible,0,,,1298.0,RePEc
ppe635,Peter Pedroni,Williams College,http://econ.williams.edu/people/ppedroni,https://ideas.repec.org/f/ppe635.html,eligible,0,,1299.0,,RePEc
pra238,Roland Rathelot,Centre de Recherche en Économie et Statistique (CREST),http://www.rolandrathelot.com,https://ideas.repec.org/f/pra238.html,eligible,0,,,1299.0,RePEc
plu17,Hanno Lustig,University of California-Los Angeles (UCLA),https://sites.google.com/site/lustighanno/,https://ideas.repec.org/e/plu17.html,eligible,0,,1300.0,1709.0,RePEc
pro48,Michael Rothschild,Princeton University,,https://ideas.repec.org/e/pro48.html,eligible,0,,1302.0,,RePEc
pgr364,Matthew Greenwood-Nimmo,University of Melbourne,http://www.greenwoodeconomics.com,https://ideas.repec.org/f/pgr364.html,eligible,0,,,1302.0,RePEc
pha110,Stephen George Hall,Leicester University,,https://ideas.repec.org/e/pha110.html,eligible,0,,1303.0,,RePEc
pba328,Spencer Banzhaf,North Carolina State University,https://spencerbanzhaf.wordpress.ncsu.edu,https://ideas.repec.org/f/pba328.html,eligible,0,,2462.0,1303.0,RePEc
pan9,David Andolfatto,University of Miami,https://people.miami.edu/profile/72af8a0343b13d52cd772847023073b3,https://ideas.repec.org/e/pan9.html,eligible,0,,1776.0,1304.0,RePEc
pop18,Ryan Oprea,University of California-Santa Cruz (UCSC),http://www.ryanoprea.com,https://ideas.repec.org/e/pop18.html,eligible,0,,,1305.0,RePEc
pbe138,Jeffrey H. Bergstrand,University of Notre Dame,http://www.nd.edu/~jbergstr,https://ideas.repec.org/e/pbe138.html,eligible,0,,1306.0,,RePEc
pme542,Brent Hedlund Meyer,Federal Reserve Bank of Atlanta,,https://ideas.repec.org/f/pme542.html,eligible,0,,,1306.0,RePEc
psc205,Riccardo Scarpa,Durham University,https://profiles.waikato.ac.nz/riccardo.scarpa,https://ideas.repec.org/f/psc205.html,eligible,0,,1884.0,1307.0,RePEc
pbo31,Michele Boldrin,Washington University in St. Louis,https://www.youtube.com/c/MicheleBoldrin-Videos,https://ideas.repec.org/e/pbo31.html,eligible,0,,1308.0,,RePEc
pne362,Matthew Neidell,Columbia University,http://www.columbia.edu/~mn2191,https://ideas.repec.org/f/pne362.html,eligible,0,,1309.0,,RePEc
plu377,Kurt Graden Lunsford,Federal Reserve Bank of Cleveland,,https://ideas.repec.org/f/plu377.html,eligible,0,,,1309.0,RePEc
pgh7,Eric Ghysels,University of North Carolina-Chapel-Hill,http://www.unc.edu/~eghysels,https://ideas.repec.org/e/pgh7.html,eligible,0,,1310.0,,RePEc
pbh106,Christoph Böhringer,Carl von Ossietzky Universität Oldenburg,http://www.wipol.uni-oldenburg.de/en/28429.html,https://ideas.repec.org/e/pbh106.html,eligible,0,,1473.0,1310.0,RePEc
pra161,Angelo Ranaldo,Swiss Finance Institute,https://wwz.unibas.ch/en/persons/ranaldo-angelo/,https://ideas.repec.org/e/pra161.html,eligible,0,,2703.0,1311.0,RePEc
pno89,Edward C. Norton,University of Michigan,https://sph.umich.edu/faculty-profiles/norton-edward.html,https://ideas.repec.org/e/pno89.html,eligible,0,,1312.0,2102.0,RePEc
pwr4,Julian Wright,National University of Singapore (NUS),https://www.wrighteconomics.com/,https://ideas.repec.org/e/pwr4.html,eligible,0,,1713.0,1312.0,RePEc
pcz11,Mikolaj Czajkowski,Uniwersytet Warszawski,http://czaj.org/,https://ideas.repec.org/e/pcz11.html,eligible,0,,,1313.0,RePEc
pdr1,John Driscoll,Federal Reserve Board (Board of Governors of the Federal Reserve System),https://www.federalreserve.gov/econres/john-c-driscoll.htm,https://ideas.repec.org/e/pdr1.html,eligible,0,,1314.0,,RePEc
pca537,Lorenzo Caliendo,Yale University,http://sites.google.com/site/lorenzocaliendo/home,https://ideas.repec.org/f/pca537.html,eligible,0,,1962.0,1314.0,RePEc
pmo75,Jonathan Morduch,New York University (NYU),https://wp.nyu.edu/jmorduch/,https://ideas.repec.org/e/pmo75.html,eligible,0,,1315.0,,RePEc
pga696,A. Ronald Gallant,Pennsylvania State University,http://www.aronaldg.org/,https://ideas.repec.org/f/pga696.html,eligible,0,,1316.0,,RePEc
psc448,Sebastian Schmidt,European Central Bank,https://sites.google.com/site/econschmidt/home,https://ideas.repec.org/f/psc448.html,eligible,0,,,1316.0,RePEc
pfa87,Steven Mark Fazzari,Washington University in St. Louis,https://sites.wustl.edu/fazz/,https://ideas.repec.org/e/pfa87.html,eligible,0,,1317.0,,RePEc
pkc2,Cem Işık,Anadolu Üniversitesi,,https://ideas.repec.org/e/pkc2.html,eligible,0,,,1317.0,RePEc
pll45,Adriana Lleras-Muney,University of California-Los Angeles (UCLA),https://adriana-llerasmuney.squarespace.com/,https://ideas.repec.org/e/pll45.html,eligible,0,,1318.0,3544.0,RePEc
pma2160,Mantu Kumar Mahalik,Mantu Kumar Mahalik (IIT Kharagpur),http://scholar.google.co.in/citations?user=D2QoDN8AAAAJ&hl=en,https://ideas.repec.org/f/pma2160.html,eligible,0,,,1318.0,RePEc
pgo34,Peter Gottschalk,,https://www.russellsage.org/news/memoriam-peter-gottschalk,https://ideas.repec.org/e/pgo34.html,deceased,0,,1319.0,,RePEc
pgr567,Basile Grassi,Università Commerciale Luigi Bocconi,http://sites.google.com/site/grassibasile/,https://ideas.repec.org/f/pgr567.html,eligible,0,,,1319.0,RePEc
pwr20,L. Randall Wray,University of Missouri-Kansas City,http://cas.umkc.edu/econ/economics/faculty/wray/raymain.html,https://ideas.repec.org/e/pwr20.html,eligible,0,,1320.0,,RePEc
ppi325,Gabor Pinter,Bank for International Settlements (BIS),https://www.gaborpinter.eu/,https://ideas.repec.org/f/ppi325.html,eligible,0,,,1320.0,RePEc
pki546,Cynthia Kinnan,Tufts University,https://sites.google.com/view/cynthiakinnan,https://ideas.repec.org/f/pki546.html,eligible,0,,,1322.0,RePEc
ple553,Phillip B. Levine,Brookings Institution,,https://ideas.repec.org/f/ple553.html,eligible,0,,1323.0,,RePEc
pda786,Diego Daruich,University of Southern California,https://www.diegodaruich.com/,https://ideas.repec.org/f/pda786.html,eligible,0,,,1323.0,RePEc
pse120,Willi Semmler,The New School,http://www.newschool.edu/nssr/faculty/?id=4e54-6b79-4e41-3d3d,https://ideas.repec.org/e/pse120.html,eligible,0,,1324.0,1607.0,RePEc
pzh419,Y. Jane Zhang,UNSW Sydney,http://www.yjanezhang.com,https://ideas.repec.org/f/pzh419.html,eligible,0,,,1324.0,RePEc
pma232,Keith E. Maskus,University of Colorado,http://spot.colorado.edu/~maskus/,https://ideas.repec.org/f/pma232.html,eligible,0,,1325.0,,RePEc
pgr376,Philip J. Grossman,Monash University,,https://ideas.repec.org/f/pgr376.html,eligible,0,,1326.0,,RePEc
pda367,Lucas W. Davis,University of California-Berkeley,http://faculty.haas.berkeley.edu/ldavis/,https://ideas.repec.org/f/pda367.html,eligible,0,,1327.0,1367.0,RePEc
pje133,Michael Jetter,University of Western Australia,http://michaeljetter.weebly.com/,https://ideas.repec.org/e/pje133.html,eligible,0,,,1327.0,RePEc
pbl165,Bruce A. Blonigen,University of Oregon,,https://ideas.repec.org/e/pbl165.html,eligible,0,,1328.0,,RePEc
pro1421,Merwan Roudane,,https://www.linkedin.com/in/merwan-roudane-41166236b/,https://ideas.repec.org/f/pro1421.html,eligible,0,,,1328.0,RePEc
psa1068,Anya Savikhin Samek,University of Southern California,http://www.anyasamek.com,https://ideas.repec.org/f/psa1068.html,eligible,0,,3074.0,1329.0,RePEc
psi296,Robin C. Sickles,Rice University,http://www.ruf.rice.edu/~rsickles/,https://ideas.repec.org/f/psi296.html,eligible,0,,1330.0,2570.0,RePEc
pmi16,Stephen M. Miller,University of Nevada-Las Vegas,https://faculty.unlv.edu/smiller/,https://ideas.repec.org/e/pmi16.html,eligible,0,,1331.0,,RePEc
pgr209,Pauline Grosjean,UNSW Sydney,http://paulinegrosjean.canalblog.com/,https://ideas.repec.org/f/pgr209.html,eligible,0,,3446.0,1331.0,RePEc
pra230,Gordon C. Rausser,University of California-Berkeley,,https://ideas.repec.org/f/pra230.html,eligible,0,,1332.0,,RePEc
pka822,Matthias Kalkuhl,Mercator Research Institute on Global Commons and Climate Change (MCC),https://www.mcc-berlin.net/ueber-uns/team/kalkuhl-matthias.html,https://ideas.repec.org/f/pka822.html,eligible,0,,,1332.0,RePEc
pin18,Atsushi Inoue,Vanderbilt University,,https://ideas.repec.org/e/pin18.html,eligible,0,,1333.0,1481.0,RePEc
pda888,Vishal Dagar,Great Lakes Institute of Management,https://scholar.google.com/citations?user=oSyUY9txtr0Chl=en,https://ideas.repec.org/f/pda888.html,eligible,0,,,1333.0,RePEc
pro227,Peter E. Rossi,University of California-Los Angeles (UCLA),http://www.perossi.org/,https://ideas.repec.org/f/pro227.html,eligible,0,,1334.0,,RePEc
ppe642,Petra Persson,Stanford University,http://www.stanford.edu/~perssonp/index.html,https://ideas.repec.org/f/ppe642.html,eligible,0,,,1334.0,RePEc
pwo100,Edward Nathan Wolff,,,https://ideas.repec.org/e/pwo100.html,eligible,0,,1335.0,,RePEc
pre360,Mar Reguant,Barcelona School of Economics (BSE),https://mreguant.github.io,https://ideas.repec.org/f/pre360.html,eligible,0,,,1335.0,RePEc
pco610,Jonathan Colmer,University of Virginia,https://www.jonathancolmer.com,https://ideas.repec.org/f/pco610.html,eligible,0,,,1336.0,RePEc
pje4,Urban Joseph Jermann,University of Pennsylvania,http://finance.wharton.upenn.edu/~jermann/,https://ideas.repec.org/e/pje4.html,eligible,0,,1337.0,2971.0,RePEc
pfe552,Alberto Ferraris,Ural Federal University,,https://ideas.repec.org/f/pfe552.html,eligible,0,,,1337.0,RePEc
pmo316,Philip Molyneux,,,https://ideas.repec.org/f/pmo316.html,deceased,0,,1338.0,1907.0,RePEc
pmo288,Cyril Monnet,Bank for International Settlements (BIS),https://sites.google.com/site/cyrilmonnet/,https://ideas.repec.org/f/pmo288.html,eligible,0,,3084.0,1338.0,RePEc
pad158,Renee Adams,Oxford University,https://www.renee-adams.com/,https://ideas.repec.org/e/pad158.html,eligible,0,,1339.0,,RePEc
pya131,Vincent W. Yao,Georgia State University,https://sites.google.com/view/vincentyao,https://ideas.repec.org/e/pya131.html,eligible,0,,,1339.0,RePEc
pma372,Ronald Leonard Martin,"Department of Geography, University of Cambridge",,https://ideas.repec.org/f/pma372.html,eligible,0,,1340.0,,RePEc
pro1146,Jacob A. Robbins,University of Illinois at Chicago,http://nber.org/~robbinsj,https://ideas.repec.org/f/pro1146.html,eligible,0,,,1340.0,RePEc
pch177,Christophe Hurlin,Université d'Orléans,https://sites.google.com/view/christophe-hurlin/home,https://ideas.repec.org/e/pch177.html,eligible,0,,1882.0,1341.0,RePEc
pne1,Eric Neumayer,London School of Economics (LSE),https://ericneumayer.wordpress.com/,https://ideas.repec.org/e/pne1.html,eligible,0,,1342.0,,RePEc
ppi167,Paolo Pinotti,Università Commerciale Luigi Bocconi,https://sites.google.com/view/paolo-pinotti,https://ideas.repec.org/e/ppi167.html,eligible,0,,3656.0,1342.0,RePEc
pst41,Kevin Stiroh,Federal Reserve Bank of New York,,https://ideas.repec.org/e/pst41.html,eligible,0,,1343.0,,RePEc
pwa360,Fabian Waldinger,Ludwig-Maximilians-Universität München,,https://ideas.repec.org/f/pwa360.html,eligible,0,,3115.0,1343.0,RePEc
ppe7,Wolfgang Pesendorfer,Princeton University,http://www.princeton.edu/~pesendor/,https://ideas.repec.org/e/ppe7.html,eligible,0,,1344.0,,RePEc
pma1788,Alexey Makarin,Massachusetts Institute of Technology (MIT),https://alexeymakarin.github.io/,https://ideas.repec.org/f/pma1788.html,eligible,0,,,1344.0,RePEc
pbl23,Dan Black,University of Chicago,https://harris.uchicago.edu/directory/dan-black,https://ideas.repec.org/e/pbl23.html,eligible,0,,1345.0,,RePEc
pha1310,Catherine Hausman,National Bureau of Economic Research (NBER),http://www-personal.umich.edu/~chausman/research.html,https://ideas.repec.org/f/pha1310.html,eligible,0,,,1345.0,RePEc
pmu116,Haroon Mumtaz,Queen Mary University of London,https://sites.google.com/site/hmumtaz77/,https://ideas.repec.org/e/pmu116.html,eligible,0,,1636.0,1346.0,RePEc
pzh29,Lu Zhang,Ohio State University,http://theinvestmentcapm.com/index.html,https://ideas.repec.org/e/pzh29.html,eligible,0,,1347.0,,RePEc
pna472,Vikram Nanda,University of Texas-Dallas,,https://ideas.repec.org/f/pna472.html,eligible,0,,1349.0,2503.0,RePEc
ppe422,Ryan Heath Peters,Tulane University,https://sites.google.com/site/rheathpeters/,https://ideas.repec.org/f/ppe422.html,eligible,0,,,1349.0,RePEc
pli302,Jesper Lindé,Sveriges Riksbank,http://www.riksbank.se/research,https://ideas.repec.org/f/pli302.html,eligible,0,,1350.0,1351.0,RePEc
pbu180,Richard V. Burkhauser,Cornell University,https://www.human.cornell.edu/people/rvb1,https://ideas.repec.org/e/pbu180.html,eligible,0,,1351.0,3657.0,RePEc
pza30,William R. Zame,University of California-Los Angeles (UCLA),http://www.econ.ucla.edu/zame,https://ideas.repec.org/e/pza30.html,eligible,0,,1353.0,,RePEc
pan527,Tomohiro Ando,University of Melbourne,https://findanexpert.unimelb.edu.au/profile/757679-tomohiro-ando,https://ideas.repec.org/f/pan527.html,eligible,0,,,1353.0,RePEc
ptr76,Alain Trannoy,Aix-Marseille Université,http://www.vcharite.univ-mrs.fr/pp/trannoy/index.htm,https://ideas.repec.org/e/ptr76.html,eligible,0,,1354.0,,RePEc
pca428,Filipe Campante,Johns Hopkins University,https://filipecampante.org,https://ideas.repec.org/f/pca428.html,eligible,0,,2378.0,1354.0,RePEc
pts51,Aleh Tsyvinski,Yale University,,https://ideas.repec.org/e/pts51.html,eligible,0,,1355.0,2686.0,RePEc
pbr190,Tom Broekel,"Geographisches Institut, RWTH Aachen",http://www.tombroekel.de,https://ideas.repec.org/e/pbr190.html,eligible,0,,,1355.0,RePEc
pcr36,Riccardo Crescenzi,London School of Economics (LSE),http://personal.lse.ac.uk/crescenz,https://ideas.repec.org/e/pcr36.html,eligible,0,,2688.0,1356.0,RePEc
pba400,Michael Baker,University of Toronto,,https://ideas.repec.org/f/pba400.html,eligible,0,,1357.0,3275.0,RePEc
paz74,Ghazala Azmat,,https://sites.google.com/site/ghazalaazmat/,https://ideas.repec.org/e/paz74.html,deceased,0,,3226.0,1357.0,RePEc
psm84,Kenneth A. Small,University of California-Irvine,http://www.socsci.uci.edu/~ksmall,https://ideas.repec.org/e/psm84.html,eligible,0,,1358.0,,RePEc
pst94,Alan C. Stockman,,http://www.rochester.edu/news/show.php?id=3527,https://ideas.repec.org/e/pst94.html,deceased,0,,1359.0,,RePEc
pvo279,Alessandra Voena,Stanford University,,https://ideas.repec.org/f/pvo279.html,eligible,0,,3589.0,1359.0,RePEc
pev9,David Evans,University of Chicago Law School,http://davidsevans.org,https://ideas.repec.org/e/pev9.html,eligible,0,,1360.0,,RePEc
psw10,Norman R. Swanson,Rutgers University-New Brunswick,http://econweb.rutgers.edu/nswanson/,https://ideas.repec.org/e/psw10.html,eligible,0,,1361.0,,RePEc
pch1792,Yung-ho Chiu,Soochow University,,https://ideas.repec.org/f/pch1792.html,eligible,0,,,1361.0,RePEc
pmo32,Tommaso Monacelli,Università Commerciale Luigi Bocconi,https://sites.google.com/site/monacellitommaso,https://ideas.repec.org/e/pmo32.html,eligible,0,,1362.0,,RePEc
psc516,Lawrence David Warren Schmidt,Massachusetts Institute of Technology (MIT),https://sites.google.com/site/lawrencedwschmidt/,https://ideas.repec.org/f/psc516.html,eligible,0,,,1362.0,RePEc
pla299,Larry H. P. Lang,Chinese University of Hong Kong,http://www.baf.cuhk.edu.hk/services/StaffFrame.asp?StaffID=86&DID=4&Type=Faculty,https://ideas.repec.org/f/pla299.html,eligible,0,,1363.0,,RePEc
pqi54,Yu Qin,National University of Singapore (NUS),https://bizfaculty.nus.edu.sg/faculty-details/?profId=671,https://ideas.repec.org/e/pqi54.html,eligible,0,,,1363.0,RePEc
pro64,Peter Rousseau,Vanderbilt University,,https://ideas.repec.org/e/pro64.html,eligible,0,,1364.0,2473.0,RePEc
pdo218,Mathias Dolls,ifo Institut - Leibniz-Institut für Wirtschaftsforschung an der Universität München e.V.,https://sites.google.com/view/mathiasdolls,https://ideas.repec.org/f/pdo218.html,eligible,0,,,1364.0,RePEc
pkl126,Jeffrey Richard Kling,National Bureau of Economic Research (NBER),http://users.nber.org/~kling,https://ideas.repec.org/e/pkl126.html,eligible,0,,1365.0,,RePEc
pdi19,Emin Dinlersoz,Government of the United States,https://sites.google.com/site/emindinlersoz/,https://ideas.repec.org/e/pdi19.html,eligible,0,,,1365.0,RePEc
psc49,Suzanne Scotchmer,,https://en.wikipedia.org/wiki/Suzanne_Scotchmer,https://ideas.repec.org/e/psc49.html,deceased,0,,1366.0,,RePEc
pko970,Serhiy Kozak,University of Maryland,http://serhiykozak.com,https://ideas.repec.org/f/pko970.html,eligible,0,,,1366.0,RePEc
pcl24,Michael Peter Clements,University of Reading,,https://ideas.repec.org/e/pcl24.html,eligible,0,,1367.0,2194.0,RePEc
pha148,Sergiu Hart,Hebrew University of Jerusalem,http://www.ma.huji.ac.il/hart,https://ideas.repec.org/e/pha148.html,eligible,0,,1368.0,,RePEc
pla219,Siong Hook Law,Universiti Putra Malaysia (UPM),,https://ideas.repec.org/f/pla219.html,eligible,0,,2310.0,1368.0,RePEc
pmi137,A. Patrick L. Minford,Cardiff University,http://www.patrickminford.net/,https://ideas.repec.org/e/pmi137.html,eligible,0,,1369.0,1960.0,RePEc
pka1382,Rupal Kamdar,Indiana University,https://sites.google.com/view/rupalkamdar,https://ideas.repec.org/f/pka1382.html,eligible,0,,,1369.0,RePEc
pbu123,Michael Christopher Burda,Humboldt-Universität Berlin,https://www.wiwi.hu-berlin.de/de/professuren/vwl/wtm2/mitarbeiter/burda,https://ideas.repec.org/e/pbu123.html,eligible,0,,1370.0,,RePEc
pst421,Andreas Steinmayr,Leopold-Franzens-Universität Innsbruck,http://www.andreassteinmayr.net,https://ideas.repec.org/f/pst421.html,eligible,0,,,1370.0,RePEc
pju54,Katarina Juselius,Københavns Universitet,https://www.econ.ku.dk/ansatte/emeriti/?pure=da/persons/142900,https://ideas.repec.org/e/pju54.html,eligible,0,,1371.0,,RePEc
phu598,Toan Luu Duc Huynh,University of Economics Ho Chi Minh City,https://sites.google.com/view/toanhld,https://ideas.repec.org/f/phu598.html,eligible,0,,,1371.0,RePEc
phu141,Steffen Huck,Wissenschaftszentrum Berlin für Sozialforschung (WZB),http://www.wzb.eu/en/persons/steffen-huck-0,https://ideas.repec.org/e/phu141.html,eligible,0,,1372.0,3437.0,RePEc
pge192,Georgios Georgiadis,European Central Bank,https://sites.google.com/site/georgiosgeorgiadis111/,https://ideas.repec.org/e/pge192.html,eligible,0,,,1372.0,RePEc
pgr297,Francesco Grigoli,Georgetown University,https://sites.google.com/view/francescogrigoli,https://ideas.repec.org/f/pgr297.html,eligible,0,,,1373.0,RePEc
per53,Christopher John Erceg,International Monetary Fund (IMF),,https://ideas.repec.org/e/per53.html,eligible,0,,1374.0,,RePEc
pgu612,Selim Gulesci,Trinity College Dublin,https://sites.google.com/view/selimgulesci/,https://ideas.repec.org/f/pgu612.html,eligible,0,,,1374.0,RePEc
ppo153,Gregory Ponthiere,Centre de Recherche en Économie et Management (CREM),https://sites.google.com/site/gregoryponthieresite/home,https://ideas.repec.org/e/ppo153.html,eligible,0,,3425.0,1375.0,RePEc
pca193,Luis M B Cabral,New York University (NYU),http://luiscabral.net/,https://ideas.repec.org/e/pca193.html,eligible,0,,1376.0,2518.0,RePEc
pga75,Rodney John Garratt,University of California-Santa Barbara (UCSB),https://rodgarratt.com,https://ideas.repec.org/e/pga75.html,eligible,0,,2737.0,1376.0,RePEc
pmi14,Kevin Milligan,University of British Columbia,https://sites.google.com/view/kevin-milligan,https://ideas.repec.org/e/pmi14.html,eligible,0,,1377.0,1768.0,RePEc
psk88,Vasiliki Skreta,University of Texas-Austin,http://vskreta.wixsite.com/vskreta,https://ideas.repec.org/e/psk88.html,eligible,0,,3451.0,1377.0,RePEc
pca6,John Cawley,National Bureau of Economic Research (NBER),https://publicpolicy.cornell.edu/people/john-cawley/,https://ideas.repec.org/e/pca6.html,eligible,0,,1378.0,2165.0,RePEc
pbe206,Gianluca D. Benigno,Université de Lausanne,https://sites.google.com/view/gianlucabenigno,https://ideas.repec.org/f/pbe206.html,eligible,0,,2068.0,1378.0,RePEc
phe103,Almas Heshmati,University of Economics Ho Chi Minh City,,https://ideas.repec.org/e/phe103.html,eligible,0,,1379.0,2539.0,RePEc
pmo519,Kamiar Mohaddes,University of Cambridge,https://www.mohaddes.org/,https://ideas.repec.org/f/pmo519.html,eligible,0,,3502.0,1379.0,RePEc
pte191,Andrea Tesei,Queen Mary University of London,,https://ideas.repec.org/e/pte191.html,eligible,0,,,1380.0,RePEc
plo223,Inessa Love,University of Hawaii-Manoa,https://sites.google.com/a/hawaii.edu/inessalove/,https://ideas.repec.org/f/plo223.html,eligible,0,,1381.0,,RePEc
psp27,Enrico Spolaore,Tufts University,http://sites.tufts.edu/enricospolaore/,https://ideas.repec.org/e/psp27.html,eligible,0,,1382.0,3595.0,RePEc
pla637,Marta Lachowska,Federal Reserve Bank of Chicago,http://martalachowska.weebly.com,https://ideas.repec.org/f/pla637.html,eligible,0,,,1382.0,RePEc
phe157,Thomas Hellmann,Oxford University,https://www.sbs.ox.ac.uk/community/people/thomas-hellmann,https://ideas.repec.org/e/phe157.html,eligible,0,,1383.0,,RePEc
psp229,Ben Sprung-Keyser,University of Pennsylvania,https://www.bsprungkeyser.com/,https://ideas.repec.org/f/psp229.html,eligible,0,,,1383.0,RePEc
pte64,Siew Hong Teoh,University of California-Los Angeles (UCLA),https://www.anderson.ucla.edu/faculty-and-research/accounting/faculty/teoh,https://ideas.repec.org/e/pte64.html,eligible,0,,1384.0,,RePEc
psh726,Or Shachar,Federal Reserve Bank of New York,,https://ideas.repec.org/f/psh726.html,eligible,0,,,1384.0,RePEc
pkn6,Richard Anthony Kneller,University of Nottingham,https://www.nottingham.ac.uk/economics/people/richard.kneller,https://ideas.repec.org/e/pkn6.html,eligible,0,,1385.0,,RePEc
pha87,Justus Haucap,Heinriche-Heine-Universität Düsseldorf,http://www.dice.hhu.de,https://ideas.repec.org/e/pha87.html,eligible,0,,1526.0,1385.0,RePEc
pco39,Timothy Cogley,New York University (NYU),http://files.nyu.edu/tc60/public,https://ideas.repec.org/e/pco39.html,eligible,0,,1386.0,,RePEc
pbl13,David Blau,Ohio State University,,https://ideas.repec.org/e/pbl13.html,eligible,0,,1387.0,,RePEc
pma2520,Kalina Manova,University College London (UCL),https://www.kalinamanova.com/,https://ideas.repec.org/f/pma2520.html,eligible,0,,1564.0,1387.0,RePEc
pga755,Sharat Ganapati,Georgetown University,http://www.sganapati.com,https://ideas.repec.org/f/pga755.html,eligible,0,,,1388.0,RePEc
pki52,Alan Kirman,École des Hautes Études en Sciences Sociales (EHESS),https://sites.google.com/view/alan-kirman,https://ideas.repec.org/e/pki52.html,eligible,0,,1389.0,,RePEc
por114,Juan Matias Ortner,Boston University,http://people.bu.edu/jortner/,https://ideas.repec.org/e/por114.html,eligible,0,,,1389.0,RePEc
pko20,Wojciech Kopczuk,Columbia University,http://www.columbia.edu/~wk2110,https://ideas.repec.org/e/pko20.html,eligible,0,,1390.0,,RePEc
pgu546,Dario Guarascio,"""Sapienza"" Università di Roma",,https://ideas.repec.org/f/pgu546.html,eligible,0,,,1390.0,RePEc
pri143,John Graham Riley,University of California-Los Angeles (UCLA),http://johngriley.com,https://ideas.repec.org/e/pri143.html,eligible,0,,1391.0,,RePEc
phe34,Paul Heidhues,Heinriche-Heine-Universität Düsseldorf,http://www.dice.hhu.de/en/diceteam/professors/prof-dr-paul-heidhues.html,https://ideas.repec.org/e/phe34.html,eligible,0,,3324.0,1391.0,RePEc
pam134,Francesco Amodio,McGill University,http://sites.google.com/site/fscoamodio/,https://ideas.repec.org/e/pam134.html,eligible,0,,,1392.0,RePEc
psu39,Shyam Sunder,Yale University,https://faculty.som.yale.edu/shyamsunder/,https://ideas.repec.org/e/psu39.html,eligible,0,,1393.0,,RePEc
pco192,Deborah A. Cobb-Clark,University of Sydney,,https://ideas.repec.org/e/pco192.html,eligible,0,,1394.0,2610.0,RePEc
pju214,Ragnar Enger Juelsrud,Universitetet i Oslo,https://www.ragnarjuelsrud.com,https://ideas.repec.org/f/pju214.html,eligible,0,,,1394.0,RePEc
pkl31,Frank Kleibergen,Universiteit van Amsterdam,https://www.uva.nl/profiel/k/l/f.r.kleibergen/f.r.kleibergen.html,https://ideas.repec.org/e/pkl31.html,eligible,0,,1395.0,,RePEc
pet6,Wilfred John Ethier,University of Pennsylvania,,https://ideas.repec.org/e/pet6.html,eligible,0,,1396.0,,RePEc
pwa494,Shing-Yi Wang,University of Pennsylvania,http://assets.wharton.upenn.edu/~was/,https://ideas.repec.org/f/pwa494.html,eligible,0,,,1396.0,RePEc
pjo98,Andrew Michael Jones,University of York,http://www.york.ac.uk/economics/our-people/staff-profiles/andrew-m-jones/,https://ideas.repec.org/e/pjo98.html,eligible,0,,1397.0,1720.0,RePEc
pgu101,Massimo Guidolin,Università Commerciale Luigi Bocconi,,https://ideas.repec.org/e/pgu101.html,eligible,0,,1499.0,1397.0,RePEc
pro88,Eric Rosengren,Federal Reserve Bank of Boston,,https://ideas.repec.org/e/pro88.html,eligible,0,,1398.0,,RePEc
pli495,Youwei Li,University of Hull,,https://ideas.repec.org/f/pli495.html,eligible,0,,,1398.0,RePEc
pwi3,David Wildasin,University of Kentucky,http://davidwildasin.us,https://ideas.repec.org/e/pwi3.html,eligible,0,,1399.0,,RePEc
pto149,Giorgio Topa,Federal Reserve Bank of New York,http://www.newyorkfed.org/research/economists/topa/index.html,https://ideas.repec.org/e/pto149.html,eligible,0,,1536.0,1399.0,RePEc
pal427,Guido Alfani,Università Commerciale Luigi Bocconi,https://www.guidoalfani.eu/,https://ideas.repec.org/f/pal427.html,eligible,0,,,1400.0,RePEc
pha52,Gary Hansen,University of California-Los Angeles (UCLA),,https://ideas.repec.org/e/pha52.html,eligible,0,,1401.0,,RePEc
pra541,Tyler M. Ransom,University of Oklahoma,https://tyleransom.github.io,https://ideas.repec.org/f/pra541.html,eligible,0,,,1401.0,RePEc
pes90,Antonio Estache,Université Libre de Bruxelles,https://estache.wordpress.com/,https://ideas.repec.org/e/pes90.html,eligible,0,,1402.0,,RePEc
pal675,Treb Allen,Dartmouth College,https://sites.google.com/site/treballen/,https://ideas.repec.org/f/pal675.html,eligible,0,,3234.0,1402.0,RePEc
ppr2,Ian Peter Preston,University College London (UCL),http://www.ucl.ac.uk/~uctp100,https://ideas.repec.org/e/ppr2.html,eligible,0,,1403.0,,RePEc
ptr393,Sharon Traiberman,New York University (NYU),https://sites.google.com/site/straiberman/,https://ideas.repec.org/f/ptr393.html,eligible,0,,,1403.0,RePEc
ppo97,Robert H. Porter,Northwestern University,,https://ideas.repec.org/e/ppo97.html,eligible,0,,1404.0,,RePEc
pso571,Giuseppe Sorrenti,Universiteit van Amsterdam,https://sites.google.com/site/giuseppesorrenti85/,https://ideas.repec.org/f/pso571.html,eligible,0,,,1404.0,RePEc
pfa388,Ruediger Fahlenbrach,École Polytechnique Fédérale de Lausanne (EPFL),https://www.epfl.ch/labs/sfi-rf/,https://ideas.repec.org/f/pfa388.html,eligible,0,,2410.0,1405.0,RePEc
pku26,Peter Kuhn,CESifo,http://www.econ.ucsb.edu/~pjkuhn,https://ideas.repec.org/e/pku26.html,eligible,0,,1406.0,,RePEc
pse325,Kunal Sen,University of Manchester,,https://ideas.repec.org/f/pse325.html,eligible,0,,2729.0,1406.0,RePEc
pde227,Enrica Detragiache,International Monetary Fund (IMF),,https://ideas.repec.org/f/pde227.html,eligible,0,,1407.0,,RePEc
pmi407,Claus Michelsen,DIW Berlin (Deutsches Institut für Wirtschaftsforschung),,https://ideas.repec.org/f/pmi407.html,eligible,0,,,1407.0,RePEc
pdi363,Eugen Dimant,University of Nottingham,https://sites.google.com/view/eugendimant/,https://ideas.repec.org/f/pdi363.html,eligible,0,,,1408.0,RePEc
pku10,Simon Kuznets,,https://www.nobelprize.org/prizes/economic-sciences/1971/kuznets/,https://ideas.repec.org/e/pku10.html,won,1971,,1409.0,,RePEc
pcr107,Richard K. Crump,Federal Reserve Bank of New York,http://www.newyorkfed.org/research/economists/crump/index.html,https://ideas.repec.org/e/pcr107.html,eligible,0,,2204.0,1410.0,RePEc
pju70,Richard E. Just,University of Maryland,,https://ideas.repec.org/e/pju70.html,eligible,0,,1411.0,,RePEc
ppa251,Nuno Pedro G. Palma,University of Manchester,https://sites.google.com/site/npgpalma/,https://ideas.repec.org/f/ppa251.html,eligible,0,,,1411.0,RePEc
pmc216,Patrick M. McGuire,Bank for International Settlements (BIS),http://www.bis.org/author/patrick_mcguire.htm,https://ideas.repec.org/f/pmc216.html,eligible,0,,3158.0,1413.0,RePEc
ple1119,Karen Kay Lewis,University of Pennsylvania,https://fnce.wharton.upenn.edu/profile/lewisk/,https://ideas.repec.org/f/ple1119.html,eligible,0,,1414.0,,RePEc
psc650,Wolf-Peter Schill,DIW Berlin (Deutsches Institut für Wirtschaftsforschung),https://www.diw.de/staff/en/wschill,https://ideas.repec.org/f/psc650.html,eligible,0,,,1414.0,RePEc
pho162,Harry J. Holzer,Georgetown University,https://gufaculty360.georgetown.edu/s/contact/00336000014RcL5AAK/harry-holzer,https://ideas.repec.org/e/pho162.html,eligible,0,,1415.0,,RePEc
pth366,Michael Thaler,University College London (UCL),http://www.michaelthaler.com,https://ideas.repec.org/f/pth366.html,eligible,0,,,1415.0,RePEc
plo110,Trevon D. Logan,National Bureau of Economic Research (NBER),http://econ.ohio-state.edu/trevon,https://ideas.repec.org/e/plo110.html,eligible,0,,,1416.0,RePEc
pst279,Hans R. Stoll,,,https://ideas.repec.org/f/pst279.html,deceased,0,,1417.0,,RePEc
ple928,Anthony Lepinteur,Université du Luxembourg,https://sites.google.com/site/anthonylepinteur/home,https://ideas.repec.org/f/ple928.html,eligible,0,,,1417.0,RePEc
pzh194,Junsen Zhang,Zhejiang University,http://www.cuhk.edu.hk/eco/staff/jszhang/jzhang.htm,https://ideas.repec.org/e/pzh194.html,eligible,0,,1418.0,,RePEc
pma2008,Toshihiro Matsumura,University of Tokyo,https://web.iss.u-tokyo.ac.jp/~matsumur/,https://ideas.repec.org/f/pma2008.html,eligible,0,,2567.0,1418.0,RePEc
pka143,Larry S. Karp,University of California-Berkeley,http://are.berkeley.edu/~karp/,https://ideas.repec.org/e/pka143.html,eligible,0,,1419.0,,RePEc
pwa667,Olivier Wang,New York University (NYU),http://www.olivierwang.com,https://ideas.repec.org/f/pwa667.html,eligible,0,,,1419.0,RePEc
pha161,Jonathan E. Haskel,Imperial College,https://www.imperial.ac.uk/people/j.haskel,https://ideas.repec.org/e/pha161.html,eligible,0,,1420.0,3389.0,RePEc
pme642,Geert Mesters,Federal Reserve Bank of New York,http://www.geertmesters.com,https://ideas.repec.org/f/pme642.html,eligible,0,,,1420.0,RePEc
ple692,Fernando Leibovici,Federal Reserve Bank of Dallas,http://www.fernandoleibovici.com,https://ideas.repec.org/f/ple692.html,eligible,0,,,1421.0,RePEc
pba592,Ole E. Barndorff-Nielsen,,http://www.creates.au.dk/en/people/researchfellows/olebarndorff-nielsen,https://ideas.repec.org/f/pba592.html,deceased,0,,1422.0,,RePEc
phy13,Henry Richard Hyatt,Government of the United States,https://henryrhyatt.com,https://ideas.repec.org/e/phy13.html,eligible,0,,,1422.0,RePEc
pfi13,Price Vanmeter Fishback,University of Arizona,https://eller.arizona.edu/people/price-v-fishback,https://ideas.repec.org/e/pfi13.html,eligible,0,,1423.0,1660.0,RePEc
pru106,Jared Rubin,Chapman University,http://www.jaredcrubin.com/,https://ideas.repec.org/e/pru106.html,eligible,0,,,1425.0,RePEc
psa110,Albert Saiz,Luxembourg Institute of Socio-Economic Research (LISER),,https://ideas.repec.org/e/psa110.html,eligible,0,,1426.0,,RePEc
pim33,Clément Imbert,Sciences Po,https://sites.google.com/site/clemimbert/,https://ideas.repec.org/e/pim33.html,eligible,0,,,1426.0,RePEc
ppa900,Rohini Pande,Yale University,,https://ideas.repec.org/f/ppa900.html,eligible,0,,1427.0,,RePEc
psi1127,Michael Siegenthaler,Eidgenössische Technische Hochschule Zürich (ETHZ),https://sites.google.com/site/siegenthalermichael/home,https://ideas.repec.org/f/psi1127.html,eligible,0,,,1427.0,RePEc
ppe234,Sam Peltzman,University of Chicago,,https://ideas.repec.org/f/ppe234.html,eligible,0,,1428.0,,RePEc
pfo95,Mario Forni,Università degli Studi di Modena e Reggio Emilia,,https://ideas.repec.org/e/pfo95.html,eligible,0,,1429.0,2609.0,RePEc
pge328,Francois Gerard,University College London (UCL),https://sites.google.com/site/fransgerard/,https://ideas.repec.org/f/pge328.html,eligible,0,,,1429.0,RePEc
pte231,Peter Temin,,http://economics.mit.edu/faculty/ptemin,https://ideas.repec.org/f/pte231.html,deceased,0,,1430.0,,RePEc
ppo637,Vincent Pons,Harvard University,http://www.hbs.edu/faculty/Pages/profile.aspx?facId=736825,https://ideas.repec.org/f/ppo637.html,eligible,0,,,1430.0,RePEc
pbu12,Robin Burgess,London School of Economics (LSE),http://econ.lse.ac.uk/staff/rburgess/,https://ideas.repec.org/e/pbu12.html,eligible,0,,1431.0,,RePEc
pan105,Michael L. Anderson,University of California-Berkeley,https://anderson.are.berkeley.edu/,https://ideas.repec.org/e/pan105.html,eligible,0,,1432.0,,RePEc
pme225,Arnaud Jérôme Mehl,European Central Bank,,https://ideas.repec.org/f/pme225.html,eligible,0,,3636.0,1432.0,RePEc
paz5,Costas Azariadis,Washington University in St. Louis,,https://ideas.repec.org/e/paz5.html,eligible,0,,1433.0,,RePEc
ppu86,Theodor Valentin Purcarea,Universitatea Româno-Americană,,https://ideas.repec.org/e/ppu86.html,eligible,0,,,1433.0,RePEc
pma173,Albert Marcet,Barcelona School of Economics (BSE),https://www.crei.cat/people/albert-marcet/,https://ideas.repec.org/e/pma173.html,eligible,0,,1434.0,3062.0,RePEc
pal282,Harold Alderman,International Food Policy Research Institute (IFPRI),,https://ideas.repec.org/f/pal282.html,eligible,0,,1435.0,,RePEc
pri321,Syed Aun R. Rizvi,Lahore University of Management Sciences,,https://ideas.repec.org/f/pri321.html,eligible,0,,,1435.0,RePEc
pso113,Bent E. Sorensen,University of Houston,http://www.uh.edu/~bsorense,https://ideas.repec.org/e/pso113.html,eligible,0,,1436.0,,RePEc
psc351,Ian Michael Schmutte,University of Georgia,https://ianschmutte.org,https://ideas.repec.org/f/psc351.html,eligible,0,,,1436.0,RePEc
pso40,Joel Sobel,University of California-San Diego (UCSD),https://econweb.ucsd.edu/~jsobel/,https://ideas.repec.org/e/pso40.html,eligible,0,,1437.0,,RePEc
pzu31,Sarah Zubairy,Texas A&M University,http://www.sarahzubairy.com,https://ideas.repec.org/e/pzu31.html,eligible,0,,2201.0,1437.0,RePEc
psu257,Daniel G. Sullivan,Federal Reserve Bank of Chicago,,https://ideas.repec.org/f/psu257.html,eligible,0,,1438.0,,RePEc
pal165,Robert Carson Allen,New York University Abu Dhabi,,https://ideas.repec.org/e/pal165.html,eligible,0,,1439.0,1502.0,RePEc
pch73,Jay Pil Choi,Michigan State University,https://jaypilchoi.com/,https://ideas.repec.org/e/pch73.html,eligible,0,,1440.0,2011.0,RePEc
pch1683,Peter Anton Christensen,University of California-Santa Cruz (UCSC),http://peterchristensen.net,https://ideas.repec.org/f/pch1683.html,eligible,0,,,1440.0,RePEc
pev5,Martin Evans,Georgetown University,https://sites.google.com/a/georgetown.edu/evansmdd/,https://ideas.repec.org/e/pev5.html,eligible,0,,1441.0,,RePEc
pgo820,Felipe González,King's College London,https://fagonza4.github.io,https://ideas.repec.org/f/pgo820.html,eligible,0,,,1441.0,RePEc
pgo158,Francois Gourio,Federal Reserve Bank of Chicago,https://sites.google.com/site/fgourio,https://ideas.repec.org/e/pgo158.html,eligible,0,,1921.0,1442.0,RePEc
pgi6,Herbert Gintis,,http://people.umass.edu/gintis,https://ideas.repec.org/e/pgi6.html,deceased,0,,1443.0,,RePEc
pvi152,James Vickery,Federal Reserve Bank of Philadelphia,https://sites.google.com/view/james-vickery,https://ideas.repec.org/e/pvi152.html,eligible,0,,2959.0,1443.0,RePEc
pet16,Federico Etro,Università degli Studi di Firenze,https://www.unifi.it/p-doc2-2019-0-A-2d2a362a3b28-0.html,https://ideas.repec.org/e/pet16.html,eligible,0,,2305.0,1444.0,RePEc
pch34,Satyajit Chatterjee,Federal Reserve Bank of Philadelphia,https://sites.google.com/site/chatterjeesatyajit/home,https://ideas.repec.org/e/pch34.html,eligible,0,,1445.0,2652.0,RePEc
pfa184,Thibault Fally,University of California-Berkeley,https://fally.are.berkeley.edu/,https://ideas.repec.org/e/pfa184.html,eligible,0,,2862.0,1445.0,RePEc
pch1228,Tao Chen,Nanyang Technological University,https://personal.ntu.edu.sg/jtchen/,https://ideas.repec.org/f/pch1228.html,eligible,0,,,1446.0,RePEc
ppo132,Richard Portes,London Business School (LBS),http://faculty.london.edu/rportes/,https://ideas.repec.org/e/ppo132.html,eligible,0,,1447.0,,RePEc
pda851,Olivier Darmouni,Columbia University,https://sites.google.com/site/olivierdarmouni/,https://ideas.repec.org/f/pda851.html,eligible,0,,,1447.0,RePEc
pel76,Tore Ellingsen,Stockholm School of Economics,https://sites.google.com/site/tellingsensse/,https://ideas.repec.org/e/pel76.html,eligible,0,,1448.0,,RePEc
pko790,Julian Kozlowski,Federal Reserve Bank of St. Louis,http://www.juliankozlowski.com/,https://ideas.repec.org/f/pko790.html,eligible,0,,,1448.0,RePEc
pwi192,Robert J. Willis,University of Michigan,,https://ideas.repec.org/e/pwi192.html,eligible,0,,1449.0,,RePEc
pny23,Anant Nyshadham,University of Michigan,http://www.anantnyshadham.com,https://ideas.repec.org/e/pny23.html,eligible,0,,,1449.0,RePEc
pch548,Angus C. Chu,University of Macau,http://sites.google.com/site/angusccc/,https://ideas.repec.org/f/pch548.html,eligible,0,,3265.0,1450.0,RePEc
pfe232,Chaim Fershtman,Tel Aviv University,,https://ideas.repec.org/f/pfe232.html,eligible,0,,1452.0,,RePEc
pfu9,José Alberto Fuinhas,Universidade do Coimbra,,https://ideas.repec.org/e/pfu9.html,eligible,0,,,1452.0,RePEc
pfa22,Ester Faia,Goethe Universität Frankfurt am Main,http://www.wiwi.uni-frankfurt.de/profs/faia,https://ideas.repec.org/e/pfa22.html,eligible,0,,1818.0,1453.0,RePEc
pvi157,S Viswanathan,Duke University,http://www.duke.edu/~viswanat,https://ideas.repec.org/e/pvi157.html,eligible,0,,1454.0,,RePEc
per213,Katherine Eriksson,University of California-Davis,http://kaeriksson.ucdavis.edu,https://ideas.repec.org/f/per213.html,eligible,0,,,1454.0,RePEc
pkr246,Sebastian Kripfganz,University of Exeter,https://www.kripfganz.de,https://ideas.repec.org/f/pkr246.html,eligible,0,,,1455.0,RePEc
pmo6,Pierre Mohnen,United Nations University-Maastricht Economic Research Institute of Innovation and Technology (UNU-MERIT),https://unu.edu/merit/about/expert/prof-dr-pierre-mohnen,https://ideas.repec.org/e/pmo6.html,eligible,0,,1456.0,3242.0,RePEc
pfa548,Adrien Fabre,Centre International de Recherche sur l'Environnement et le Développement (CIRED),https://sites.google.com/view/adrien-fabre,https://ideas.repec.org/f/pfa548.html,eligible,0,,,1456.0,RePEc
pmu269,Kaivan Munshi,Brown University,http://www.econ.brown.edu/fac/Kaivan_Munshi,https://ideas.repec.org/f/pmu269.html,eligible,0,,1457.0,,RePEc
pst3,Roland Strausz,Humboldt-Universität Berlin,https://sites.google.com/view/rolandstrausz/home,https://ideas.repec.org/e/pst3.html,eligible,0,,2000.0,1457.0,RePEc
pme762,Brian Thomas Melzer,Dartmouth College,http://www.brianmelzer.com,https://ideas.repec.org/f/pme762.html,eligible,0,,,1458.0,RePEc
pjo287,Kose John,New York University (NYU),http://people.stern.nyu.edu/kjohn/,https://ideas.repec.org/f/pjo287.html,eligible,0,,1459.0,,RePEc
phu293,John Eric Humphries,Yale University,http://www.johnerichumphries.com,https://ideas.repec.org/f/phu293.html,eligible,0,,,1459.0,RePEc
phe460,Geoffrey J. D. Hewings,Universidad de Oviedo,,https://ideas.repec.org/f/phe460.html,eligible,0,,1460.0,1728.0,RePEc
pri173,Christian Marc Ringle,Technische Universität Hamburg-Harburg (TUHH) (Hamburg University of Technology),https://www.tuhh.de/hrmo/team/prof-dr-c-m-ringle.html,https://ideas.repec.org/e/pri173.html,eligible,0,,,1460.0,RePEc
pha383,Benjamin Hansen,University of Oregon,https://www.benjaminhansen.org/,https://ideas.repec.org/f/pha383.html,eligible,0,,,1461.0,RePEc
ppu77,Tālis Putniņš,University of Technology Sydney,https://profiles.uts.edu.au/talis.putnins,https://ideas.repec.org/e/ppu77.html,eligible,0,,,1462.0,RePEc
pfl8,Christopher Flinn,New York University (NYU),https://sites.google.com/view/cjflinn-homepage,https://ideas.repec.org/e/pfl8.html,eligible,0,,1463.0,3645.0,RePEc
ppr415,Brian Charles Prest,Resources for the Future (RFF),http://www.brianprest.com,https://ideas.repec.org/f/ppr415.html,eligible,0,,,1463.0,RePEc
ple417,Tracy R. Lewis,,,https://ideas.repec.org/f/ple417.html,deceased,0,,1464.0,,RePEc
phi113,Cesar A. Hidalgo,Toulouse School of Economics (TSE),https://cesarhidalgo.com,https://ideas.repec.org/e/phi113.html,eligible,0,,2214.0,1464.0,RePEc
pei5,Sylvester Eijffinger,Universiteit van Tilburg,http://center.uvt.nl/staff/eijffing/,https://ideas.repec.org/e/pei5.html,eligible,0,,1465.0,,RePEc
pva651,Felipe Valencia Caicedo,University of British Columbia,https://sites.google.com/site/felipev84/Home,https://ideas.repec.org/f/pva651.html,eligible,0,,,1465.0,RePEc
pda33,Donald R. Davis,Columbia University,http://www.columbia.edu/~drd28/,https://ideas.repec.org/e/pda33.html,eligible,0,,1467.0,,RePEc
psh383,Yongseok Shin,Washington University in St. Louis,https://sites.wustl.edu/yshin,https://ideas.repec.org/f/psh383.html,eligible,0,,2518.0,1467.0,RePEc
pst124,Steven Stillman,Libera Università di Bolzano / Freie Universität Bozen,https://www.unibz.it/en/faculties/economics-management/academic-staff/person/36390-steven-stillman,https://ideas.repec.org/e/pst124.html,eligible,0,,1468.0,,RePEc
pfi50,Sergio Firpo,Insper,https://www.insper.edu.br/pt/docentes/sergio-pinheiro-firpo,https://ideas.repec.org/e/pfi50.html,eligible,0,,1931.0,1468.0,RePEc
pwe54,Guglielmo Weber,Università degli Studi di Padova,https://sites.google.com/site/guglielmoweber/,https://ideas.repec.org/e/pwe54.html,eligible,0,,1469.0,,RePEc
pni384,Paul Niehaus,University of California-San Diego (UCSD),http://econweb.ucsd.edu/~pniehaus/,https://ideas.repec.org/f/pni384.html,eligible,0,,,1469.0,RePEc
pad14,John Addison,University of South Carolina,,https://ideas.repec.org/e/pad14.html,eligible,0,,1470.0,,RePEc
pgl13,Reuven Glick,Federal Reserve Bank of San Francisco,http://www.frbsf.org/economic-research/economists/reuven-glick/,https://ideas.repec.org/e/pgl13.html,eligible,0,,1471.0,,RePEc
pgr571,Klaus Gründler,Universität Kassel,https://sites.google.com/view/klaus-gruendler,https://ideas.repec.org/f/pgr571.html,eligible,0,,,1471.0,RePEc
pyi44,Kei-Mu Yi,Federal Reserve Bank of Dallas,,https://ideas.repec.org/e/pyi44.html,eligible,0,,1472.0,3498.0,RePEc
pwu111,Jing Cynthia Wu,University of Illinois at Urbana-Champaign,https://sites.google.com/view/jingcynthiawu/,https://ideas.repec.org/e/pwu111.html,eligible,0,,1880.0,1472.0,RePEc
pbu242,Francisco Javier Buera,Washington University in St. Louis,https://sites.google.com/site/fjbuera/,https://ideas.repec.org/f/pbu242.html,eligible,0,,1475.0,2546.0,RePEc
pgu11,Paulo Guimaraes,Banco de Portugal,,https://ideas.repec.org/e/pgu11.html,eligible,0,,2761.0,1475.0,RePEc
ppe799,Giovanni Pellegrino,Università degli Studi di Padova,https://sites.google.com/site/giovannipellegrinopg/,https://ideas.repec.org/f/ppe799.html,eligible,0,,,1476.0,RePEc
pma172,James Malcomson,Oxford University,https://www.asc.ox.ac.uk/people/professor-james-malcomson,https://ideas.repec.org/e/pma172.html,eligible,0,,1477.0,,RePEc
pvo187,Goetz von Peter,Bank for International Settlements (BIS),http://www.bis.org/author/goetz_von_peter.htm,https://ideas.repec.org/e/pvo187.html,eligible,0,,,1477.0,RePEc
pbu44,Simon Burgess,University of Bristol,http://www.ecn.bris.ac.uk/www/ecsb/home.html,https://ideas.repec.org/e/pbu44.html,eligible,0,,1478.0,,RePEc
pch496,Christopher P. Chambers,Georgetown University,,https://ideas.repec.org/f/pch496.html,eligible,0,,2876.0,1478.0,RePEc
pho91,Geoffrey M. Hodgson,Loughborough University,http://www.geoffreymhodgson.uk/,https://ideas.repec.org/e/pho91.html,eligible,0,,1479.0,,RePEc
pla883,Eben Lazarus,University of California-Berkeley,https://ebenlazarus.github.io,https://ideas.repec.org/f/pla883.html,eligible,0,,,1479.0,RePEc
pba636,Patrick Bayer,Duke University,http://www.econ.duke.edu/people/bayer,https://ideas.repec.org/f/pba636.html,eligible,0,,1480.0,,RePEc
pca105,Andrea Carriero,Queen Mary University of London,,https://ideas.repec.org/e/pca105.html,eligible,0,,3187.0,1480.0,RePEc
pgo329,Sanjeev Goyal,University of Cambridge,,https://ideas.repec.org/f/pgo329.html,eligible,0,,1481.0,1992.0,RePEc
pwa284,Adam Wagstaff,,https://www.ohe.org/news/memoriam-adam-wagstaff-1959-2020,https://ideas.repec.org/f/pwa284.html,deceased,0,,1482.0,,RePEc
pzy8,Yanos Zylberberg,University of Bristol,http://sites.google.com/site/yanoszylberberg/,https://ideas.repec.org/e/pzy8.html,eligible,0,,,1482.0,RePEc
pfr37,Koen Frenken,Universiteit Utrecht,http://www.uu.nl/staff/KFrenken/,https://ideas.repec.org/e/pfr37.html,eligible,0,,1483.0,1989.0,RePEc
ppr456,Andrea Prestipino,Federal Reserve Board (Board of Governors of the Federal Reserve System),http://andreaprestipino.com,https://ideas.repec.org/f/ppr456.html,eligible,0,,,1483.0,RePEc
pch2349,Siddhartha Chib,Washington University in St. Louis,,https://ideas.repec.org/f/pch2349.html,eligible,0,,1484.0,,RePEc
pre385,Julian Reif,University of Illinois at Urbana-Champaign,http://www.julianreif.com,https://ideas.repec.org/f/pre385.html,eligible,0,,,1484.0,RePEc
psv8,Jan Svejnar,Columbia University,http://cgeg.sipa.columbia.edu/about/people,https://ideas.repec.org/e/psv8.html,eligible,0,,1485.0,,RePEc
pli1242,Ethan M.j. Lieber,University of Notre Dame,https://www3.nd.edu/~elieber/,https://ideas.repec.org/f/pli1242.html,eligible,0,,,1486.0,RePEc
pgr293,Daniel Gros,Centre for European Policy Studies (CEPS),http://www.ceps.eu/member/daniel-gros,https://ideas.repec.org/f/pgr293.html,eligible,0,,1487.0,3605.0,RePEc
pma2677,Carlos Madeira,Banco Central de Chile,https://sites.google.com/view/cmadeira/,https://ideas.repec.org/f/pma2677.html,eligible,0,,,1487.0,RePEc
pdu519,Bernard Dumas,INSEAD,https://www.insead.edu/faculty-research/faculty/bernard-dumas/personal-site,https://ideas.repec.org/f/pdu519.html,eligible,0,,1488.0,,RePEc
pbe44,James Bessen,Boston University School of Law,http://www.researchoninnovation.org,https://ideas.repec.org/e/pbe44.html,eligible,0,,3416.0,1488.0,RePEc
pke85,Claudia Kemfert,DIW Berlin (Deutsches Institut für Wirtschaftsforschung),https://www.claudiakemfert.de/en/biography/,https://ideas.repec.org/e/pke85.html,eligible,0,,1490.0,1734.0,RePEc
pzh896,Weike Zhang,Sichuan University,,https://ideas.repec.org/f/pzh896.html,eligible,0,,,1490.0,RePEc
pjo88,Larry E. Jones,University of Minnesota,http://www.econ.umn.edu/~lej/,https://ideas.repec.org/e/pjo88.html,eligible,0,,1491.0,,RePEc
pga173,Alessandro Gavazza,London School of Economics (LSE),https://sites.google.com/site/alessandrogavazza/,https://ideas.repec.org/e/pga173.html,eligible,0,,2948.0,1491.0,RePEc
pgr43,Ben Greiner,WU Wirtschaftsuniversität Wien,http://ben.orsee.org,https://ideas.repec.org/e/pgr43.html,eligible,0,,1492.0,,RePEc
ped70,Anthony Edo,,https://sites.google.com/site/anthonyedohome/,https://ideas.repec.org/e/ped70.html,eligible,0,,,1492.0,RePEc
ppe90,Joe Peek,Federal Reserve Bank of Boston,,https://ideas.repec.org/e/ppe90.html,eligible,0,,1493.0,,RePEc
pcr77,Maureen L. Cropper,University of Maryland,http://www.econ.umd.edu/faculty/profiles/cropper,https://ideas.repec.org/e/pcr77.html,eligible,0,,1494.0,,RePEc
pka964,Agne Kajackaite,Università degli Studi di Milano,,https://ideas.repec.org/f/pka964.html,eligible,0,,,1494.0,RePEc
pki187,Gary King,Harvard University,http://gking.harvard.edu,https://ideas.repec.org/e/pki187.html,eligible,0,,1495.0,1547.0,RePEc
ppi372,Pia Rosina Pinger,Universität zu Köln,https://sites.google.com/site/piapinger/,https://ideas.repec.org/f/ppi372.html,eligible,0,,,1495.0,RePEc
pro962,Nathan Rosenberg,,https://en.wikipedia.org/wiki/Nathan_Rosenberg,https://ideas.repec.org/f/pro962.html,deceased,0,,1496.0,,RePEc
par531,Dmitry Arkhangelsky,Centro de Estudios Monetarios y Financieros (CEMFI),https://sites.google.com/view/dmitry-arkhangelsky,https://ideas.repec.org/f/par531.html,eligible,0,,,1496.0,RePEc
pru22,Kim Ruhl,University of Wisconsin-Madison,http://www.kimjruhl.com,https://ideas.repec.org/e/pru22.html,eligible,0,,2511.0,1497.0,RePEc
pyu5,Jun Yu,University of Macau,https://fba.um.edu.mo/faculty/junyu/,https://ideas.repec.org/e/pyu5.html,eligible,0,,1498.0,1937.0,RePEc
pbe1273,Martin Beraja,Massachusetts Institute of Technology (MIT),https://economics.mit.edu/faculty/maberaja,https://ideas.repec.org/f/pbe1273.html,eligible,0,,,1498.0,RePEc
pal1270,Shoaib Ali,Université Internationale de Rabat,,https://ideas.repec.org/f/pal1270.html,eligible,0,,,1499.0,RePEc
pse24,Reinhard Selten,,https://www.nobelprize.org/prizes/economic-sciences/1994/selten/facts/,https://ideas.repec.org/e/pse24.html,won,1994,,1500.0,,RePEc
pyu225,Minchul Yum,Virginia Commonwealth University,https://minchulyum.github.io/,https://ideas.repec.org/f/pyu225.html,eligible,0,,,1500.0,RePEc
pta633,Yuehua Tang,University of Florida,http://sites.google.com/site/yuehuatang/,https://ideas.repec.org/f/pta633.html,eligible,0,,,1501.0,RePEc
pgu73,Faruk Gul,Princeton University,http://www.princeton.edu/~fgul/,https://ideas.repec.org/e/pgu73.html,eligible,0,,1502.0,,RePEc
pze9,Arnold Zellner,,http://en.wikipedia.org/wiki/Arnold_Zellner,https://ideas.repec.org/e/pze9.html,deceased,0,,1503.0,,RePEc
pot22,Keijiro Otsuka,Asian Development Bank,,https://ideas.repec.org/e/pot22.html,eligible,0,,1504.0,3225.0,RePEc
pos133,Juan J. Ospina-Tejeiro,Banco de la Republica de Colombia,http://www.jospinaeconomics.net/,https://ideas.repec.org/e/pos133.html,eligible,0,,,1504.0,RePEc
pok11,Toshihiro Okubo,Keio University,,https://ideas.repec.org/e/pok11.html,eligible,0,,2017.0,1505.0,RePEc
pze3,Joseph Zeira,Hebrew University of Jerusalem,http://josephzeira.weebly.com/,https://ideas.repec.org/e/pze3.html,eligible,0,,1506.0,,RePEc
pbo275,Valentina Bosetti,Università Commerciale Luigi Bocconi,,https://ideas.repec.org/f/pbo275.html,eligible,0,,2800.0,1506.0,RePEc
psm1,Lones Smith,University of Wisconsin-Madison,http://www.lonessmith.com,https://ideas.repec.org/e/psm1.html,eligible,0,,1507.0,1968.0,RePEc
psc988,Christophe Schinckus,,https://www.ufv.ca/faculty-business-and-computing/deans-office/schinckus-chris.htm,https://ideas.repec.org/f/psc988.html,eligible,0,,,1507.0,RePEc
pjo446,Charles M. Jones,,,https://ideas.repec.org/f/pjo446.html,deceased,0,,1508.0,3422.0,RePEc
paj35,Nicolas Ajzenman,McGill University,http://www.ajzenman.com,https://ideas.repec.org/e/paj35.html,eligible,0,,,1508.0,RePEc
pxe1,Anastasios Xepapadeas,Alma Mater Studiorum - Università di Bologna,http://www.aueb.gr/users/xepapadeas/xepapadeas/,https://ideas.repec.org/e/pxe1.html,eligible,0,,1510.0,2040.0,RePEc
pwa726,Zachary Ward,Baylor University,,https://ideas.repec.org/f/pwa726.html,eligible,0,,,1510.0,RePEc
pca340,David Canning,Harvard University,http://www.hsph.harvard.edu/david-canning/,https://ideas.repec.org/f/pca340.html,eligible,0,,1511.0,,RePEc
pjo240,Koen Jochmans,Toulouse School of Economics (TSE),,https://ideas.repec.org/f/pjo240.html,eligible,0,,2620.0,1511.0,RePEc
pfu109,Masahisa Fujita,Kyoto University,,https://ideas.repec.org/e/pfu109.html,eligible,0,,1512.0,,RePEc
pmi138,Camelia Minoiu,Federal Reserve Bank of Atlanta,https://sites.google.com/site/minoiucamelia/,https://ideas.repec.org/e/pmi138.html,eligible,0,,,1512.0,RePEc
pla600,Owen A. Lamont,Harvard University,http://www.economics.harvard.edu/faculty/lamont,https://ideas.repec.org/f/pla600.html,eligible,0,,1513.0,,RePEc
pfa513,Itzik Fadlon,University of California-San Diego (UCSD),http://pages.ucsd.edu/~yfadlon/,https://ideas.repec.org/f/pfa513.html,eligible,0,,,1513.0,RePEc
pwe458,Friederike Welter,Universität Siegen,,https://ideas.repec.org/f/pwe458.html,eligible,0,,3557.0,1514.0,RePEc
pho502,Richard Hornbeck,University of Chicago,https://voices.uchicago.edu/richardhornbeck/,https://ideas.repec.org/f/pho502.html,eligible,0,,1515.0,2822.0,RePEc
pft1,Zied Ftiti,EDC Paris Business School,,https://ideas.repec.org/e/pft1.html,eligible,0,,,1515.0,RePEc
pch17,Andrew Chesher,University College London (UCL),http://www.ucl.ac.uk/economics/people/chesher,https://ideas.repec.org/e/pch17.html,eligible,0,,1516.0,,RePEc
pmo104,Juan D. Moreno-Ternero,Universidad Pablo de Olavide,https://sites.google.com/site/jmorenoternero/,https://ideas.repec.org/e/pmo104.html,eligible,0,,3509.0,1516.0,RePEc
pca969,Michael R. Carter,University of California-Davis,http://mrcarter.ucdavis.edu,https://ideas.repec.org/f/pca969.html,eligible,0,,1518.0,,RePEc
pst380,Adam Storeygard,Tufts University,https://sites.google.com/site/adamstoreygard/,https://ideas.repec.org/f/pst380.html,eligible,0,,2409.0,1518.0,RePEc
pwa884,Paul Wachtel,New York University (NYU),http://www.stern.nyu.edu/faculty/bio/paul-wachtel,https://ideas.repec.org/f/pwa884.html,eligible,0,,1520.0,,RePEc
pme858,Kyle Chuan Meng,University of California-Santa Barbara (UCSB),http://www.kylemeng.com,https://ideas.repec.org/f/pme858.html,eligible,0,,,1520.0,RePEc
pwe11,Yi Wen,Shanghai Jiao Tong University,,https://ideas.repec.org/e/pwe11.html,eligible,0,,1522.0,2534.0,RePEc
pbl17,Hoyt Bleakley,University of Michigan,http://www-personal.umich.edu/~hoytb/,https://ideas.repec.org/e/pbl17.html,eligible,0,,1523.0,,RePEc
pca1576,Gabriel Carroll,University of Toronto,https://www.economics.utoronto.ca/gabriel.carroll/,https://ideas.repec.org/f/pca1576.html,eligible,0,,,1523.0,RePEc
pdr105,Moritz A. Drupp,Universität Hamburg,https://sites.google.com/a/fulbrightmail.org/moritzdrupp/home,https://ideas.repec.org/e/pdr105.html,eligible,0,,,1524.0,RePEc
pfr88,Marco Francesconi,University of Essex,,https://ideas.repec.org/e/pfr88.html,eligible,0,,1525.0,2910.0,RePEc
pmi322,Ernest Miguelez,Universitat de Barcelona,http://www.ernestmiguelez.com,https://ideas.repec.org/f/pmi322.html,eligible,0,,,1525.0,RePEc
pho55,Roman Horvath,Univerzita Karlova v Praze,https://sites.google.com/view/horvath/,https://ideas.repec.org/e/pho55.html,eligible,0,,1907.0,1526.0,RePEc
pfa89,Jan Ernst Fagerberg,Universitetet i Oslo,http://www.janfagerberg.org/,https://ideas.repec.org/e/pfa89.html,eligible,0,,1527.0,2864.0,RePEc
pma2031,Abul Mansur Mohammed Masih,Universiti Kuala Lumpur,http://mansur.masih.net,https://ideas.repec.org/f/pma2031.html,eligible,0,,2151.0,1527.0,RePEc
pmo62,Omer Moav,University of Warwick,https://profiles.warwick.ac.uk/ecslaj-omer-moav,https://ideas.repec.org/e/pmo62.html,eligible,0,,1528.0,,RePEc
pgr453,Richard C. Green,,,https://ideas.repec.org/f/pgr453.html,deceased,0,,1529.0,,RePEc
pla866,Timothy James Layton,National Bureau of Economic Research (NBER),http://timothyjlayton.com,https://ideas.repec.org/f/pla866.html,eligible,0,,,1529.0,RePEc
ppa82,Arvind Panagariya,Columbia University,http://www.columbia.edu/~ap2231/,https://ideas.repec.org/e/ppa82.html,eligible,0,,1530.0,,RePEc
ppe143,David A. Peel,Lancaster University,https://www.lancaster.ac.uk/lums/people/david-peel,https://ideas.repec.org/e/ppe143.html,eligible,0,,1531.0,,RePEc
psc940,Molly Schnell,National Bureau of Economic Research (NBER),https://mollyschnell.com/,https://ideas.repec.org/f/psc940.html,eligible,0,,,1531.0,RePEc
pfa201,J. Doyne Farmer,Oxford University,http://www.doynefarmer.com,https://ideas.repec.org/f/pfa201.html,eligible,0,,2277.0,1532.0,RePEc
pca722,Sanya Carley,University of Pennsylvania,http://www.indiana.edu/~spea/faculty/carley-sanya.shtml,https://ideas.repec.org/f/pca722.html,eligible,0,,,1533.0,RePEc
pko143,Robert Kollmann,Université Libre de Bruxelles,https://www.robertkollmann.com,https://ideas.repec.org/e/pko143.html,eligible,0,,1534.0,,RePEc
pad48,Tasso Adamopoulos,York University,http://www.tassoadamopoulos.com,https://ideas.repec.org/e/pad48.html,eligible,0,,,1534.0,RePEc
pca134,Richard T. Carson,University of California-San Diego (UCSD),https://econweb.ucsd.edu/~rcarson/,https://ideas.repec.org/e/pca134.html,eligible,0,,1535.0,,RePEc
pir36,Nagore Iriberri,Universidad del País Vasco - Euskal Herriko Unibertsitatea,https://sites.google.com/site/nagoreiriberri/,https://ideas.repec.org/e/pir36.html,eligible,0,,2754.0,1535.0,RePEc
pad105,Wiktor Adamowicz,University of Alberta,,https://ideas.repec.org/e/pad105.html,eligible,0,,1569.0,1536.0,RePEc
pga109,Mauro Gallegati,Università Politecnica delle Marche,,https://ideas.repec.org/e/pga109.html,eligible,0,,1537.0,2128.0,RePEc
pdh37,Emmanuel Dhyne,Nationale Bank van België/Banque national de Belqique (BNB),http://sites.google.com/view/emmanueldhyne/home,https://ideas.repec.org/e/pdh37.html,eligible,0,,,1537.0,RePEc
pvi31,Luis M. Viceira,Harvard University,http://www.people.hbs.edu/lviceira,https://ideas.repec.org/e/pvi31.html,eligible,0,,1538.0,,RePEc
pde369,Gaétan de Rassenfosse,École Polytechnique Fédérale de Lausanne (EPFL),http://www.gder.info,https://ideas.repec.org/f/pde369.html,eligible,0,,,1538.0,RePEc
ple494,Robert Lehmann,ifo Institut - Leibniz-Institut für Wirtschaftsforschung an der Universität München e.V.,https://www.robertlehmann.net,https://ideas.repec.org/f/ple494.html,eligible,0,,,1539.0,RePEc
pma212,Christopher Mayer,Columbia University,,https://ideas.repec.org/f/pma212.html,eligible,0,,1540.0,,RePEc
pzh156,Li-An Zhou,Peking University,,https://ideas.repec.org/e/pzh156.html,eligible,0,,2063.0,1540.0,RePEc
pho45,Thomas Holmes,University of Minnesota,http://www.thomas-holmes.com,https://ideas.repec.org/e/pho45.html,eligible,0,,1541.0,,RePEc
pjo83,Robert J. Johnston,Clark University,,https://ideas.repec.org/e/pjo83.html,eligible,0,,,1541.0,RePEc
pgo37,Jacob K Goeree,UNSW Sydney,http://www.agora.group/,https://ideas.repec.org/e/pgo37.html,eligible,0,,1542.0,,RePEc
pco305,Paola Conconi,Oxford University,https://sites.google.com/view/paola-conconi-website/,https://ideas.repec.org/f/pco305.html,eligible,0,,3670.0,1542.0,RePEc
pko29,Martin Georg Kocher,Oesterreichische Nationalbank,https://ufind.univie.ac.at/de/person.html?id=101800,https://ideas.repec.org/e/pko29.html,eligible,0,,1543.0,2315.0,RePEc
pde1498,Ed deHaan,Stanford University,https://www.gsb.stanford.edu/faculty-research/faculty/ed-dehaan,https://ideas.repec.org/f/pde1498.html,eligible,0,,,1543.0,RePEc
psc874,Diane Whitmore Schanzenbach,Georgetown University,https://www.dianeschanzenbach.com,https://ideas.repec.org/f/psc874.html,eligible,0,,1545.0,2372.0,RePEc
pme529,Jonathan Meer,Texas A&M University,http://people.tamu.edu/~jmeer/,https://ideas.repec.org/f/pme529.html,eligible,0,,2843.0,1545.0,RePEc
pma855,Maria Soledad Martinez Peria,International Monetary Fund (IMF),,https://ideas.repec.org/f/pma855.html,eligible,0,,1546.0,,RePEc
pal4,Carlos Alós-Ferrer,Lancaster University,https://alosferrer.github.io,https://ideas.repec.org/e/pal4.html,eligible,0,,3338.0,1546.0,RePEc
pxu2,Lixin Colin Xu,Cheung Kong Graduate School of Business,,https://ideas.repec.org/e/pxu2.html,eligible,0,,1547.0,3107.0,RePEc
psa116,Bernard Salanié,Columbia University,https://bsalanie.github.io/,https://ideas.repec.org/e/psa116.html,eligible,0,,1548.0,1868.0,RePEc
pbe188,Eli Berman,University of California-San Diego (UCSD),http://econ.ucsd.edu/~elib,https://ideas.repec.org/e/pbe188.html,eligible,0,,1648.0,1548.0,RePEc
pwa807,Francis Warnock,University of Virginia,http://www.darden.virginia.edu/faculty-research/directory/francis-e-warnock/,https://ideas.repec.org/f/pwa807.html,eligible,0,,1549.0,,RePEc
por110,Gianluca Orefice,Université Paris-Dauphine (Paris IX),https://sites.google.com/site/oreficegianluca/home,https://ideas.repec.org/e/por110.html,eligible,0,,,1549.0,RePEc
pcr29,Jerome Creel,Sciences Po,https://sites.google.com/view/jeromecreel,https://ideas.repec.org/e/pcr29.html,eligible,0,,1550.0,1742.0,RePEc
pat77,Enghin Atalay,Federal Reserve Bank of Philadelphia,https://enghinatalay.github.io,https://ideas.repec.org/e/pat77.html,eligible,0,,3629.0,1550.0,RePEc
pch1293,Sudheer Chava,Georgia Institute of Technology,https://fintech.gatech.edu,https://ideas.repec.org/f/pch1293.html,eligible,0,,1551.0,2135.0,RePEc
ppa1004,Jun Pan,Shanghai Jiao Tong University,,https://ideas.repec.org/f/ppa1004.html,eligible,0,,1553.0,,RePEc
plo518,Michelle Lowry,Drexel University,https://www.michelle-lowry.com/,https://ideas.repec.org/f/plo518.html,eligible,0,,2873.0,1553.0,RePEc
psc30,Stefano Scarpetta,Organisation de Coopération et de Développement Économiques (OCDE),,https://ideas.repec.org/e/psc30.html,eligible,0,,1554.0,,RePEc
pbo84,Raouf Boucekkine,Aix-Marseille Université,https://www.amse-aixmarseille.fr/en/members/boucekkine,https://ideas.repec.org/e/pbo84.html,eligible,0,,1555.0,3297.0,RePEc
pcz8,Dirk Czarnitzki,KU Leuven,https://www.kuleuven.be/wieiswie/en/person/00046474,https://ideas.repec.org/e/pcz8.html,eligible,0,,1600.0,1555.0,RePEc
pra338,Garey Ramey,,http://www.econ.ucsd.edu/~gramey/,https://ideas.repec.org/f/pra338.html,eligible,0,,1556.0,,RePEc
plj7,Lars Ljungqvist,Stockholm School of Economics,https://sites.google.com/site/larsljungqvistsse/,https://ideas.repec.org/e/plj7.html,eligible,0,,1557.0,,RePEc
pch1344,Chaoran Chen,York University,https://sites.google.com/site/chaoransite/,https://ideas.repec.org/f/pch1344.html,eligible,0,,,1557.0,RePEc
pro347,David T. Robinson,Duke University,http://scholars.duke.edu/person/davidr,https://ideas.repec.org/f/pro347.html,eligible,0,,1558.0,2611.0,RePEc
pam311,Takeshi Amemiya,,,https://ideas.repec.org/f/pam311.html,deceased,0,,1559.0,,RePEc
pli704,Sebastian Link,ifo Institut - Leibniz-Institut für Wirtschaftsforschung an der Universität München e.V.,https://sites.google.com/view/sebastianlink,https://ideas.repec.org/f/pli704.html,eligible,0,,,1559.0,RePEc
pse39,Enrique Sentana,Centro de Estudios Monetarios y Financieros (CEMFI),http://www.cemfi.es/~sentana,https://ideas.repec.org/e/pse39.html,eligible,0,,1562.0,1857.0,RePEc
pbr739,Luca Brugnolini,,https://lucabrugnolini.github.io/,https://ideas.repec.org/f/pbr739.html,eligible,0,,,1562.0,RePEc
pwe503,Russell Wermers,University of Maryland,,https://ideas.repec.org/f/pwe503.html,eligible,0,,1563.0,3676.0,RePEc
pri396,Emma Alice Louise Riley,University of Michigan,https://emmaalriley.wordpress.com/research/,https://ideas.repec.org/f/pri396.html,eligible,0,,,1563.0,RePEc
pma1610,Linus Mattauch,Oxford University,,https://ideas.repec.org/f/pma1610.html,eligible,0,,,1564.0,RePEc
pne74,Marc Nerlove,,,https://ideas.repec.org/e/pne74.html,deceased,0,,1565.0,,RePEc
pab241,Shujaat Abbas,Ural Federal University,,https://ideas.repec.org/f/pab241.html,eligible,0,,,1565.0,RePEc
phe10,P. Jean-Jacques Herings,Universiteit van Tilburg,https://sites.google.com/view/jean-jacques-herings/home,https://ideas.repec.org/e/phe10.html,eligible,0,,1566.0,2675.0,RePEc
pdu26,Pierre Dubois,Toulouse School of Economics (TSE),http://www.tse-fr.eu/people/pierre-dubois,https://ideas.repec.org/e/pdu26.html,eligible,0,,2332.0,1566.0,RePEc
pbu202,Kenneth Burdett,University of Pennsylvania,,https://ideas.repec.org/f/pbu202.html,eligible,0,,1567.0,,RePEc
pco827,Ricardo Correa,Federal Reserve Board (Board of Governors of the Federal Reserve System),https://sites.google.com/view/ricardocorrea/home,https://ideas.repec.org/f/pco827.html,eligible,0,,,1567.0,RePEc
pes57,Marcela Eslava,Universidad de los Andes (Colombia),https://sites.google.com/view/marcela-eslava/home,https://ideas.repec.org/e/pes57.html,eligible,0,,3274.0,1569.0,RePEc
ppr355,Ingmar R. Prucha,University of Maryland,http://econweb.umd.edu/~prucha/,https://ideas.repec.org/f/ppr355.html,eligible,0,,1570.0,,RePEc
pra423,Adriano A. Rampini,Duke University,http://faculty.fuqua.duke.edu/~rampini/,https://ideas.repec.org/f/pra423.html,eligible,0,,2564.0,1570.0,RePEc
pro704,Tiziano Ropele,Banca d'Italia,,https://ideas.repec.org/f/pro704.html,eligible,0,,,1572.0,RePEc
psh20,Michael Shields,Monash University,,https://ideas.repec.org/e/psh20.html,eligible,0,,1573.0,,RePEc
pch372,Kaiji Chen,Emory University,https://sites.google.com/site/chenkaiji/,https://ideas.repec.org/f/pch372.html,eligible,0,,,1573.0,RePEc
psm20,Anthony A. Smith,Yale University,http://www.econ.yale.edu/faculty1/smith.htm,https://ideas.repec.org/e/psm20.html,eligible,0,,1574.0,,RePEc
pbe1128,Alex Bell,Georgia State University,http://alexbell.net/,https://ideas.repec.org/f/pbe1128.html,eligible,0,,,1575.0,RePEc
ple369,Robert Lensink,Rijksuniversiteit Groningen,http://www.rug.nl/staff/b.w.lensink,https://ideas.repec.org/f/ple369.html,eligible,0,,1576.0,3653.0,RePEc
ppa1068,Christopher Parmeter,University of Miami,,https://ideas.repec.org/f/ppa1068.html,eligible,0,,2377.0,1576.0,RePEc
ppa652,Mark D. Partridge,Gran Sasso Science Institute (GSSI),http://aede.osu.edu/our-people/mark-partridge,https://ideas.repec.org/f/ppa652.html,eligible,0,,1577.0,,RePEc
pha871,Jarkko Harju,University of Glasgow,https://sites.google.com/view/jarkkoharju/,https://ideas.repec.org/f/pha871.html,eligible,0,,,1577.0,RePEc
pgo420,Barry Kent Goodwin,North Carolina State University,http://www4.ncsu.edu/~bkgoodwi/personal/,https://ideas.repec.org/f/pgo420.html,eligible,0,,1578.0,,RePEc
pro361,Michael R. Roberts,University of Pennsylvania,http://finance.wharton.upenn.edu/~mrrobert/,https://ideas.repec.org/f/pro361.html,eligible,0,,1579.0,,RePEc
pbr145,Lucas Bretschger,Eidgenössische Technische Hochschule Zürich (ETHZ),https://sites.google.com/view/lucasbretschgerweb/startseite,https://ideas.repec.org/e/pbr145.html,eligible,0,,3400.0,1579.0,RePEc
pkr26,Kala Krishna,Pennsylvania State University,https://sites.google.com/view/kalakrishnapsu,https://ideas.repec.org/e/pkr26.html,eligible,0,,1580.0,,RePEc
pwa463,Daniel F. Waggoner,Federal Reserve Bank of Atlanta,,https://ideas.repec.org/f/pwa463.html,eligible,0,,2192.0,1580.0,RePEc
psa604,Stephen Walter Salant,University of Michigan,http://www-personal.umich.edu/~ssalant/,https://ideas.repec.org/f/psa604.html,eligible,0,,1581.0,,RePEc
pfa156,Harald Fadinger,Universität Wien,https://sites.google.com/view/harald-fadinger,https://ideas.repec.org/e/pfa156.html,eligible,0,,,1581.0,RePEc
pgr134,Shane Mitchell Greenstein,Harvard University,http://www.hbs.edu/faculty/Pages/profile.aspx?facId=718917,https://ideas.repec.org/e/pgr134.html,eligible,0,,1582.0,,RePEc
phi214,Erik Hille,Handelshochschule Leipzig,,https://ideas.repec.org/f/phi214.html,eligible,0,,,1582.0,RePEc
ple338,Paul Levine,University of Surrey,http://www.econ.surrey.ac.uk/people/plevine/,https://ideas.repec.org/f/ple338.html,eligible,0,,1583.0,,RePEc
pyo3,Eric R. Young,University of Virginia,https://sites.google.com/view/ericyoung/home,https://ideas.repec.org/e/pyo3.html,eligible,0,,2358.0,1583.0,RePEc
psl6,Margaret Slade,University of British Columbia,https://economics.ubc.ca/faculty-and-staff/margaret-slade/,https://ideas.repec.org/e/psl6.html,eligible,0,,1584.0,,RePEc
pko289,Anna Kovner,Federal Reserve Bank of Richmond,,https://ideas.repec.org/f/pko289.html,eligible,0,,2666.0,1584.0,RePEc
pfr190,Xavier Freixas,Barcelona School of Economics (BSE),http://www.econ.upf.edu/~freixas/,https://ideas.repec.org/e/pfr190.html,eligible,0,,1585.0,,RePEc
pda415,Jonathan Scott Davis,Federal Reserve Bank of Dallas,,https://ideas.repec.org/f/pda415.html,eligible,0,,,1585.0,RePEc
pfo216,Teresa C. Fort,Dartmouth College,http://faculty.tuck.dartmouth.edu/teresa-fort/,https://ideas.repec.org/f/pfo216.html,eligible,0,,,1586.0,RePEc
pwo206,Michael Wolf,Universität Zürich,http://www.econ.uzh.ch/faculty/wolf.html,https://ideas.repec.org/f/pwo206.html,eligible,0,,1587.0,2941.0,RePEc
pbh37,Sudipto Bhattacharya,,,https://ideas.repec.org/e/pbh37.html,deceased,0,,1588.0,,RePEc
pbo138,Gary E. Bolton,Pennsylvania State University,http://www.personal.psu.edu/geb3,https://ideas.repec.org/e/pbo138.html,eligible,0,,1589.0,,RePEc
pbl102,Benjamin McKay Blau,Utah State University,https://benblau.wixsite.com/mysite,https://ideas.repec.org/e/pbl102.html,eligible,0,,,1589.0,RePEc
pmi205,Philippe Michel,,http://www.parisschoolofeconomics.eu/en/news/philippe-michel-young-researcher/,https://ideas.repec.org/f/pmi205.html,deceased,0,,1590.0,,RePEc
pxi184,Fan Dora Xia,Bank for International Settlements (BIS),,https://ideas.repec.org/e/pxi184.html,eligible,0,,3405.0,1590.0,RePEc
ppe335,John Pencavel,,,https://ideas.repec.org/f/ppe335.html,eligible,0,,1591.0,,RePEc
pwa817,Thomas Walther,Universiteit Utrecht,http://www.thomas-walther.info,https://ideas.repec.org/f/pwa817.html,eligible,0,,,1592.0,RePEc
pco213,Italo Colantone,Università Commerciale Luigi Bocconi,http://italocolantone.com,https://ideas.repec.org/f/pco213.html,eligible,0,,,1593.0,RePEc
pwe237,Roberto A. Weber,Universität Zürich,http://www.econ.uzh.ch/faculty/weber.html,https://ideas.repec.org/f/pwe237.html,eligible,0,,1594.0,,RePEc
pso51,Rodrigo R. Soares,Insper,https://sites.google.com/view/rodrigo-r-soares/,https://ideas.repec.org/e/pso51.html,eligible,0,,1938.0,1594.0,RePEc
psh47,Matthew Shum,California Institute of Technology,http://www.hss.caltech.edu/~mshum,https://ideas.repec.org/e/psh47.html,eligible,0,,1595.0,2630.0,RePEc
pco986,Nikolai Cook,Wilfrid Laurier University,https://sites.google.com/site/nikolaimcook/,https://ideas.repec.org/f/pco986.html,eligible,0,,,1595.0,RePEc
pya385,Lu Yang,Shenzhen University,,https://ideas.repec.org/f/pya385.html,eligible,0,,,1597.0,RePEc
pro145,Nouriel Roubini,New York University (NYU),http://pages.stern.nyu.edu/~nroubini/,https://ideas.repec.org/e/pro145.html,eligible,0,,1598.0,,RePEc
pbo439,Antoine Bozio,Paris School of Economics,http://www.parisschoolofeconomics.com/bozio-antoine/en/index.htm,https://ideas.repec.org/f/pbo439.html,eligible,0,,,1598.0,RePEc
pli72,Hongbin Li,Stanford University,http://siepr.stanford.edu/scholars/hongbin-li,https://ideas.repec.org/e/pli72.html,eligible,0,,1599.0,,RePEc
pmo43,Benoit Mojon,Bank for International Settlements (BIS),,https://ideas.repec.org/e/pmo43.html,eligible,0,,1988.0,1599.0,RePEc
pda496,Yannis Dafermos,School of Oriental and African Studies (SOAS),http://yannisdafermos.com/,https://ideas.repec.org/f/pda496.html,eligible,0,,,1600.0,RePEc
pma869,Mario Macis,Johns Hopkins University,https://mariomacis.net/,https://ideas.repec.org/f/pma869.html,eligible,0,,,1602.0,RePEc
phe121,Zvi Hercowitz,Tel Aviv University,http://www.tau.ac.il/~zvih/,https://ideas.repec.org/e/phe121.html,eligible,0,,1603.0,,RePEc
ppr55,Paola Profeta,Università Commerciale Luigi Bocconi,http://mypage.unibocconi.eu/paolaprofeta/,https://ideas.repec.org/e/ppr55.html,eligible,0,,3426.0,1603.0,RePEc
pco353,Paul Collier,Oxford University,http://users.ox.ac.uk/%7Eeconpco/,https://ideas.repec.org/f/pco353.html,eligible,0,,1604.0,,RePEc
phe456,Ling-Yun He,Jinan University,,https://ideas.repec.org/f/phe456.html,eligible,0,,,1604.0,RePEc
pkn11,John Knight,,,https://ideas.repec.org/e/pkn11.html,deceased,0,,1605.0,,RePEc
pde1061,Ryan Decker,Federal Reserve Board (Board of Governors of the Federal Reserve System),http://rdecker.net,https://ideas.repec.org/f/pde1061.html,eligible,0,,,1605.0,RePEc
pim10,Jean M. Imbs,New York University Abu Dhabi,http://www.jeanimbs.com,https://ideas.repec.org/e/pim10.html,eligible,0,,1606.0,,RePEc
pko146,Roger Koenker,University of Illinois at Urbana-Champaign,http://www.econ.uiuc.edu/~roger,https://ideas.repec.org/e/pko146.html,eligible,0,,1607.0,,RePEc
par15,Ashish Arora,Duke University,https://www.fuqua.duke.edu/faculty/ashish-arora,https://ideas.repec.org/e/par15.html,eligible,0,,1608.0,1778.0,RePEc
pha1258,Samuel G. Hanson,Harvard University,https://www.hbs.edu/faculty/Pages/profile.aspx?facId=333598,https://ideas.repec.org/f/pha1258.html,eligible,0,,1772.0,1608.0,RePEc
pkl37,Benjamin Klein,University of California-Los Angeles (UCLA),http://www.compasslexecon.com/professionals/bio?id=152,https://ideas.repec.org/e/pkl37.html,eligible,0,,1609.0,,RePEc
pga940,Andrew Garin,Carnegie Mellon University,https://sites.google.com/view/andygarin/research,https://ideas.repec.org/f/pga940.html,eligible,0,,,1609.0,RePEc
psa191,Kamal Saggi,Vanderbilt University,https://my.vanderbilt.edu/kamalsaggi/,https://ideas.repec.org/e/psa191.html,eligible,0,,1610.0,2898.0,RePEc
pan448,Céline Antonin,Sciences Po,http://www.ofce.sciences-po.fr/pages-chercheurs/antonin.htm,https://ideas.repec.org/f/pan448.html,eligible,0,,,1610.0,RePEc
pma1315,Giovanni Maggi,Yale University,http://www.econ.yale.edu/faculty1/maggi.htm,https://ideas.repec.org/f/pma1315.html,eligible,0,,1611.0,,RePEc
pme371,Leandro Medina,George Washington University,,https://ideas.repec.org/f/pme371.html,eligible,0,,,1611.0,RePEc
pca582,Laurent E. Calvet,SKEMA Business School,https://www.laurentcalvet.com,https://ideas.repec.org/f/pca582.html,eligible,0,,1612.0,3065.0,RePEc
pma618,Ananth Madhavan,University of California-Berkeley,,https://ideas.repec.org/f/pma618.html,eligible,0,,1613.0,,RePEc
pgr804,Tal Gross,Boston University,https://sites.bu.edu/talgross/,https://ideas.repec.org/f/pgr804.html,eligible,0,,,1613.0,RePEc
pko198,János Kornai,,http://www.kornai-janos.hu,https://ideas.repec.org/e/pko198.html,deceased,0,,1614.0,,RePEc
pve80,Adrien Verdelhan,Massachusetts Institute of Technology (MIT),http://web.mit.edu/adrienv/www/,https://ideas.repec.org/e/pve80.html,eligible,0,,2194.0,1614.0,RePEc
plo464,Sara Lowes,University of California-San Diego (UCSD),http://www.saralowes.com/,https://ideas.repec.org/f/plo464.html,eligible,0,,,1615.0,RePEc
pak300,Md Akhtaruzzaman,Australian Catholic University,,https://ideas.repec.org/f/pak300.html,eligible,0,,,1616.0,RePEc
pdo441,Keshav Dogra,Federal Reserve Bank of New York,https://www.newyorkfed.org/research/economists/dogra,https://ideas.repec.org/f/pdo441.html,eligible,0,,,1617.0,RePEc
pbl4,Lawrence Blume,Cornell University,http://www.santafe.edu/~leb,https://ideas.repec.org/e/pbl4.html,eligible,0,,1618.0,,RePEc
pma44,Thierry Magnac,Toulouse School of Economics (TSE),http://www.tse-fr.eu/people/thierry-magnac,https://ideas.repec.org/e/pma44.html,eligible,0,,1619.0,,RePEc
piv98,Kris Ivanovski,La Trobe University,,https://ideas.repec.org/e/piv98.html,eligible,0,,,1619.0,RePEc
pmo12,Benny Moldovanu,Rheinische Friedrich-Wilhelms-Universität Bonn,http://www.econ.uni-bonn.de/with2/,https://ideas.repec.org/e/pmo12.html,eligible,0,,1620.0,3400.0,RePEc
ppe860,Bruno Pellegrino,Columbia University,http://www.brunopellegrino.com,https://ideas.repec.org/f/ppe860.html,eligible,0,,,1620.0,RePEc
ppa367,Alessandro Pavan,Northwestern University,http://faculty.wcas.northwestern.edu/~apa522/,https://ideas.repec.org/f/ppa367.html,eligible,0,,1621.0,1760.0,RePEc
pth350,Nicolaj Thor,Harvard University,https://opportunityinsights.org/team/nicolaj-thor/,https://ideas.repec.org/f/pth350.html,eligible,0,,,1621.0,RePEc
pca1563,Peter P. Carr,,https://engineering.nyu.edu/faculty/peter-carr,https://ideas.repec.org/f/pca1563.html,deceased,0,,1622.0,,RePEc
pna721,Joana Naritomi,London School of Economics (LSE),http://joananaritomi.com,https://ideas.repec.org/f/pna721.html,eligible,0,,,1622.0,RePEc
pmi744,Sarah Miller,University of Michigan,,https://ideas.repec.org/f/pmi744.html,eligible,0,,,1623.0,RePEc
pco389,Daniel Cohen,,,https://ideas.repec.org/f/pco389.html,deceased,0,,1624.0,,RePEc
pco421,Charles Courtemanche,University of Kentucky,https://www.courtemanche.org/,https://ideas.repec.org/f/pco421.html,eligible,0,,,1624.0,RePEc
pgo279,Laurent Gobillon,Paris School of Economics,http://laurent.gobillon.free.fr/,https://ideas.repec.org/f/pgo279.html,eligible,0,,1625.0,3517.0,RePEc
pgr92,Gilles Grolleau,École Supérieure des Sciences Commerciales d'Angers (ESSCA),https://www.essca.eu/en/faculty-and-research/faculty/permanent-faculty/gilles-grolleau/,https://ideas.repec.org/e/pgr92.html,eligible,0,,,1625.0,RePEc
pwe107,Birger Wernerfelt,Massachusetts Institute of Technology (MIT),http://web.mit.edu/bwerner/www/,https://ideas.repec.org/e/pwe107.html,eligible,0,,1626.0,,RePEc
pta314,Steven Tadelis,University of California-Berkeley,http://faculty.haas.berkeley.edu/stadelis/,https://ideas.repec.org/f/pta314.html,eligible,0,,1627.0,2056.0,RePEc
pka175,Joseph P. Kaboski,University of Notre Dame,http://www.nd.edu/~jkaboski,https://ideas.repec.org/e/pka175.html,eligible,0,,1628.0,2273.0,RePEc
pro914,Rudi Rocha,Fundação Getúlio Vargas (FGV),http://www.rudirocha.org,https://ideas.repec.org/f/pro914.html,eligible,0,,,1628.0,RePEc
pma182,Eric Maurin,Paris School of Economics,,https://ideas.repec.org/e/pma182.html,eligible,0,,1629.0,1979.0,RePEc
pco94,P. Dean Corbae,University of Wisconsin-Madison,https://sites.google.com/site/deancorbae/,https://ideas.repec.org/e/pco94.html,eligible,0,,1669.0,1629.0,RePEc
pdu397,Greg John Duncan,"University of California, Irvine - School of Education",http://sites.uci.edu/gduncan/,https://ideas.repec.org/f/pdu397.html,eligible,0,,1630.0,,RePEc
pfi105,Carolyn Fischer,World Bank Group,https://research.vu.nl/en/persons/carolyn-fischer,https://ideas.repec.org/e/pfi105.html,eligible,0,,1734.0,1630.0,RePEc
psc51,Mark Schaffer,Heriot-Watt University,http://ideas.repec.org/e/psc51.html,https://ideas.repec.org/e/psc51.html,eligible,0,,1631.0,,RePEc
pda995,Kent Daniel,Columbia University,http://kentdaniel.net/,https://ideas.repec.org/f/pda995.html,eligible,0,,1632.0,3224.0,RePEc
pho265,Mitchell Harvey Hoffman,University of Toronto,http://www.rotman.utoronto.ca/FacultyAndResearch/Faculty/FacultyBios/Hoffman.aspx,https://ideas.repec.org/f/pho265.html,eligible,0,,,1632.0,RePEc
ppu56,Benjamin Wild Pugsley,University of Notre Dame,https://www.benjaminpugsley.com,https://ideas.repec.org/e/ppu56.html,eligible,0,,,1633.0,RePEc
pce131,Ambrogio Cesa-Bianchi,Bank of England,https://sites.google.com/site/ambropo/home,https://ideas.repec.org/e/pce131.html,eligible,0,,,1634.0,RePEc
ppi108,William A. Pizer,Resources for the Future (RFF),,https://ideas.repec.org/e/ppi108.html,eligible,0,,1644.0,1635.0,RePEc
ptu166,Gordon Tullock,,http://en.wikipedia.org/wiki/Gordon_Tullock,https://ideas.repec.org/e/ptu166.html,deceased,0,,1638.0,,RePEc
pce45,Gilbert Cette,Neoma Business School,http://www.gilbertcette.net/,https://ideas.repec.org/e/pce45.html,eligible,0,,1667.0,1638.0,RePEc
psa1535,Jesús Saurina,Banco de España,https://www.bde.es/investigador/en/menu/research_staff_a/Saurina__Jesus.html,https://ideas.repec.org/f/psa1535.html,eligible,0,,1639.0,,RePEc
pas138,Vladimir Asriyan,Barcelona School of Economics (BSE),https://sites.google.com/site/vasriyan,https://ideas.repec.org/e/pas138.html,eligible,0,,,1639.0,RePEc
phe120,Rebecca M. Henderson,Massachusetts Institute of Technology (MIT),http://web.mit.edu/rhenders/www/home.html,https://ideas.repec.org/e/phe120.html,eligible,0,,1640.0,,RePEc
psa1082,Raul Santaeulalia-Llopis,New York University Abu Dhabi,http://r-santaeulalia.net,https://ideas.repec.org/f/psa1082.html,eligible,0,,,1640.0,RePEc
pba412,Carlos Pestana Barros,,,https://ideas.repec.org/f/pba412.html,deceased,0,,1641.0,,RePEc
pmc16,Seamus McGuinness,Economic and Social Research Institute (ESRI),http://www.esri.ie,https://ideas.repec.org/e/pmc16.html,eligible,0,,3342.0,1641.0,RePEc
pch99,Daniele Checchi,Università degli Studi di Milano,http://checchi.economia.unimi.it,https://ideas.repec.org/e/pch99.html,eligible,0,,1642.0,,RePEc
pro819,Knut Einar Rosendahl,Norges miljø- og biovitenskapelig universitet,,https://ideas.repec.org/f/pro819.html,eligible,0,,3604.0,1642.0,RePEc
pko155,Phoebe Koundouri,Athens University of Economics and Business (AUEB),https://phoebekoundouri.org/,https://ideas.repec.org/e/pko155.html,eligible,0,,1643.0,1691.0,RePEc
pri405,Kevin Rinz,Federal Reserve Bank of Cleveland,https://kevinrinz.github.io,https://ideas.repec.org/f/pri405.html,eligible,0,,,1643.0,RePEc
psc225,Bert Scholtens,Rijksuniversiteit Groningen,https://www.rug.nl/staff/l.j.r.scholtens/,https://ideas.repec.org/f/psc225.html,eligible,0,,2287.0,1644.0,RePEc
pho107,Takeo Hoshi,University of Tokyo,,https://ideas.repec.org/e/pho107.html,eligible,0,,1645.0,,RePEc
pcr20,Guillermo Cruces,Universidad de San Andrés,http://gcruces.cedlas.org,https://ideas.repec.org/e/pcr20.html,eligible,0,,2491.0,1645.0,RePEc
pch240,Carl Chiarella,,https://www.uts.edu.au/about/uts-business-school/news/vale-professor-carl-chiarella,https://ideas.repec.org/f/pch240.html,deceased,0,,1646.0,,RePEc
pal422,Yener Altunbas,,http://www.bangor.ac.uk/business/staff/yener_altunbas.php.en,https://ideas.repec.org/f/pal422.html,eligible,0,,2987.0,1646.0,RePEc
pre63,Rafael Repullo,Centro de Estudios Monetarios y Financieros (CEMFI),http://www.cemfi.es/~repullo/,https://ideas.repec.org/e/pre63.html,eligible,0,,1647.0,,RePEc
pgl86,Christian Glocker,Österreichisches Institut für Wirtschaftsforschung (WIFO),,https://ideas.repec.org/e/pgl86.html,eligible,0,,,1647.0,RePEc
pst274,T. D. Stanley,Deakin University,http://www.hendrix.edu/maer-network/default.aspx?id=15184&ns1_mtid=15184&ns1_mtt=1&ns1_mid=33,https://ideas.repec.org/f/pst274.html,eligible,0,,2040.0,1648.0,RePEc
pse75,Luis Servén,Centro de Estudios Monetarios y Financieros (CEMFI),,https://ideas.repec.org/e/pse75.html,eligible,0,,1649.0,,RePEc
pli361,"Li, Yao Amber",Hong Kong University of Science and Technology (HKUST),http://yaoli.people.ust.hk/,https://ideas.repec.org/f/pli361.html,eligible,0,,,1649.0,RePEc
pto157,Aaron Tornell,University of California-Los Angeles (UCLA),http://www.econ.ucla.edu/tornell/,https://ideas.repec.org/e/pto157.html,eligible,0,,1650.0,,RePEc
pwe74,Bruce A. Weinberg,Ohio State University,http://www.bruceweinberg.net,https://ideas.repec.org/e/pwe74.html,eligible,0,,2311.0,1650.0,RePEc
psz8,Stefan Szymanski,"Department of Kinesiology, University of Michigan",,https://ideas.repec.org/e/psz8.html,eligible,0,,1651.0,,RePEc
pbo874,Levi Boxell,Stanford University,,https://ideas.repec.org/f/pbo874.html,eligible,0,,,1652.0,RePEc
pja325,Nir Jaimovich,Universität Zürich,http://sites.google.com/site/nirjaimovich/,https://ideas.repec.org/f/pja325.html,eligible,0,,1653.0,,RePEc
pli778,Brantley Liddle,National University of Singapore (NUS),,https://ideas.repec.org/f/pli778.html,eligible,0,,,1653.0,RePEc
pba1440,Jacob Bastian,Rutgers University-New Brunswick,http://jacobbastian.com,https://ideas.repec.org/f/pba1440.html,eligible,0,,,1654.0,RePEc
pre313,Eric Michel Renault,,,https://ideas.repec.org/f/pre313.html,eligible,0,,1655.0,,RePEc
psa547,Ana Maria Santacreu,Southern Methodist University,http://anamariasantacreu.weebly.com/,https://ideas.repec.org/f/psa547.html,eligible,0,,,1655.0,RePEc
pdu86,Timothy Dunne,University of Notre Dame,,https://ideas.repec.org/e/pdu86.html,eligible,0,,1656.0,,RePEc
ppa1071,Frank Packer,Bank for International Settlements (BIS),http://www.bis.org/author/frank_packer.htm,https://ideas.repec.org/f/ppa1071.html,eligible,0,,3231.0,1656.0,RePEc
pmc143,Michael Francis McMahon,Oxford University,http://mcmahonecon.com,https://ideas.repec.org/e/pmc143.html,eligible,0,,,1657.0,RePEc
pmi3,Daniel L. Millimet,Southern Methodist University,https://people.smu.edu/dmillimet/,https://ideas.repec.org/e/pmi3.html,eligible,0,,1658.0,,RePEc
ppa683,Fernando Parro,Pennsylvania State University,https://sites.google.com/site/fernandoparro1,https://ideas.repec.org/f/ppa683.html,eligible,0,,2492.0,1658.0,RePEc
pma1417,Rosa Liliana Matzkin,University of California-Los Angeles (UCLA),https://economics.ucla.edu/person/rosa-liliana-matzkin/,https://ideas.repec.org/f/pma1417.html,eligible,0,,1659.0,,RePEc
pul37,Gabriel Ulyssea,Oxford University,https://sites.google.com/site/gulyssea/,https://ideas.repec.org/e/pul37.html,eligible,0,,,1659.0,RePEc
pde12,Wouter Denhaan,London School of Economics (LSE),http://www.wouterdenhaan.com,https://ideas.repec.org/e/pde12.html,eligible,0,,1660.0,,RePEc
pzh303,Junjie Zhang,Duke Kunshan University,http://junjiezhang.org/,https://ideas.repec.org/f/pzh303.html,eligible,0,,,1661.0,RePEc
pde139,Harris Dellas,Universität Bern,http://harrisdellas.net/,https://ideas.repec.org/e/pde139.html,eligible,0,,1662.0,2085.0,RePEc
ppr113,Marcel Prokopczuk,Leibniz Universität Hannover,http://www.fcm.uni-hannover.de/prokopczuk.html,https://ideas.repec.org/e/ppr113.html,eligible,0,,,1662.0,RePEc
pga40,William Glenn Gale,Brookings Institution,http://www.brookings.edu/experts/galew,https://ideas.repec.org/e/pga40.html,eligible,0,,1663.0,,RePEc
pca546,Ivan Alexis Canay,Northwestern University,http://faculty.wcas.northwestern.edu/~iac879/,https://ideas.repec.org/f/pca546.html,eligible,0,,3608.0,1663.0,RePEc
pso104,Nicholas S Souleles,University of Pennsylvania,http://www.wharton.upenn.edu/faculty/souleles.html,https://ideas.repec.org/e/pso104.html,eligible,0,,1664.0,,RePEc
pve68,Eric Verhoogen,Columbia University,http://www.columbia.edu/~ev2124,https://ideas.repec.org/e/pve68.html,eligible,0,,1665.0,1923.0,RePEc
pme56,Rajnish Mehra,Arizona State University,http://www.academicwebpages.com/preview/mehra/,https://ideas.repec.org/e/pme56.html,eligible,0,,1666.0,,RePEc
pra1254,Giuseppe Ragusa,"""Sapienza"" Università di Roma",https://gragusa.org,https://ideas.repec.org/f/pra1254.html,eligible,0,,,1666.0,RePEc
pki193,Talip Kilic,World Bank Group,http://www.worldbank.org/en/about/people/t/talip-kilic,https://ideas.repec.org/e/pki193.html,eligible,0,,,1667.0,RePEc
pmc81,Michael McCracken,Federal Reserve Bank of St. Louis,http://research.stlouisfed.org/econ/mccracken,https://ideas.repec.org/e/pmc81.html,eligible,0,,1668.0,2685.0,RePEc
pso450,Dongho Song,Johns Hopkins University,http://www.donghosong.com,https://ideas.repec.org/f/pso450.html,eligible,0,,,1668.0,RePEc
pba1149,Dany Bahar,Center for Global Development (CGD),http://www.danybahar.com,https://ideas.repec.org/f/pba1149.html,eligible,0,,,1669.0,RePEc
phe64,John Hey,University of York,http://www-users.york.ac.uk/~jdh1,https://ideas.repec.org/e/phe64.html,eligible,0,,1670.0,,RePEc
pmo432,Sauro Mocetti,Banca d'Italia,https://sites.google.com/view/sauromocetti,https://ideas.repec.org/f/pmo432.html,eligible,0,,,1670.0,RePEc
pkn42,Jack Knetsch,,,https://ideas.repec.org/e/pkn42.html,deceased,0,,1671.0,,RePEc
paz11,Marina Azzimonti,Federal Reserve Bank of Richmond,http://www.marina-azzimonti.com,https://ideas.repec.org/e/paz11.html,eligible,0,,2969.0,1671.0,RePEc
psp83,Ran Spiegler,University College London (UCL),http://www.tau.ac.il/~rani,https://ideas.repec.org/e/psp83.html,eligible,0,,1672.0,1678.0,RePEc
pts24,Margarita Tsoutsoura,Washington University in St. Louis,http://tsoutsoura.com,https://ideas.repec.org/e/pts24.html,eligible,0,,,1672.0,RePEc
pfo195,James E. Foster,George Washington University,https://elliott.gwu.edu/james-foster,https://ideas.repec.org/e/pfo195.html,eligible,0,,1673.0,,RePEc
pwh60,Corey White,Monash University,,https://ideas.repec.org/e/pwh60.html,eligible,0,,,1673.0,RePEc
pga124,Peter M. Garber,,,https://ideas.repec.org/e/pga124.html,eligible,0,,1674.0,,RePEc
pst441,Sascha Steffen,Frankfurt School of Finance and Management,http://www.sascha-steffen.de,https://ideas.repec.org/f/pst441.html,eligible,0,,,1674.0,RePEc
ple119,Andrew Leigh,"Parliament of Australia, House of Representatives",http://andrewleigh.org,https://ideas.repec.org/e/ple119.html,eligible,0,,1675.0,,RePEc
pma2173,Sai Ma,Federal Reserve Board (Board of Governors of the Federal Reserve System),http://saimaecon.com/,https://ideas.repec.org/f/pma2173.html,eligible,0,,,1675.0,RePEc
phe212,Florian Heider,Leibniz-Institut für Finanzmarktforschung SAFE (Sustainable Architecture for Finance in Europe),,https://ideas.repec.org/f/phe212.html,eligible,0,,3382.0,1676.0,RePEc
pup16,Raman Uppal,Groupe EDHEC (École de Hautes Études Commerciales du Nord),https://www.ramanuppal.com,https://ideas.repec.org/e/pup16.html,eligible,0,,1677.0,,RePEc
pgu852,Huseyin Gulen,Purdue University,https://www.huseyingulen.com/,https://ideas.repec.org/f/pgu852.html,eligible,0,,2559.0,1677.0,RePEc
pmo492,Ashoka Mody,International Monetary Fund (IMF),http://www.amody.com,https://ideas.repec.org/f/pmo492.html,eligible,0,,1678.0,,RePEc
pba891,Suleyman Basak,London Business School (LBS),http://www.suleymanbasak.com/,https://ideas.repec.org/f/pba891.html,eligible,0,,1679.0,3398.0,RePEc
pko215,Michael Koetter,Leibniz-Institut für Wirtschaftsforschung Halle (IWH),,https://ideas.repec.org/f/pko215.html,eligible,0,,2582.0,1679.0,RePEc
pba4,Luc Bauwens,Université Catholique de Louvain,http://perso.uclouvain.be/luc.bauwens/Bauwens.htm,https://ideas.repec.org/e/pba4.html,eligible,0,,1680.0,,RePEc
pme812,Nikita Melnikov,,http://nikita-melnikov.com,https://ideas.repec.org/f/pme812.html,eligible,0,,,1680.0,RePEc
pwi70,Clifford M. Winston,Brookings Institution,http://www.brookings.edu/scholars/cwinston.htm,https://ideas.repec.org/e/pwi70.html,eligible,0,,1681.0,,RePEc
pco1139,Emanuele Colonnelli,University of Chicago,https://emanuelecolonnelli.com/,https://ideas.repec.org/f/pco1139.html,eligible,0,,,1682.0,RePEc
pst192,Wadim Strielkowski,Česká Zemìdìlská Univerzita,,https://ideas.repec.org/e/pst192.html,eligible,0,,,1683.0,RePEc
ple111,Sylvain Leduc,Federal Reserve Bank of San Francisco,https://www.frbsf.org/economic-research/economists/sylvain-leduc/,https://ideas.repec.org/e/ple111.html,eligible,0,,1684.0,1969.0,RePEc
pbi170,Nicholas Biekpe,University of Cape Town,http://www.africagrowth.com/academic_staff.htm,https://ideas.repec.org/e/pbi170.html,eligible,0,,,1684.0,RePEc
pco1135,Warner Max Corden,,,https://ideas.repec.org/f/pco1135.html,deceased,0,,1685.0,,RePEc
psh553,Hitoshi Shigeoka,Simon Fraser University,https://sites.google.com/site/hshigeoka/,https://ideas.repec.org/f/psh553.html,eligible,0,,,1685.0,RePEc
pma1327,Johanna Catherine Maclean,Temple University,http://www.cla.temple.edu/economics/catherine-maclean/,https://ideas.repec.org/f/pma1327.html,eligible,0,,,1686.0,RePEc
pch127,Laurens Cherchye,KU Leuven,https://sites.google.com/site/laurenscherchye/home,https://ideas.repec.org/e/pch127.html,eligible,0,,1687.0,2391.0,RePEc
pjo135,John Bailey Jones,Federal Reserve Bank of Richmond,https://sites.google.com/view/jbjones-albany/home,https://ideas.repec.org/e/pjo135.html,eligible,0,,2297.0,1687.0,RePEc
pco51,Brian R. Copeland,University of British Columbia,https://economics.ubc.ca/faculty-and-staff/brian-r-copeland/,https://ideas.repec.org/e/pco51.html,eligible,0,,1688.0,,RePEc
pma225,Ralf Martin,London School of Economics (LSE),http://www.ralfmartin.me.uk,https://ideas.repec.org/f/pma225.html,eligible,0,,1998.0,1688.0,RePEc
pca5,Antonio Cabrales,Universidad Carlos III de Madrid,https://economia.uc3m.es/acabrales/,https://ideas.repec.org/e/pca5.html,eligible,0,,1689.0,2413.0,RePEc
pko253,Marcin Kolasa,Szkoła Główna Handlowa w Warszawie,http://sites.google.com/view/marcin-kolasa/,https://ideas.repec.org/f/pko253.html,eligible,0,,3661.0,1689.0,RePEc
pch80,Roberto Chang,Rutgers University-New Brunswick,https://sites.rutgers.edu/roberto-chang/,https://ideas.repec.org/e/pch80.html,eligible,0,,1690.0,,RePEc
pde912,Matteo Deleidi,"Università di Bari Aldo Moro, Dipartimento di Scienze Politiche",https://scholar.google.com/citations?user=na0a1DcAAAAJ,https://ideas.repec.org/f/pde912.html,eligible,0,,,1690.0,RePEc
pco745,James C. Cox,Georgia State University,http://excen.gsu.edu/jccox/,https://ideas.repec.org/f/pco745.html,eligible,0,,1691.0,,RePEc
pmi460,Tapan Mitra,,https://economics.cornell.edu/tapan-mitra,https://ideas.repec.org/f/pmi460.html,deceased,0,,1692.0,,RePEc
pmu472,Nicholas Z. Muller,Carnegie Mellon University,https://sites.google.com/site/nickmullershomepage/home,https://ideas.repec.org/f/pmu472.html,eligible,0,,,1692.0,RePEc
pal993,Andrew Adewale Alola,İstanbul Gelişim Üniversitesi,https://www.researchgate.net/profile/Andrew_Alola,https://ideas.repec.org/f/pal993.html,eligible,0,,,1693.0,RePEc
pok13,Efe Ok,New York University (NYU),http://homepages.nyu.edu/~eo1/,https://ideas.repec.org/e/pok13.html,eligible,0,,1694.0,,RePEc
psh367,Moses Shayo,Hebrew University of Jerusalem,https://mshayo.weebly.com/,https://ideas.repec.org/f/psh367.html,eligible,0,,,1694.0,RePEc
pmi44,Branko Milanovic,World Bank Group,https://stonecenter.gc.cuny.edu/people/milanovic-branko/,https://ideas.repec.org/e/pmi44.html,eligible,0,,1695.0,,RePEc
pga986,Daniel Garcia-Macia,International Monetary Fund (IMF),https://sites.google.com/view/garciamacia/,https://ideas.repec.org/f/pga986.html,eligible,0,,,1695.0,RePEc
plo162,Michael F. Lovenheim,Cornell University,https://economics.cornell.edu/michael-lovenheim,https://ideas.repec.org/e/plo162.html,eligible,0,,1696.0,1714.0,RePEc
pla525,Bradley J. Larsen,Washington University in St. Louis,http://www.bradjlarsen.com,https://ideas.repec.org/f/pla525.html,eligible,0,,,1696.0,RePEc
pfa701,Sam Fankhauser,Oxford University,https://www.smithschool.ox.ac.uk/person/professor-sam-fankhauser,https://ideas.repec.org/f/pfa701.html,eligible,0,,3560.0,1697.0,RePEc
pin7,Robert Inklaar,Rijksuniversiteit Groningen,https://www.rug.nl/staff/r.c.inklaar,https://ideas.repec.org/e/pin7.html,eligible,0,,1698.0,2286.0,RePEc
phu666,Yang Hu,University of Waikato,,https://ideas.repec.org/f/phu666.html,eligible,0,,,1698.0,RePEc
pcl48,Gregory Clark,Syddansk Universitet,http://www.iga.ucdavis.edu/gclark.html,https://ideas.repec.org/e/pcl48.html,eligible,0,,1700.0,,RePEc
psa770,Jamel Saadaoui,Université Paris-Saint-Denis (Paris VIII),https://www.jamelsaadaoui.com/,https://ideas.repec.org/f/psa770.html,eligible,0,,,1700.0,RePEc
psi394,Daniel Sichel,Wellesley College,,https://ideas.repec.org/f/psi394.html,eligible,0,,1701.0,,RePEc
pso464,Sebastian Sotelo,University of Michigan,http://www-personal.umich.edu/~ssotelo/,https://ideas.repec.org/f/pso464.html,eligible,0,,,1701.0,RePEc
ple80,David Levine,University of California-Berkeley,http://faculty.haas.berkeley.edu/levine/,https://ideas.repec.org/e/ple80.html,eligible,0,,1702.0,,RePEc
ppo573,Jillian Grennan,University of California-Berkeley,https://www.jilliangrennan.com/,https://ideas.repec.org/f/ppo573.html,eligible,0,,,1702.0,RePEc
pbe272,Michel Beine,Université du Luxembourg,https://sites.google.com/site/michelbeineeconomics/,https://ideas.repec.org/f/pbe272.html,eligible,0,,1703.0,3446.0,RePEc
pph87,Toan Phan,Federal Reserve Bank of Richmond,http://toanphan.org,https://ideas.repec.org/e/pph87.html,eligible,0,,,1703.0,RePEc
pja111,Thomas S. Jayne,Michigan State University,https://www.canr.msu.edu/people/thomas-jayne,https://ideas.repec.org/e/pja111.html,eligible,0,,1704.0,2076.0,RePEc
pwa648,Zhao-Hua Wang,Beijing Institute of Technology,http://www.ceep.net.cn/en/N1.asp?id=150,https://ideas.repec.org/f/pwa648.html,eligible,0,,,1704.0,RePEc
psa958,Pentti Saikkonen,"Helsingin yliopisto, Matematiikan ja tilastotieteen laitos",,https://ideas.repec.org/f/psa958.html,eligible,0,,1705.0,,RePEc
ppo414,Dina D. Pomeranz,Universität Zürich,https://www.econ.uzh.ch/en/people/faculty/pomeranz.html,https://ideas.repec.org/f/ppo414.html,eligible,0,,,1705.0,RePEc
pal356,Fernando Alvarez,University of Chicago,http://home.uchicago.edu/~falvare/,https://ideas.repec.org/f/pal356.html,eligible,0,,1706.0,,RePEc
pmo380,Gabriel Montes-Rojas,Universidad de Buenos Aires,https://sites.google.com/view/gabrielmontes,https://ideas.repec.org/f/pmo380.html,eligible,0,,3016.0,1706.0,RePEc
psz25,Adam Szeidl,Central European University,http://www.personal.ceu.edu/staff/Adam_Szeidl/,https://ideas.repec.org/e/psz25.html,eligible,0,,1707.0,1797.0,RePEc
pja222,C. Kirabo Jackson,Northwestern University,http://www.sesp.northwestern.edu/profile/?p=21526&/KiraboJackson/,https://ideas.repec.org/f/pja222.html,eligible,0,,2033.0,1707.0,RePEc
pwo132,François-Charles Wolff,Université de Nantes,https://sites.google.com/site/francoischarleswolff/home,https://ideas.repec.org/e/pwo132.html,eligible,0,,1708.0,,RePEc
pmj1,Isabelle Mejean,Sciences Po,http://www.isabellemejean.com/,https://ideas.repec.org/e/pmj1.html,eligible,0,,,1708.0,RePEc
psc133,Patrick W. Schmitz,Universität zu Köln,http://schmitz.uni-koeln.de/index.php?s=mitarbeiter&t=schmitz,https://ideas.repec.org/e/psc133.html,eligible,0,,1709.0,3194.0,RePEc
pay39,Ahmet Faruk Aysan,"Hamad Bin Khalifa University, Islamic Finance and Economy Program",http://ideas.repec.org/e/pay39.html#articles,https://ideas.repec.org/e/pay39.html,eligible,0,,,1710.0,RePEc
pru68,Yona Rubinstein,London School of Economics (LSE),,https://ideas.repec.org/e/pru68.html,eligible,0,,1711.0,,RePEc
pri213,Johanna Rickne,Stockholms Universitet,https://sites.google.com/site/ricknejohanna/,https://ideas.repec.org/f/pri213.html,eligible,0,,,1711.0,RePEc
pro264,Guillaume Rocheteau,University of California-Irvine,https://sites.google.com/site/grochete,https://ideas.repec.org/f/pro264.html,eligible,0,,1712.0,,RePEc
pbu277,Lorenzo Burlon,European Central Bank,https://sites.google.com/view/lorenzoburlon,https://ideas.repec.org/f/pbu277.html,eligible,0,,,1712.0,RePEc
pbo300,Kris Boudt,Universiteit Gent,,https://ideas.repec.org/f/pbo300.html,eligible,0,,,1713.0,RePEc
pmu50,יאיר מונדלק,,,https://ideas.repec.org/e/pmu50.html,deceased,0,,1715.0,,RePEc
pde1065,Maarten De Ridder,London School of Economics (LSE),http://www.maartenderidder.com,https://ideas.repec.org/f/pde1065.html,eligible,0,,,1715.0,RePEc
pwo47,Barbara L. Wolfe,University of Wisconsin-Madison,,https://ideas.repec.org/e/pwo47.html,eligible,0,,1716.0,,RePEc
pbu181,James Bushnell,University of California-Davis,,https://ideas.repec.org/e/pbu181.html,eligible,0,,2399.0,1716.0,RePEc
pkh176,Mohsin Khan,,,https://ideas.repec.org/e/pkh176.html,eligible,0,,1717.0,,RePEc
pga85,Christina Gathmann,Luxembourg Institute of Socio-Economic Research (LISER),https://sites.google.com/view/christina-gathmann/start,https://ideas.repec.org/e/pga85.html,eligible,0,,3601.0,1717.0,RePEc
phu149,Michael Mercier Hutchison,University of California-Santa Cruz (UCSC),,https://ideas.repec.org/e/phu149.html,eligible,0,,1718.0,,RePEc
pch466,Zhiming Cheng,Macquarie University,,https://ideas.repec.org/f/pch466.html,eligible,0,,,1718.0,RePEc
pbu13,James Bullard,Purdue University,,https://ideas.repec.org/e/pbu13.html,eligible,0,,1719.0,,RePEc
pst139,Michael Storper,London School of Economics (LSE),http://www.ac.uk/collections/geographyandenvironment/whoswho/profiles/storper,https://ideas.repec.org/e/pst139.html,eligible,0,,2133.0,1719.0,RePEc
pka141,Ehud Kalai,Northwestern University,http://www1.kellogg.northwestern.edu/facdir/facpage.asp?sid=514,https://ideas.repec.org/e/pka141.html,eligible,0,,1720.0,,RePEc
pri96,John Ries,University of British Columbia,https://blogs.ubc.ca/johnries/,https://ideas.repec.org/e/pri96.html,eligible,0,,1721.0,,RePEc
pan546,Martin Eckhoff Andresen,Universitetet i Oslo,https://sites.google.com/site/martineckhoffandresen/,https://ideas.repec.org/f/pan546.html,eligible,0,,,1721.0,RePEc
pgr285,David A. Green,University of British Columbia,https://economics.ubc.ca/profile/david-green/,https://ideas.repec.org/f/pgr285.html,eligible,0,,1722.0,,RePEc
pgu2,M. Carmen Guisan,Universidade de Santiago de Compostela,https://euroamericanassociation.blogspot.com/2020/05/43-maria-carmen-guisan-professor-of.html,https://ideas.repec.org/e/pgu2.html,eligible,0,,2549.0,1722.0,RePEc
pko150,Dan Kovenock,Chapman University,,https://ideas.repec.org/e/pko150.html,eligible,0,,1723.0,,RePEc
pgr95,Bryan S. Graham,University of California-Berkeley,http://bryangraham.github.io/econometrics/,https://ideas.repec.org/e/pgr95.html,eligible,0,,2457.0,1723.0,RePEc
pne394,Andreas Neuhierl,Purdue University,https://aneuhierl.github.io,https://ideas.repec.org/f/pne394.html,eligible,0,,,1724.0,RePEc
pha368,Marc Hallin,Université Libre de Bruxelles,,https://ideas.repec.org/f/pha368.html,eligible,0,,1725.0,2825.0,RePEc
ppa1555,Cecilia Parlatore,New York University (NYU),http://ceciliaparlatore.com/,https://ideas.repec.org/f/ppa1555.html,eligible,0,,,1725.0,RePEc
pca344,Tiago Vanderlei de Vasconcelos Cavalcanti,University of Cambridge,http://www.econ.cam.ac.uk/faculty/cavalcanti/index.html,https://ideas.repec.org/f/pca344.html,eligible,0,,3245.0,1726.0,RePEc
ppa842,Theodore Papageorgiou,Boston College,http://www.theodorepapageorgiou.com/,https://ideas.repec.org/f/ppa842.html,eligible,0,,,1727.0,RePEc
ple601,Dan Levin,Ohio State University,http://www.econ.ohio-state.edu/levin/,https://ideas.repec.org/f/ple601.html,eligible,0,,1728.0,,RePEc
psi60,Nirvikar Singh,University of California-Santa Cruz (UCSC),https://campusdirectory.ucsc.edu/cd_detail?uid=boxjenk,https://ideas.repec.org/e/psi60.html,eligible,0,,1729.0,,RePEc
pal70,George Alessandria,University of Rochester,https://sites.google.com/site/georgealessandria2/home,https://ideas.repec.org/e/pal70.html,eligible,0,,2849.0,1729.0,RePEc
pdr25,Allan Drazen,University of Maryland,http://www.tau.ac.il/~drazen/,https://ideas.repec.org/e/pdr25.html,eligible,0,,1730.0,,RePEc
ple409,Robin S. Lee,Harvard University,http://www.robinslee.com,https://ideas.repec.org/f/ple409.html,eligible,0,,,1730.0,RePEc
phi17,Barry Hirsch,Georgia State University,http://unionstats.gsu.edu/bhirsch/,https://ideas.repec.org/e/phi17.html,eligible,0,,1731.0,,RePEc
pna187,Ramana Nanda,Imperial College,http://www.hbs.edu/rnanda,https://ideas.repec.org/e/pna187.html,eligible,0,,1732.0,1970.0,RePEc
pbe68,Sjoerd Beugelsdijk,Rijksuniversiteit Groningen,http://www.rug.nl/staff/s.beugelsdijk/,https://ideas.repec.org/e/pbe68.html,eligible,0,,3622.0,1735.0,RePEc
pac11,Daniel Ackerberg,University of Texas-Austin,,https://ideas.repec.org/e/pac11.html,eligible,0,,1736.0,,RePEc
pgo766,Jonathan Goupille-Lebret,École Normale Supérieure de Lyon,https://sites.google.com/site/jgoupillelebret/,https://ideas.repec.org/f/pgo766.html,eligible,0,,,1736.0,RePEc
pma206,Colin Mayer,Oxford University,,https://ideas.repec.org/f/pma206.html,eligible,0,,1737.0,,RePEc
pga130,Carlos Garriga,Federal Reserve Bank of St. Louis,https://sites.google.com/site/garrigacarlos/,https://ideas.repec.org/e/pga130.html,eligible,0,,3603.0,1737.0,RePEc
plu94,Deborah Lucas,Massachusetts Institute of Technology (MIT),http://mitsloan.mit.edu/faculty/detail.php?in_spseqno=41235&co_list=F,https://ideas.repec.org/e/plu94.html,eligible,0,,1738.0,,RePEc
pka688,Krzysztof Karbownik,Emory University,http://sites.google.com/site/kkarbownik/,https://ideas.repec.org/f/pka688.html,eligible,0,,,1738.0,RePEc
pga74,Jean Gabszewicz,Université Catholique de Louvain,,https://ideas.repec.org/e/pga74.html,eligible,0,,1739.0,,RePEc
pmo1127,Dr Haradhan Kumar Mohajan,,https://authors.repec.org/confirm%215f3997a7d753c5703b413861b1abfddc,https://ideas.repec.org/f/pmo1127.html,eligible,0,,,1739.0,RePEc
pst906,Jan Christoph Steckel,Potsdam-Institut für Klimafolgenforschung (PIK),https://www.mcc-berlin.net/en/about/team/steckel-jan.html,https://ideas.repec.org/f/pst906.html,eligible,0,,,1740.0,RePEc
pra175,Jeffrey Scott Racine,McMaster University,https://experts.mcmaster.ca/display/racinej,https://ideas.repec.org/e/pra175.html,eligible,0,,1741.0,,RePEc
pro875,Dan-Olof Rooth,Stockholms Universitet,,https://ideas.repec.org/f/pro875.html,eligible,0,,2335.0,1741.0,RePEc
pmi428,Guy Michaels,London School of Economics (LSE),https://personal.lse.ac.uk/michaels/,https://ideas.repec.org/f/pmi428.html,eligible,0,,1742.0,2542.0,RePEc
pmi133,Marcus Miller,University of Warwick,,https://ideas.repec.org/e/pmi133.html,eligible,0,,1743.0,,RePEc
pha1298,Jongrim Ha,World Bank Group,,https://ideas.repec.org/f/pha1298.html,eligible,0,,,1743.0,RePEc
pwa36,Joel Watson,University of California-San Diego (UCSD),https://econweb.ucsd.edu/~jwatson/,https://ideas.repec.org/e/pwa36.html,eligible,0,,1744.0,,RePEc
pco326,Günter Coenen,European Central Bank,https://www.ecb.europa.eu/pub/research/authors/profiles/guenter-coenen.en.html,https://ideas.repec.org/f/pco326.html,eligible,0,,1745.0,1944.0,RePEc
pwa390,Neng Wang,Columbia University,http://www0.gsb.columbia.edu/faculty/nwang/,https://ideas.repec.org/f/pwa390.html,eligible,0,,1805.0,1745.0,RePEc
pgh16,Atish Ghosh,International Monetary Fund (IMF),,https://ideas.repec.org/e/pgh16.html,eligible,0,,1746.0,,RePEc
pba818,Ravi Bansal,Duke University,http://www.fuqua.duke.edu/faculty_research/faculty_directory/bansal/,https://ideas.repec.org/f/pba818.html,eligible,0,,1747.0,,RePEc
pbi175,Mehmet Huseyin Bilgin,İstanbul Medeniyet Üniversitesi,https://ubys.medeniyet.edu.tr/ABPDS/AcademicInformation/BilgiGoruntulemev2/Index?pid=u6uPPRUDox4S0Pk,https://ideas.repec.org/e/pbi175.html,eligible,0,,,1747.0,RePEc
phu98,Gur Huberman,Columbia University,http://www0.gsb.columbia.edu/faculty/ghuberman/,https://ideas.repec.org/e/phu98.html,eligible,0,,1748.0,3488.0,RePEc
pin45,Roula Inglesi-Lotz,University of Pretoria,https://sites.google.com/view/roulainglesi-lotz/Home/short-biographic-note?authuser=0,https://ideas.repec.org/e/pin45.html,eligible,0,,,1748.0,RePEc
pfo173,Olle Folke,"Statsvetenskapliga Instiutionen, Uppsala Universitet",,https://ideas.repec.org/e/pfo173.html,eligible,0,,,1749.0,RePEc
pan130,Cristiano Antonelli,Università degli Studi di Torino,,https://ideas.repec.org/e/pan130.html,eligible,0,,1750.0,2198.0,RePEc
ptu137,Lesley Jeanne Turner,University of Chicago,https://lesleyjturner.com/,https://ideas.repec.org/e/ptu137.html,eligible,0,,,1750.0,RePEc
pri290,Nicholas Rivers,Université d'Ottawa,,https://ideas.repec.org/f/pri290.html,eligible,0,,,1751.0,RePEc
pkr410,Kory Kroft,University of Toronto,http://korykroft.com,https://ideas.repec.org/f/pkr410.html,eligible,0,,1752.0,2037.0,RePEc
pfa31,Giovanni Facchini,University of Nottingham,https://giovannifacchini.wixsite.com/scientist-site,https://ideas.repec.org/e/pfa31.html,eligible,0,,2346.0,1752.0,RePEc
ppa255,Karen Palmer,Resources for the Future (RFF),,https://ideas.repec.org/f/ppa255.html,eligible,0,,1753.0,,RePEc
phe592,Sebastian Heise,Federal Reserve Bank of New York,https://www.sebastianheise.com,https://ideas.repec.org/f/phe592.html,eligible,0,,,1753.0,RePEc
pch94,Bob Chirinko,University of Illinois at Chicago,http://business.uic.edu/faculty/robert-chirinko,https://ideas.repec.org/e/pch94.html,eligible,0,,1754.0,,RePEc
pga1288,Antonio F Galvao,Michigan State University,https://sites.google.com/site/antoniofgalvao/home,https://ideas.repec.org/f/pga1288.html,eligible,0,,3521.0,1754.0,RePEc
ppr114,Stef Proost,KU Leuven,,https://ideas.repec.org/e/ppr114.html,eligible,0,,1755.0,1825.0,RePEc
ppe705,Mathieu Pedemonte,Inter-American Development Bank,,https://ideas.repec.org/f/ppe705.html,eligible,0,,,1755.0,RePEc
pch420,Yongmin Chen,University of Colorado,http://spot.colorado.edu/~cheny/,https://ideas.repec.org/f/pch420.html,eligible,0,,1756.0,3334.0,RePEc
pla628,François Lafond,Oxford University,https://francoislafond.info,https://ideas.repec.org/f/pla628.html,eligible,0,,,1756.0,RePEc
pgh2,Fabio Ghironi,University of Washington,http://faculty.washington.edu/ghiro,https://ideas.repec.org/e/pgh2.html,eligible,0,,1757.0,3204.0,RePEc
pla673,Etienne Lalé,York University,https://sites.google.com/view/etiennelale/,https://ideas.repec.org/f/pla673.html,eligible,0,,,1757.0,RePEc
psa395,Andrew Samwick,Dartmouth College,https://sites.dartmouth.edu/asamwick/,https://ideas.repec.org/f/psa395.html,eligible,0,,1758.0,,RePEc
pco852,Monica Costa Dias,Institute for Fiscal Studies (IFS),https://sites.google.com/view/monicacostadias/home,https://ideas.repec.org/f/pco852.html,eligible,0,,2652.0,1758.0,RePEc
ptr23,Joseph Tracy,Purdue University,,https://ideas.repec.org/e/ptr23.html,eligible,0,,1759.0,,RePEc
pka1111,John Forrest Kain,,,https://ideas.repec.org/f/pka1111.html,deceased,0,,1760.0,,RePEc
pga1,Martin Gaynor,Carnegie Mellon University,https://www.heinz.cmu.edu/faculty-research/profiles/gaynor-martins,https://ideas.repec.org/e/pga1.html,eligible,0,,1761.0,2948.0,RePEc
pba913,Jungho Baek,University of Alaska-Fairbanks,https://www.uaf.edu/cbsm/index.php,https://ideas.repec.org/f/pba913.html,eligible,0,,,1761.0,RePEc
pma135,Paul Robert Masson,University of Toronto,,https://ideas.repec.org/e/pma135.html,eligible,0,,1762.0,,RePEc
pal957,Christoph Albert,Università degli Studi di Torino,http://christophalbert.weebly.com,https://ideas.repec.org/f/pal957.html,eligible,0,,,1762.0,RePEc
pkn7,Brian G. Knight,Brown University,https://sites.brown.edu/brianknight/,https://ideas.repec.org/e/pkn7.html,eligible,0,,1763.0,,RePEc
pde179,Rajeev Dehejia,New York University (NYU),http://www.nber.org/~rdehejia,https://ideas.repec.org/e/pde179.html,eligible,0,,1764.0,,RePEc
pto32,Flavio Toxvaerd,University of Cambridge,http://people.pwf.cam.ac.uk/fmot2/,https://ideas.repec.org/e/pto32.html,eligible,0,,,1764.0,RePEc
pde619,Thomas Dee,Stanford University Graduate School of Education,https://dee.stanford.edu,https://ideas.repec.org/f/pde619.html,eligible,0,,1765.0,,RePEc
psa638,Ivan V. Savin,ESCP Europe,https://www.ivanvsavin.org/,https://ideas.repec.org/f/psa638.html,eligible,0,,,1765.0,RePEc
pwa356,William Wascher,Federal Reserve Board (Board of Governors of the Federal Reserve System),,https://ideas.repec.org/f/pwa356.html,eligible,0,,1766.0,,RePEc
pli728,Li Liu,International Monetary Fund (IMF),https://sites.google.com/site/liulieconomics/,https://ideas.repec.org/f/pli728.html,eligible,0,,,1766.0,RePEc
pps2,George Psacharopoulos,,http://users.rcn.com/gpsach/,https://ideas.repec.org/e/pps2.html,eligible,0,,1767.0,3391.0,RePEc
pfa7,Alessandra Faggian,Gran Sasso Science Institute (GSSI),,https://ideas.repec.org/e/pfa7.html,eligible,0,,,1767.0,RePEc
pyo43,H. Peyton Young,Government of the United States,http://www.econ.jhu.edu/people/young,https://ideas.repec.org/e/pyo43.html,eligible,0,,1768.0,,RePEc
pro763,Felix Roesel,Technische Universität Carolo-Wilhelmina zu Braunschweig,https://sites.google.com/site/roeselfelix/,https://ideas.repec.org/f/pro763.html,eligible,0,,,1769.0,RePEc
pwa204,James Marvin Walker,Indiana University,https://economics.indiana.edu/about/faculty/walker-james.html,https://ideas.repec.org/f/pwa204.html,eligible,0,,1770.0,,RePEc
pma1993,Hong Ma,Tsinghua University,http://mahong.weebly.com/research.html,https://ideas.repec.org/f/pma1993.html,eligible,0,,,1770.0,RePEc
pli177,Alessandro Lizzeri,New York University (NYU),http://www.econ.nyu.edu/user/lizzeria,https://ideas.repec.org/e/pli177.html,eligible,0,,1771.0,,RePEc
pca1286,Camila Casas,International Monetary Fund (IMF),https://sites.google.com/site/mccasaslozano/,https://ideas.repec.org/f/pca1286.html,eligible,0,,,1771.0,RePEc
pro605,Mauricio Romero,Instituto Tecnólogico Autónomo de México (ITAM),https://mauricio-romero.com/,https://ideas.repec.org/f/pro605.html,eligible,0,,,1772.0,RePEc
pwa655,Ke Wang,Beijing Institute of Technology,https://ceep.bit.edu.cn/english/People/Faculty/da04131c0f074131bbe6351b9c0df1db.htm,https://ideas.repec.org/f/pwa655.html,eligible,0,,,1773.0,RePEc
phu6,Mark Huggett,Georgetown University,https://sites.google.com/georgetown.edu/mark-huggett/home,https://ideas.repec.org/e/phu6.html,eligible,0,,1774.0,,RePEc
pch1542,Jevan Cherniwchan,McMaster University,https://www.cherniwchan.org,https://ideas.repec.org/f/pch1542.html,eligible,0,,,1774.0,RePEc
pva106,Eddy K.a. Van Doorslaer,Erasmus Universiteit Rotterdam,https://www.eur.nl/people/eddy-van-doorslaer-0,https://ideas.repec.org/e/pva106.html,eligible,0,,1775.0,,RePEc
pwu157,Ji Wu,Massey University,,https://ideas.repec.org/e/pwu157.html,eligible,0,,,1775.0,RePEc
pha313,Harald Hau,Swiss Finance Institute,http://www.haraldhau.com,https://ideas.repec.org/f/pha313.html,eligible,0,,1777.0,2118.0,RePEc
pve121,Erik Teodoor Verhoef,Vrije Universiteit Amsterdam,https://research.vu.nl/en/persons/erik-verhoef,https://ideas.repec.org/e/pve121.html,eligible,0,,1779.0,,RePEc
psa885,Mark Walter Johan Louis Sanders,Maastricht University,,https://ideas.repec.org/f/psa885.html,eligible,0,,,1779.0,RePEc
pho751,Alex J. Hollingsworth,Ohio State University,http://alexjhollingsworth.com,https://ideas.repec.org/f/pho751.html,eligible,0,,,1780.0,RePEc
pmi86,Valérie Mignon,Université Paris-Nanterre (Paris X),https://economix.fr/fr/membre/mignon-valerie,https://ideas.repec.org/e/pmi86.html,eligible,0,,1781.0,2284.0,RePEc
pge1,R. Gaston Gelos,Bank for International Settlements (BIS),https://www.bis.org/author/gaston_gelos.htm,https://ideas.repec.org/e/pge1.html,eligible,0,,3036.0,1781.0,RePEc
pcr47,Thomas Crossley,University of Michigan,https://sites.google.com/site/tfcrossley/,https://ideas.repec.org/e/pcr47.html,eligible,0,,1782.0,2218.0,RePEc
pro423,Heather North Royer,University of California-Santa Barbara (UCSB),https://sites.google.com/site/heathernroyer/,https://ideas.repec.org/f/pro423.html,eligible,0,,3021.0,1782.0,RePEc
pen3,Eduardo M.r.a. Engel,Universidad de Chile,,https://ideas.repec.org/e/pen3.html,eligible,0,,1783.0,,RePEc
phe304,Raphael James Heffron,University of Cambridge,,https://ideas.repec.org/f/phe304.html,eligible,0,,,1783.0,RePEc
pmo129,Hyungsik Roger Moon,University of Southern California,http://www-rcf.usc.edu/~moonr,https://ideas.repec.org/e/pmo129.html,eligible,0,,1784.0,,RePEc
pca393,Jose Manuel Campa,Universidad de Navarra,http://web.iese.edu/campa,https://ideas.repec.org/f/pca393.html,eligible,0,,1785.0,,RePEc
pdi215,Marco Di Maggio,Massachusetts Institute of Technology (MIT),http://econ-www.mit.edu/grad/dimaggio,https://ideas.repec.org/f/pdi215.html,eligible,0,,,1785.0,RePEc
pzh997,Haoxiang Zhu,Massachusetts Institute of Technology (MIT),http://www.mit.edu/~zhuh/Zhu.html,https://ideas.repec.org/f/pzh997.html,eligible,0,,,1786.0,RePEc
pur49,Sergio Urzua,University of Maryland,http://www.econ.umd.edu/faculty/profiles/urzua,https://ideas.repec.org/e/pur49.html,eligible,0,,1788.0,,RePEc
pik13,Daisuke Ikeda,Bank of Japan,https://sites.google.com/site/daisukeikeda2011/home,https://ideas.repec.org/e/pik13.html,eligible,0,,,1788.0,RePEc
ppe835,Santiago Perez,University of California-Davis,http://seperez.ucdavis.edu,https://ideas.repec.org/f/ppe835.html,eligible,0,,,1789.0,RePEc
pku84,Dorothea Kübler,Wissenschaftszentrum Berlin für Sozialforschung (WZB),http://www.wzb.eu/de/personen/dorothea-kuebler,https://ideas.repec.org/e/pku84.html,eligible,0,,,1790.0,RePEc
pva27,Dick van Dijk,Erasmus Universiteit Rotterdam,https://sites.google.com/view/dickvandijk/,https://ideas.repec.org/e/pva27.html,eligible,0,,1791.0,3114.0,RePEc
psa1336,Dario Sansone,University of Exeter,https://sites.google.com/view/dariosansone,https://ideas.repec.org/f/psa1336.html,eligible,0,,,1791.0,RePEc
pba248,"Gilbert W. Bassett, Jr.",University of Illinois at Chicago,http://tigger.uic.edu/~gib/,https://ideas.repec.org/f/pba248.html,eligible,0,,1792.0,,RePEc
psa631,Damiano Sandri,International Monetary Fund (IMF),http://sites.google.com/site/damianosandri/,https://ideas.repec.org/f/psa631.html,eligible,0,,,1792.0,RePEc
pso60,Ricardo Jorge Magalhães de Abreu Santos Sousa,Universidade do Minho,http://www1.eeg.uminho.pt/economia/rjsousa/,https://ideas.repec.org/e/pso60.html,eligible,0,,2385.0,1793.0,RePEc
phe369,Dale William Henderson,,,https://ideas.repec.org/f/phe369.html,eligible,0,,1794.0,,RePEc
pja17,David Jaeger,University of St. Andrews,http://www.djaeger.org,https://ideas.repec.org/e/pja17.html,eligible,0,,3190.0,1794.0,RePEc
plu10,Andre Lucas,Vrije Universiteit Amsterdam,http://sites.google.com/view/alucas,https://ideas.repec.org/e/plu10.html,eligible,0,,1795.0,2770.0,RePEc
pne117,Matthias Neuenkirch,Universität Trier,http://www.uni-trier.de/index.php?id=50130,https://ideas.repec.org/e/pne117.html,eligible,0,,,1795.0,RePEc
pro69,Stephen Ross,University of Connecticut,http://www.econ.uconn.edu/ross/ross.htm,https://ideas.repec.org/e/pro69.html,eligible,0,,1796.0,3541.0,RePEc
psi653,Carl Singleton,University of Stirling,https://www.carlsingletoneconomics.com/,https://ideas.repec.org/f/psi653.html,eligible,0,,,1796.0,RePEc
pco85,David Colander,,http://community.middlebury.edu/~colander/,https://ideas.repec.org/e/pco85.html,deceased,0,,1798.0,,RePEc
pre29,Ernesto Reuben,New York University Abu Dhabi,https://ereuben.net/,https://ideas.repec.org/e/pre29.html,eligible,0,,,1798.0,RePEc
psh2,Karl Shell,Cornell University,http://karlshell.com,https://ideas.repec.org/e/psh2.html,eligible,0,,1799.0,,RePEc
pda768,Mai Chi Dao,International Monetary Fund (IMF),https://sites.google.com/site/chimainy/,https://ideas.repec.org/f/pda768.html,eligible,0,,,1799.0,RePEc
pca4,Fredrik Carlsson,Göteborgs Universitet,https://www.gu.se/en/about/find-staff/fredrikcarlsson,https://ideas.repec.org/e/pca4.html,eligible,0,,1800.0,2304.0,RePEc
ppe173,Jörg Ankel-Peters,RWI - Leibniz-Institut für Wirtschaftsforschung,https://www.rwi-essen.de/en/rwi/team/person/joerg-ankel-peters,https://ideas.repec.org/e/ppe173.html,eligible,0,,,1800.0,RePEc
prj3,Husam Abed Al Azeez Rjoub,Palestine Polytechnic University,https://www.researchgate.net/profile/Husam_Rjoub/contributions,https://ideas.repec.org/e/prj3.html,eligible,0,,,1801.0,RePEc
phe163,John S. Heywood,University of Wisconsin,https://sites.uwm.edu/heywood/,https://ideas.repec.org/e/phe163.html,eligible,0,,1802.0,2541.0,RePEc
pgr483,Markus Grillitsch,Lunds Universitet,,https://ideas.repec.org/f/pgr483.html,eligible,0,,,1802.0,RePEc
pfr135,Caroline Freund,University of California-San Diego (UCSD),https://gps.ucsd.edu/faculty-directory/caroline-freund.html,https://ideas.repec.org/e/pfr135.html,eligible,0,,1803.0,,RePEc
pkh511,Gaurav Khanna,University of California-San Diego (UCSD),http://www.econgaurav.com,https://ideas.repec.org/f/pkh511.html,eligible,0,,,1803.0,RePEc
pho493,Kate Ho,,https://scholar.princeton.edu/kateho,https://ideas.repec.org/f/pho493.html,deceased,0,,2489.0,1804.0,RePEc
pch2101,Jaewon Choi,Seoul National University,https://sites.google.com/site/jaewchoi1203,https://ideas.repec.org/f/pch2101.html,eligible,0,,,1805.0,RePEc
pda156,Conchita D'Ambrosio,"University of Luxembourg, Department of Behavioural and Cognitive Sciences",https://sites.google.com/site/conchitadambrosio,https://ideas.repec.org/e/pda156.html,eligible,0,,,1806.0,RePEc
psh162,Kathryn Shaw,Stanford University,http://faculty-gsb.stanford.edu/shaw/,https://ideas.repec.org/e/psh162.html,eligible,0,,1807.0,,RePEc
pze127,Alexander Zerrahn,Öko-Institut,,https://ideas.repec.org/e/pze127.html,eligible,0,,,1807.0,RePEc
pha310,Robert H. Haveman,,,https://ideas.repec.org/f/pha310.html,deceased,0,,1808.0,,RePEc
phe422,Brad Hershbein,W.E. Upjohn Institute for Employment Research,https://www.upjohn.org/about/upjohn-team/staff/brad-j-hershbein,https://ideas.repec.org/f/phe422.html,eligible,0,,,1808.0,RePEc
pro566,Rafael Robb,,,https://ideas.repec.org/f/pro566.html,eligible,0,,1809.0,,RePEc
pfa662,Benjamin Faber,University of California-Berkeley,https://eml.berkeley.edu/~faberb/,https://ideas.repec.org/f/pfa662.html,eligible,0,,,1809.0,RePEc
pbo666,Barry P. Bosworth,,,https://ideas.repec.org/f/pbo666.html,deceased,0,,1810.0,,RePEc
pat44,Prema-chandra Athukorala,Australian National University,http://rspas.anu.edu.au/~athu/,https://ideas.repec.org/e/pat44.html,eligible,0,,1811.0,,RePEc
pba34,Amitrajeet A Batabyal,Rochester Institute of Technology,http://people.rit.edu/~aabgsh,https://ideas.repec.org/e/pba34.html,eligible,0,,1874.0,1811.0,RePEc
pca14,Dennis W. Carlton,University of Chicago,,https://ideas.repec.org/e/pca14.html,eligible,0,,1812.0,,RePEc
pra1202,Lindsey Rebecca Raymond,Massachusetts Institute of Technology (MIT),http://sites.google.com/view/lindsey-raymond,https://ideas.repec.org/f/pra1202.html,eligible,0,,,1812.0,RePEc
pfu131,Hidemichi Fujii,Kyushu University,https://sites.google.com/site/hidemichifujii/Home,https://ideas.repec.org/e/pfu131.html,eligible,0,,,1813.0,RePEc
pit4,Hiro Ito,Portland State University,http://web.pdx.edu/~ito/,https://ideas.repec.org/e/pit4.html,eligible,0,,1814.0,1916.0,RePEc
pch429,Edouard Challe,Paris School of Economics,http://sites.google.com/site/edouardchalle/,https://ideas.repec.org/f/pch429.html,eligible,0,,,1814.0,RePEc
pfr146,Tim Friehe,Philipps-Universität Marburg,http://www.uni-marburg.de/fb02/fiwi/team/friehe,https://ideas.repec.org/e/pfr146.html,eligible,0,,,1815.0,RePEc
pro93,Arthur Robson,Simon Fraser University,http://www.sfu.ca/~robson,https://ideas.repec.org/e/pro93.html,eligible,0,,1816.0,,RePEc
plo117,Glenn Cartman Loury,Brown University,http://www.econ.brown.edu/fac/Glenn%5FLoury/louryhomepage/,https://ideas.repec.org/e/plo117.html,eligible,0,,1817.0,,RePEc
pca106,Carlos Carvalho,Pontifícia Universidade Católica do Rio de Janeiro,http://cvianac.googlepages.com/carloscarvalho,https://ideas.repec.org/e/pca106.html,eligible,0,,2889.0,1817.0,RePEc
pty1,Jean-Robert Tyran,Universität Wien,http://homepage.univie.ac.at/jean-robert.tyran/,https://ideas.repec.org/e/pty1.html,eligible,0,,1819.0,,RePEc
pri41,Arno Riedl,Maastricht University,http://www.arnoriedl.com/,https://ideas.repec.org/e/pri41.html,eligible,0,,1820.0,2862.0,RePEc
pgi368,Michela Giorcelli,University of California-Los Angeles (UCLA),http://www.giorcellimichela.com,https://ideas.repec.org/f/pgi368.html,eligible,0,,,1820.0,RePEc
pma1262,Massimiliano Mazzanti,Sustainability Environmental Economics and Dynamics Studies (SEEDS),http://www.unife.it/dipartimento/economia/pubblicazioni/quaderni-del-dipartimento,https://ideas.repec.org/f/pma1262.html,eligible,0,,2366.0,1821.0,RePEc
pbo43,Jean Boivin,,,https://ideas.repec.org/e/pbo43.html,eligible,0,,1822.0,,RePEc
pbr610,David Paul Brown,University of Alberta,https://apps.ualberta.ca/directory/person/dpbrown,https://ideas.repec.org/f/pbr610.html,eligible,0,,,1822.0,RePEc
pkr86,Alexander Kritikos,DIW Berlin (Deutsches Institut für Wirtschaftsforschung),http://www.diw.de,https://ideas.repec.org/e/pkr86.html,eligible,0,,3306.0,1823.0,RePEc
pfi17,Gary S. Fields,Cornell University,http://www.ilr.cornell.edu/directory/gsf2,https://ideas.repec.org/e/pfi17.html,eligible,0,,1824.0,,RePEc
pde305,Bram De Rock,Université Libre de Bruxelles,https://sites.google.com/site/bramderock,https://ideas.repec.org/f/pde305.html,eligible,0,,2065.0,1824.0,RePEc
ple113,Stephen Leybourne,University of Nottingham,http://www.nottingham.ac.uk/%7Elezsl/main.htm,https://ideas.repec.org/e/ple113.html,eligible,0,,1827.0,,RePEc
pmi1021,Armando Miano,Centro Studi di Economia e Finanza (CSEF),https://www.armandomiano.com,https://ideas.repec.org/f/pmi1021.html,eligible,0,,,1827.0,RePEc
png123,Trung Thanh Nguyen,Leibniz Universität Hannover,https://www.iuw.uni-hannover.de/en/ttnguyen,https://ideas.repec.org/e/png123.html,eligible,0,,,1828.0,RePEc
pbr469,Jordi Brandts,Barcelona School of Economics (BSE),http://www.iae.csic.es/investigadorPersonalAbout.php?idinvestigador=7,https://ideas.repec.org/f/pbr469.html,eligible,0,,1829.0,,RePEc
por158,Ariel Ortiz-Bobea,Cornell University,https://arielortizbobea.github.io,https://ideas.repec.org/e/por158.html,eligible,0,,,1829.0,RePEc
pbe134,Helmut Bester,Freie Universität Berlin,https://sites.google.com/view/prof-dr-helmut-bester/home,https://ideas.repec.org/e/pbe134.html,eligible,0,,1830.0,,RePEc
pfe188,Gershon Feder,World Bank Group,,https://ideas.repec.org/e/pfe188.html,eligible,0,,1831.0,,RePEc
pkr274,Caroline Krafft,University of Minnesota,https://www.carolinekrafft.com,https://ideas.repec.org/f/pkr274.html,eligible,0,,,1831.0,RePEc
pga255,Leonardo C. Gasparini,Universidad Nacional de La Plata,,https://ideas.repec.org/f/pga255.html,eligible,0,,3555.0,1832.0,RePEc
pmy11,Caitlin Knowles Myers,Middlebury College,http://community.middlebury.edu/~cmyers/index.html,https://ideas.repec.org/e/pmy11.html,eligible,0,,,1833.0,RePEc
pec26,Bjørn Espen Eckbo,Dartmouth College,http://tuck.dartmouth.edu/faculty/faculty-directory/b-espen-eckbo,https://ideas.repec.org/e/pec26.html,eligible,0,,1834.0,,RePEc
pva533,Judit Vall Castello,Universitat de Barcelona,https://www.juditvall.com/,https://ideas.repec.org/f/pva533.html,eligible,0,,,1835.0,RePEc
pma2423,Clément Malgouyres,Centre de Recherche en Économie et Statistique (CREST),https://sites.google.com/site/clementmalgouyres/,https://ideas.repec.org/f/pma2423.html,eligible,0,,,1836.0,RePEc
pfo3,Andrew Foster,Brown University,http://afosterri.org,https://ideas.repec.org/e/pfo3.html,eligible,0,,1837.0,,RePEc
pra817,Lukasz Rachel,University College London (UCL),,https://ideas.repec.org/f/pra817.html,eligible,0,,,1837.0,RePEc
pen67,Walter Enders,University of Alabama-Tuscaloosa,http://time-series.net,https://ideas.repec.org/e/pen67.html,eligible,0,,1838.0,,RePEc
psa1183,Julien Sauvagnat,Università Commerciale Luigi Bocconi,,https://ideas.repec.org/f/psa1183.html,eligible,0,,,1838.0,RePEc
pka44,Louis Kaplow,National Bureau of Economic Research (NBER),,https://ideas.repec.org/e/pka44.html,eligible,0,,1839.0,,RePEc
pju154,Alejandro Justiniano,,,https://ideas.repec.org/e/pju154.html,deceased,0,,1840.0,,RePEc
pto21,Robert Tollison,,,https://ideas.repec.org/e/pto21.html,deceased,0,,1841.0,,RePEc
ppr134,Bruce Preston,UNSW Sydney,https://sites.google.com/site/professorbrucepreston/,https://ideas.repec.org/e/ppr134.html,eligible,0,,2539.0,1841.0,RePEc
pst2,Mark Florimond Steel,University of Warwick,https://www.warwick.ac.uk/go/msteel/,https://ideas.repec.org/e/pst2.html,eligible,0,,1842.0,2641.0,RePEc
pwo85,Stephen A. Woodbury,Michigan State University,http://www.upjohninstitute.org/staff/woodbury.html,https://ideas.repec.org/e/pwo85.html,eligible,0,,,1842.0,RePEc
pke13,John Kennan,University of Wisconsin-Madison,http://www.ssc.wisc.edu/~jkennan,https://ideas.repec.org/e/pke13.html,eligible,0,,1843.0,,RePEc
pru76,Michał Rubaszek,Szkoła Główna Handlowa w Warszawie,http://e-web.sgh.waw.pl/mrubas,https://ideas.repec.org/e/pru76.html,eligible,0,,,1843.0,RePEc
pku361,Adriana Kugler,Georgetown University,http://explore.georgetown.edu/people/ak659/?PageTemplateID=364,https://ideas.repec.org/f/pku361.html,eligible,0,,1844.0,,RePEc
pse261,Marta Serra-Garcia,University of California-San Diego (UCSD),http://sites.google.com/site/martaserragarcia/,https://ideas.repec.org/f/pse261.html,eligible,0,,,1844.0,RePEc
pma1243,Rodolfo E. Manuelli,Washington University in St. Louis,,https://ideas.repec.org/f/pma1243.html,eligible,0,,1845.0,,RePEc
psi682,Thiago Christiano Silva,Universidade Católica de Brasilia,,https://ideas.repec.org/f/psi682.html,eligible,0,,,1845.0,RePEc
pze41,Josef Zechner,WU Wirtschaftsuniversität Wien,https://www.wu.ac.at/finance/people/faculty/zechner/,https://ideas.repec.org/e/pze41.html,eligible,0,,1846.0,1927.0,RePEc
pde1020,Guido de Blasio,Banca d'Italia,http://sites.google.com/site/guidodeblasiohomepage/Home,https://ideas.repec.org/f/pde1020.html,eligible,0,,3443.0,1846.0,RePEc
pmi52,Pierre-Carl Michaud,HEC Montréal (École des Hautes Études Commerciales),http://pcmichaud.github.io,https://ideas.repec.org/e/pmi52.html,eligible,0,,2863.0,1847.0,RePEc
pho41,Charles Yuji Horioka,Kobe University,https://researchmap.jp/read0042836/?lang=en,https://ideas.repec.org/e/pho41.html,eligible,0,,1848.0,3306.0,RePEc
pya140,Eiji Yamamura,Seinan Gakuin University,,https://ideas.repec.org/e/pya140.html,eligible,0,,1854.0,1848.0,RePEc
pmo86,Giuseppe Moscarini,Yale University,http://campuspress.yale.edu/moscarini/,https://ideas.repec.org/e/pmo86.html,eligible,0,,1849.0,3638.0,RePEc
pic12,Shota Ichihashi,Queen's University,https://www.shotaichi.com/,https://ideas.repec.org/e/pic12.html,eligible,0,,,1849.0,RePEc
psk11,Andrzej Skrzypacz,Stanford University,http://www.stanford.edu/~skrz/,https://ideas.repec.org/e/psk11.html,eligible,0,,1850.0,2764.0,RePEc
pxu211,Mingzhi,Peking University,http://www.mingzhixu.com/,https://ideas.repec.org/f/pxu211.html,eligible,0,,,1850.0,RePEc
psu477,Andrew Gordon Sutherland,Massachusetts Institute of Technology (MIT),https://mitsloan.mit.edu/faculty/directory/andrew-gordon-sutherland,https://ideas.repec.org/f/psu477.html,eligible,0,,,1851.0,RePEc
pam57,Catalina Amuedo-Dorantes,University of California-Merced,https://sites.ucmerced.edu/amuedo-dorantes,https://ideas.repec.org/e/pam57.html,eligible,0,,1957.0,1852.0,RePEc
pco166,Iain M. Cockburn,Boston University,http://people.bu.edu/cockburn,https://ideas.repec.org/e/pco166.html,eligible,0,,1853.0,,RePEc
psl22,Jiri,European Central Bank,http://www.slacalek.com,https://ideas.repec.org/e/psl22.html,eligible,0,,3331.0,1853.0,RePEc
pba751,Ruediger Bachmann,University of Michigan,https://sites.lsa.umich.edu/rudib/,https://ideas.repec.org/f/pba751.html,eligible,0,,1942.0,1854.0,RePEc
pwi498,Robert D. Willig,,,https://ideas.repec.org/f/pwi498.html,deceased,0,,1855.0,,RePEc
pba1451,Sayef Bakari,Université de Tunis El Manar,,https://ideas.repec.org/f/pba1451.html,eligible,0,,,1855.0,RePEc
pit23,Koichiro Ito,University of Chicago,http://www.koichiroito.com,https://ideas.repec.org/e/pit23.html,eligible,0,,3675.0,1856.0,RePEc
pbi114,Sushil Bikhchandani,University of California-Los Angeles (UCLA),https://www.anderson.ucla.edu/faculty-and-research/strategy/faculty/bikhchandani,https://ideas.repec.org/e/pbi114.html,eligible,0,,1857.0,,RePEc
pal293,Rob Alessie,Rijksuniversiteit Groningen,https://www.rug.nl/r.j.m.alessie,https://ideas.repec.org/f/pal293.html,eligible,0,,1858.0,,RePEc
pge60,Paul A. Geroski,,http://en.wikipedia.org/wiki/Paul_Geroski,https://ideas.repec.org/e/pge60.html,deceased,0,,1859.0,,RePEc
pma1091,Arnaud Maurel,Duke University,http://www.amaurel.net,https://ideas.repec.org/f/pma1091.html,eligible,0,,,1859.0,RePEc
pfe146,Francisco H. G. Ferreira,London School of Economics (LSE),https://www.lse.ac.uk/International-Inequalities/People/Francisco-H.-G.-Ferreira,https://ideas.repec.org/e/pfe146.html,eligible,0,,1860.0,,RePEc
pst389,Thomas Sterner,Göteborgs Universitet,https://bit.ly/3yPEeU7,https://ideas.repec.org/f/pst389.html,eligible,0,,2026.0,1860.0,RePEc
pbu198,Thomas Buser,Tinbergen Instituut,http://sites.google.com/site/thomasbuser/,https://ideas.repec.org/e/pbu198.html,eligible,0,,,1861.0,RePEc
psa880,Lutz Sager,ESSEC Business School,http://lutzsager.de,https://ideas.repec.org/f/psa880.html,eligible,0,,,1862.0,RePEc
pba509,James Banks,Institute for Fiscal Studies (IFS),,https://ideas.repec.org/f/pba509.html,eligible,0,,1863.0,,RePEc
plk4,Katrine Vellesen Løken,Norges Handelshøyskole (NHH),https://sites.google.com/site/katrinecv/,https://ideas.repec.org/e/plk4.html,eligible,0,,3325.0,1865.0,RePEc
pli1113,Ariel Linden,University of California-San Francisco (UCSF),http://www.lindenconsulting.org/,https://ideas.repec.org/f/pli1113.html,eligible,0,,,1866.0,RePEc
plu40,Asger Lunde,Aarhus Universitet,http://mit.econ.au.dk/vip_htm/alunde/,https://ideas.repec.org/e/plu40.html,eligible,0,,1867.0,,RePEc
pau40,Stéphane Auray,Centre de Recherche en Économie et Statistique (CREST),http://sites.google.com/site/stephaneauray/,https://ideas.repec.org/e/pau40.html,eligible,0,,,1867.0,RePEc
pha49,Bernd Hayo,Philipps-Universität Marburg,http://www.uni-marburg.de/fb02/makro,https://ideas.repec.org/e/pha49.html,eligible,0,,1869.0,2052.0,RePEc
pca696,Christian Catalini,Massachusetts Institute of Technology (MIT),http://www.catalini.com,https://ideas.repec.org/f/pca696.html,eligible,0,,,1869.0,RePEc
pdu249,Greg Duffee,Johns Hopkins University,http://www.econ2.jhu.edu/People/duffee,https://ideas.repec.org/f/pdu249.html,eligible,0,,1870.0,,RePEc
paa13,Daniel Aaronson,Federal Reserve Bank of Chicago,,https://ideas.repec.org/e/paa13.html,eligible,0,,1871.0,2293.0,RePEc
pci158,Pavel Ciaian,European Commission,,https://ideas.repec.org/e/pci158.html,eligible,0,,2719.0,1871.0,RePEc
pco548,Jeffrey L. Coles,University of Utah,,https://ideas.repec.org/f/pco548.html,eligible,0,,1872.0,,RePEc
pma2128,Lala Ma,University of Kentucky,https://sites.google.com/site/lalaxma,https://ideas.repec.org/f/pma2128.html,eligible,0,,,1872.0,RePEc
ple147,Ronald Demos Lee,University of California-Berkeley,https://www.demog.berkeley.edu/faculty/ronald-demos-lee/,https://ideas.repec.org/e/ple147.html,eligible,0,,1873.0,,RePEc
pfr353,Andrew Ira Friedson,American Society of Anesthesiologists,,https://ideas.repec.org/f/pfr353.html,eligible,0,,,1874.0,RePEc
pec1,Nicholas S. Economides,New York University (NYU),https://www.neconomides.com,https://ideas.repec.org/e/pec1.html,eligible,0,,1875.0,,RePEc
pfo387,Jose Arreola Hernandez,,,https://ideas.repec.org/f/pfo387.html,eligible,0,,,1875.0,RePEc
psa822,Misato Sato,London School of Economics (LSE),https://misatosato.github.io/,https://ideas.repec.org/f/psa822.html,eligible,0,,,1876.0,RePEc
pfu6,Timothy S. Fuerst,,,https://ideas.repec.org/e/pfu6.html,deceased,0,,1877.0,,RePEc
ppi210,Facundo Piguillem,Istituto Einaudi per l'Economia e la Finanza (EIEF),https://sites.google.com/view/facundopiguillem,https://ideas.repec.org/f/ppi210.html,eligible,0,,,1877.0,RePEc
pdo13,Michael Dooley,University of California-Santa Cruz (UCSC),http://econ.ucsc.edu/~mpd/,https://ideas.repec.org/e/pdo13.html,eligible,0,,1878.0,,RePEc
pqi142,Buhui Qiu,University of Sydney,http://www.sydney.edu.au/business/about/our-people/academic-staff/buhui-qiu.html,https://ideas.repec.org/e/pqi142.html,eligible,0,,,1878.0,RePEc
par65,J. Scott Armstrong,,http://jscottarmstrong.com,https://ideas.repec.org/e/par65.html,deceased,0,,1879.0,,RePEc
pmu156,Hannes Felix Mueller,Barcelona School of Economics (BSE),,https://ideas.repec.org/e/pmu156.html,eligible,0,,,1880.0,RePEc
pal364,Harun Alp,Federal Reserve Board (Board of Governors of the Federal Reserve System),http://www.harunalp.net,https://ideas.repec.org/f/pal364.html,eligible,0,,,1881.0,RePEc
pja40,David-Jan Jansen,de Nederlandsche Bank,http://sites.google.com/site/djansenresearch/,https://ideas.repec.org/e/pja40.html,eligible,0,,3641.0,1882.0,RePEc
pba80,Pierpaolo Battigalli,Università Commerciale Luigi Bocconi,https://faculty.unibocconi.eu/pierpaolobattigalli/,https://ideas.repec.org/e/pba80.html,eligible,0,,1883.0,2032.0,RePEc
pbh34,Mita Bhattacharya,Monash University,http://www.buseco.monash.edu.au/depts/eco/staff/mitabhattacharya.php,https://ideas.repec.org/e/pbh34.html,eligible,0,,,1883.0,RePEc
poy2,Paul Oyer,Stanford University,https://pauloyer.people.stanford.edu/,https://ideas.repec.org/e/poy2.html,eligible,0,,1885.0,,RePEc
pma929,Reinhard Madlener,Rheinisch-Westfälische Technische Hochschule Aachen,http://www.eonerc.rwth-aachen.de/fcn,https://ideas.repec.org/f/pma929.html,eligible,0,,2249.0,1885.0,RePEc
pth51,Anthony Thirlwall,,,https://ideas.repec.org/e/pth51.html,deceased,0,,1886.0,,RePEc
pec58,Fabian Eckert,University of California-San Diego (UCSD),http://fpeckert.me,https://ideas.repec.org/e/pec58.html,eligible,0,,,1886.0,RePEc
pmo197,Massimo Motta,Barcelona School of Economics (BSE),https://sites.google.com/site/massimomottawebpage/,https://ideas.repec.org/e/pmo197.html,eligible,0,,1887.0,,RePEc
pkl139,David Klenert,European Commission,https://scholar.google.com/citations?user=8RcwU5IAAAAJ,https://ideas.repec.org/e/pkl139.html,eligible,0,,,1887.0,RePEc
pbe108,Kristian Behrens,Université du Québec à Montréal (UQAM),https://sites.google.com/site/kristianbehrens/,https://ideas.repec.org/e/pbe108.html,eligible,0,,1888.0,1947.0,RePEc
ptu36,Catherine Tucker,Massachusetts Institute of Technology (MIT),http://cetucker.scripts.mit.edu/,https://ideas.repec.org/e/ptu36.html,eligible,0,,2749.0,1888.0,RePEc
pwa346,Jessica A. Wachter,University of Pennsylvania,http://finance.wharton.upenn.edu/~jwachter/,https://ideas.repec.org/f/pwa346.html,eligible,0,,1889.0,,RePEc
pba1477,James R. Barth,,,https://ideas.repec.org/f/pba1477.html,deceased,0,,1890.0,,RePEc
pjo101,Sofia A. Johan,Florida Atlantic University,,https://ideas.repec.org/e/pjo101.html,eligible,0,,,1890.0,RePEc
pwi165,David W. Wilcox,,,https://ideas.repec.org/e/pwi165.html,eligible,0,,1891.0,,RePEc
pda513,Joel David,Federal Reserve Bank of Chicago,https://sites.google.com/site/joelmichaeldavid/,https://ideas.repec.org/f/pda513.html,eligible,0,,,1891.0,RePEc
pmo70,Brent R. Moulton,,https://politicalarithmetick.com/,https://ideas.repec.org/e/pmo70.html,eligible,0,,1892.0,,RePEc
pne71,Karsten Neuhoff,DIW Berlin (Deutsches Institut für Wirtschaftsforschung),,https://ideas.repec.org/e/pne71.html,eligible,0,,1893.0,2548.0,RePEc
pmo414,Emanuel Moench,Frankfurt School of Finance and Management,http://www.emanuelmoench.com,https://ideas.repec.org/f/pmo414.html,eligible,0,,2179.0,1893.0,RePEc
pbe183,Bo Becker,Stockholm School of Economics,https://sites.google.com/site/bobecker2/,https://ideas.repec.org/e/pbe183.html,eligible,0,,2280.0,1894.0,RePEc
psk27,Stergios Skaperdas,University of California-Irvine,http://www.socsci.uci.edu/~sskaperd/,https://ideas.repec.org/e/psk27.html,eligible,0,,1895.0,,RePEc
pol281,Johnson Ayobami Oliyide,Federal Reserve Bank of Kansas City,https://scholar.google.com/citations?hl=enuser=XkA55kkAAAAJview_op=list_workssortby=pubdate,https://ideas.repec.org/f/pol281.html,eligible,0,,,1895.0,RePEc
plu143,Nora Claudia Lustig,Tulane University,https://noralustig.tulane.edu/,https://ideas.repec.org/e/plu143.html,eligible,0,,1896.0,2567.0,RePEc
plu185,Christian Lundblad,University of North Carolina-Chapel-Hill,http://public.kenan-flagler.unc.edu/faculty/lundblac,https://ideas.repec.org/e/plu185.html,eligible,0,,1897.0,,RePEc
pag15,Victor Aguirregabiria,University of Toronto,https://sites.google.com/view/victoraguirregabiriaswebsite/home,https://ideas.repec.org/e/pag15.html,eligible,0,,1902.0,1897.0,RePEc
pgo192,Jesus Gonzalo,Universidad Carlos III de Madrid,https://economia.uc3m.es/jgonzalo/,https://ideas.repec.org/e/pgo192.html,eligible,0,,1898.0,3585.0,RePEc
pur43,Jorge Mario Uribe Gil,Universitat Oberta de Catalunya,https://sites.google.com/view/jorgemuribe/home,https://ideas.repec.org/e/pur43.html,eligible,0,,,1898.0,RePEc
pal597,Armen A. Alchian,,http://en.wikipedia.org/wiki/Armen_Alchian,https://ideas.repec.org/f/pal597.html,deceased,0,,1899.0,,RePEc
pho526,Martin Hodula,Česká Národní Banka,https://sites.google.com/site/martinhodula/home,https://ideas.repec.org/f/pho526.html,eligible,0,,,1899.0,RePEc
pce70,Nicola Cetorelli,Federal Reserve Bank of New York,https://www.newyorkfed.org/research/economists/Cetorelli,https://ideas.repec.org/e/pce70.html,eligible,0,,1900.0,,RePEc
prh14,Paul W. Rhode,University of Michigan,,https://ideas.repec.org/e/prh14.html,eligible,0,,3057.0,1900.0,RePEc
psa1486,Pedro Santa-Clara,Universidade Nova de Lisboa,http://docentes.fe.unl.pt/~psc/,https://ideas.repec.org/f/psa1486.html,eligible,0,,1901.0,,RePEc
ple212,Piotr Lewandowski,Instytut Badań Strukturalnych,http://ibs.org.pl/en/team/piotr-lewandowski/,https://ideas.repec.org/f/ple212.html,eligible,0,,,1901.0,RePEc
pta111,Benjamin Miranda Tabak,Fundação Getúlio Vargas (FGV),,https://ideas.repec.org/e/pta111.html,eligible,0,,2302.0,1902.0,RePEc
pho42,Patrick Honohan,Trinity College Dublin,,https://ideas.repec.org/e/pho42.html,eligible,0,,1903.0,,RePEc
pho613,Mark Hoekstra,University of Texas-Austin,https://sites.google.com/view/markhoekstra,https://ideas.repec.org/f/pho613.html,eligible,0,,3083.0,1903.0,RePEc
pwh23,Karl T. Whelan,University College Dublin,http://www.karlwhelan.com,https://ideas.repec.org/e/pwh23.html,eligible,0,,1904.0,3648.0,RePEc
pst1028,Sandro Steinbach,North Dakota State University,,https://ideas.repec.org/f/pst1028.html,eligible,0,,,1904.0,RePEc
pla387,Kajal Lahiri,University at Albany,http://www.albany.edu/~klahiri/,https://ideas.repec.org/f/pla387.html,eligible,0,,1905.0,,RePEc
pwo288,Martin Wolf,Universität St. Gallen,https://mwolfunisg.github.io/website/,https://ideas.repec.org/f/pwo288.html,eligible,0,,,1905.0,RePEc
pko698,Leonid Kogan,Massachusetts Institute of Technology (MIT),http://web.mit.edu/lkogan2/www/,https://ideas.repec.org/f/pko698.html,eligible,0,,1906.0,3543.0,RePEc
pfo64,Bernard Fortin,Université Laval,http://www.ecn.ulaval.ca/~bfor,https://ideas.repec.org/e/pfo64.html,eligible,0,,1908.0,,RePEc
pge131,Sebastian Gechert,Technische Universität Chemnitz,https://sebastian-gechert.com,https://ideas.repec.org/e/pge131.html,eligible,0,,,1908.0,RePEc
pgi270,Stephen Gibbons,London School of Economics (LSE),http://personal.lse.ac.uk/gibbons,https://ideas.repec.org/f/pgi270.html,eligible,0,,1909.0,3338.0,RePEc
pni300,Maria Nikolaidi,University of Greenwich,https://sites.google.com/site/marianikolaidi/,https://ideas.repec.org/f/pni300.html,eligible,0,,,1909.0,RePEc
pva377,Fabian Valencia,International Monetary Fund (IMF),http://www.imf.org/external/np/cv/AuthorCV.aspx?AuthID=179,https://ideas.repec.org/f/pva377.html,eligible,0,,,1910.0,RePEc
psh190,Oz Shy,Federal Reserve Bank of Atlanta,https://sites.google.com/ozshy.com/ozshy,https://ideas.repec.org/e/psh190.html,eligible,0,,1911.0,2190.0,RePEc
pga775,Manuel Garcia-Santana,World Bank Group,https://garciasantana.weebly.com,https://ideas.repec.org/f/pga775.html,eligible,0,,,1911.0,RePEc
pco44,Fabrice Collard,Toulouse School of Economics (TSE),http://fabcol.free.fr,https://ideas.repec.org/e/pco44.html,eligible,0,,1912.0,2405.0,RePEc
pha661,Christopher Andrew Hartwell,Bournemouth University,https://sites.google.com/view/institutionaleconomist/home,https://ideas.repec.org/f/pha661.html,eligible,0,,,1912.0,RePEc
pne320,Tsvetelina Nenova,Bank for International Settlements (BIS),https://sites.google.com/view/tsvetelinanenova,https://ideas.repec.org/f/pne320.html,eligible,0,,,1913.0,RePEc
pcu60,Robert Cull,World Bank Group,,https://ideas.repec.org/e/pcu60.html,eligible,0,,1914.0,,RePEc
pak216,Seyi Saint Akadiri,Central Bank of Nigeria,,https://ideas.repec.org/f/pak216.html,eligible,0,,,1914.0,RePEc
pdy1,Susan Dynarski,National Bureau of Economic Research (NBER),https://www.susandynarski.com/,https://ideas.repec.org/e/pdy1.html,eligible,0,,1915.0,,RePEc
ptr354,Victor Troster,Universitat de les Illes Balears,http://sites.google.com/site/victortroster/,https://ideas.repec.org/f/ptr354.html,eligible,0,,,1915.0,RePEc
psn9,Dennis Snower,Centre for Economic Policy Research (CEPR),http://www.hertie-school.org/en/who-we-are/profile/person/snower/,https://ideas.repec.org/e/psn9.html,eligible,0,,1916.0,,RePEc
pye42,David Larry Yermack,New York University (NYU),http://www.stern.nyu.edu/~dyermack,https://ideas.repec.org/e/pye42.html,eligible,0,,1917.0,,RePEc
pfe210,Aurelio F. Bariviera,Universitat Rovira I Virgili Tarragona,http://www.aureliofernandez.net,https://ideas.repec.org/f/pfe210.html,eligible,0,,,1917.0,RePEc
pto24,Ragnar Torvik,Norges teknisk-naturvitenskaplige universitet (NTNU),http://www.svt.ntnu.no/iso/ragnar.torvik/default.htm,https://ideas.repec.org/e/pto24.html,eligible,0,,1918.0,,RePEc
pgu174,Pablo A. Guerron,Boston College,https://sites.google.com/site/pabloaguerronquintana/,https://ideas.repec.org/e/pgu174.html,eligible,0,,2542.0,1918.0,RePEc
pta825,Lance Taylor,,,https://ideas.repec.org/f/pta825.html,deceased,0,,1919.0,,RePEc
psi260,Luigi Siciliani,University of York,https://sites.google.com/a/york.ac.uk/luigi-siciliani/home,https://ideas.repec.org/f/psi260.html,eligible,0,,2867.0,1919.0,RePEc
pso229,Hugo F. Sonnenschein,,,https://ideas.repec.org/f/pso229.html,deceased,0,,1920.0,,RePEc
phi178,Julian Hinz,Universität Bielefeld,https://julianhinz.com,https://ideas.repec.org/e/phi178.html,eligible,0,,,1920.0,RePEc
pre66,Knut Røed,Universitetet i Oslo,https://frischsenteret.no/person-details/?person_id=knutro,https://ideas.repec.org/e/pre66.html,eligible,0,,2270.0,1921.0,RePEc
pvo70,Timothy Vogelsang,Michigan State University,https://sites.google.com/view/tim-vogelsang-msu/,https://ideas.repec.org/e/pvo70.html,eligible,0,,1922.0,,RePEc
pga361,Gaetano Gaballo,HEC Paris (École des Hautes Études Commerciales),https://sites.google.com/view/ggaballo,https://ideas.repec.org/f/pga361.html,eligible,0,,,1922.0,RePEc
pfa153,Oliver Falck,ifo Institut - Leibniz-Institut für Wirtschaftsforschung an der Universität München e.V.,http://www.ifo.de,https://ideas.repec.org/e/pfa153.html,eligible,0,,1924.0,3158.0,RePEc
pli969,Faqin Lin,China Agricultural University,http://cem.cau.edu.cn/art/2020/3/24/art_34695_143.html,https://ideas.repec.org/f/pli969.html,eligible,0,,,1924.0,RePEc
ppo61,Solomon William Polachek,State University of New York-Binghamton (SUNY),http://bingweb.binghamton.edu/~polachek/,https://ideas.repec.org/e/ppo61.html,eligible,0,,1925.0,,RePEc
pbu309,Johannes Christoph Buggle,Leopold-Franzens-Universität Innsbruck,https://www.jbuggle.com,https://ideas.repec.org/f/pbu309.html,eligible,0,,,1925.0,RePEc
pqu66,Agnes Reynes Quisumbing,International Food Policy Research Institute (IFPRI),,https://ideas.repec.org/e/pqu66.html,eligible,0,,1926.0,,RePEc
pba869,Aurelien Baillon,EMLYON Business School,http://www.aurelienbaillon.com,https://ideas.repec.org/f/pba869.html,eligible,0,,,1926.0,RePEc
pva325,Herman K. van Dijk,,https://personal.eur.nl/hkvandijk/,https://ideas.repec.org/f/pva325.html,deceased,0,,1927.0,,RePEc
pes64,Joan Esteban,Barcelona School of Economics (BSE),http://esteban.iae-csic.org,https://ideas.repec.org/e/pes64.html,eligible,0,,1928.0,,RePEc
ple907,Claire Lelarge,Université Paris-Saclay,https://sites.google.com/site/clairelelargeeconomics/home,https://ideas.repec.org/f/ple907.html,eligible,0,,,1928.0,RePEc
pwa298,Ian Walker,Luxembourg Institute of Socio-Economic Research (LISER),,https://ideas.repec.org/f/pwa298.html,eligible,0,,1929.0,,RePEc
pde268,Ian Louis Dew-Becker,Northwestern University,,https://ideas.repec.org/f/pde268.html,eligible,0,,,1929.0,RePEc
pcr27,Jesus Crespo Cuaresma,WU Wirtschaftsuniversität Wien,,https://ideas.repec.org/e/pcr27.html,eligible,0,,1930.0,3165.0,RePEc
pre556,Alessio Reghezza,European Central Bank,,https://ideas.repec.org/f/pre556.html,eligible,0,,,1930.0,RePEc
ppa1108,Lionel Page,University of Queensland,https://economics.uq.edu.au/profile/9755/lionel-page,https://ideas.repec.org/f/ppa1108.html,eligible,0,,,1931.0,RePEc
pke17,Todd Keister,Rutgers University-New Brunswick,http://www.toddkeister.com,https://ideas.repec.org/e/pke17.html,eligible,0,,2841.0,1932.0,RePEc
pva842,Dominique van der Mensbrugghe,Purdue University,https://ag.purdue.edu/agecon/Pages/Profile.aspx?strAlias=vandermd&intDirDeptID=4,https://ideas.repec.org/f/pva842.html,eligible,0,,,1933.0,RePEc
ppo66,Pedro Portugal,Banco de Portugal,,https://ideas.repec.org/e/ppo66.html,eligible,0,,1934.0,,RePEc
pba354,Matteo Barigozzi,Alma Mater Studiorum - Università di Bologna,http://www.barigozzi.eu/,https://ideas.repec.org/f/pba354.html,eligible,0,,,1934.0,RePEc
phe339,Marc Henry,Pennsylvania State University,http://sites.google.com/site/mabhenry/,https://ideas.repec.org/f/phe339.html,eligible,0,,,1935.0,RePEc
ppa73,David Papell,University of Houston,http://www.uh.edu/~dpapell/,https://ideas.repec.org/e/ppa73.html,eligible,0,,1936.0,,RePEc
pah162,Toni Ahnert,European Central Bank,http://www.toniahnert.com,https://ideas.repec.org/e/pah162.html,eligible,0,,,1936.0,RePEc
pai26,Toke S Aidt,University of Cambridge,http://econ.cam.ac.uk/aidt,https://ideas.repec.org/e/pai26.html,eligible,0,,1937.0,,RePEc
pve97,Francesco Venturini,Università degli Studi di Urbino,https://sites.google.com/view/francescoventurini/home-page,https://ideas.repec.org/e/pve97.html,eligible,0,,,1938.0,RePEc
ppa393,Eleonora Patacchini,Istituto Einaudi per l'Economia e la Finanza (EIEF),,https://ideas.repec.org/f/ppa393.html,eligible,0,,1939.0,3393.0,RePEc
psh1087,Muhammad Shafiullah,Brac University,https://www.bracu.ac.bd/about/people/muhammad-shafiullah-phd,https://ideas.repec.org/f/psh1087.html,eligible,0,,,1939.0,RePEc
pki156,Georg Kirchsteiger,Université Libre de Bruxelles,https://gkirchst.ulb.be,https://ideas.repec.org/e/pki156.html,eligible,0,,1940.0,,RePEc
pfl92,Sarah Flèche,Université Paris 1 (Panthéon-Sorbonne),,https://ideas.repec.org/e/pfl92.html,eligible,0,,,1940.0,RePEc
pha113,Dermot Hayes,Iowa State University,https://www.card.iastate.edu/people/dermot-hayes,https://ideas.repec.org/e/pha113.html,eligible,0,,1941.0,,RePEc
pni159,Juan Pablo Nicolini,Federal Reserve Bank of Minneapolis,,https://ideas.repec.org/e/pni159.html,eligible,0,,2231.0,1941.0,RePEc
pba253,Eric J. Bartelsman,Vrije Universiteit Amsterdam,,https://ideas.repec.org/f/pba253.html,eligible,0,,1943.0,,RePEc
pwo6,Myrna Wooders,Vanderbilt University,http://www.myrnawooders.com,https://ideas.repec.org/e/pwo6.html,eligible,0,,1945.0,,RePEc
pmo493,Andreas Moxnes,BI Handelshøyskolen,http://sites.google.com/site/moxnes,https://ideas.repec.org/f/pmo493.html,eligible,0,,,1945.0,RePEc
pmi878,Massimo Ferrari Minesso,European Central Bank,https://sites.google.com/view/massimo-minesso-ferrari/home,https://ideas.repec.org/f/pmi878.html,eligible,0,,,1946.0,RePEc
pba423,Richard T. Baillie,Michigan State University,http://www.msu.edu/user/baillie,https://ideas.repec.org/f/pba423.html,eligible,0,,1947.0,,RePEc
pfe103,Viviana Fernandez,Universidad Adolfo Ibáñez,,https://ideas.repec.org/e/pfe103.html,eligible,0,,,1949.0,RePEc
pmi190,Paul W. Miller,,http://www.andrewleigh.com/blog/?p=5335,https://ideas.repec.org/e/pmi190.html,deceased,0,,1950.0,,RePEc
pla789,Vegard Høghaug Larsen,BI Handelshøyskolen,http://www.vegardlarsen.com,https://ideas.repec.org/f/pla789.html,eligible,0,,,1950.0,RePEc
pka293,Gueorgui Kambourov,University of Toronto,https://sites.google.com/site/gtkambourov/,https://ideas.repec.org/f/pka293.html,eligible,0,,3468.0,1951.0,RePEc
pmo1247,Sandro Montresor,Università degli Studi di Trento,https://webapps.unitn.it/du/it/Persona/PER0055145/Curriculum,https://ideas.repec.org/f/pmo1247.html,eligible,0,,,1952.0,RePEc
pno13,Thomas H. Noe,Oxford University,https://www.sbs.ox.ac.uk/about-us/people/thomas-noe,https://ideas.repec.org/e/pno13.html,eligible,0,,1953.0,,RePEc
pka338,d'Artis Kancs,European Commission,https://joint-research-centre.ec.europa.eu/dartis-kancs_en,https://ideas.repec.org/f/pka338.html,eligible,0,,1955.0,,RePEc
pgo372,Marco Gonzalez-Navarro,University of California-Berkeley,https://marcogonzaleznavarro.com,https://ideas.repec.org/f/pgo372.html,eligible,0,,,1955.0,RePEc
psz66,László A. Szerb,Pécsi Tudományegyetem,https://ktk.pte.hu/en/colleagues/dr-laszlo-szerb,https://ideas.repec.org/e/psz66.html,eligible,0,,,1956.0,RePEc
pca260,Matthew Buford Canzoneri,,http://sites.google.com/georgetown.edu/matthewcanzoneri/home,https://ideas.repec.org/f/pca260.html,eligible,0,,1958.0,,RePEc
par171,Cristina Arellano,Federal Reserve Bank of Minneapolis,,https://ideas.repec.org/e/par171.html,eligible,0,,1959.0,2314.0,RePEc
pox4,Les Oxley,University of Waikato,,https://ideas.repec.org/e/pox4.html,eligible,0,,2074.0,1959.0,RePEc
ppe431,Pietro F. Peretto,Duke University,http://econ.duke.edu/~peretto/,https://ideas.repec.org/f/ppe431.html,eligible,0,,1960.0,3176.0,RePEc
pca270,Carlo Carraro,Università Ca' Foscari Venezia,"http://www.carlocarraro.org/,https://www.unive.it/data/people/5592277/pubblicazioni",https://ideas.repec.org/f/pca270.html,eligible,0,,1961.0,,RePEc
pli632,Nicola Limodio,Università Commerciale Luigi Bocconi,http://www.nicolalimodio.com,https://ideas.repec.org/f/pli632.html,eligible,0,,,1961.0,RePEc
pda791,Jonathan M.v. Davis,University of Oregon,https://sites.google.com/site/jonathanmvdavis/,https://ideas.repec.org/f/pda791.html,eligible,0,,,1962.0,RePEc
pla110,Saul Lach,Hebrew University of Jerusalem,http://saullach.weebly.com/,https://ideas.repec.org/e/pla110.html,eligible,0,,1963.0,,RePEc
pre128,J James Reade,University of Reading,http://sites.google.com/site/jjamesreade,https://ideas.repec.org/e/pre128.html,eligible,0,,,1963.0,RePEc
pki84,Chang-Jin Kim,Korea University,http://econ.korea.ac.kr/~cjkim/,https://ideas.repec.org/e/pki84.html,eligible,0,,1964.0,,RePEc
pni401,Milena Nikolova,Rijksuniversiteit Groningen,https://milena-nikolova.owlstown.net/,https://ideas.repec.org/f/pni401.html,eligible,0,,,1964.0,RePEc
psc56,Olivier Scaillet,Université de Genève,https://scaillet.ch,https://ideas.repec.org/e/psc56.html,eligible,0,,1965.0,3066.0,RePEc
pco502,Mario Coccia,Consiglio Nazionale delle Ricerche,http://www2.ceris.cnr.it/coccia.htm,https://ideas.repec.org/f/pco502.html,eligible,0,,,1965.0,RePEc
pul22,Aman Ullah,University of California-Riverside,,https://ideas.repec.org/e/pul22.html,eligible,0,,1966.0,,RePEc
psh332,Chandan Sharma,Indian Institute of Management Lucknow (IIML),,https://ideas.repec.org/f/psh332.html,eligible,0,,,1966.0,RePEc
pog2,Cormac Ó Gráda,University College Dublin,,https://ideas.repec.org/e/pog2.html,eligible,0,,1967.0,,RePEc
pla608,Robert Zachary Lawrence,Harvard University,http://www.hks.harvard.edu/fs/rlawrence/,https://ideas.repec.org/f/pla608.html,eligible,0,,1968.0,,RePEc
pni197,Kazuo Nishimura,Kobe University,https://researchmap.jp/read0012591?lang=en229520e17560c007669.html?mode=pc,https://ideas.repec.org/e/pni197.html,eligible,0,,1969.0,,RePEc
pco188,Timothy James Coelli,University of Queensland,https://economics.uq.edu.au/profile/2270/timothy-coelli,https://ideas.repec.org/e/pco188.html,eligible,0,,1971.0,,RePEc
pbi235,Katarzyna Anna Bilicka,Utah State University,,https://ideas.repec.org/f/pbi235.html,eligible,0,,,1971.0,RePEc
pma705,William F. Maloney,World Bank Group,http://econ.worldbank.org/staff/wmaloney,https://ideas.repec.org/f/pma705.html,eligible,0,,1972.0,,RePEc
pis173,Kazeem Ovanero Isah,Centre for Econometrics and Applied Research,,https://ideas.repec.org/e/pis173.html,eligible,0,,,1972.0,RePEc
pwh4,David Wheelock,Federal Reserve Bank of St. Louis,http://research.stlouisfed.org/econ/wheelock/,https://ideas.repec.org/e/pwh4.html,eligible,0,,1973.0,,RePEc
pfa264,Luciano Fanti,Università degli Studi di Pisa,,https://ideas.repec.org/f/pfa264.html,eligible,0,,2546.0,1973.0,RePEc
pyi193,Moises Yi,Government of the United States,https://sites.google.com/site/moisesyi/,https://ideas.repec.org/e/pyi193.html,eligible,0,,,1974.0,RePEc
pbi95,Graham Bird,Claremont Graduate University,,https://ideas.repec.org/e/pbi95.html,eligible,0,,1975.0,,RePEc
psa940,Cezar Santos,Fundação Getúlio Vargas (FGV),http://sites.google.com/site/czrsantos,https://ideas.repec.org/f/psa940.html,eligible,0,,,1975.0,RePEc
pwi6,Rainer Winkelmann,Universität Zürich,http://www.econ.uzh.ch/en/people/faculty/winkelmann.html,https://ideas.repec.org/e/pwi6.html,eligible,0,,1976.0,,RePEc
pst198,John Strauss,University of Southern California,http://www-rcf.usc.edu/~jstrauss,https://ideas.repec.org/e/pst198.html,eligible,0,,1977.0,,RePEc
pha48,John C. Harsanyi,,https://www.nobelprize.org/prizes/economic-sciences/1994/harsanyi/facts/,https://ideas.repec.org/e/pha48.html,won,1994,,1978.0,,RePEc
pbe1014,Brian Beach,Vanderbilt University,https://brianbbeach.com/,https://ideas.repec.org/f/pbe1014.html,eligible,0,,,1978.0,RePEc
pot2,Christopher Otrok,Federal Reserve Bank of Dallas,,https://ideas.repec.org/e/pot2.html,eligible,0,,1979.0,,RePEc
pbr269,Markus Brueckner,Australian National University,https://www.cbe.anu.edu.au/about-us/about-us/people/?profile=Markus-Brueckner&tab=biograph,https://ideas.repec.org/f/pbr269.html,eligible,0,,1980.0,2486.0,RePEc
pme29,Antonio Merlo,New York University (NYU),,https://ideas.repec.org/e/pme29.html,eligible,0,,1981.0,,RePEc
pma3110,Luis Roberto Martinez,"Emory University, Department of Political Science",https://sites.google.com/site/lrmartineza,https://ideas.repec.org/f/pma3110.html,eligible,0,,,1981.0,RePEc
pka371,Chihwa Kao,University of Connecticut,https://econ.uconn.edu/person/chihwa-kao/,https://ideas.repec.org/f/pka371.html,eligible,0,,1982.0,,RePEc
pqu87,Martin F. Quaas,Universität Leipzig,http://www.idiv.de/bioecon,https://ideas.repec.org/e/pqu87.html,eligible,0,,,1982.0,RePEc
pde612,Francesco Decarolis,Università Commerciale Luigi Bocconi,http://didattica.unibocconi.eu/mypage/index.php?IdUte=211300&cognome=DECAROLIS&nome=FRANCESCO&urlBac,https://ideas.repec.org/f/pde612.html,eligible,0,,,1983.0,RePEc
pch972,Alexander Chudik,Federal Reserve Bank of Dallas,https://sites.google.com/site/alexanderchudik/,https://ideas.repec.org/f/pch972.html,eligible,0,,1984.0,2069.0,RePEc
pra1028,Badri Narayan Rath,"Department of Liberal Arts, Indian Institute of Technology Hyderabad",https://sites.google.com/a/iith.ac.in/dr-badri-narayan-rath/publications,https://ideas.repec.org/f/pra1028.html,eligible,0,,,1984.0,RePEc
pbl21,Charles Blackorby,University of Warwick,,https://ideas.repec.org/e/pbl21.html,eligible,0,,1985.0,,RePEc
pga1311,Huasheng Gao,Fudan University,,https://ideas.repec.org/f/pga1311.html,eligible,0,,,1985.0,RePEc
pmo126,Patricia Lyon Mokhtarian,Georgia Institute of Technology - School of Civil & Environmental Engineering,https://ce.gatech.edu/directory/person/patricia-l-mokhtarian,https://ideas.repec.org/e/pmo126.html,eligible,0,,1986.0,2909.0,RePEc
plo34,Hamish Low,Oxford University,https://www.economics.ox.ac.uk/faculty/hamish-low,https://ideas.repec.org/e/plo34.html,eligible,0,,2387.0,1986.0,RePEc
pha974,Arnold C. Harberger,University of California-Los Angeles (UCLA),http://www.econ.ucla.edu/harberger,https://ideas.repec.org/f/pha974.html,eligible,0,,1987.0,,RePEc
pwu28,Eliza Wu,University of Sydney,,https://ideas.repec.org/e/pwu28.html,eligible,0,,,1987.0,RePEc
psa1629,Heather Sarsons,University of British Columbia,,https://ideas.repec.org/f/psa1629.html,eligible,0,,,1988.0,RePEc
par34,S. Boragan Aruoba,University of Maryland,http://www.boraganaruoba.com,https://ideas.repec.org/e/par34.html,eligible,0,,1989.0,2981.0,RePEc
pva218,Bruno van Pottelsberghe de la Potterie,Budapesti Corvinus Egyetem,http://www.ulb.ac.be/cours/solvay/vanpottelsberghe/,https://ideas.repec.org/f/pva218.html,eligible,0,,1990.0,,RePEc
pma365,Yusufcan Masatlioglu,University of Maryland,http://econweb.umd.edu/~masatlioglu/,https://ideas.repec.org/f/pma365.html,eligible,0,,,1990.0,RePEc
pve215,Francis Vella,Georgetown University,http://www9.georgetown.edu/faculty/fgv/,https://ideas.repec.org/f/pve215.html,eligible,0,,1991.0,,RePEc
pso259,Tommaso Sonno,Alma Mater Studiorum - Università di Bologna,http://www.tommasosonno.com,https://ideas.repec.org/f/pso259.html,eligible,0,,,1991.0,RePEc
phi15,Arye L. Hillman,Bar Ilan University,http://econ.biu.ac.il/en/hillman,https://ideas.repec.org/e/phi15.html,eligible,0,,1992.0,,RePEc
psh65,Steven Sharpe,Federal Reserve Board (Board of Governors of the Federal Reserve System),http://www.federalreserve.gov/research/staff/sharpestevea.htm,https://ideas.repec.org/e/psh65.html,eligible,0,,1993.0,,RePEc
pfl154,Aaron Flaaen,Federal Reserve Board (Board of Governors of the Federal Reserve System),http://aaronflaaen.com,https://ideas.repec.org/e/pfl154.html,eligible,0,,,1993.0,RePEc
pwa224,Robert Waldmann,,http://rjwaldmann.blogspot.com,https://ideas.repec.org/f/pwa224.html,deceased,0,,1994.0,,RePEc
pme53,Marcelo C. Medeiros,University of Illinois at Urbana-Champaign,https://economics.illinois.edu/profile/marcelom,https://ideas.repec.org/e/pme53.html,eligible,0,,3696.0,1994.0,RePEc
ppa539,Marianne Elizabeth Page,University of California-Davis,,https://ideas.repec.org/f/ppa539.html,eligible,0,,1995.0,,RePEc
pen52,Zeno Enders,Ruprecht-Karls-Universität Heidelberg,https://www.awi.uni-heidelberg.de/de/lehrstuehle/wirtschaftspolitik/team/prof-dr-zeno-enders,https://ideas.repec.org/e/pen52.html,eligible,0,,,1995.0,RePEc
pvi9,William S. Vickrey,,https://www.nobelprize.org/prizes/economic-sciences/1996/vickrey/,https://ideas.repec.org/e/pvi9.html,won,1996,,1996.0,,RePEc
phe854,Edgar Hertwich,International Institute for Applied Systems Analysis (IIASA),https://iiasa.ac.at/staff/edgar-hertwich,https://ideas.repec.org/f/phe854.html,eligible,0,,,1996.0,RePEc
pen132,Joseph Engelberg,University of California-San Diego (UCSD),https://economics.ucsd.edu/faculty-and-research/faculty-profiles/engelberg.html,https://ideas.repec.org/e/pen132.html,eligible,0,,1997.0,,RePEc
psa1467,Daniel R. Sanches,Federal Reserve Bank of Philadelphia,,https://ideas.repec.org/f/psa1467.html,eligible,0,,,1998.0,RePEc
pst261,Richard Startz,University of California-Santa Barbara (UCSB),https://startz.weebly.com/,https://ideas.repec.org/f/pst261.html,eligible,0,,1999.0,,RePEc
pro951,Raluca Andreea Roman,Federal Reserve Bank of Kansas City,https://www.philadelphiafed.org/our-people/raluca-a-roman,https://ideas.repec.org/f/pro951.html,eligible,0,,,1999.0,RePEc
ppe255,Gabriel Perez Quiros,Banco de España,,https://ideas.repec.org/f/ppe255.html,eligible,0,,2001.0,,RePEc
pbl188,Zachary Bleemer,Princeton University,http://zacharybleemer.com,https://ideas.repec.org/e/pbl188.html,eligible,0,,,2001.0,RePEc
pca42,Charles Carlstrom,,https://obits.cleveland.com/obituaries/cleveland/obituary.aspx?n=charles-t-carlstrom&pid=177430471&f,https://ideas.repec.org/e/pca42.html,deceased,0,,2002.0,,RePEc
ppe58,Enrico Perotti,Universiteit van Amsterdam,,https://ideas.repec.org/e/ppe58.html,eligible,0,,2003.0,,RePEc
pca67,Jeffrey Carpenter,Middlebury College,https://sites.google.com/view/jeffreycarpentershomepage/home,https://ideas.repec.org/e/pca67.html,eligible,0,,2004.0,,RePEc
pgr104,Colin P. Green,Norges teknisk-naturvitenskaplige universitet (NTNU),https://sites.google.com/site/prgreenc/home,https://ideas.repec.org/e/pgr104.html,eligible,0,,,2004.0,RePEc
plo422,Graham Loomes,,,https://ideas.repec.org/f/plo422.html,eligible,0,,2005.0,,RePEc
ppr538,Marta Prato,Università Commerciale Luigi Bocconi,https://www.martaprato.com/,https://ideas.repec.org/f/ppr538.html,eligible,0,,,2005.0,RePEc
pta912,Lowell Taylor,Carnegie Mellon University,,https://ideas.repec.org/f/pta912.html,eligible,0,,2006.0,,RePEc
pwo119,Timo Wollmershäuser,ifo Institut - Leibniz-Institut für Wirtschaftsforschung an der Universität München e.V.,https://sites.google.com/view/wollmershaeuser/startseite,https://ideas.repec.org/e/pwo119.html,eligible,0,,3657.0,2006.0,RePEc
ppo171,Jan Potters,Universiteit van Tilburg,http://sites.google.com/site/jjmpotters/,https://ideas.repec.org/e/ppo171.html,eligible,0,,2007.0,,RePEc
phe527,Nathaniel Hendren,Harvard University,http://scholar.harvard.edu/hendren/home,https://ideas.repec.org/f/phe527.html,eligible,0,,2008.0,,RePEc
pfr176,Bart Frijns,Auckland University of Technology,https://www.ou.nl/web/open-universiteit/zoek-medewerker#!user/BFR,https://ideas.repec.org/e/pfr176.html,eligible,0,,,2008.0,RePEc
pkl9,Michael W. Klein,Tufts University,http://www.tufts.edu/~mklein/,https://ideas.repec.org/e/pkl9.html,eligible,0,,2009.0,,RePEc
pma383,Maurizio Mazzocco,University of California-Los Angeles (UCLA),http://www.econ.ucla.edu/mazzocco/,https://ideas.repec.org/f/pma383.html,eligible,0,,,2009.0,RePEc
ply9,Richard K. Lyons,University of California-Berkeley,http://faculty.haas.berkeley.edu/lyons/,https://ideas.repec.org/e/ply9.html,eligible,0,,2010.0,,RePEc
pra335,Ansgar Rannenberg,Nationale Bank van België/Banque national de Belqique (BNB),,https://ideas.repec.org/f/pra335.html,eligible,0,,,2010.0,RePEc
pca484,Karl E. Case,,,https://ideas.repec.org/f/pca484.html,deceased,0,,2011.0,,RePEc
pfi133,Massimo Filippini,Universitá della Svizzera Italiana (USI),https://eepe.ethz.ch/people/professor/massimo-filippini.html,https://ideas.repec.org/e/pfi133.html,eligible,0,,2012.0,2942.0,RePEc
pvo54,Christian Allen Vossler,University of Tennessee-Knoxville,http://web.utk.edu/~cvossler/,https://ideas.repec.org/e/pvo54.html,eligible,0,,,2012.0,RePEc
pma1386,Alain Marciano,Università degli Studi di Torino,https://almarciano.wordpress.com,https://ideas.repec.org/f/pma1386.html,eligible,0,,,2013.0,RePEc
pwa65,Christopher Waller,Federal Reserve Board (Board of Governors of the Federal Reserve System),,https://ideas.repec.org/e/pwa65.html,eligible,0,,2014.0,,RePEc
pda658,S. Mohammad R. Davoodalhosseini,Bank of Canada,https://sites.google.com/site/davoodalhosseini/,https://ideas.repec.org/f/pda658.html,eligible,0,,,2014.0,RePEc
pga245,Cecilia Garcia-Penalosa,Aix-Marseille Université,https://sites.google.com/view/ceciliagarciapenalosa,https://ideas.repec.org/f/pga245.html,eligible,0,,2015.0,2645.0,RePEc
pco102,Davide Consoli,INGENIO (CSIC-UPV),https://www.ingenio.upv.es/en/person/?id=17,https://ideas.repec.org/e/pco102.html,eligible,0,,,2015.0,RePEc
pho151,Teck-Hua Ho,National University of Singapore (NUS),http://www.teckho.com/,https://ideas.repec.org/e/pho151.html,eligible,0,,2016.0,,RePEc
pvi417,David Vidal-Tomás,University College London (UCL),,https://ideas.repec.org/f/pvi417.html,eligible,0,,,2017.0,RePEc
phu77,Kim P. Huynh,Indiana University,http://www.huynh.tv,https://ideas.repec.org/e/phu77.html,eligible,0,,,2018.0,RePEc
pna56,Tommaso Nannicini,Università Commerciale Luigi Bocconi,http://www.tommasonannicini.eu,https://ideas.repec.org/e/pna56.html,eligible,0,,2019.0,,RePEc
pyu112,Xiaohua Yu,Georg-August-Universität Göttingen,http://www.uni-goettingen.de/en/114620.html,https://ideas.repec.org/e/pyu112.html,eligible,0,,,2020.0,RePEc
pde254,Maria De Paola,Università degli Studi della Calabria,https://sites.google.com/view/mariadepaola,https://ideas.repec.org/f/pde254.html,eligible,0,,2865.0,2021.0,RePEc
pli391,Marco Lippi,Istituto Einaudi per l'Economia e la Finanza (EIEF),http://www.lippi.ws,https://ideas.repec.org/f/pli391.html,eligible,0,,2022.0,,RePEc
pla1013,Horacio Larreguy,Instituto Tecnólogico Autónomo de México (ITAM),https://sites.google.com/site/hlarreguy,https://ideas.repec.org/f/pla1013.html,eligible,0,,,2022.0,RePEc
pol64,Marcelo Olarreaga,Université de Genève,https://www.unige.ch/gsem/fr/recherche/corps-professoral/tous/marcelo-olarreaga/,https://ideas.repec.org/e/pol64.html,eligible,0,,2023.0,,RePEc
pbo516,Kevin J. Boyle,Virginia Polytechnic Institute and State University (Virginia Tech),https://realestate.vt.edu/about/people/Kevin-Boyle.html,https://ideas.repec.org/f/pbo516.html,eligible,0,,3583.0,2023.0,RePEc
png19,Yew-Kwang Ng,Monash University,https://research.monash.edu/en/persons/yew-kwang-ng,https://ideas.repec.org/e/png19.html,eligible,0,,2024.0,,RePEc
pga872,Jorge Luis Garcia,Texas A&M University,https://jorgelgarcia.github.io,https://ideas.repec.org/f/pga872.html,eligible,0,,,2024.0,RePEc
pch519,Pradeep K. Chintagunta,University of Chicago,https://faculty.chicagobooth.edu/pradeep-chintagunta,https://ideas.repec.org/f/pch519.html,eligible,0,,2025.0,2662.0,RePEc
pth92,Konstantinos Theodoridis,Cardiff University,https://sites.google.com/site/konstantinostheodoridis/,https://ideas.repec.org/e/pth92.html,eligible,0,,,2025.0,RePEc
pwt1,Kaspar Wüthrich,University of California-San Diego (UCSD),https://sites.google.com/site/wuethricheconomics/research,https://ideas.repec.org/e/pwt1.html,eligible,0,,,2026.0,RePEc
psh497,Jay C. Shambaugh,George Washington University,,https://ideas.repec.org/f/psh497.html,eligible,0,,2028.0,,RePEc
ppa681,Joon Y. Park,Indiana University,,https://ideas.repec.org/f/ppa681.html,eligible,0,,2029.0,,RePEc
pba2035,Matthew Backus,University of California-Berkeley,https://mbackus.github.io,https://ideas.repec.org/f/pba2035.html,eligible,0,,,2029.0,RePEc
pha804,Justine S. Hastings,University of Washington,http://www.justinehastings.com,https://ideas.repec.org/f/pha804.html,eligible,0,,2030.0,2123.0,RePEc
pco428,Lucia Corno,Università Cattolica del Sacro Cuore,http://sites.google.com/site/luciacorno/,https://ideas.repec.org/f/pco428.html,eligible,0,,,2030.0,RePEc
pdr163,Laurent Drouet,RFF-CMCC European Institute on Economics and the Environment (EIEE),http://lolow.github.io,https://ideas.repec.org/e/pdr163.html,eligible,0,,,2031.0,RePEc
pgi71,Sourafel Girma,University of Nottingham,https://www.nottingham.ac.uk/economics/people/index.aspx,https://ideas.repec.org/e/pgi71.html,eligible,0,,2032.0,,RePEc
pwa1228,Haikun Wang,Beijing Institute of Technology,,https://ideas.repec.org/f/pwa1228.html,eligible,0,,,2033.0,RePEc
pel109,Todd Elder,Michigan State University,https://sites.google.com/view/toddelder/,https://ideas.repec.org/e/pel109.html,eligible,0,,2034.0,,RePEc
pco861,Diane Coyle,University of Cambridge,https://www.bennettinstitute.cam.ac.uk/about-us/person/diane-coyle/,https://ideas.repec.org/f/pco861.html,eligible,0,,,2034.0,RePEc
pbi197,Hans Peter Binswanger-Mkhize,,,https://ideas.repec.org/e/pbi197.html,deceased,0,,2035.0,,RePEc
pga544,John Gathergood,University of Nottingham,http://www.nottingham.ac.uk/Economics/people/john.gathergood,https://ideas.repec.org/f/pga544.html,eligible,0,,,2035.0,RePEc
pku6,Felix Kubler,Universität Zürich,http://fkubler.googlepages.com/,https://ideas.repec.org/e/pku6.html,eligible,0,,2036.0,,RePEc
pha763,Casper Worm Hansen,Københavns Universitet,https://sites.google.com/site/casperwormhansen/,https://ideas.repec.org/f/pha763.html,eligible,0,,,2036.0,RePEc
pri248,Jean-Francois Richard,University of Pittsburgh,http://www.econ.pitt.edu/fantin/,https://ideas.repec.org/f/pri248.html,eligible,0,,2038.0,,RePEc
pge41,Stefan Gerlach,,,https://ideas.repec.org/e/pge41.html,eligible,0,,2039.0,,RePEc
pha154,Kjell Hausken,Universitetet i Stavanger,http://www6.uis.no/ansatt/hausken/,https://ideas.repec.org/e/pha154.html,eligible,0,,2211.0,2039.0,RePEc
plo13,Bart Los,Rijksuniversiteit Groningen,http://www.rug.nl/staff/b.los/,https://ideas.repec.org/e/plo13.html,eligible,0,,2041.0,,RePEc
pch837,Luc Christiaensen,World Bank Group,,https://ideas.repec.org/f/pch837.html,eligible,0,,2708.0,2041.0,RePEc
pus47,Ojonugwa Usman,İstanbul Ticaret Üniversitesi,,https://ideas.repec.org/e/pus47.html,eligible,0,,,2042.0,RePEc
pse492,Enrique Seira Bejarano,University of Notre Dame,http://enriqueseira.weebly.com/,https://ideas.repec.org/f/pse492.html,eligible,0,,,2043.0,RePEc
pgo428,Morris Goldstein,Peter G. Peterson Institute for International Economics (IIE),,https://ideas.repec.org/f/pgo428.html,eligible,0,,2044.0,,RePEc
pha188,Martin Halla,WU Wirtschaftsuniversität Wien,https://sites.google.com/site/mhalla1980/,https://ideas.repec.org/e/pha188.html,eligible,0,,3630.0,2044.0,RePEc
pau80,Esteban Matias Aucejo,Arizona State University,https://sites.google.com/site/estebanmaucejo/,https://ideas.repec.org/e/pau80.html,eligible,0,,,2045.0,RePEc
pwi1,Joachim Winter,Ludwig-Maximilians-Universität München,,https://ideas.repec.org/e/pwi1.html,eligible,0,,2046.0,,RePEc
pjo131,Noel D. Johnson,George Mason University,http://web.mac.com/noeldjohnson/,https://ideas.repec.org/e/pjo131.html,eligible,0,,,2046.0,RePEc
pap53,Juan Aparicio,Universidad Miguel Hernández,,https://ideas.repec.org/e/pap53.html,eligible,0,,,2048.0,RePEc
pvi267,Grigory Vilkov,Frankfurt School of Finance and Management,http://www.vilkov.net,https://ideas.repec.org/f/pvi267.html,eligible,0,,,2049.0,RePEc
pga447,René Garcia,Université de Montréal,,https://ideas.repec.org/f/pga447.html,eligible,0,,2050.0,,RePEc
pgo188,Joshua D. Gottlieb,University of Chicago,http://www.gottlieb.ca,https://ideas.repec.org/e/pgo188.html,eligible,0,,2557.0,2050.0,RePEc
pbo440,Elena Bobeica,European Central Bank,,https://ideas.repec.org/f/pbo440.html,eligible,0,,,2051.0,RePEc
pgi131,Xavier Gine,World Bank Group,https://sites.google.com/site/decrgxaviergine/home,https://ideas.repec.org/e/pgi131.html,eligible,0,,2052.0,,RePEc
pji212,Gabriel Jimenez,Banco de España,,https://ideas.repec.org/f/pji212.html,eligible,0,,2053.0,3221.0,RePEc
pse222,Danila Serra,Texas A&M University,http://people.tamu.edu/~dserra,https://ideas.repec.org/f/pse222.html,eligible,0,,,2053.0,RePEc
pki18,Soyoung Kim,Seoul National University,,https://ideas.repec.org/e/pki18.html,eligible,0,,2054.0,2521.0,RePEc
pde117,Daniela Del Boca,Università degli Studi di Torino,http://www.carloalberto.org/people/faculty/fellows/del-boca/,https://ideas.repec.org/e/pde117.html,eligible,0,,2210.0,2054.0,RePEc
pai9,Anna Aizer,Brown University,,https://ideas.repec.org/e/pai9.html,eligible,0,,2055.0,,RePEc
pzi103,Tom Zimmermann,Universität zu Köln,http://www.tomzimmermann.net/,https://ideas.repec.org/e/pzi103.html,eligible,0,,,2055.0,RePEc
pba129,Gadi Barlevy,Federal Reserve Bank of Chicago,https://sites.google.com/view/gbarlevy,https://ideas.repec.org/e/pba129.html,eligible,0,,2056.0,,RePEc
phe470,David Hemous,Universität Zürich,https://www.econ.uzh.ch/en/people/faculty/hemous.html,https://ideas.repec.org/f/phe470.html,eligible,0,,2057.0,2519.0,RePEc
pja652,Naji Pierre Jalkh,Université Saint-Joseph,https://www.linkedin.com/in/naji-jalkh-phd-ba506528/,https://ideas.repec.org/f/pja652.html,eligible,0,,,2057.0,RePEc
pfi93,Jean-Paul Fitoussi,,,https://ideas.repec.org/e/pfi93.html,deceased,0,,2058.0,,RePEc
pti63,Govinda R. Timilsina,World Bank Group,http://econ.worldbank.org/research,https://ideas.repec.org/e/pti63.html,eligible,0,,3177.0,2058.0,RePEc
pge21,Balázs Égert,Organisation de Coopération et de Développement Économiques (OCDE),,https://ideas.repec.org/e/pge21.html,eligible,0,,2059.0,2754.0,RePEc
pgo789,Benjamin Golub,Northwestern University,http://www.bengolub.net,https://ideas.repec.org/f/pgo789.html,eligible,0,,,2059.0,RePEc
pst527,"Dale O. Stahl, II",University of Texas-Austin,http://laits.utexas.edu/~stahl/Stahl.html,https://ideas.repec.org/f/pst527.html,eligible,0,,2060.0,,RePEc
pwu144,Jing Wu,Tsinghua University,http://thuwujing.net/,https://ideas.repec.org/e/pwu144.html,eligible,0,,,2060.0,RePEc
pal968,Aditya Aladangady,Federal Reserve Board (Board of Governors of the Federal Reserve System),https://sites.google.com/site/aladangady/,https://ideas.repec.org/f/pal968.html,eligible,0,,,2061.0,RePEc
psl34,Frank Allen Sloan,Duke University,,https://ideas.repec.org/e/psl34.html,eligible,0,,2062.0,,RePEc
paj18,Ahdi Noomen Ajmi,Université de la Manouba,,https://ideas.repec.org/e/paj18.html,eligible,0,,,2062.0,RePEc
ppe676,Michael F. Pesko,University of Missouri,https://economics.missouri.edu/people/pesko,https://ideas.repec.org/f/ppe676.html,eligible,0,,,2063.0,RePEc
pba283,Salvador Barberà,Barcelona School of Economics (BSE),http://pareto.uab.es/sbarbera,https://ideas.repec.org/f/pba283.html,eligible,0,,2064.0,,RePEc
pbo330,Nicola Borri,Libera Università Internazionale degli Studi Sociali Guido Carli (LUISS),https://sites.google.com/site/nicolaborri/,https://ideas.repec.org/f/pbo330.html,eligible,0,,,2064.0,RePEc
pfu70,Xiaolan Fu,Oxford University,,https://ideas.repec.org/e/pfu70.html,eligible,0,,,2065.0,RePEc
pvi23,Jacob Vigdor,University of Washington,,https://ideas.repec.org/e/pvi23.html,eligible,0,,2066.0,,RePEc
ppi282,Mehmet Pinar,Universidad de Sevilla,,https://ideas.repec.org/f/ppi282.html,eligible,0,,,2067.0,RePEc
pzh166,Chengsi Zhang,Renmin University of China,,https://ideas.repec.org/e/pzh166.html,eligible,0,,,2068.0,RePEc
pkl8,Lawrence R. Klein,,http://en.wikipedia.org/wiki/Lawrence_Klein,https://ideas.repec.org/e/pkl8.html,won,1980,,2070.0,,RePEc
pmc26,Margaret Mcmillan,Tufts University,https://sites.tufts.edu/margaretmcmillan/,https://ideas.repec.org/e/pmc26.html,eligible,0,,2093.0,2070.0,RePEc
pvi115,Pedro C. Vicente,Universidade Nova de Lisboa,http://www.pedrovicente.org/,https://ideas.repec.org/e/pvi115.html,eligible,0,,,2071.0,RePEc
pjo354,Andrew C. Johnston,University of Texas-Austin,https://sites.google.com/site/andrewjohnstoneconomics/,https://ideas.repec.org/f/pjo354.html,eligible,0,,,2072.0,RePEc
pve11,Gustavo Jaime Ventura,Arizona State University,http://www.gustavoventura.com/,https://ideas.repec.org/e/pve11.html,eligible,0,,2073.0,,RePEc
pkr278,Christian Krekel,London School of Economics (LSE),,https://ideas.repec.org/f/pkr278.html,eligible,0,,,2073.0,RePEc
pca974,Emanuele Campiglio,Alma Mater Studiorum - Università di Bologna,https://sites.google.com/site/ecampiglio/,https://ideas.repec.org/f/pca974.html,eligible,0,,,2074.0,RePEc
pch1446,Yan Chen,University of Michigan,http://yanchen.people.si.umich.edu/,https://ideas.repec.org/f/pch1446.html,eligible,0,,2075.0,2209.0,RePEc
pse696,Gregor Semieniuk,University of Massachusetts-Amherst,https://gregorsemieniuk.net,https://ideas.repec.org/f/pse696.html,eligible,0,,,2075.0,RePEc
pgl23,Amihai Glazer,University of California-Irvine,,https://ideas.repec.org/e/pgl23.html,eligible,0,,2077.0,,RePEc
par194,David Ardia,HEC Montréal (École des Hautes Études Commerciales),https://ardiad.github.io/,https://ideas.repec.org/e/par194.html,eligible,0,,,2077.0,RePEc
pfe73,James D. Fearon,,http://www.stanford.edu/~jfearon/,https://ideas.repec.org/e/pfe73.html,eligible,0,,2079.0,,RePEc
pag103,Amanda Yvonne Agan,Rutgers University-New Brunswick,https://sites.google.com/site/amandayagan/,https://ideas.repec.org/e/pag103.html,eligible,0,,,2079.0,RePEc
pdr53,Mathias Drehmann,Bank for International Settlements (BIS),http://www.bis.org/author/mathias_drehmann.htm,https://ideas.repec.org/e/pdr53.html,eligible,0,,2278.0,2080.0,RePEc
pma158,Iourii Manovskii,University of Pennsylvania,http://www.sas.upenn.edu/~manovski/,https://ideas.repec.org/e/pma158.html,eligible,0,,2081.0,3133.0,RePEc
pcu70,Alvaro Cuervo-Cazurra,Northeastern University,https://www.cuervo-cazurra.com/,https://ideas.repec.org/e/pcu70.html,eligible,0,,3658.0,2081.0,RePEc
pow3,Michael T. Owyang,Federal Reserve Bank of St. Louis,http://research.stlouisfed.org/econ/owyang,https://ideas.repec.org/e/pow3.html,eligible,0,,2082.0,,RePEc
pry5,Francois Rycx,Université Catholique de Louvain,http://homepages.ulb.ac.be/~frycx/,https://ideas.repec.org/e/pry5.html,eligible,0,,2552.0,2082.0,RePEc
pna12,James M. Nason,Australian National University,https://www.jamesmnason.net/,https://ideas.repec.org/e/pna12.html,eligible,0,,2083.0,,RePEc
pwi196,Alistair Wilson,University of Pittsburgh,http://www.pitt.edu/~alistair/,https://ideas.repec.org/e/pwi196.html,eligible,0,,,2083.0,RePEc
pfo48,Alessandra Fogli,Federal Reserve Bank of Minneapolis,https://sites.google.com/site/alessandrafoglisite/,https://ideas.repec.org/e/pfo48.html,eligible,0,,2084.0,,RePEc
pbe1072,Rohan Best,Australian National University,,https://ideas.repec.org/f/pbe1072.html,eligible,0,,,2084.0,RePEc
pfi199,Frederico Finan,University of California-Berkeley,http://elsa.berkeley.edu/econ/faculty/finan_f.shtml,https://ideas.repec.org/e/pfi199.html,eligible,0,,2086.0,,RePEc
pbh111,Saroj Bhattarai,University of Texas-Austin,https://sites.google.com/site/bhattaraisaroj/,https://ideas.repec.org/e/pbh111.html,eligible,0,,,2086.0,RePEc
pdr111,David Dranove,Northwestern University,,https://ideas.repec.org/e/pdr111.html,eligible,0,,2087.0,,RePEc
pzh846,Wei-Xing Zhou,East China University of Science and Technology,,https://ideas.repec.org/f/pzh846.html,eligible,0,,3361.0,2087.0,RePEc
pme152,Richard A. Meese,University of California-Berkeley,,https://ideas.repec.org/e/pme152.html,eligible,0,,2088.0,,RePEc
pho468,Peter Hoffmann,European Central Bank,,https://ideas.repec.org/f/pho468.html,eligible,0,,,2088.0,RePEc
psu92,Javier Suárez,Centro de Estudios Monetarios y Financieros (CEMFI),http://www.cemfi.es/~suarez,https://ideas.repec.org/e/psu92.html,eligible,0,,2089.0,2987.0,RePEc
phe101,Ana María Herrera,University of Kentucky,https://gattonweb.uky.edu/faculty/herrera/,https://ideas.repec.org/e/phe101.html,eligible,0,,,2089.0,RePEc
pmi139,Leonard Jay Mirman,,,https://ideas.repec.org/e/pmi139.html,deceased,0,,2090.0,,RePEc
pva666,Arna Olafsson,Copenhagen Business School,http://www.arnaolafsson.com/,https://ideas.repec.org/f/pva666.html,eligible,0,,,2090.0,RePEc
pun2,M. Utku Ünver,Boston College,https://sites.bc.edu/utku-unver,https://ideas.repec.org/e/pun2.html,eligible,0,,2091.0,2446.0,RePEc
paa22,Knut Are Aastveit,Norges Bank,http://www.norges-bank.no/en/about/research/economists/aastveit-knut-are/,https://ideas.repec.org/e/paa22.html,eligible,0,,,2091.0,RePEc
pgy1,Thorvaldur Gylfason,Centre for Economic Policy Research (CEPR),http://gylfason.hi.is,https://ideas.repec.org/e/pgy1.html,eligible,0,,2092.0,,RePEc
pli804,Yongzheng Liu,Renmin University of China,http://yongzhengliu.weebly.com/,https://ideas.repec.org/f/pli804.html,eligible,0,,,2092.0,RePEc
pde936,Emilio Depetris-Chauvin,Pontificia Universidad Católica de Chile,https://sites.google.com/site/emiliodepetrischauvin,https://ideas.repec.org/f/pde936.html,eligible,0,,,2093.0,RePEc
plu38,Thomas Lubik,Federal Reserve Bank of Richmond,http://www.richmondfed.org/research/economists/bios/lubik_bio.cfm,https://ideas.repec.org/e/plu38.html,eligible,0,,2094.0,,RePEc
pca462,Danny Cassimon,Universiteit Antwerpen,https://www.uantwerpen.be/en/staff/danny-cassimon/,https://ideas.repec.org/f/pca462.html,eligible,0,,,2094.0,RePEc
pfu62,Patricia Funk,Universitá della Svizzera Italiana (USI),,https://ideas.repec.org/e/pfu62.html,eligible,0,,,2095.0,RePEc
pta193,George S. Tavlas,Bank of Greece,https://sites.google.com/site/georgetavlasresearch/home,https://ideas.repec.org/e/pta193.html,eligible,0,,2096.0,3300.0,RePEc
pba2170,Laura Bakkensen,University of Oregon,https://www.laurabakkensen.com/,https://ideas.repec.org/f/pba2170.html,eligible,0,,,2096.0,RePEc
pmu434,Klaas Mulier,KU Leuven,https://sites.google.com/site/mulierklaas/home,https://ideas.repec.org/f/pmu434.html,eligible,0,,,2097.0,RePEc
pwi242,John Harold Williamson,,,https://ideas.repec.org/f/pwi242.html,deceased,0,,2098.0,,RePEc
pel167,Martin Eling,Universität St. Gallen,,https://ideas.repec.org/e/pel167.html,eligible,0,,3170.0,2098.0,RePEc
pki2,Jan Frederik Kiviet,Universiteit van Amsterdam,https://sites.google.com/site/homepagejfk/,https://ideas.repec.org/e/pki2.html,eligible,0,,2099.0,,RePEc
ple1094,Munseob Lee,University of California-San Diego (UCSD),https://sites.google.com/site/munseob,https://ideas.repec.org/f/ple1094.html,eligible,0,,,2099.0,RePEc
pba1118,Cristian Barra,Università degli Studi di Salerno,https://docenti.unisa.it/024744/home,https://ideas.repec.org/f/pba1118.html,eligible,0,,,2100.0,RePEc
pch386,Graciela Chichilnisky,Columbia University,https://www.chichilnisky.com/,https://ideas.repec.org/f/pch386.html,eligible,0,,2101.0,,RePEc
pfe27,Laurent Ferrara,SKEMA Business School,https://laurent-ferrara.org,https://ideas.repec.org/e/pfe27.html,eligible,0,,,2101.0,RePEc
pri51,Regina Therese Riphahn,Friedrich-Alexander-Universität Erlangen-Nürnberg,https://www.empiricalecon.rw.fau.de/team/prof-regina-t-riphahn-ph-d/,https://ideas.repec.org/e/pri51.html,eligible,0,,2102.0,,RePEc
pst185,Andreas Stephan,Linnéuniversitet,,https://ideas.repec.org/e/pst185.html,eligible,0,,3253.0,2103.0,RePEc
pca439,Scott E. Carrell,University of Texas-Austin,http://www.econ.ucdavis.edu/faculty/scarrell/,https://ideas.repec.org/f/pca439.html,eligible,0,,2104.0,2657.0,RePEc
pev50,David K. Evans,Center for Global Development (CGD),https://sites.google.com/site/davidkevans/research,https://ideas.repec.org/e/pev50.html,eligible,0,,,2104.0,RePEc
pla255,Thomas Laubach,,,https://ideas.repec.org/f/pla255.html,deceased,0,,2105.0,,RePEc
pzh73,Zhong Zhao,Renmin University of China,http://www.iza.org/en/webcontent/personnel/photos/index_html?key=1966,https://ideas.repec.org/e/pzh73.html,eligible,0,,,2105.0,RePEc
pca519,"Gerard Caprio, Jr.",Williams College,https://econ.williams.edu/profile/gcaprio/,https://ideas.repec.org/f/pca519.html,eligible,0,,2106.0,,RePEc
pmo471,Peter John Morgan,Asian Development Bank,,https://ideas.repec.org/f/pmo471.html,eligible,0,,,2106.0,RePEc
pha378,Kevin Allen Hassett,Hoover Institution on War Revolution & Peace,http://www.aei.org/scholars/scholarID.26/scholar.asp,https://ideas.repec.org/f/pha378.html,eligible,0,,2107.0,,RePEc
pbe831,Louis-Philippe Beland,Carleton University,http://lpbeland.com,https://ideas.repec.org/f/pbe831.html,eligible,0,,,2107.0,RePEc
pst255,Todd R. Stinebrickner,University of Western Ontario,http://economics.uwo.ca/faculty/stinebrickner/,https://ideas.repec.org/f/pst255.html,eligible,0,,2108.0,2509.0,RePEc
ppe625,Zhuan Pei,Cornell University,https://peizhuan.github.io/,https://ideas.repec.org/f/ppe625.html,eligible,0,,,2108.0,RePEc
pzh588,Xiaoyan Zhang,Tsinghua University,,https://ideas.repec.org/f/pzh588.html,eligible,0,,2109.0,3539.0,RePEc
pja61,Ben Jann,"Universität Bern, Institut für Soziologie",,https://ideas.repec.org/e/pja61.html,eligible,0,,2472.0,2109.0,RePEc
pfo220,Duncan K. Foley,The New School,http://sites.google.com/a/newschool.edu/duncan-foley-homepage/home,https://ideas.repec.org/f/pfo220.html,eligible,0,,2110.0,,RePEc
pgh25,Saibal Ghosh,,,https://ideas.repec.org/e/pgh25.html,eligible,0,,3561.0,2110.0,RePEc
pza179,Aleksandar Zaklan,Universität Rostock,https://azaklan.github.io,https://ideas.repec.org/e/pza179.html,eligible,0,,,2111.0,RePEc
pan132,James B. Ang,Nanyang Technological University,http://jamesang.weebly.com/,https://ideas.repec.org/e/pan132.html,eligible,0,,2112.0,3606.0,RePEc
pha129,Eduardo Amaral Haddad,Universidade de São Paulo,https://www.usp.br/nereus,https://ideas.repec.org/e/pha129.html,eligible,0,,2691.0,2112.0,RePEc
ppo94,A. Mitchell Polinsky,Stanford University,,https://ideas.repec.org/e/ppo94.html,eligible,0,,2113.0,,RePEc
pbu421,Gordon Burtch,Boston University,,https://ideas.repec.org/f/pbu421.html,eligible,0,,,2113.0,RePEc
pca475,David Cass,,http://en.wikipedia.org/wiki/David_Cass,https://ideas.repec.org/f/pca475.html,deceased,0,,2114.0,,RePEc
psc276,Dirk Schoenmaker,Erasmus Universiteit Rotterdam,https://www.rsm.nl/people/dirk-schoenmaker/,https://ideas.repec.org/f/psc276.html,eligible,0,,,2114.0,RePEc
pst145,Betsey Stevenson,University of Michigan,,https://ideas.repec.org/e/pst145.html,eligible,0,,2115.0,,RePEc
ply50,Štefan Lyócsa,Masarykova Univerzita,,https://ideas.repec.org/e/ply50.html,eligible,0,,,2115.0,RePEc
pde113,Gabrielle Demange,Paris School of Economics,https://www.parisschoolofeconomics.eu/fr/demange-gabrielle/,https://ideas.repec.org/e/pde113.html,eligible,0,,2116.0,,RePEc
plo75,Simon Loertscher,University of Melbourne,http://www.columbia.edu/~sl2331/,https://ideas.repec.org/e/plo75.html,eligible,0,,,2117.0,RePEc
pma874,Erin T. Mansur,Dartmouth College,http://www.tuck.dartmouth.edu/faculty/faculty-directory/erin-mansur,https://ideas.repec.org/f/pma874.html,eligible,0,,2118.0,2952.0,RePEc
pwu69,JunJie Wu,North Carolina State University,http://arec.oregonstate.edu/faculty2/wu.html,https://ideas.repec.org/e/pwu69.html,eligible,0,,2119.0,2305.0,RePEc
pkr60,Tobias Kretschmer,Ludwig-Maximilians-Universität München,http://www.en.isto.bwl.uni-muenchen.de,https://ideas.repec.org/e/pkr60.html,eligible,0,,3189.0,2119.0,RePEc
pvi304,Vikrant Vig,London Business School (LBS),http://faculty.london.edu/vvig,https://ideas.repec.org/f/pvi304.html,eligible,0,,2120.0,,RePEc
pgo799,Binlei Gong,Zhejiang University,http://person.zju.edu.cn/en/gbl,https://ideas.repec.org/f/pgo799.html,eligible,0,,,2120.0,RePEc
pwo109,Quentin Wodon,UNESCO IICBA,,https://ideas.repec.org/e/pwo109.html,eligible,0,,2121.0,,RePEc
pmy46,Erica Myers,University of Calgary,https://sites.google.com/site/ericacatherinemyers/,https://ideas.repec.org/e/pmy46.html,eligible,0,,,2121.0,RePEc
pth2,Daniel Thornton,,,https://ideas.repec.org/e/pth2.html,deceased,0,,2122.0,,RePEc
pho845,Mohammad Razib Hossain,University of Adelaide,https://researchers.adelaide.edu.au/profile/mohammadrazib.hossain#,https://ideas.repec.org/f/pho845.html,eligible,0,,,2122.0,RePEc
phu263,Wallace E. Huffman,,,https://ideas.repec.org/f/phu263.html,deceased,0,,2123.0,,RePEc
psc42,Klaus Schmidt-Hebbel,Universidad del Desarrollo,http://schmidt-hebbel.com,https://ideas.repec.org/e/psc42.html,eligible,0,,2124.0,,RePEc
pdi21,Giovanni Di Bartolomeo,"""Sapienza"" Università di Roma",https://sites.google.com/uniroma1.it/dibartolomeo/,https://ideas.repec.org/e/pdi21.html,eligible,0,,3175.0,2124.0,RePEc
pot1,Marco Ottaviani,Università Commerciale Luigi Bocconi,http://faculty.unibocconi.eu/marcom.ottaviani/,https://ideas.repec.org/e/pot1.html,eligible,0,,2125.0,3704.0,RePEc
phu303,Hai-Jun Huang,Beijing University of Aeronautics and Astronautics (Beihang University),https://semen.buaa.edu.cn/info/1094/2283.htm,https://ideas.repec.org/f/phu303.html,eligible,0,,,2125.0,RePEc
pya165,Erdal Yalcin,Hochschule Konstanz Technik,https://sites.google.com/view/erdalyalcin/home,https://ideas.repec.org/e/pya165.html,eligible,0,,,2126.0,RePEc
pma1059,Robert Marquez,University of California-Davis,,https://ideas.repec.org/f/pma1059.html,eligible,0,,2127.0,,RePEc
pro681,Francisco Roch,Universidad Torcuato Di Tella,https://sites.google.com/site/franroch/,https://ideas.repec.org/f/pro681.html,eligible,0,,,2127.0,RePEc
pha1028,John Christopher Ham,New York University Abu Dhabi,https://sites.google.com/site/johnhamecon/home,https://ideas.repec.org/f/pha1028.html,eligible,0,,2128.0,,RePEc
pqi40,Yiming Qian,University of Connecticut,,https://ideas.repec.org/e/pqi40.html,eligible,0,,,2129.0,RePEc
phe137,Friedrich Heinemann,Leibniz-Zentrum für Europäische Wirtschaftsforschung (ZEW),https://www.zew.de/en/team/fhe/,https://ideas.repec.org/e/phe137.html,eligible,0,,2130.0,3640.0,RePEc
pul61,Recep Ulucak,Erciyes Üniversitesi,http://aves.erciyes.edu.tr/r.ulucak/,https://ideas.repec.org/e/pul61.html,eligible,0,,,2130.0,RePEc
pma385,David N. Margolis,Paris School of Economics,https://www.parisschoolofeconomics.eu/en/margolis-david/,https://ideas.repec.org/f/pma385.html,eligible,0,,2131.0,,RePEc
pdi555,Michael Dinerstein,University of Chicago,,https://ideas.repec.org/f/pdi555.html,eligible,0,,,2131.0,RePEc
pma753,Jan R. Magnus,Vrije Universiteit Amsterdam,http://www.janmagnus.nl/,https://ideas.repec.org/f/pma753.html,eligible,0,,2132.0,,RePEc
pci93,Steve Cicala,Tufts University,https://www.stevecicala.com,https://ideas.repec.org/e/pci93.html,eligible,0,,,2132.0,RePEc
poc33,Martin O'Connell,University of Wisconsin-Madison,https://sites.google.com/site/drmartinoconnell/,https://ideas.repec.org/e/poc33.html,eligible,0,,,2133.0,RePEc
pbo182,Walter Bossert,Université de Montréal,https://sites.google.com/view/walter-bossert/,https://ideas.repec.org/e/pbo182.html,eligible,0,,2134.0,,RePEc
pco647,Jean-Edouard Colliard,HEC Paris (École des Hautes Études Commerciales),http://sites.google.com/site/jecolliardengl/home,https://ideas.repec.org/f/pco647.html,eligible,0,,,2136.0,RePEc
pni5,Giuseppe Nicoletti,Organisation de Coopération et de Développement Économiques (OCDE),,https://ideas.repec.org/e/pni5.html,eligible,0,,2137.0,,RePEc
pha883,Rema Hanna,Harvard University,http://www.hks.harvard.edu/fs/rhanna/,https://ideas.repec.org/f/pha883.html,eligible,0,,2220.0,2137.0,RePEc
pfl25,Robert P. Flood,International Monetary Fund (IMF),,https://ideas.repec.org/e/pfl25.html,eligible,0,,2138.0,,RePEc
pmo587,Ryan Monarch,Syracuse University,,https://ideas.repec.org/f/pmo587.html,eligible,0,,,2138.0,RePEc
pfa4,Giorgio Fagiolo,Scuola Superiore Sant'Anna,https://sites.google.com/view/giorgiofagiolo/home,https://ideas.repec.org/e/pfa4.html,eligible,0,,2139.0,,RePEc
pci38,Andrzej Cieślik,Uniwersytet Warszawski,http://www.wne.uw.edu.pl/~cieslik,https://ideas.repec.org/e/pci38.html,eligible,0,,,2139.0,RePEc
pme170,Xin Meng,Australian National University,http://people.anu.edu.au/xin.meng/,https://ideas.repec.org/e/pme170.html,eligible,0,,2140.0,,RePEc
pgu868,Ammar Ali Gull,École de Management Léonard de Vinci,,https://ideas.repec.org/f/pgu868.html,eligible,0,,,2140.0,RePEc
pdo313,Stephen Geoffrey Donald,University of Texas-Austin,http://www.utexas.edu/cola/depts/economics/faculty/donalds,https://ideas.repec.org/f/pdo313.html,eligible,0,,2141.0,,RePEc
pwi194,Tim Willems,Bank of England,https://sites.google.com/site/twillems85/,https://ideas.repec.org/e/pwi194.html,eligible,0,,,2141.0,RePEc
pra52,Romain Rancière,University of Southern California,https://rranciere.academia.edu/,https://ideas.repec.org/e/pra52.html,eligible,0,,2142.0,,RePEc
ppu105,Ioan-Matei Purcarea,Universitatea Româno-Americană,http://www.zimp.ro,https://ideas.repec.org/e/ppu105.html,eligible,0,,,2142.0,RePEc
pbo190,Lex Borghans,Maastricht University,https://www.maastrichtuniversity.nl/l-borghans,https://ideas.repec.org/e/pbo190.html,eligible,0,,2143.0,,RePEc
ppa461,Franz C. Palm,Maastricht University,http://www.personeel.unimaas.nl/f.palm/,https://ideas.repec.org/f/ppa461.html,eligible,0,,2144.0,,RePEc
pka513,Martin Karlsson,Universität Duisburg-Essen,http://www.goek.wiwi.uni-due.de/en/team/martin-karlsson/,https://ideas.repec.org/f/pka513.html,eligible,0,,,2144.0,RePEc
pgr8,Henri L.f. de Groot,Vrije Universiteit Amsterdam,http://www.henridegroot.net,https://ideas.repec.org/e/pgr8.html,eligible,0,,2145.0,,RePEc
pmi121,Tapas Mishra,University of Southampton,https://www.southampton.ac.uk/people/5xcr8l/professor-tapas-mishra,https://ideas.repec.org/e/pmi121.html,eligible,0,,,2145.0,RePEc
pal240,Julian M. Alston,University of California-Davis,,https://ideas.repec.org/f/pal240.html,eligible,0,,2146.0,,RePEc
pva96,Juan Vargas,Università degli Studi di Torino,http://sites.google.com/site/juanfvargas/,https://ideas.repec.org/e/pva96.html,eligible,0,,,2146.0,RePEc
pli1687,Kai Li,Peking University,https://sites.google.com/site/kailiwebpage,https://ideas.repec.org/f/pli1687.html,eligible,0,,,2147.0,RePEc
pma1118,Sugata Marjit,Indian Institute of Foreign Trade (IIFT),https://starebs.com/,https://ideas.repec.org/f/pma1118.html,eligible,0,,2148.0,3349.0,RePEc
phu639,Thanh D. Huynh,Monash University,https://sites.google.com/view/thanhhuynh/home?authuser=0,https://ideas.repec.org/f/phu639.html,eligible,0,,,2148.0,RePEc
pde225,Casper G. de Vries,Erasmus Universiteit Rotterdam,http://people.few.eur.nl/cdevries/,https://ideas.repec.org/f/pde225.html,eligible,0,,2149.0,,RePEc
pve271,Joaquin Vespignani,University of Tasmania,http://www.joaquinvespignani.com,https://ideas.repec.org/f/pve271.html,eligible,0,,,2149.0,RePEc
ppe67,Jeffrey Perloff,University of California-Berkeley,https://are.berkeley.edu/people/jeffrey-perloff,https://ideas.repec.org/e/ppe67.html,eligible,0,,2150.0,,RePEc
ple912,Michael Leung,University of California-Santa Cruz (UCSC),http://mpleung.github.io,https://ideas.repec.org/f/ple912.html,eligible,0,,,2150.0,RePEc
pco636,Giacomo Corneo,Freie Universität Berlin,,https://ideas.repec.org/f/pco636.html,eligible,0,,2152.0,,RePEc
psa1112,James W. Saunoris,Eastern Michigan University,https://www.jamessaunoris.com,https://ideas.repec.org/f/psa1112.html,eligible,0,,,2152.0,RePEc
pma119,Antoine Martin,Federal Reserve Bank of New York,http://www.newyorkfed.org/research/economists/martin/index.html,https://ideas.repec.org/e/pma119.html,eligible,0,,2153.0,,RePEc
pja278,Petr Janský,Univerzita Karlova v Praze,https://petrjansky.cz/,https://ideas.repec.org/f/pja278.html,eligible,0,,,2153.0,RePEc
phr34,Johannes Hörner,Toulouse School of Economics (TSE),https://sites.google.com/site/jo4horner/,https://ideas.repec.org/e/phr34.html,eligible,0,,2155.0,,RePEc
pvi480,Ferdinand Vieider,Universiteit Gent,http://www.ferdinandvieider.com,https://ideas.repec.org/f/pvi480.html,eligible,0,,,2155.0,RePEc
ppe152,Paolo A. Pesenti,Federal Reserve Bank of New York,http://www.newyorkfed.org/research/economists/pesenti/index.html,https://ideas.repec.org/e/ppe152.html,eligible,0,,2156.0,,RePEc
pki654,Tom Kirchmaier,London School of Economics (LSE),https://cep.lse.ac.uk/_new/people/person.asp?id=729,https://ideas.repec.org/f/pki654.html,eligible,0,,,2156.0,RePEc
pal153,James Albrecht,Georgetown University,https://jim-albrecht.facultysite.georgetown.edu/,https://ideas.repec.org/e/pal153.html,eligible,0,,2157.0,,RePEc
pha1075,Rustamdjan Hakimov,Université de Lausanne,https://www.hakimov.info,https://ideas.repec.org/f/pha1075.html,eligible,0,,,2157.0,RePEc
pwa27,Kenneth F. Wallis,University of Warwick,http://www.warwick.ac.uk/go/kfwallis,https://ideas.repec.org/e/pwa27.html,eligible,0,,2158.0,,RePEc
pma1884,Sergio Mayordomo,Banco de España,http://sergiomayordomo.wordpress.com/,https://ideas.repec.org/f/pma1884.html,eligible,0,,,2158.0,RePEc
pad164,Anjali Adukia,University of Chicago,http://anjaliadukia.com,https://ideas.repec.org/e/pad164.html,eligible,0,,,2159.0,RePEc
pnc9,Tii Nchofoung,Université de Dschang,,https://ideas.repec.org/e/pnc9.html,eligible,0,,,2160.0,RePEc
pva496,Rossen Valkanov,University of California-San Diego (UCSD),,https://ideas.repec.org/f/pva496.html,eligible,0,,2161.0,,RePEc
pzh769,Kunfu Zhu,Renmin University of China,,https://ideas.repec.org/f/pzh769.html,eligible,0,,,2161.0,RePEc
ppo12,Franck Portier,University College London (UCL),http://fportier.wordpress.com/,https://ideas.repec.org/e/ppo12.html,eligible,0,,2162.0,,RePEc
ppo600,Alexandre Poirier,Georgetown University,https://sites.google.com/site/alexpoirierecon/,https://ideas.repec.org/f/ppo600.html,eligible,0,,,2162.0,RePEc
pne138,Derek Neal,University of Chicago,,https://ideas.repec.org/e/pne138.html,eligible,0,,2163.0,,RePEc
psa1164,Itay Saporta Eksten,,http://www.tau.ac.il/~itaysap/,https://ideas.repec.org/f/psa1164.html,eligible,0,,,2163.0,RePEc
pba229,Scott L. Baier,Clemson University,https://sbaier.wixsite.com/scottbaier,https://ideas.repec.org/f/pba229.html,eligible,0,,2164.0,,RePEc
pbi274,Cristina Bicchieri,University of Pennsylvania,https://normsandbehavior.sas.upenn.edu/,https://ideas.repec.org/f/pbi274.html,eligible,0,,,2164.0,RePEc
pbo10,Marcel Boyer,Université de Montréal,http://www.cirano.qc.ca/~boyerm,https://ideas.repec.org/e/pbo10.html,eligible,0,,2165.0,,RePEc
pde1414,Jerome Detemple,Boston University,https://www.bu.edu/questrom/profile/jerome-detemple/,https://ideas.repec.org/f/pde1414.html,eligible,0,,2166.0,,RePEc
pal438,Miguel Almunia,CUNEF Universidad,https://malmunia.github.io/,https://ideas.repec.org/f/pal438.html,eligible,0,,,2166.0,RePEc
ppa153,Leslie E. Papke,Michigan State University,http://econ.msu.edu/faculty/papke/index.php,https://ideas.repec.org/e/ppa153.html,eligible,0,,2167.0,,RePEc
pfr223,Matthew Freedman,University of California-Irvine,http://faculty.sites.uci.edu/freedman,https://ideas.repec.org/f/pfr223.html,eligible,0,,,2167.0,RePEc
pju101,F. Thomas Juster,,,https://ideas.repec.org/e/pju101.html,deceased,0,,2168.0,,RePEc
pmo629,James Morley,University of Sydney,https://sites.google.com/site/jamescmorley/,https://ideas.repec.org/f/pmo629.html,eligible,0,,2891.0,2168.0,RePEc
pja188,Hanan Jacoby,World Bank Group,,https://ideas.repec.org/e/pja188.html,eligible,0,,2169.0,,RePEc
pcr200,Leland D. Crane,Federal Reserve Board (Board of Governors of the Federal Reserve System),https://ldcrane.github.io/,https://ideas.repec.org/e/pcr200.html,eligible,0,,,2170.0,RePEc
pha1448,Abebe Hailemariam,Curtin University,,https://ideas.repec.org/f/pha1448.html,eligible,0,,,2171.0,RePEc
pti5,Cédric Tille,The Graduate Institute of International and Development Studies,http://sites.google.com/site/cedrictilleheid/,https://ideas.repec.org/e/pti5.html,eligible,0,,2172.0,,RePEc
ppa250,Stavros Panageas,University of Chicago,http://faculty.chicagobooth.edu/stavros.panageas/,https://ideas.repec.org/f/ppa250.html,eligible,0,,3097.0,2172.0,RePEc
pro730,Jonathan Louis Rothbaum,George Washington University,https://sites.google.com/site/jlrothbaum/home,https://ideas.repec.org/f/pro730.html,eligible,0,,,2173.0,RePEc
pkr252,Vijay Krishna,Pennsylvania State University,https://sites.google.com/site/vjkrishna/,https://ideas.repec.org/f/pkr252.html,eligible,0,,2174.0,,RePEc
pge26,Garance Genicot,Georgetown University,https://garance-genicot.facultysite.georgetown.edu/,https://ideas.repec.org/e/pge26.html,eligible,0,,3224.0,2174.0,RePEc
pja191,Tarun Jain,Indian Institute of Management Ahmedabad (IIMA),https://sites.google.com/virginia.edu/tarunjain/,https://ideas.repec.org/e/pja191.html,eligible,0,,,2175.0,RePEc
pto454,Yasuyuki Todo,Waseda University,http://www.f.waseda.jp/yastodo/en/index.html,https://ideas.repec.org/f/pto454.html,eligible,0,,,2176.0,RePEc
pro377,Jonathan Robinson,University of California-Santa Cruz (UCSC),http://people.ucsc.edu/~jmrtwo,https://ideas.repec.org/f/pro377.html,eligible,0,,2177.0,2239.0,RePEc
pke326,Pinar Keskin,Luxembourg Institute of Socio-Economic Research (LISER),http://pinarkeskin.com,https://ideas.repec.org/f/pke326.html,eligible,0,,,2177.0,RePEc
pbr58,Josef C. Brada,Arizona State University,,https://ideas.repec.org/e/pbr58.html,eligible,0,,2178.0,,RePEc
pph84,David Cameron Phillips,University of Notre Dame,https://sites.google.com/site/davidcphillipseconomics/,https://ideas.repec.org/e/pph84.html,eligible,0,,,2178.0,RePEc
psu268,Vladyslav Y. Sushko,Bank for International Settlements (BIS),http://www.vladyslavsushko.com,https://ideas.repec.org/f/psu268.html,eligible,0,,,2179.0,RePEc
pwr11,Katharina Wrohlich,DIW Berlin (Deutsches Institut für Wirtschaftsforschung),http://www.diw.de/cv/en/kwrohlich,https://ideas.repec.org/e/pwr11.html,eligible,0,,,2180.0,RePEc
pgr439,Alan Greenspan,,http://en.wikipedia.org/wiki/Alan_Greenspan,https://ideas.repec.org/f/pgr439.html,deceased,0,,2181.0,,RePEc
pab179,Awudu Abdulai,,,https://ideas.repec.org/e/pab179.html,eligible,0,,2790.0,2181.0,RePEc
pel36,J.Paul Elhorst,Rijksuniversiteit Groningen,https://www.rug.nl/staff/j.p.elhorst/,https://ideas.repec.org/e/pel36.html,eligible,0,,2182.0,,RePEc
pla170,Sanjaya Lall,,http://en.wikipedia.org/wiki/Sanjaya_Lall,https://ideas.repec.org/e/pla170.html,deceased,0,,2183.0,,RePEc
psi728,Christoph Siemroth,University of Essex,https://siemroth.github.io/,https://ideas.repec.org/f/psi728.html,eligible,0,,,2183.0,RePEc
pge297,Amory Gethin,World Bank Group,,https://ideas.repec.org/f/pge297.html,eligible,0,,,2184.0,RePEc
psa80,Larry Samuelson,Yale University,http://pantheon.yale.edu/~ls529/~,https://ideas.repec.org/e/psa80.html,eligible,0,,2185.0,,RePEc
pta983,Daniel Tannenbaum,University of Nebraska,https://sites.google.com/site/dtannenbaum/,https://ideas.repec.org/f/pta983.html,eligible,0,,,2185.0,RePEc
ptr38,Kenneth R. Troske,University of Kentucky,http://gattonweb.uky.edu/faculty/Troske/,https://ideas.repec.org/e/ptr38.html,eligible,0,,2187.0,,RePEc
pgi233,Daniele Girardi,University of Massachusetts-Amherst,https://danielegirardi.github.io/,https://ideas.repec.org/f/pgi233.html,eligible,0,,,2187.0,RePEc
ppo453,Michael Powell,Northwestern University,,https://ideas.repec.org/f/ppo453.html,eligible,0,,,2188.0,RePEc
pbe5,Samuel Bentolila,Centro de Estudios Monetarios y Financieros (CEMFI),https://sites.google.com/view/samuel-bentolila-home,https://ideas.repec.org/e/pbe5.html,eligible,0,,2189.0,,RePEc
pai18,Chunrong Ai,University of Florida,,https://ideas.repec.org/e/pai18.html,eligible,0,,2190.0,,RePEc
pfe163,Fernando V. Ferreira,University of Pennsylvania,http://real-faculty.wharton.upenn.edu/fferreir/,https://ideas.repec.org/e/pfe163.html,eligible,0,,2191.0,,RePEc
pfe269,Hassan Gholipour Fereidouni,University of Western Sydney,https://scholar.google.com.au/citations?user=RY4nEroAAAAJ&hl=en,https://ideas.repec.org/f/pfe269.html,eligible,0,,,2191.0,RePEc
pso238,Aaron J. Sojourner,W.E. Upjohn Institute for Employment Research,https://aaronsojourner.org,https://ideas.repec.org/f/pso238.html,eligible,0,,,2192.0,RePEc
pst59,Chris Starmer,University of Nottingham,http://www.nottingham.ac.uk/Economics/people/chris.starmer,https://ideas.repec.org/e/pst59.html,eligible,0,,2193.0,,RePEc
pch2200,Muhammad Zubair Chishti,"School of Automotive Business, Hubei University of Automotive Technology",https://scholar.google.com/citations?user=YPqNJMwAAAAJhl=en,https://ideas.repec.org/f/pch2200.html,eligible,0,,,2193.0,RePEc
pma134,Esfandiar Maasoumi,Emory University,https://sites.google.com/view/esfandiarmaasoumi/home,https://ideas.repec.org/e/pma134.html,eligible,0,,2195.0,,RePEc
pan104,Barbara Annicchiarico,"Università degli Studi di Roma ""Tor Vergata""",https://baannik.github.io/webpage/index.htm,https://ideas.repec.org/e/pan104.html,eligible,0,,,2195.0,RePEc
pri30,Geert Ridder,University of Southern California,http://www-rcf.usc.edu/~ridder/,https://ideas.repec.org/e/pri30.html,eligible,0,,2196.0,,RePEc
pwo44,Guntram Wolff,Université Libre de Bruxelles,http://www.guntramwolff.net,https://ideas.repec.org/e/pwo44.html,eligible,0,,2658.0,2196.0,RePEc
pcr3,Mario John Crucini,Purdue University,https://business.purdue.edu/faculty/mcrucini/,https://ideas.repec.org/e/pcr3.html,eligible,0,,2197.0,,RePEc
pmo745,Eric Monnet,Paris School of Economics,http://www.ericmonnet.eu,https://ideas.repec.org/f/pmo745.html,eligible,0,,,2197.0,RePEc
pne64,Andrew F. Newman,Boston University,http://people.bu.edu/afnewman,https://ideas.repec.org/e/pne64.html,eligible,0,,2198.0,,RePEc
pee3,Louis Eeckhoudt,Lille Économie et Management (LEM),,https://ideas.repec.org/e/pee3.html,eligible,0,,2199.0,,RePEc
pla704,Andrea Lanteri,Duke University,https://sites.google.com/site/andrealanteri/,https://ideas.repec.org/f/pla704.html,eligible,0,,,2199.0,RePEc
par79,Michael John Artis,,,https://ideas.repec.org/e/par79.html,deceased,0,,2200.0,,RePEc
pta758,Marina Mendes Tavares,International Monetary Fund (IMF),https://sites.google.com/site/mmtecon/home,https://ideas.repec.org/f/pta758.html,eligible,0,,,2200.0,RePEc
pwe408,Jeffrey Weaver,University of Southern California,http://www.jeff-weaver.com/,https://ideas.repec.org/f/pwe408.html,eligible,0,,,2201.0,RePEc
pra33,B Ravikumar,Federal Reserve Bank of St. Louis,http://research.stlouisfed.org/econ/ravikumar/,https://ideas.repec.org/e/pra33.html,eligible,0,,2202.0,,RePEc
pki330,Kenneth A. Kim,Tongji University,,https://ideas.repec.org/f/pki330.html,eligible,0,,,2202.0,RePEc
pph1,Christopher Phelan,University of Minnesota,https://sites.google.com/umn.edu/christopherphelan/home,https://ideas.repec.org/e/pph1.html,eligible,0,,2203.0,,RePEc
pti253,Jonathan Timmis,World Bank Group,https://www.jonathantimmis.com/,https://ideas.repec.org/f/pti253.html,eligible,0,,,2203.0,RePEc
pha77,Christian Matthias Hafner,Université Catholique de Louvain,https://scholar.google.be/citations?user=faJIXqUAAAAJ&hl=en,https://ideas.repec.org/e/pha77.html,eligible,0,,2871.0,2204.0,RePEc
pbr526,Jörg Breitung,Universität zu Köln,https://wisostat.uni-koeln.de/de/institut/professoren/breitung,https://ideas.repec.org/f/pbr526.html,eligible,0,,2205.0,,RePEc
pba1489,Andrew Barr,Texas A&M University,,https://ideas.repec.org/f/pba1489.html,eligible,0,,,2205.0,RePEc
pya208,Takashi Yamagata,University of York,https://sites.google.com/york.ac.uk/takashi-yamagata/home,https://ideas.repec.org/f/pya208.html,eligible,0,,2206.0,,RePEc
pri317,Lucia Rizzica,Banca d'Italia,https://sites.google.com/site/luciarizzica/,https://ideas.repec.org/f/pri317.html,eligible,0,,,2206.0,RePEc
pbl45,Francis Bloch,Paris School of Economics,,https://ideas.repec.org/e/pbl45.html,eligible,0,,2207.0,,RePEc
phj5,Randi Hjalmarsson,Göteborgs Universitet,,https://ideas.repec.org/e/phj5.html,eligible,0,,3319.0,2207.0,RePEc
pmo263,Karl Ove Moene,Universitetet i Oslo,http://folk.uio.no/karlom,https://ideas.repec.org/f/pmo263.html,eligible,0,,2208.0,,RePEc
psu192,James Xavier Sullivan,University of Notre Dame,http://www.nd.edu/~jsulliv4/,https://ideas.repec.org/e/psu192.html,eligible,0,,3364.0,2208.0,RePEc
pbr361,James R. Brown,Texas A&M University,,https://ideas.repec.org/f/pbr361.html,eligible,0,,3430.0,2210.0,RePEc
pno102,Daniele Nosenzo,Aarhus Universitet,https://sites.google.com/site/danielenosenzoeconomics/,https://ideas.repec.org/e/pno102.html,eligible,0,,,2211.0,RePEc
pfe181,Ada Ferrer-i-Carbonell,Barcelona School of Economics (BSE),http://ferrer.iae-csic.org/,https://ideas.repec.org/e/pfe181.html,eligible,0,,2212.0,,RePEc
pso397,Kenneth Sokoloff,,http://en.wikipedia.org/wiki/Kenneth_Sokoloff,https://ideas.repec.org/f/pso397.html,deceased,0,,2213.0,,RePEc
pri81,Alex Rialp,Universitat Autònoma de Barcelona,,https://ideas.repec.org/e/pri81.html,eligible,0,,,2213.0,RePEc
pvo314,Sebastian Vollmer,Georg-August-Universität Göttingen,https://www.uni-goettingen.de/en/prof.+dr.+sebastian+vollmer/450695.html,https://ideas.repec.org/f/pvo314.html,eligible,0,,,2214.0,RePEc
pma1336,Benoît B. Mandelbrot,,http://en.wikipedia.org/wiki/Beno%C3%AEt_Mandelbrot,https://ideas.repec.org/f/pma1336.html,deceased,0,,2215.0,,RePEc
pad337,Jawad M. Addoum,Cornell University,https://business.cornell.edu/profiles/jma369/,https://ideas.repec.org/f/pad337.html,eligible,0,,,2215.0,RePEc
pgr26,Reint Gropp,Leibniz-Institut für Wirtschaftsforschung Halle (IWH),http://www.iwh-halle.de/asp/Person.asp?rgp&lang=e,https://ideas.repec.org/e/pgr26.html,eligible,0,,2216.0,,RePEc
pan607,Mark A. Andor,RWI - Leibniz-Institut für Wirtschaftsforschung,https://www.rwi-essen.de/en/rwi/team/person/mark-andor,https://ideas.repec.org/f/pan607.html,eligible,0,,,2216.0,RePEc
pko104,Oskar Kowalewski,Lille Économie et Management (LEM),https://www.ieseg.fr/en/faculty-and-research/professor/?id=1740,https://ideas.repec.org/e/pko104.html,eligible,0,,,2217.0,RePEc
pbl268,Han Bleichrodt,Universidad de Alicante,,https://ideas.repec.org/f/pbl268.html,eligible,0,,2218.0,3269.0,RePEc
pwe147,Jacob Louis Weisdorf,"""Sapienza"" Università di Roma",https://sites.google.com/view/jacobweisdorf/home,https://ideas.repec.org/e/pwe147.html,eligible,0,,,2219.0,RePEc
pyu191,Fang Yu,China Europe International Business School,,https://ideas.repec.org/e/pyu191.html,eligible,0,,,2220.0,RePEc
pna612,Filippo Natoli,Banca d'Italia,https://sites.google.com/site/filipponatoli/,https://ideas.repec.org/f/pna612.html,eligible,0,,,2221.0,RePEc
pco98,Miles Corak,City University of New York (CUNY),http://milescorak.com,https://ideas.repec.org/e/pco98.html,eligible,0,,2222.0,,RePEc
pha1629,Kareem Haggag,University of California-Los Angeles (UCLA),https://www.kareemhaggag.com/,https://ideas.repec.org/f/pha1629.html,eligible,0,,,2222.0,RePEc
ppe296,Maria Petrova,Barcelona School of Economics (BSE),https://sites.google.com/site/mariapetrovaphd/,https://ideas.repec.org/f/ppe296.html,eligible,0,,3480.0,2223.0,RePEc
psa30,Pierre Daniel Sarte,Federal Reserve Bank of Richmond,http://www.rich.frb.org/research/economists/Pierre-Daniel_Sarte.cfm,https://ideas.repec.org/e/psa30.html,eligible,0,,2414.0,2224.0,RePEc
pma3398,Alexander MacKay,University of Virginia,https://alexandermackay.org/,https://ideas.repec.org/f/pma3398.html,eligible,0,,,2225.0,RePEc
pru237,Elisabet Rutstrom,Georgia State University,,https://ideas.repec.org/f/pru237.html,eligible,0,,2226.0,,RePEc
pal199,Sabina Alkire,Oxford University,http://www.ophi.org.uk,https://ideas.repec.org/e/pal199.html,eligible,0,,2445.0,2226.0,RePEc
pda64,Ronald Davies,University College Dublin,,https://ideas.repec.org/e/pda64.html,eligible,0,,2227.0,2331.0,RePEc
pis84,Ingo E. Isphording,Max-Planck-Gesellschaft,https://sites.google.com/view/ingoeisphording,https://ideas.repec.org/e/pis84.html,eligible,0,,,2227.0,RePEc
psh655,Na'ama Shenhav,University of California-Berkeley,,https://ideas.repec.org/f/psh655.html,eligible,0,,,2228.0,RePEc
pbl88,Magnus Blomstrom,Stockholm School of Economics,,https://ideas.repec.org/e/pbl88.html,eligible,0,,2229.0,,RePEc
psh410,Xiaoxia Shi,University of Wisconsin-Madison,http://www.ssc.wisc.edu/~xshi,https://ideas.repec.org/f/psh410.html,eligible,0,,,2229.0,RePEc
pwi122,John Douglas Wilson,Michigan State University,http://www.msu.edu/~ec/faculty/wilson/wilson.html,https://ideas.repec.org/e/pwi122.html,eligible,0,,2230.0,,RePEc
pro694,Davide Romelli,Trinity College Dublin,https://davideromelli.com,https://ideas.repec.org/f/pro694.html,eligible,0,,,2230.0,RePEc
pku16,Andre Kurmann,Drexel University,http://www.andrekurmann.com,https://ideas.repec.org/e/pku16.html,eligible,0,,,2231.0,RePEc
pda222,William Alexander Darity,Duke University,,https://ideas.repec.org/f/pda222.html,eligible,0,,2232.0,3434.0,RePEc
ple913,Søren Leth-Petersen,Københavns Universitet,https://sites.google.com/view/sorenleth,https://ideas.repec.org/f/ple913.html,eligible,0,,3688.0,2232.0,RePEc
pkh256,Asim Ijaz Khwaja,Harvard University,,https://ideas.repec.org/f/pkh256.html,eligible,0,,2233.0,,RePEc
pmc174,John Edward McLaren,University of Virginia,http://www.people.virginia.edu/~jem6x,https://ideas.repec.org/e/pmc174.html,eligible,0,,2234.0,,RePEc
paz40,Jose Azar,Princeton University,http://www.princeton.edu/~jazar,https://ideas.repec.org/e/paz40.html,eligible,0,,,2234.0,RePEc
pgr130,Allan W. Gregory,Queen's University,http://www.econ.queensu.ca/pub/faculty/gregory/,https://ideas.repec.org/e/pgr130.html,eligible,0,,2235.0,,RePEc
psa823,Horacio Sapriza,Federal Reserve Bank of Richmond,,https://ideas.repec.org/f/psa823.html,eligible,0,,3673.0,2235.0,RePEc
pme62,Stephan Meier,Federal Reserve Bank of Boston,http://www4.gsb.columbia.edu/cbs-directory/detail/138231/Stephan+Meier,https://ideas.repec.org/e/pme62.html,eligible,0,,2236.0,,RePEc
pos103,Adam Osman,University of Illinois at Urbana-Champaign,http://www.adam-osman.com,https://ideas.repec.org/e/pos103.html,eligible,0,,,2236.0,RePEc
pma1138,Peter Martinsson,Università degli Studi di Torino,,https://ideas.repec.org/f/pma1138.html,eligible,0,,2237.0,3031.0,RePEc
pha853,Péter Harasztosi,European Investment Bank (EIB),,https://ideas.repec.org/f/pha853.html,eligible,0,,,2237.0,RePEc
pdh6,Dhammika Dharmapala,UC Berkeley School of Law,,https://ideas.repec.org/e/pdh6.html,eligible,0,,2238.0,,RePEc
por100,Francesc Ortega,University of Notre Dame,https://sites.google.com/view/francescortegaa,https://ideas.repec.org/e/por100.html,eligible,0,,2941.0,2238.0,RePEc
pst501,Ernesto Stein,Instituto Tecnológico y de Estudios Superiores de Monterrey (ITESM),,https://ideas.repec.org/f/pst501.html,eligible,0,,2239.0,,RePEc
pmu110,Dennis C. Mueller,Universität Wien,http://homepage.univie.ac.at/Dennis.Mueller/,https://ideas.repec.org/e/pmu110.html,eligible,0,,2240.0,,RePEc
pla495,Kurt Lavetti,Ohio State University,http://www.kurtlavetti.com,https://ideas.repec.org/f/pla495.html,eligible,0,,,2240.0,RePEc
pro223,Richard Evans Romano,University of Florida,,https://ideas.repec.org/f/pro223.html,eligible,0,,2241.0,,RePEc
pfa13,Shenggen Fan,China Agricultural University,,https://ideas.repec.org/e/pfa13.html,eligible,0,,2242.0,,RePEc
ppl71,Vasilios Plakandaras,Democritus University of Thrace,https://sites.google.com/view/billplakandaras,https://ideas.repec.org/e/ppl71.html,eligible,0,,,2243.0,RePEc
pko599,Anton Kolotilin,UNSW Sydney,http://www.kolotilin.com/,https://ideas.repec.org/f/pko599.html,eligible,0,,,2244.0,RePEc
pwi457,Paul S. Willen,Federal Reserve Bank of Boston,https://sites.google.com/view/willenresearch/home,https://ideas.repec.org/f/pwi457.html,eligible,0,,2245.0,2967.0,RePEc
pfe171,Giulio Fella,Queen Mary University of London,http://www.giuliofella.net,https://ideas.repec.org/e/pfe171.html,eligible,0,,,2245.0,RePEc
pma2533,Grzegorz Marcjasz,Politechnika Wrocławska,,https://ideas.repec.org/f/pma2533.html,eligible,0,,,2246.0,RePEc
pge353,Mark Gersovitz,Johns Hopkins University,http://sites.google.com/site/gerzoo00/home,https://ideas.repec.org/f/pge353.html,eligible,0,,2247.0,,RePEc
pcr135,Bruno Crépon,Centre de Recherche en Économie et Statistique (CREST),https://sites.google.com/site/brunocrepon/home,https://ideas.repec.org/e/pcr135.html,eligible,0,,2248.0,,RePEc
pgu126,Jonathan Guryan,Northwestern University,,https://ideas.repec.org/e/pgu126.html,eligible,0,,2250.0,,RePEc
pba619,Erling Barth,Institutt for Samfunnsforskning (ISF),,https://ideas.repec.org/f/pba619.html,eligible,0,,3605.0,2250.0,RePEc
pbl229,Michael Bleaney,University of Nottingham,http://www.nottingham.ac.uk/economics/people/michael.bleaney,https://ideas.repec.org/f/pbl229.html,eligible,0,,2251.0,,RePEc
pbr482,Falk Bräuning,Federal Reserve Bank of Boston,https://sites.google.com/site/falkbraeuning/,https://ideas.repec.org/f/pbr482.html,eligible,0,,,2251.0,RePEc
pva16,Bernard M.s. van Praag,Universiteit van Amsterdam,http://www1.fee.uva.nl/scholar/,https://ideas.repec.org/e/pva16.html,eligible,0,,2252.0,,RePEc
pst611,Michael Stepner,University of Toronto,https://michaelstepner.com,https://ideas.repec.org/f/pst611.html,eligible,0,,,2252.0,RePEc
pla306,Douglas Laxton,,http://douglaslaxton.org,https://ideas.repec.org/f/pla306.html,eligible,0,,2253.0,,RePEc
pis15,R. Mark Isaac,Florida State University,http://myweb.fsu.edu/misaac/,https://ideas.repec.org/e/pis15.html,eligible,0,,2254.0,,RePEc
pji14,Juan F Jimeno,Banco de España,https://www.bde.es/investigador/en/menu/people/research_staff_a/Jimeno_Serrano__Juan_Francisco.html,https://ideas.repec.org/e/pji14.html,eligible,0,,2255.0,,RePEc
pri265,Steven G. Rivkin,University of Illinois at Chicago,,https://ideas.repec.org/f/pri265.html,eligible,0,,2256.0,,RePEc
pbe57,Paul Belleflamme,Université Catholique de Louvain,http://www.paulbelleflamme.com,https://ideas.repec.org/e/pbe57.html,eligible,0,,,2256.0,RePEc
pgr216,Edward M. Gramlich,,http://en.wikipedia.org/wiki/Edward_Gramlich,https://ideas.repec.org/f/pgr216.html,deceased,0,,2257.0,,RePEc
pbu145,Domenico Buccella,Akademia Leona Koźmińskiego,,https://ideas.repec.org/e/pbu145.html,eligible,0,,,2257.0,RePEc
pmi250,Jeffrey A Miron,Harvard University,http://www.economics.harvard.edu/faculty/miron/miron.html,https://ideas.repec.org/f/pmi250.html,eligible,0,,2258.0,,RePEc
pri439,Robert Richmond,New York University (NYU),http://robertjrichmond.com,https://ideas.repec.org/f/pri439.html,eligible,0,,,2258.0,RePEc
ple85,Julie Le Gallo,Institut National de Recherche pour l'Agriculture,https://jlegallo.github.io/,https://ideas.repec.org/e/ple85.html,eligible,0,,2536.0,2259.0,RePEc
pst591,Robert M. Stern,,https://fordschool.umich.edu/faculty/robert-stern,https://ideas.repec.org/f/pst591.html,deceased,0,,2260.0,,RePEc
pth101,John Thornton,University of East Anglia,,https://ideas.repec.org/e/pth101.html,eligible,0,,3676.0,2260.0,RePEc
pwu3,Liuren Wu,City University of New York (CUNY),http://faculty.baruch.cuny.edu/lwu/,https://ideas.repec.org/e/pwu3.html,eligible,0,,2261.0,,RePEc
pca496,Alessandra Casella,Columbia University,http://www.columbia.edu/~ac186/,https://ideas.repec.org/f/pca496.html,eligible,0,,2262.0,,RePEc
pbe688,Ariel BenYishay,College of William and Mary,http://research.economics.unsw.edu.au/abenyishay,https://ideas.repec.org/f/pbe688.html,eligible,0,,,2262.0,RePEc
psh947,Minchul Shin,Federal Reserve Bank of Philadelphia,https://mcmcs.github.io,https://ideas.repec.org/f/psh947.html,eligible,0,,,2263.0,RePEc
pst689,David Strömberg,Stockholms Universitet,,https://ideas.repec.org/f/pst689.html,eligible,0,,2264.0,,RePEc
pal212,Luigi Aldieri,Università degli Studi di Salerno,https://www.sites.google.com/site/luigialdieri/,https://ideas.repec.org/f/pal212.html,eligible,0,,,2264.0,RePEc
pla288,Luca Lambertini,Alma Mater Studiorum - Università di Bologna,http://lucalambertini.altervista.org/luca-lambertinis-home-page/?doing_wp_cron=1607329559.1135280132,https://ideas.repec.org/f/pla288.html,eligible,0,,2265.0,,RePEc
ppf31,Michael Pfarrhofer,WU Wirtschaftsuniversität Wien,https://mpfarrho.github.io,https://ideas.repec.org/e/ppf31.html,eligible,0,,,2265.0,RePEc
pei36,Thomas M. Eisenbach,Federal Reserve Bank of New York,http://teisenbach.github.io/,https://ideas.repec.org/e/pei36.html,eligible,0,,,2266.0,RePEc
por6,Peter Francis Orazem,Iowa State University,https://www.econ.iastate.edu/people/peter-orazem,https://ideas.repec.org/e/por6.html,eligible,0,,2267.0,,RePEc
pma894,Julien Martin,Université du Québec à Montréal (UQAM),http://www.julienmartin.eu,https://ideas.repec.org/f/pma894.html,eligible,0,,,2268.0,RePEc
pmo270,Naci H. Mocan,Louisiana State University,http://www.bus.lsu.edu/mocan/,https://ideas.repec.org/f/pmo270.html,eligible,0,,2269.0,,RePEc
pis227,Ryan Israelsen,Michigan State University,http://ryan.israelsen.com,https://ideas.repec.org/f/pis227.html,eligible,0,,,2270.0,RePEc
pst180,Ann Huff Stevens,University of Colorado,,https://ideas.repec.org/e/pst180.html,eligible,0,,2271.0,,RePEc
pma1163,Donato Masciandaro,Università Commerciale Luigi Bocconi,,https://ideas.repec.org/f/pma1163.html,eligible,0,,3218.0,2271.0,RePEc
pwi55,Eyal Winter,Lancaster University,http://www.ma.huji.ac.il/~mseyal/,https://ideas.repec.org/e/pwi55.html,eligible,0,,2272.0,,RePEc
pya480,Olaoluwa Simon Yaya,Centre for Econometrics and Applied Research,http://orcid.org/0000-0002-7554-3507,https://ideas.repec.org/f/pya480.html,eligible,0,,,2272.0,RePEc
pgr247,Paul Gregg,University of Bath,http://www.bristol.ac.uk/cmpo/people/researchers/gregg/,https://ideas.repec.org/f/pgr247.html,eligible,0,,2273.0,,RePEc
pes29,Arturo Estrella,Rensselaer Polytechnic Institute,,https://ideas.repec.org/e/pes29.html,eligible,0,,2274.0,,RePEc
pxu45,Zhiwei Xu,Fudan University,http://xuzhiwei09.wix.com/econ,https://ideas.repec.org/e/pxu45.html,eligible,0,,,2274.0,RePEc
pho173,Anke Hoeffler,"Universität Konstanz, Fachbereich Politik- und Verwaltungswissenschaft (University of Konstanz, Department of Politics and Public Administration)",https://www.polver.uni-konstanz.de/hoeffler/team/prof-dr-anke-hoeffler/,https://ideas.repec.org/e/pho173.html,eligible,0,,2275.0,,RePEc
pte24,Pedro Teles,Banco de Portugal,http://www.clsbe.lisboa.ucp.pt/docentes/url/pteles/,https://ideas.repec.org/e/pte24.html,eligible,0,,3643.0,2275.0,RePEc
pho27,Daniel Houser,George Mason University,http://mason.gmu.edu/~dhouser,https://ideas.repec.org/e/pho27.html,eligible,0,,2276.0,2955.0,RePEc
pvu51,Trung Vu,Loughborough University,https://sites.google.com/view/trungvuecons,https://ideas.repec.org/e/pvu51.html,eligible,0,,,2276.0,RePEc
pno87,Haitham Nobanee,Abu Dhabi University,,https://ideas.repec.org/e/pno87.html,eligible,0,,,2277.0,RePEc
psc107,"Arthur Jan Hendricus Christoffel Schram, Jr.",Universiteit van Amsterdam,https://www.creedexperiment.nl/creed/people.php?name=arthur,https://ideas.repec.org/e/psc107.html,eligible,0,,2361.0,2278.0,RePEc
pke88,Murray C. Kemp,,,https://ideas.repec.org/e/pke88.html,deceased,0,,2279.0,,RePEc
pni15,Cheti Nicoletti,University of York,http://www.york.ac.uk/economics/our-people/staff-profiles/cheti-nicoletti/,https://ideas.repec.org/e/pni15.html,eligible,0,,,2279.0,RePEc
pst856,Marshall I. Steinbaum,University of Utah,https://marshallsteinbaum.org/,https://ideas.repec.org/f/pst856.html,eligible,0,,,2280.0,RePEc
ppa129,M. Daniele Paserman,Boston University,https://people.bu.edu/paserman,https://ideas.repec.org/e/ppa129.html,eligible,0,,2281.0,,RePEc
pas75,David Aschauer,,http://www.bates.edu/news/2011/08/25/aschauer-death-announcement/,https://ideas.repec.org/e/pas75.html,deceased,0,,2282.0,,RePEc
pmu612,Alen Mulabdic,World Bank Group,https://sites.google.com/view/mulabdic,https://ideas.repec.org/f/pmu612.html,eligible,0,,,2282.0,RePEc
pgu29,Timothy Guinnane,Yale University,https://sites.google.com/site/timothywguinnanec/,https://ideas.repec.org/e/pgu29.html,eligible,0,,2283.0,,RePEc
phe438,Juan Herreño,Columbia University,https://sites.google.com/view/juanherreno,https://ideas.repec.org/f/phe438.html,eligible,0,,,2283.0,RePEc
pgo236,Lorenz Goette,Université de Lausanne,http://www.hec.unil.ch/people/lgoette,https://ideas.repec.org/f/pgo236.html,eligible,0,,2284.0,,RePEc
pni105,Shmuel Nitzan,Bar Ilan University,,https://ideas.repec.org/e/pni105.html,eligible,0,,2285.0,,RePEc
pfo180,Kevin J. Fox,UNSW Sydney,,https://ideas.repec.org/e/pfo180.html,eligible,0,,,2285.0,RePEc
pbe413,Eric P. Bettinger,Stanford University,,https://ideas.repec.org/f/pbe413.html,eligible,0,,2286.0,3692.0,RePEc
phe219,Berthold Herrendorf,,http://wpcarey.asu.edu/directory/stafffaculty.cfm?cobid=2148031,https://ideas.repec.org/f/phe219.html,deceased,0,,2345.0,2287.0,RePEc
pwe7,John Allan Weymark,Vanderbilt University,,https://ideas.repec.org/e/pwe7.html,eligible,0,,2288.0,,RePEc
pbe425,Rene Belderbos,KU Leuven,,https://ideas.repec.org/f/pbe425.html,eligible,0,,2989.0,2288.0,RePEc
pwo95,Stefan C. Wolter,Universität Bern,https://www.ffb.unibe.ch/index_eng.html,https://ideas.repec.org/e/pwo95.html,eligible,0,,,2289.0,RePEc
pmo473,Ruud A. de Mooij,International Monetary Fund (IMF),,https://ideas.repec.org/f/pmo473.html,eligible,0,,2290.0,,RePEc
pco368,Jean-Louis Combes,Université d'Orléans,https://orcid.org/0000-0002-2636-3155,https://ideas.repec.org/f/pco368.html,eligible,0,,,2290.0,RePEc
pse40,Uzi Segal,Boston College,,https://ideas.repec.org/e/pse40.html,eligible,0,,2291.0,,RePEc
pfr40,Ugo Fratesi,"Politecnico di Milano, Department of Architecture, Built Environment and Construction Engineering (ABC)",https://www.fratesi.net,https://ideas.repec.org/e/pfr40.html,eligible,0,,,2291.0,RePEc
pga26,Pietro Garibaldi,Università degli Studi di Torino,http://www.carloalberto.org/people/garibaldi/,https://ideas.repec.org/e/pga26.html,eligible,0,,2292.0,,RePEc
pch1472,Michael Christl,Universidad Loyola Andalucía,https://sites.google.com/view/michael-christl,https://ideas.repec.org/f/pch1472.html,eligible,0,,,2292.0,RePEc
pmo351,Catherine J. Morrison Paul,,http://www.news.ucdavis.edu/search/news_detail.lasso?id=9550,https://ideas.repec.org/f/pmo351.html,deceased,0,,2293.0,,RePEc
pzh43,Xiaodong Zhu,University of Hong Kong,http://www.xiaodongzhu.net,https://ideas.repec.org/e/pzh43.html,eligible,0,,2294.0,2804.0,RePEc
ple621,Adrian Lee,Deakin University,http://datasearch.uts.edu.au/business/staff/finance/details.cfm?StaffId=8430,https://ideas.repec.org/f/ple621.html,eligible,0,,,2294.0,RePEc
pos39,Emily Oster,Brown University,http://home.uchicago.edu/~eoster/,https://ideas.repec.org/e/pos39.html,eligible,0,,2295.0,,RePEc
pna555,Nader Naifar,"College of Economics and Administrative Sciences,Al Imam Mohammad Ibn Saud Islamic University (IMSIU)",https://scholar.google.com/citations?user=ZhbgTmMAAAAJ&hl=en,https://ideas.repec.org/f/pna555.html,eligible,0,,,2295.0,RePEc
pco678,Alma Cohen,,,https://ideas.repec.org/f/pco678.html,eligible,0,,2296.0,,RePEc
pha89,Galina Hale,University of California-Santa Cruz (UCSC),https://sites.google.com/view/galinahale/,https://ideas.repec.org/e/pha89.html,eligible,0,,2881.0,2297.0,RePEc
pmc38,Peter McAdam,European Central Bank,https://sites.google.com/site/petermcadamshomepage/home,https://ideas.repec.org/e/pmc38.html,eligible,0,,2298.0,3087.0,RePEc
psh533,Han Lin Shang,Macquarie University,https://researchers.mq.edu.au/en/persons/hanlin-shang,https://ideas.repec.org/f/psh533.html,eligible,0,,,2298.0,RePEc
pru142,Thomas F. Rutherford,University of Wisconsin-Madison,http://www.cepe.ethz.ch/people/profs/thomarut,https://ideas.repec.org/e/pru142.html,eligible,0,,2299.0,,RePEc
pfr395,Rebecca Ann Freeman,Bank of England,https://sites.google.com/view/rebeccafreeman/home,https://ideas.repec.org/f/pfr395.html,eligible,0,,,2299.0,RePEc
pte2,Leigh Tesfatsion,Iowa State University,https://www.econ.iastate.edu/tesfatsi/,https://ideas.repec.org/e/pte2.html,eligible,0,,2300.0,,RePEc
pca881,Mark A. Carlson,Federal Reserve Board (Board of Governors of the Federal Reserve System),http://www.federalreserve.gov/econresdata/mark-a-carlson.htm,https://ideas.repec.org/f/pca881.html,eligible,0,,3328.0,2300.0,RePEc
ppe19,Franco Peracchi,Istituto Einaudi per l'Economia e la Finanza (EIEF),http://www.eief.it/eief/index.php/people/faculty-az?id=174,https://ideas.repec.org/e/ppe19.html,eligible,0,,2301.0,2343.0,RePEc
pfi86,Günther Fink,Universität Basel,https://scholar.google.com/citations?user=NGJS9vkAAAAJ&hl=en,https://ideas.repec.org/e/pfi86.html,eligible,0,,,2301.0,RePEc
pde200,Olivier De Jonghe,Nationale Bank van België/Banque national de Belqique (BNB),https://sites.google.com/site/olivierdejonghe/,https://ideas.repec.org/e/pde200.html,eligible,0,,,2302.0,RePEc
pgu327,Alan L. Gustman,Dartmouth College,https://sites.dartmouth.edu/agustman/,https://ideas.repec.org/f/pgu327.html,eligible,0,,2303.0,,RePEc
pcl142,Robert Clark,Queen's University,http://www.econ.queensu.ca/faculty/clark,https://ideas.repec.org/e/pcl142.html,eligible,0,,,2303.0,RePEc
pni171,Wolfgang Nierhaus,ifo Institut - Leibniz-Institut für Wirtschaftsforschung an der Universität München e.V.,,https://ideas.repec.org/e/pni171.html,eligible,0,,2304.0,,RePEc
pla809,Jean Olson Lanjouw,,,https://ideas.repec.org/f/pla809.html,deceased,0,,2306.0,,RePEc
pzh636,Lianming Zhu,Osaka University,http://lianmingzhu.weebly.com/,https://ideas.repec.org/f/pzh636.html,eligible,0,,,2306.0,RePEc
pka128,Eugene Kandel,Hebrew University of Jerusalem,,https://ideas.repec.org/e/pka128.html,eligible,0,,2307.0,,RePEc
par153,Rabah Arezki,Université Clermont Auvergne,,https://ideas.repec.org/e/par153.html,eligible,0,,2791.0,2307.0,RePEc
pkh243,M. Ali Khan,Johns Hopkins University,http://econ.jhu.edu/directory/m-ali-khan/,https://ideas.repec.org/f/pkh243.html,eligible,0,,2308.0,,RePEc
png237,Ngo Quang Thanh,Học viện chính trị khu vực 2,,https://ideas.repec.org/f/png237.html,eligible,0,,,2308.0,RePEc
pga530,Peter N. Gal,Organisation de Coopération et de Développement Économiques (OCDE),https://sites.google.com/site/petergalswebsite/,https://ideas.repec.org/f/pga530.html,eligible,0,,,2309.0,RePEc
pzh220,Jidong Zhou,Yale University,http://sites.google.com/site/jidongzhou77/,https://ideas.repec.org/f/pzh220.html,eligible,0,,,2310.0,RePEc
psa521,Fabio Gaetano Santeramo,European University Institute,http://www.fabiosanteramo.net,https://ideas.repec.org/f/psa521.html,eligible,0,,,2311.0,RePEc
psk75,Emmanuel Skoufias,World Bank Group,,https://ideas.repec.org/e/psk75.html,eligible,0,,2312.0,,RePEc
pca279,Emilio Calvano,Libera Università Internazionale degli Studi Sociali Guido Carli (LUISS),http://emiliocalvano.wix.com/emiliocalvano,https://ideas.repec.org/f/pca279.html,eligible,0,,,2312.0,RePEc
pge82,Thomas P. Gehrig,Universität Wien,http://homepage.univie.ac.at/thomas.gehrig/,https://ideas.repec.org/e/pge82.html,eligible,0,,2313.0,3248.0,RePEc
pha381,Philip A. Haile,Yale University,http://www.econ.yale.edu/~pah29/,https://ideas.repec.org/f/pha381.html,eligible,0,,2314.0,,RePEc
pwr23,Brian Davern Wright,University of California-Berkeley,http://are.berkeley.edu/~wright,https://ideas.repec.org/e/pwr23.html,eligible,0,,2316.0,,RePEc
pey2,Aurélien Eyquem,Université de Lausanne,http://aeyq.free.fr/,https://ideas.repec.org/e/pey2.html,eligible,0,,,2316.0,RePEc
pvo43,Stefan Voigt,Universität Hamburg,https://www.jura.uni-hamburg.de/die-fakultaet/personenverzeichnis/voigt-stefan.html,https://ideas.repec.org/e/pvo43.html,eligible,0,,2317.0,2382.0,RePEc
psa1125,Felipe E. Saffie,University of Virginia,https://sites.google.com/site/fesaffie/,https://ideas.repec.org/f/psa1125.html,eligible,0,,,2317.0,RePEc
pse334,Martin Sefton,University of Nottingham,,https://ideas.repec.org/f/pse334.html,eligible,0,,2318.0,,RePEc
pfu124,Andreas Fuchs,Georg-August-Universität Göttingen,http://www.andreas-fuchs.net,https://ideas.repec.org/e/pfu124.html,eligible,0,,,2318.0,RePEc
phy28,Joshua Hyman,Amherst College,http://www-personal.umich.edu/~jmhyman/,https://ideas.repec.org/e/phy28.html,eligible,0,,,2319.0,RePEc
pam56,Rabah Amir,University of Iowa,,https://ideas.repec.org/e/pam56.html,eligible,0,,2320.0,,RePEc
pye63,M. Bumin Yenmez,Washington University in St. Louis,https://sites.google.com/view/buminyenmez,https://ideas.repec.org/e/pye63.html,eligible,0,,,2320.0,RePEc
pst825,Federico Sturzenegger,Universidad de San Andrés,,https://ideas.repec.org/f/pst825.html,eligible,0,,2321.0,,RePEc
pal407,Piergiorgio Alessandri,Banca d'Italia,,https://ideas.repec.org/f/pal407.html,eligible,0,,,2321.0,RePEc
pmi131,Ilian Mihov,INSEAD,http://faculty.insead.edu/mihov/,https://ideas.repec.org/e/pmi131.html,eligible,0,,2322.0,,RePEc
pho142,Andreas Hornstein,Federal Reserve Bank of Richmond,,https://ideas.repec.org/e/pho142.html,eligible,0,,2323.0,,RePEc
pwa898,Zhi Wang,Tsinghua University,https://schar.gmu.edu/about/faculty-directory/zhi-wang,https://ideas.repec.org/f/pwa898.html,eligible,0,,2687.0,2323.0,RePEc
pca309,Roberta Capello,,,https://ideas.repec.org/f/pca309.html,eligible,0,,2324.0,2704.0,RePEc
psh254,Paul Richard Sharp,Syddansk Universitet,https://pauls.staff.sdu.dk/,https://ideas.repec.org/f/psh254.html,eligible,0,,,2324.0,RePEc
pmc78,Daniel McMillen,University of Illinois at Urbana-Champaign,https://netfiles.uiuc.edu/mcmillen/www/,https://ideas.repec.org/e/pmc78.html,eligible,0,,2325.0,,RePEc
pdu242,Ruben Durante,Sciences Po,http://www.rubendurante.net,https://ideas.repec.org/f/pdu242.html,eligible,0,,,2325.0,RePEc
psp34,Pablo T. Spiller,University of California-Berkeley,https://haas.berkeley.edu/faculty/spiller-pablo/,https://ideas.repec.org/e/psp34.html,eligible,0,,2326.0,,RePEc
pco1173,Anna Marie Costello,University of Chicago,http://annamcostello.com/,https://ideas.repec.org/f/pco1173.html,eligible,0,,,2326.0,RePEc
psu42,Donggyu Sul,University of Texas-Dallas,https://personal.utdallas.edu/~d.sul/,https://ideas.repec.org/e/psu42.html,eligible,0,,2327.0,,RePEc
pbi297,John Erik Bistline,Electric Power Research Institute,https://esca.epri.com/research-staff.html,https://ideas.repec.org/f/pbi297.html,eligible,0,,,2327.0,RePEc
pst237,Tomasz Strzalecki,Harvard University,http://scholar.harvard.edu/tomasz/,https://ideas.repec.org/f/pst237.html,eligible,0,,2328.0,,RePEc
ppe377,Nico Pestel,Maastricht University,https://sites.google.com/site/pestelecon/,https://ideas.repec.org/f/ppe377.html,eligible,0,,,2328.0,RePEc
pma404,Sophocles Mavroeidis,Oxford University,https://sites.google.com/site/sophoclesmavroeidis/,https://ideas.repec.org/f/pma404.html,eligible,0,,3519.0,2329.0,RePEc
pel126,Michael Elsby,University of Edinburgh,https://www.ed.ac.uk/profile/prof-mike-elsby,https://ideas.repec.org/e/pel126.html,eligible,0,,2330.0,3609.0,RePEc
pas39,M Niaz Asadullah,University of Dhaka,http://www.niazasadullah.com/,https://ideas.repec.org/e/pas39.html,eligible,0,,,2330.0,RePEc
pmo418,Donald P. Morgan,Federal Reserve Bank of New York,,https://ideas.repec.org/f/pmo418.html,eligible,0,,2331.0,,RePEc
pch1400,Garret S. Christensen,Government of the United States,http://www.ocf.berkeley.edu/~garret,https://ideas.repec.org/f/pch1400.html,eligible,0,,,2332.0,RePEc
pra93,D.s. Prasada Rao,University of Queensland,https://economics.uq.edu.au/profile/2330/prasada-rao,https://ideas.repec.org/e/pra93.html,eligible,0,,2333.0,,RePEc
pse150,Almudena Sevilla,London School of Economics (LSE),https://www.iza.org/person/2834/almudena-sevilla,https://ideas.repec.org/e/pse150.html,eligible,0,,,2333.0,RePEc
pfl14,Raymond J.g.m. Florax,,,https://ideas.repec.org/e/pfl14.html,deceased,0,,2334.0,,RePEc
poc37,Jose Antonio Ocampo,Banco de la Republica de Colombia,,https://ideas.repec.org/e/poc37.html,eligible,0,,2336.0,,RePEc
pch1419,Michael Choi,University of California-Irvine,http://michaelyfchoi.weebly.com/,https://ideas.repec.org/f/pch1419.html,eligible,0,,,2336.0,RePEc
ptr85,Nicolas Treich,Toulouse School of Economics (TSE),http://www.nicolastreich.com,https://ideas.repec.org/e/ptr85.html,eligible,0,,3320.0,2337.0,RePEc
pra615,Ronald A. Ratti,University of Missouri,http://ronaldratti.com,https://ideas.repec.org/f/pra615.html,eligible,0,,2338.0,,RePEc
pag128,Nikhil Agarwal,Massachusetts Institute of Technology (MIT),http://economics.mit.edu/faculty/agarwaln,https://ideas.repec.org/e/pag128.html,eligible,0,,,2338.0,RePEc
pwi198,John V. Winters,Iowa State University,https://sites.google.com/site/johnvwinters/,https://ideas.repec.org/e/pwi198.html,eligible,0,,,2339.0,RePEc
pkr231,Claus Thustrup Kreiner,Københavns Universitet,http://www.econ.ku.dk/ctk,https://ideas.repec.org/f/pkr231.html,eligible,0,,2340.0,2368.0,RePEc
pkr59,Oleksiy Kryvtsov,Bank of Canada,https://sites.google.com/site/okryvtsov/,https://ideas.repec.org/e/pkr59.html,eligible,0,,,2340.0,RePEc
pru3,Francisco J. Ruge-Murcia,McGill University,https://sites.google.com/site/frugemurcia/,https://ideas.repec.org/e/pru3.html,eligible,0,,2341.0,,RePEc
par455,Anil Ari,International Monetary Fund (IMF),https://sites.google.com/site/anlari,https://ideas.repec.org/f/par455.html,eligible,0,,,2341.0,RePEc
poz96,Ali K. Ozdagli,Federal Reserve Bank of Dallas,http://www.ozdagli.org,https://ideas.repec.org/e/poz96.html,eligible,0,,,2342.0,RePEc
pwh13,Charles H. Whiteman,Pennsylvania State University,,https://ideas.repec.org/e/pwh13.html,eligible,0,,2343.0,,RePEc
ple321,Daniel Lederman,Texas A&M University,http://sites.google.com/site/danielledermanworldbank/,https://ideas.repec.org/f/ple321.html,eligible,0,,2344.0,,RePEc
pmi665,Seyed Hossein Mirjalili,Institute for Humanities and Cultural Studies,http://hosein.mirjalili.com,https://ideas.repec.org/f/pmi665.html,eligible,0,,,2344.0,RePEc
ptr184,Nicholas Trachter,Federal Reserve Bank of Richmond,https://sites.google.com/site/trachter/,https://ideas.repec.org/e/ptr184.html,eligible,0,,,2345.0,RePEc
pth225,Owen Thompson,Williams College,https://sites.google.com/site/othompsonecon/,https://ideas.repec.org/f/pth225.html,eligible,0,,,2346.0,RePEc
pbe63,John Beghin,University of Nebraska,https://agecon.unl.edu/beghin,https://ideas.repec.org/e/pbe63.html,eligible,0,,2347.0,,RePEc
pce28,David Cesarini,New York University (NYU),https://sites.google.com/a/nyu.edu/dac12/,https://ideas.repec.org/e/pce28.html,eligible,0,,3223.0,2347.0,RePEc
pmc28,Kevin McCabe,George Mason University,,https://ideas.repec.org/e/pmc28.html,eligible,0,,2348.0,,RePEc
pme773,Walid Mensi,Université de Tunis El Manar,,https://ideas.repec.org/f/pme773.html,eligible,0,,,2348.0,RePEc
pme156,Jacques Melitz,,,https://ideas.repec.org/e/pme156.html,deceased,0,,2349.0,,RePEc
pva1035,Jose Vasquez,London School of Economics (LSE),https://jpvasquez-econ.github.io,https://ideas.repec.org/f/pva1035.html,eligible,0,,,2349.0,RePEc
pco156,Matthew A. Cole,University of Birmingham,http://www.birmingham.ac.uk/economics-matt-cole,https://ideas.repec.org/e/pco156.html,eligible,0,,2350.0,,RePEc
png286,Nicholas Ngepah,University of Johannesburg,,https://ideas.repec.org/f/png286.html,eligible,0,,,2350.0,RePEc
psb1,Argia Sbordone,Federal Reserve Bank of New York,http://www.newyorkfed.org/research/economists/sbordone/index.html,https://ideas.repec.org/e/psb1.html,eligible,0,,2351.0,,RePEc
pgl52,Andy Glover,Federal Reserve Bank of Kansas City,http://www.andyglover.com,https://ideas.repec.org/e/pgl52.html,eligible,0,,,2351.0,RePEc
pbr854,Lee G. Branstetter,Carnegie Mellon University,https://www.heinz.cmu.edu/faculty-research/profiles/branstetter-lee,https://ideas.repec.org/f/pbr854.html,eligible,0,,2352.0,,RePEc
pbl237,Joshua Evan Blumenstock,"University of California, Berkeley, School of Information",http://www.jblumenstock.com,https://ideas.repec.org/f/pbl237.html,eligible,0,,,2352.0,RePEc
pos1,Martin J. Osborne,University of Toronto,http://www.economics.utoronto.ca/osborne/index.html,https://ideas.repec.org/e/pos1.html,eligible,0,,2353.0,,RePEc
pho867,Mohammad Enamul Hoque,Brac University,,https://ideas.repec.org/f/pho867.html,eligible,0,,,2353.0,RePEc
psr34,David Alexandre Sraer,University of California-Berkeley,http://faculty.haas.berkeley.edu/dsraer/,https://ideas.repec.org/e/psr34.html,eligible,0,,2355.0,2816.0,RePEc
pgh122,Mahdi Ghodsi,Wiener Institut für Internationale Wirtschaftsvergleiche (WIIW),http://wiiw.ac.at/mahdi-ghodsi-s-1042.html,https://ideas.repec.org/e/pgh122.html,eligible,0,,,2355.0,RePEc
pca89,Jeffrey Campbell,University of Notre Dame,http://www.jyrc.org,https://ideas.repec.org/e/pca89.html,eligible,0,,2356.0,,RePEc
pab252,Girum Abebe Tefera,World Bank Group,,https://ideas.repec.org/f/pab252.html,eligible,0,,,2356.0,RePEc
pda295,Claude d'Aspremont,Université Catholique de Louvain,http://www.di.ens.fr/~aspremon/Claude/,https://ideas.repec.org/f/pda295.html,eligible,0,,2357.0,,RePEc
pmi187,Tomasz Marek Mickiewicz,Aston University,,https://ideas.repec.org/e/pmi187.html,eligible,0,,3523.0,2357.0,RePEc
pwe284,Heinz Welsch,,,https://ideas.repec.org/f/pwe284.html,deceased,0,,2359.0,,RePEc
pho631,Felix Holzmeister,Leopold-Franzens-Universität Innsbruck,https://www.holzmeister.biz/,https://ideas.repec.org/f/pho631.html,eligible,0,,,2359.0,RePEc
pxi26,Zhijie Xiao,Boston College,,https://ideas.repec.org/e/pxi26.html,eligible,0,,2360.0,,RePEc
pco203,Thomas Cornelissen,University of Essex,http://sites.google.com/site/thomascornelissen/,https://ideas.repec.org/f/pco203.html,eligible,0,,,2360.0,RePEc
pny20,Martin Nybom,Government of Sweden,,https://ideas.repec.org/e/pny20.html,eligible,0,,,2362.0,RePEc
pgi20,Raffaella Giacomini,University College London (UCL),http://raffaellagiacomini.wix.com/research,https://ideas.repec.org/e/pgi20.html,eligible,0,,2363.0,3450.0,RePEc
ppr155,Seth Pruitt,Arizona State University,http://www.sethpruitt.net,https://ideas.repec.org/e/ppr155.html,eligible,0,,,2364.0,RePEc
ple252,James P. LeSage,University of Toledo,http://www.spatial-econometrics.com,https://ideas.repec.org/f/ple252.html,eligible,0,,2365.0,3696.0,RePEc
pfa240,Serena Fatica,European Commission,https://sites.google.com/view/serenafatica/homepage,https://ideas.repec.org/f/pfa240.html,eligible,0,,,2365.0,RePEc
pta692,Jenny Tang,Federal Reserve Bank of Boston,https://sites.google.com/site/jennytangecon/,https://ideas.repec.org/f/pta692.html,eligible,0,,,2366.0,RePEc
pmo364,Michel Moreaux,,https://www.tse-fr.eu/people/michel-moreaux,https://ideas.repec.org/f/pmo364.html,deceased,0,,2367.0,,RePEc
pbl175,Arthur Blouin,University of Toronto,https://www.economics.utoronto.ca/blouinar/,https://ideas.repec.org/e/pbl175.html,eligible,0,,,2367.0,RePEc
pst44,Thomas Stratmann,George Mason University,https://publicchoice.gmu.edu/thomas-stratmann,https://ideas.repec.org/e/pst44.html,eligible,0,,2368.0,,RePEc
pfr43,Roland Fryer,Harvard University,http://post.economics.harvard.edu/faculty/fryer/fryer.html,https://ideas.repec.org/e/pfr43.html,eligible,0,,2369.0,,RePEc
pgr605,Luca Grilli,Politecnico di Milano,,https://ideas.repec.org/f/pgr605.html,eligible,0,,3597.0,2369.0,RePEc
pdu147,Bhaskar Dutta,Ashoka University,,https://ideas.repec.org/e/pdu147.html,eligible,0,,2370.0,,RePEc
phi238,Christian Hirsch,Deutsche Bundesbank,,https://ideas.repec.org/f/phi238.html,eligible,0,,,2371.0,RePEc
pbj6,Anders Bjorklund,Stockholms Universitet,http://www.sofi.su.se/~abj/,https://ideas.repec.org/e/pbj6.html,eligible,0,,2373.0,,RePEc
pty6,Joanna Tyrowicz,Group for Research in Applied Economics (GRAPE),http://grape.org.pl/jtyrowicz,https://ideas.repec.org/e/pty6.html,eligible,0,,,2373.0,RePEc
pgr508,Jean-Michel Grandmont,Centre de Recherche en Économie et Statistique (CREST),https://crest.science/user/Jean-Michel-GRANDMONT/,https://ideas.repec.org/f/pgr508.html,eligible,0,,2374.0,,RePEc
pho549,Michael Olaf Hoel,Universitetet i Oslo,,https://ideas.repec.org/f/pho549.html,eligible,0,,2375.0,,RePEc
pma3641,Michelle Marcus,Vanderbilt University,http://www.michellemmarcus.com,https://ideas.repec.org/f/pma3641.html,eligible,0,,,2375.0,RePEc
pre371,David Reiley,"Google, Inc.",http://www.davidreiley.com,https://ideas.repec.org/f/pre371.html,eligible,0,,2376.0,,RePEc
pma2570,Kanika Mahajan,Ashoka University,https://sites.google.com/view/kanikamahajan,https://ideas.repec.org/f/pma2570.html,eligible,0,,,2376.0,RePEc
pfi154,Rune Dahl Fitjar,Universitetet i Stavanger,http://www.fitjar.net,https://ideas.repec.org/e/pfi154.html,eligible,0,,,2377.0,RePEc
psh404,Shuping Shi,Macquarie University,http://sites.google.com/site/shupingshi/home/,https://ideas.repec.org/f/psh404.html,eligible,0,,,2378.0,RePEc
pde20,Gianni De Fraja,University of Nottingham,http://sites.google.com/site/giannidefraja/,https://ideas.repec.org/e/pde20.html,eligible,0,,2379.0,,RePEc
pde1027,Filippo De Marco,Università Commerciale Luigi Bocconi,http://mypage.unibocconi.eu/filippodemarco/,https://ideas.repec.org/f/pde1027.html,eligible,0,,,2379.0,RePEc
pca168,Antoni Calvó-Armengol,,,https://ideas.repec.org/e/pca168.html,deceased,0,,2380.0,,RePEc
pra611,Ferdinand Rauch,Universität St. Gallen,https://www.awi.uni-heidelberg.de/professuren/amnpoe/index.html,https://ideas.repec.org/f/pra611.html,eligible,0,,,2380.0,RePEc
pbo305,Eric W. Bond,Vanderbilt University,https://sites.google.com/view/ericwbond,https://ideas.repec.org/f/pbo305.html,eligible,0,,2381.0,,RePEc
ppa551,Luigi Pascali,Libera Università Internazionale degli Studi Sociali Guido Carli (LUISS),https://www.luigipascali.com,https://ideas.repec.org/f/ppa551.html,eligible,0,,,2381.0,RePEc
pla570,Susan K. Laury,Georgia State University,,https://ideas.repec.org/f/pla570.html,eligible,0,,2382.0,,RePEc
pri210,David A. Rivers,Washington University in St. Louis,https://sites.google.com/view/davidarivers,https://ideas.repec.org/f/pri210.html,eligible,0,,,2383.0,RePEc
pba894,Anindya Banerjee,University of Birmingham,,https://ideas.repec.org/f/pba894.html,eligible,0,,2384.0,,RePEc
ppi140,Matteo Picchio,Università Politecnica delle Marche,http://sites.google.com/site/matteopicchio/,https://ideas.repec.org/e/ppi140.html,eligible,0,,,2384.0,RePEc
pen41,Ruben Enikolopov,Barcelona School of Economics (BSE),https://sites.google.com/site/rubenenikolopov/,https://ideas.repec.org/e/pen41.html,eligible,0,,3171.0,2385.0,RePEc
pki15,Gebhard Kirchgässner,,http://www.siaw.unisg.ch/org/siaw/web.nsf/wwwPubPersonEng/Kirchg%C3%A4ssner+Gebhard?opendocument,https://ideas.repec.org/e/pki15.html,deceased,0,,2386.0,,RePEc
pli1224,Danielle Li,Massachusetts Institute of Technology (MIT),,https://ideas.repec.org/f/pli1224.html,eligible,0,,,2386.0,RePEc
pla654,Rasmus Landersø,Rockwool Fondens Forskningsenhed (RFF),https://sites.google.com/site/rlandersoe/,https://ideas.repec.org/f/pla654.html,eligible,0,,,2387.0,RePEc
pmo593,Peter J. Montiel,Williams College,,https://ideas.repec.org/f/pmo593.html,eligible,0,,2388.0,,RePEc
pma140,John G. Matsusaka,University of Southern California,http://www.johnmatsusaka.com,https://ideas.repec.org/e/pma140.html,eligible,0,,2389.0,,RePEc
pbi263,Nicola Bianchi,Northwestern University,http://www.bianchinicola.com,https://ideas.repec.org/f/pbi263.html,eligible,0,,,2389.0,RePEc
ppo702,Devin Pope,University of Chicago,,https://ideas.repec.org/f/ppo702.html,eligible,0,,2390.0,3493.0,RePEc
pmi87,Raoul Minetti,Michigan State University,http://www.msu.edu/~minetti/,https://ideas.repec.org/e/pmi87.html,eligible,0,,2745.0,2390.0,RePEc
pru241,Vernon W. Ruttan,,http://www.nasonline.org/member-directory/deceased-members/50953.html,https://ideas.repec.org/f/pru241.html,deceased,0,,2391.0,,RePEc
pto34,Maximo Torero,United Nations,http://maximotorero.com,https://ideas.repec.org/e/pto34.html,eligible,0,,2392.0,,RePEc
pau92,Patrick Augustin,McGill University,http://patrickaugustin.ca/,https://ideas.repec.org/e/pau92.html,eligible,0,,,2392.0,RePEc
psp16,Antonio Spilimbergo,University of Michigan,http://www.antoniospilimbergo.com/,https://ideas.repec.org/e/psp16.html,eligible,0,,2393.0,,RePEc
ppa5,Stephen Parente,University of Illinois at Urbana-Champaign,https://economics.illinois.edu/profile/parente,https://ideas.repec.org/e/ppa5.html,eligible,0,,2394.0,,RePEc
phe640,Daniel Herbst,University of Arizona,http://www.danjherbst.com,https://ideas.repec.org/f/phe640.html,eligible,0,,,2394.0,RePEc
plu199,Erzo G.j. Luttmer,University of Minnesota,http://www.luttmer.org,https://ideas.repec.org/e/plu199.html,eligible,0,,2395.0,,RePEc
pch138,Yuyu Chen,Peking University,,https://ideas.repec.org/e/pch138.html,eligible,0,,3388.0,2395.0,RePEc
pca1469,Mark Casson,University of Reading,,https://ideas.repec.org/f/pca1469.html,eligible,0,,2396.0,,RePEc
pma831,Benjamin M. Marx,University of Illinois at Urbana-Champaign,https://sites.google.com/site/benjaminmmarx/,https://ideas.repec.org/f/pma831.html,eligible,0,,,2396.0,RePEc
pth3,Jonathan Thomas,University of Edinburgh,http://homepages.ed.ac.uk/jthomas1/,https://ideas.repec.org/e/pth3.html,eligible,0,,2397.0,,RePEc
pwi197,Tomas Williams,George Washington University,http://tomas-williams.com/,https://ideas.repec.org/e/pwi197.html,eligible,0,,,2397.0,RePEc
pke44,Donald S. Kenkel,Cornell University,,https://ideas.repec.org/e/pke44.html,eligible,0,,2398.0,,RePEc
ppe651,João Paulo Cordeiro de Noronha Pessoa,Fundação Getúlio Vargas (FGV),,https://ideas.repec.org/f/ppe651.html,eligible,0,,,2399.0,RePEc
psq3,Lyn Squire,,,https://ideas.repec.org/e/psq3.html,eligible,0,,2400.0,,RePEc
pig12,Deniz Igan,International Monetary Fund (IMF),https://www.imf.org/en/Research/Researcher-CV/Author/Igan-Deniz?AuthID=163#Background,https://ideas.repec.org/e/pig12.html,eligible,0,,2858.0,2400.0,RePEc
ppf1,Michael Pfaffermayr,Leopold-Franzens-Universität Innsbruck,https://eeecon.uibk.ac.at/~pfaffermayr/,https://ideas.repec.org/e/ppf1.html,eligible,0,,2401.0,,RePEc
pdo381,Laura Doval,Columbia University,http://www.laura-doval.com,https://ideas.repec.org/f/pdo381.html,eligible,0,,,2401.0,RePEc
pha10,Nikolaus Hautsch,Universität Wien,http://homepage.univie.ac.at/nikolaus.hautsch/,https://ideas.repec.org/e/pha10.html,eligible,0,,2402.0,,RePEc
pma2923,Matthew A. Masten,Duke University,http://www.mattmasten.com,https://ideas.repec.org/f/pma2923.html,eligible,0,,,2402.0,RePEc
ple206,Peter T. Leeson,George Mason University,https://www.PeterLeeson.com,https://ideas.repec.org/f/ple206.html,eligible,0,,2403.0,,RePEc
pst385,Dalibor Stevanovic,Université du Québec à Montréal (UQAM),http://www.stevanovic.uqam.ca,https://ideas.repec.org/f/pst385.html,eligible,0,,,2403.0,RePEc
psh195,Manisha Shah,University of California-Berkeley,https://manishashah.net,https://ideas.repec.org/e/psh195.html,eligible,0,,3579.0,2404.0,RePEc
pha227,Timothy H. Hannan,Federal Reserve Board (Board of Governors of the Federal Reserve System),,https://ideas.repec.org/f/pha227.html,eligible,0,,2405.0,,RePEc
pma178,Mark Machina,University of California-San Diego (UCSD),http://econ.ucsd.edu/~mmachina/,https://ideas.repec.org/e/pma178.html,eligible,0,,2406.0,,RePEc
pba341,Uschi Backes-Gellner,Universität Zürich,https://www.business.uzh.ch/de/research/professorships/emap/team/uschibackes.html,https://ideas.repec.org/f/pba341.html,eligible,0,,3204.0,2406.0,RePEc
pte49,Marco E. Terrones,Universidad del Pacífico,http://www.marcoterrones.com/,https://ideas.repec.org/e/pte49.html,eligible,0,,2407.0,,RePEc
pco1032,Jacob Conway,University of Chicago,,https://ideas.repec.org/f/pco1032.html,eligible,0,,,2407.0,RePEc
pzo41,Gylfi Zoega,Háskóla Íslands,,https://ideas.repec.org/e/pzo41.html,eligible,0,,2408.0,,RePEc
pgr370,Terry Gregory,Luxembourg Institute of Socio-Economic Research (LISER),https://sites.google.com/view/terrygregory,https://ideas.repec.org/f/pgr370.html,eligible,0,,,2408.0,RePEc
pce40,Giovanni Cerulli,Consiglio Nazionale delle Ricerche,http://www2.ceris.cnr.it/cerulli/home.htm,https://ideas.repec.org/e/pce40.html,eligible,0,,,2409.0,RePEc
pma1399,Simen Markussen,Universitetet i Oslo,http://www.frisch.uio.no/cv/simenm_eng.html,https://ideas.repec.org/f/pma1399.html,eligible,0,,,2410.0,RePEc
psc169,Ludger Schuknecht,Asian Infrastructure Investment Bank,,https://ideas.repec.org/e/psc169.html,eligible,0,,2411.0,,RePEc
pka57,Daiji Kawaguchi,University of Tokyo,https://sites.google.com/site/daijikawaguchi/,https://ideas.repec.org/e/pka57.html,eligible,0,,3339.0,2411.0,RePEc
pst458,Paula E. Stephan,Georgia State University,http://aysps.gsu.edu/paula-stephan.html,https://ideas.repec.org/f/pst458.html,eligible,0,,2412.0,,RePEc
ppr38,Mirjam van Praag,Vrije Universiteit Amsterdam,https://www.linkedin.com/in/mirjamvanpraag/?originalSubdomain=nl,https://ideas.repec.org/e/ppr38.html,eligible,0,,2413.0,,RePEc
pva701,Liliana Varela,London School of Economics (LSE),https://sites.google.com/site/lilianavarela/,https://ideas.repec.org/f/pva701.html,eligible,0,,,2414.0,RePEc
psh307,Roman M. Sheremeta,Case Western Reserve University,http://sites.google.com/site/romansheremeta/,https://ideas.repec.org/f/psh307.html,eligible,0,,2415.0,,RePEc
pja108,Nicolas Jacquemet,Université Paris 1 (Panthéon-Sorbonne),http://www.nicolasjacquemet.com/,https://ideas.repec.org/e/pja108.html,eligible,0,,,2415.0,RePEc
pru83,Alan M. Rugman,,https://doi.org/10.1002/cjas.1292,https://ideas.repec.org/e/pru83.html,deceased,0,,2416.0,,RePEc
pbr19,Tilman Brück,International Security and Development Center (ISDC),https://isdc.org/team/tilman-brueck/,https://ideas.repec.org/e/pbr19.html,eligible,0,,3545.0,2416.0,RePEc
pch1518,Inkoo Cho,Emory University,https://sites.google.com/site/inkoocho/,https://ideas.repec.org/f/pch1518.html,eligible,0,,2417.0,,RePEc
pha1042,Andrew George Haldane,Bank of England,,https://ideas.repec.org/f/pha1042.html,eligible,0,,2638.0,2417.0,RePEc
phe308,Zohal Hessami,"Ruhr-Universität Bochum, Fakultät für Sozialwissenschaft",https://sites.google.com/site/zohalhessami/home,https://ideas.repec.org/f/phe308.html,eligible,0,,,2418.0,RePEc
psa1086,Yukiko Umeno Saito,Waseda University,http://www.rieti.go.jp/users/saito-yukiko/index.html,https://ideas.repec.org/f/psa1086.html,eligible,0,,,2419.0,RePEc
pya156,Amir Yaron,University of Pennsylvania,http://savage.wharton.upenn.edu,https://ideas.repec.org/e/pya156.html,eligible,0,,2420.0,,RePEc
pcu188,Lianbiao Cui,Anhui University of Finance and Economics,,https://ideas.repec.org/e/pcu188.html,eligible,0,,,2420.0,RePEc
pzh456,Hao Zhang,Rochester Institute of Technology,,https://ideas.repec.org/f/pzh456.html,eligible,0,,,2421.0,RePEc
ple714,Stephen F. LeRoy,University of California-Santa Barbara (UCSB),http://www.econ.ucsb.edu/~sleroy/webpage/,https://ideas.repec.org/f/ple714.html,eligible,0,,2422.0,,RePEc
pra180,Robert H. Rasche,,https://files.stlouisfed.org/files/htdocs/publications/review/2016-06-17/in-memoriam-robert-h-rasche,https://ideas.repec.org/e/pra180.html,deceased,0,,2423.0,,RePEc
pro1042,Philip T. Roundy,University of Tennessee-Chattanooga,http://www.philiproundy.com,https://ideas.repec.org/f/pro1042.html,eligible,0,,,2423.0,RePEc
pbu91,Dallas Burtraw,Resources for the Future (RFF),,https://ideas.repec.org/e/pbu91.html,eligible,0,,2424.0,,RePEc
pho226,Stein T. Holden,Norges miljø- og biovitenskapelig universitet,http://www.steinholden.com,https://ideas.repec.org/f/pho226.html,eligible,0,,3631.0,2424.0,RePEc
pdu98,John V. Duca,Oberlin College,,https://ideas.repec.org/e/pdu98.html,eligible,0,,2425.0,3486.0,RePEc
ppo119,Markus Poschke,McGill University,http://markus-poschke.research.mcgill.ca,https://ideas.repec.org/e/ppo119.html,eligible,0,,3677.0,2425.0,RePEc
pde627,Gaaitzen J. de Vries,Rijksuniversiteit Groningen,http://www.rug.nl/staff/g.j.de.vries/index,https://ideas.repec.org/f/pde627.html,eligible,0,,2426.0,2461.0,RePEc
phu348,Yiping Huang,Peking University,http://nsd.pku.edu.cn/szdw/qzjs/h/262159.htm#,https://ideas.repec.org/f/phu348.html,eligible,0,,,2426.0,RePEc
pna134,Rosemarie Chariklia Nagel,Barcelona School of Economics (BSE),https://www.upf.edu/web/rosemarie-nagel,https://ideas.repec.org/e/pna134.html,eligible,0,,2427.0,,RePEc
pta718,Araz Taeihagh,National University of Singapore (NUS),http://www.taeihagh.com,https://ideas.repec.org/f/pta718.html,eligible,0,,,2427.0,RePEc
ple65,Edwin Leuven,Universitetet i Oslo,http://leuven.economists.nl,https://ideas.repec.org/e/ple65.html,eligible,0,,2428.0,,RePEc
pca245,Gunther Capelle-blancard,Université Paris 1 (Panthéon-Sorbonne),https://sites.google.com/site/capelleblancard/,https://ideas.repec.org/f/pca245.html,eligible,0,,,2428.0,RePEc
psp2,Barbara Judith Spencer,University of British Columbia,https://blogs.ubc.ca/barbaraspencer/,https://ideas.repec.org/e/psp2.html,eligible,0,,2429.0,,RePEc
pog56,Ahamuefula Ephraim Ogbonna,Centre for Econometrics and Applied Research,https://www.researchgate.net/profile/Ahamuefula_Ogbonna,https://ideas.repec.org/e/pog56.html,eligible,0,,,2429.0,RePEc
pli213,Mikael Lindahl,Göteborgs Universitet,https://sites.google.com/site/cmikaellindahl/home,https://ideas.repec.org/f/pli213.html,eligible,0,,2430.0,,RePEc
ptr469,Trong-Anh Trinh,Monash University,https://www.tronganhtrinh.com/,https://ideas.repec.org/f/ptr469.html,eligible,0,,,2430.0,RePEc
pga415,Joseph E. Gagnon,Peter G. Peterson Institute for International Economics (IIE),http://www.piie.com/staff/author_bio.cfm?author_id=653,https://ideas.repec.org/f/pga415.html,eligible,0,,2431.0,,RePEc
pal676,José Alves,Universidade de Lisboa,https://sites.google.com/view/jose-borges-alves/p%C3%A1gina-inicial,https://ideas.repec.org/f/pal676.html,eligible,0,,,2431.0,RePEc
pmi317,Alexandru Minea,Université d'Orléans,http://sites.google.com/site/mineaalexandru/,https://ideas.repec.org/f/pmi317.html,eligible,0,,,2432.0,RePEc
pha151,James Harrigan,University of Virginia,https://sites.google.com/view/jamesharrigan/home,https://ideas.repec.org/e/pha151.html,eligible,0,,2433.0,,RePEc
psc92,Vincenzo Scoppa,Università degli Studi della Calabria,https://sites.google.com/unical.it/vincenzoscoppa/home,https://ideas.repec.org/e/psc92.html,eligible,0,,3051.0,2433.0,RePEc
pwe195,Martin Robert Weale,King's College London,http://www.niesr.ac.uk/staff/staffdetail.php?StaffID=226,https://ideas.repec.org/e/pwe195.html,eligible,0,,2434.0,,RePEc
pni287,Torben Heien Nielsen,Københavns Universitet,http://www.nielsen-economist.com,https://ideas.repec.org/f/pni287.html,eligible,0,,,2434.0,RePEc
pha6,Peter Hammond,University of Warwick,http://www.stanford.edu/~hammond/,https://ideas.repec.org/e/pha6.html,eligible,0,,2435.0,,RePEc
pla1090,Ashley Langer,University of Arizona,https://www.ashleylanger.com,https://ideas.repec.org/f/pla1090.html,eligible,0,,,2436.0,RePEc
pto82,Farid Toubal,Université Paris-Dauphine (Paris IX),http://faridtoubal.com/,https://ideas.repec.org/e/pto82.html,eligible,0,,2437.0,2904.0,RePEc
pbo1002,Miguel Boucinha,European Central Bank,,https://ideas.repec.org/f/pbo1002.html,eligible,0,,,2437.0,RePEc
pre317,Daniel M. Rees,Bank for International Settlements (BIS),https://sites.google.com/view/danielmrees,https://ideas.repec.org/f/pre317.html,eligible,0,,,2438.0,RePEc
pfi15,Ronald Findlay,,,https://ideas.repec.org/e/pfi15.html,deceased,0,,2439.0,,RePEc
pdr198,Wolfgang Drobetz,Universität Hamburg,https://www.bwl.uni-hamburg.de/finance/team/drobetz.html,https://ideas.repec.org/e/pdr198.html,eligible,0,,,2439.0,RePEc
pfa1,Antonio Fatas,INSEAD,https://faculty.insead.edu/fatas,https://ideas.repec.org/e/pfa1.html,eligible,0,,2440.0,,RePEc
ppa356,Ernesto Pasten,Banco Central de Chile,http://sites.google.com/site/pastenernesto/,https://ideas.repec.org/f/ppa356.html,eligible,0,,,2440.0,RePEc
pba280,Ian J. Bateman,University of Exeter,http://business-school.exeter.ac.uk/about/people/profile/index.php?web_id=Ian_Bateman,https://ideas.repec.org/f/pba280.html,eligible,0,,2441.0,,RePEc
pna222,Salvador Navarro,University of Western Ontario,http://sites.google.com/site/econsalvador,https://ideas.repec.org/f/pna222.html,eligible,0,,3473.0,2441.0,RePEc
pbe105,Agnès Bénassy-Quéré,Paris School of Economics,https://www.parisschoolofeconomics.eu/fr/benassy-quere-agnes/,https://ideas.repec.org/e/pbe105.html,eligible,0,,2442.0,,RePEc
pmi685,Jeffrey D. Michler,University of Arizona,https://jeffmichler.com/,https://ideas.repec.org/f/pmi685.html,eligible,0,,,2443.0,RePEc
pfu45,Michael Funke,Universität Hamburg,https://profmichaelfunke.de/,https://ideas.repec.org/e/pfu45.html,eligible,0,,2444.0,,RePEc
ppe260,Nicolas Petrosky-Nadeau,Federal Reserve Bank of San Francisco,https://npetroskynadeau.github.io/nicolaspetrosky-nadeau.github.io/index.html,https://ideas.repec.org/f/ppe260.html,eligible,0,,,2444.0,RePEc
pta555,Max Tani,Australian Defense Force Academy,,https://ideas.repec.org/f/pta555.html,eligible,0,,,2445.0,RePEc
pno88,Brian Thomas Nolan,Oxford University,,https://ideas.repec.org/e/pno88.html,eligible,0,,2446.0,2982.0,RePEc
pch882,Indraneel Chakraborty,University of Miami,https://sites.google.com/site/chakraborty/,https://ideas.repec.org/f/pch882.html,eligible,0,,,2448.0,RePEc
pko95,Karen A. Kopecky,Federal Reserve Bank of Cleveland,http://www.karenkopecky.net,https://ideas.repec.org/e/pko95.html,eligible,0,,,2449.0,RePEc
pgr309,Denis Gromb,,,https://ideas.repec.org/f/pgr309.html,deceased,0,,2451.0,,RePEc
psp123,Rok Spruk,Univerza v Ljubljani,http://sites.google.com/site/rokspruk,https://ideas.repec.org/e/psp123.html,eligible,0,,,2451.0,RePEc
ppo168,Sandra Poncet,Centre d'études prospectives et d'informations internationales (CEPII),http://sandraponcet.weebly.com/,https://ideas.repec.org/e/ppo168.html,eligible,0,,2452.0,,RePEc
psi581,Abhijeet Singh,Stockholm School of Economics,https://sites.google.com/site/abhijeetsingh1/,https://ideas.repec.org/f/psi581.html,eligible,0,,,2452.0,RePEc
ptr286,Daniel Treisman,"University of California, Los Angeles, Department of Political Science",https://www.danieltreisman.org/,https://ideas.repec.org/f/ptr286.html,eligible,0,,2453.0,,RePEc
pjh4,Saumitra Jha,Stanford University,https://saumitra.people.stanford.edu,https://ideas.repec.org/e/pjh4.html,eligible,0,,,2453.0,RePEc
pda416,Ernesto Dal Bó,University of California-Berkeley,http://faculty.haas.berkeley.edu/dalbo,https://ideas.repec.org/f/pda416.html,eligible,0,,2986.0,2454.0,RePEc
ple705,John O. Ledyard,California Institute of Technology,http://www.hss.caltech.edu/~jledyard/,https://ideas.repec.org/f/ple705.html,eligible,0,,2455.0,,RePEc
pku67,Camelia Mariana Kuhnen,University of North Carolina-Chapel-Hill,https://sites.google.com/view/cameliakuhnen,https://ideas.repec.org/e/pku67.html,eligible,0,,,2455.0,RePEc
pcu15,John Cummins,Temple University,http://fic.wharton.upenn.edu/fic/,https://ideas.repec.org/e/pcu15.html,eligible,0,,2456.0,,RePEc
pun47,Bartosz Uniejewski,Politechnika Wrocławska,,https://ideas.repec.org/e/pun47.html,eligible,0,,,2456.0,RePEc
ppr274,Patrick Premand,World Bank Group,https://sites.google.com/view/patrickpremand/home,https://ideas.repec.org/f/ppr274.html,eligible,0,,,2457.0,RePEc
psa492,Efraim Sadka,Tel Aviv University,http://www.tau.ac.il/~sadka/,https://ideas.repec.org/f/psa492.html,eligible,0,,2458.0,,RePEc
pga165,Gino Gancia,Università degli Studi di Milano-Bicocca,https://sites.google.com/view/gino-gancia-qmul/home,https://ideas.repec.org/e/pga165.html,eligible,0,,3348.0,2459.0,RePEc
pli57,Barton Lipman,Boston University,https://sites.bu.edu/blipman/,https://ideas.repec.org/e/pli57.html,eligible,0,,2460.0,,RePEc
pth145,Willem Thorbecke,Research Institute of Economy,http://www.rieti.go.jp/users/willem-thorbecke/index_en.html,https://ideas.repec.org/e/pth145.html,eligible,0,,,2460.0,RePEc
pli374,Robert Litterman,,,https://ideas.repec.org/f/pli374.html,eligible,0,,2461.0,,RePEc
pbr415,Thomas Breda,Paris School of Economics,http://www.parisschoolofeconomics.com/breda-thomas/index_en.html,https://ideas.repec.org/f/pbr415.html,eligible,0,,,2462.0,RePEc
pan114,Steffen Andersen,Danmarks Nationalbank,http://staff.cbs.dk/sa,https://ideas.repec.org/e/pan114.html,eligible,0,,2463.0,2815.0,RePEc
pne228,Timothy Neal,UNSW Sydney,,https://ideas.repec.org/f/pne228.html,eligible,0,,,2463.0,RePEc
pde134,David de Meza,London School of Economics (LSE),http://www.lse.ac.uk/collections/IIM/whosWho/deMeza.htm,https://ideas.repec.org/e/pde134.html,eligible,0,,2464.0,,RePEc
psc309,John Karl Scholz,University of Oregon,,https://ideas.repec.org/f/psc309.html,eligible,0,,2465.0,,RePEc
psa786,Vasilis Sarafidis,Brunel University London,https://sites.google.com/view/vsarafidis,https://ideas.repec.org/f/psa786.html,eligible,0,,,2465.0,RePEc
png37,Liwa Rachel Ngai,London School of Economics (LSE),https://sites.google.com/view/rachelngai/home,https://ideas.repec.org/e/png37.html,eligible,0,,2466.0,2600.0,RePEc
pta92,Elod Takats,Bank for International Settlements (BIS),https://www.bis.org/author/el%C5%91d_tak%C3%A1ts.htm,https://ideas.repec.org/e/pta92.html,eligible,0,,,2466.0,RePEc
pdr2,Christian Dreger,,,https://ideas.repec.org/e/pdr2.html,deceased,0,,2467.0,,RePEc
pme1054,Jose M Merigo Lindahl,,https://profiles.uts.edu.au/jose.merigo,https://ideas.repec.org/f/pme1054.html,eligible,0,,,2467.0,RePEc
pka612,Michihiro Kandori,University of Tokyo,http://mkandori.web.fc2.com/,https://ideas.repec.org/f/pka612.html,eligible,0,,2468.0,,RePEc
pmu35,Machiel Mulder,Rijksuniversiteit Groningen,http://www.rug.nl/staff/machiel.mulder/,https://ideas.repec.org/e/pmu35.html,eligible,0,,,2468.0,RePEc
psa2182,Seth Gary Sanders,Cornell University,https://economics.cornell.edu/seth-sanders,https://ideas.repec.org/f/psa2182.html,eligible,0,,2469.0,,RePEc
ptr180,Tania Treibich,Maastricht University,https://sites.google.com/view/taniatreibich/,https://ideas.repec.org/e/ptr180.html,eligible,0,,,2469.0,RePEc
pko2,Robert Korajczyk,Northwestern University,http://www.kellogg.northwestern.edu/Faculty/Directory/Korajczyk_Robert.aspx,https://ideas.repec.org/e/pko2.html,eligible,0,,2470.0,,RePEc
ppr17,Javier J. Pérez,Banco de España,https://www.bde.es/wbe/en/areas-actuacion/analisis-e-investigacion/investigadores/investigadores-ord,https://ideas.repec.org/e/ppr17.html,eligible,0,,3654.0,2470.0,RePEc
pbu107,Ariel Tomas Burstein,University of California-Los Angeles (UCLA),http://www.econ.ucla.edu/arielb/,https://ideas.repec.org/e/pbu107.html,eligible,0,,2471.0,,RePEc
pwa799,Shixuan Wang,University of Reading,https://www.reading.ac.uk/economics/about/staff/Shixuan-Wang.aspx,https://ideas.repec.org/f/pwa799.html,eligible,0,,,2471.0,RePEc
pgh40,Andra C. Ghent,University of North Carolina-Chapel-Hill,http://www.andraghent.com,https://ideas.repec.org/e/pgh40.html,eligible,0,,,2472.0,RePEc
pvo82,Nico Voigtländer,University of California-Los Angeles (UCLA),https://www.anderson.ucla.edu/faculty_pages/nico.v/,https://ideas.repec.org/e/pvo82.html,eligible,0,,2473.0,2643.0,RePEc
pmo81,Andrew Mountford,Royal Holloway,http://personal.rhul.ac.uk/uhte/023/,https://ideas.repec.org/e/pmo81.html,eligible,0,,2474.0,,RePEc
pzi71,Ulrich Theodor Zierahn-Weilage,Universiteit Utrecht,https://sites.google.com/site/uzierahn,https://ideas.repec.org/e/pzi71.html,eligible,0,,,2474.0,RePEc
pha354,"Joseph E. Harrington, Jr.",Johns Hopkins University,http://www.econ.jhu.edu/People/Harrington/,https://ideas.repec.org/f/pha354.html,eligible,0,,2475.0,,RePEc
pag37,Itai Agur,International Monetary Fund (IMF),http://itaiagur.weebly.com/,https://ideas.repec.org/e/pag37.html,eligible,0,,,2475.0,RePEc
ppa228,Simon C. Parker,University of Western Ontario,https://www.ivey.uwo.ca/faculty/directory/simon-parker/,https://ideas.repec.org/f/ppa228.html,eligible,0,,2476.0,,RePEc
pfr384,Simon Franklin,Queen Mary University of London,http://www.simonfranklin.co,https://ideas.repec.org/f/pfr384.html,eligible,0,,,2476.0,RePEc
ppe479,George G. Pennacchi,University of Illinois at Urbana-Champaign,https://sites.google.com/site/georgegpennacchi/,https://ideas.repec.org/f/ppe479.html,eligible,0,,2477.0,,RePEc
ppo341,Catherine Porter,Lancaster University,https://sites.google.com/site/econcath/research,https://ideas.repec.org/f/ppo341.html,eligible,0,,,2477.0,RePEc
pcu68,Marco Cucculelli,Università Politecnica delle Marche,,https://ideas.repec.org/e/pcu68.html,eligible,0,,,2478.0,RePEc
pva831,Rosen Valchev,Boston College,http://sites.google.com/site/valchevr/,https://ideas.repec.org/f/pva831.html,eligible,0,,,2479.0,RePEc
ple364,Jacques Le Cacheux,Université de Pau et des Pays de l'Adour,,https://ideas.repec.org/f/ple364.html,eligible,0,,2480.0,,RePEc
psa267,Maria Savona,University of Sussex,http://www.sussex.ac.uk/profiles/100780,https://ideas.repec.org/f/psa267.html,eligible,0,,,2480.0,RePEc
pbe959,Daniel Jacob Benjamin,University of Southern California,https://www.danieljbenjamin.com/,https://ideas.repec.org/f/pbe959.html,eligible,0,,2571.0,2481.0,RePEc
ple192,Patrick Legros,Université Libre de Bruxelles,http://www.plegros.net,https://ideas.repec.org/e/ple192.html,eligible,0,,2482.0,,RePEc
pko209,Dirk Kohnert,German Institute of Global and Area Studies (GIGA),https://dirk2011.jimdo.com/,https://ideas.repec.org/f/pko209.html,eligible,0,,,2482.0,RePEc
pim5,Ayse Imrohoroglu,University of Southern California,https://sites.google.com/usc.edu/ayse-imrohoroglu/home,https://ideas.repec.org/e/pim5.html,eligible,0,,2483.0,,RePEc
pis57,Asif Islam,World Bank Group,,https://ideas.repec.org/e/pis57.html,eligible,0,,,2483.0,RePEc
pca55,Cesar A. Calderon,World Bank Group,,https://ideas.repec.org/e/pca55.html,eligible,0,,2484.0,,RePEc
pbu118,Matthieu Bussière,Banque de France,https://www.banque-france.fr/en/economics-statistics/research/economists-and-researchers/c,https://ideas.repec.org/e/pbu118.html,eligible,0,,2535.0,2484.0,RePEc
pth175,Leif Anders Thorsrud,BI Handelshøyskolen,https://sites.google.com/view/leifandersthorsrud/home,https://ideas.repec.org/e/pth175.html,eligible,0,,,2485.0,RePEc
pda67,Paul Davidson,,,https://ideas.repec.org/e/pda67.html,deceased,0,,2486.0,,RePEc
pbe249,Paul Bergin,University of California-Davis,http://www.econ.ucdavis.edu/faculty/bergin/,https://ideas.repec.org/f/pbe249.html,eligible,0,,2487.0,,RePEc
pbe645,James Berry,University of Georgia,https://sites.google.com/site/econjimberry/,https://ideas.repec.org/f/pbe645.html,eligible,0,,,2487.0,RePEc
ppa494,Richard Paap,Erasmus Universiteit Rotterdam,https://personal.eur.nl/paap/,https://ideas.repec.org/f/ppa494.html,eligible,0,,2488.0,,RePEc
pca980,Lea Cassar,Universität Zürich,http://www.econ.uzh.ch/faculty/cassar.html,https://ideas.repec.org/f/pca980.html,eligible,0,,,2488.0,RePEc
pau5,Emmanuelle Auriol,Toulouse School of Economics (TSE),https://www.tse-fr.eu/fr/people/emmanuelle-auriol,https://ideas.repec.org/e/pau5.html,eligible,0,,3429.0,2489.0,RePEc
pzh243,ZhongXiang Zhang,Hong Kong University of Science and Technology (HKUST),http://ssrn.com/author=201341,https://ideas.repec.org/f/pzh243.html,eligible,0,,2490.0,,RePEc
pma50,Pedro Silva Martins,Universidade Nova de Lisboa,https://pmrsmartins.wixsite.com/website,https://ideas.repec.org/e/pma50.html,eligible,0,,2981.0,2490.0,RePEc
pma914,Rui Cunha Marques,Universidade de Lisboa,,https://ideas.repec.org/f/pma914.html,eligible,0,,,2491.0,RePEc
psc147,Florian Scheuer,Universität Zürich,https://www.econ.uzh.ch/scheuer,https://ideas.repec.org/e/psc147.html,eligible,0,,,2492.0,RePEc
pbr129,Martin Brown,Studienzentrum Gerzensee,https://sites.google.com/view/martinbrown,https://ideas.repec.org/e/pbr129.html,eligible,0,,2494.0,,RePEc
psc28,Theodore W. Schultz,,https://www.nobelprize.org/prizes/economic-sciences/1979/schultz/facts/,https://ideas.repec.org/e/psc28.html,won,1979,,2495.0,,RePEc
phe519,Lukas Hensel,Peking University,https://sites.google.com/view/lukashenseleconomics/,https://ideas.repec.org/f/phe519.html,eligible,0,,,2495.0,RePEc
pro1025,Gabriele Rovigatti,"Università degli Studi di Roma ""Tor Vergata""",https://sites.google.com/view/gabrielerovigatti/home,https://ideas.repec.org/f/pro1025.html,eligible,0,,,2496.0,RePEc
pas34,Geir B. Asheim,Universitetet i Oslo,https://sites.google.com/view/gbasheim,https://ideas.repec.org/e/pas34.html,eligible,0,,2497.0,,RePEc
pde1357,Nathan Deutscher,Australian National University,http://www.nathandeutscher.com/,https://ideas.repec.org/f/pde1357.html,eligible,0,,,2497.0,RePEc
pbr127,Stephen Broadberry,Oxford University,https://www.nuffield.ox.ac.uk/people/profiles/stephen-broadberry/,https://ideas.repec.org/e/pbr127.html,eligible,0,,2498.0,3350.0,RePEc
pfo384,Matteo Foglia,"Università degli Studi di Bari ""Aldo Moro""",,https://ideas.repec.org/f/pfo384.html,eligible,0,,,2498.0,RePEc
pha724,Peter Havlik,,http://www.wiiw.ac.at/?action=staff&opt=details&id=5,https://ideas.repec.org/f/pha724.html,deceased,0,,,2499.0,RePEc
pch1190,In Choi,Sogang University,https://www.inchoi.site,https://ideas.repec.org/f/pch1190.html,eligible,0,,2500.0,,RePEc
pli1168,Andres Liberman,,http://pages.stern.nyu.edu/~aliberma,https://ideas.repec.org/f/pli1168.html,eligible,0,,,2500.0,RePEc
psp64,Giancarlo Spagnolo,"Università degli Studi di Roma ""Tor Vergata""",https://sites.google.com/site/giancarlospagnoloshomepage/,https://ideas.repec.org/e/psp64.html,eligible,0,,2501.0,,RePEc
pda376,Viet Anh Dang,University of Manchester,https://www.research.manchester.ac.uk/portal/Vietanh.Dang.html,https://ideas.repec.org/f/pda376.html,eligible,0,,,2501.0,RePEc
pfa9,Jon Faust,Federal Reserve Board (Board of Governors of the Federal Reserve System),http://patriot.net/~faustj/jon,https://ideas.repec.org/e/pfa9.html,eligible,0,,2503.0,,RePEc
pba317,Dirk Baur,Kühne Logistics University,,https://ideas.repec.org/f/pba317.html,eligible,0,,2504.0,,RePEc
pka732,Fatih Karahan,Federal Reserve Bank of New York,https://sites.google.com/site/yfatihkarahan/,https://ideas.repec.org/f/pka732.html,eligible,0,,,2504.0,RePEc
pso320,Joep Sonnemans,Universiteit van Amsterdam,http://www.creedexperiment.nl/creed/people.php?name=sonnemans,https://ideas.repec.org/f/pso320.html,eligible,0,,2505.0,,RePEc
pgi392,Yvonne Giesing,University of Western Australia,https://yvonnegiesing.wordpress.com/,https://ideas.repec.org/f/pgi392.html,eligible,0,,,2505.0,RePEc
pga233,Firouz Gahvari,University of Illinois at Urbana-Champaign,http://faculty.las.illinois.edu/fgahvari/,https://ideas.repec.org/f/pga233.html,eligible,0,,2506.0,,RePEc
pjo38,Dean Jolliffe,World Bank Group,https://sites.google.com/site/dmjolliffe/,https://ideas.repec.org/e/pjo38.html,eligible,0,,3588.0,2506.0,RePEc
pfi118,Deon Filmer,World Bank Group,https://sites.google.com/site/decrgdeonfilmer/,https://ideas.repec.org/e/pfi118.html,eligible,0,,2507.0,3177.0,RePEc
pmu501,Richard Murphy,University of Texas-Austin,,https://ideas.repec.org/f/pmu501.html,eligible,0,,,2507.0,RePEc
pbu314,Moshe Buchinsky,Sciences Po,https://www.sciencespo.fr/department-economics/en/researcher/moshe-buchinsky.html,https://ideas.repec.org/f/pbu314.html,eligible,0,,2508.0,,RePEc
pal429,David Altig,,http://www.frbatlanta.org/research/economists/david_altig.cfm,https://ideas.repec.org/f/pal429.html,eligible,0,,3628.0,2508.0,RePEc
phu151,Gregory W. Huffman,Vanderbilt University,,https://ideas.repec.org/e/phu151.html,eligible,0,,2509.0,,RePEc
par32,Mohamed Arouri,Université Côte d'Azur,https://sites.google.com/site/mohamedarouri/,https://ideas.repec.org/e/par32.html,eligible,0,,2510.0,3014.0,RePEc
plo380,Matija Lozej,Central Bank of Ireland,https://sites.google.com/view/matijalozej/,https://ideas.repec.org/f/plo380.html,eligible,0,,,2510.0,RePEc
pca133,Nauro F. Campos,University College London (UCL),https://sites.google.com/site/naurofcampos/,https://ideas.repec.org/e/pca133.html,eligible,0,,2602.0,2511.0,RePEc
psc769,Scott Schuh,Federal Reserve Bank of Boston,https://www.bostonfed.org/people/bank/scott-schuh.aspx,https://ideas.repec.org/f/psc769.html,eligible,0,,2512.0,,RePEc
pva642,Shoshana Vasserman,Stanford University,https://www.shoshanavasserman.com/,https://ideas.repec.org/f/pva642.html,eligible,0,,,2512.0,RePEc
pwa395,Guanghua Wan万广华,Fudan University,,https://ideas.repec.org/f/pwa395.html,eligible,0,,2894.0,2513.0,RePEc
pmu153,Arijit Mukherjee,University of Nottingham,,https://ideas.repec.org/e/pmu153.html,eligible,0,,2514.0,3529.0,RePEc
pro795,Duncan Roth,Institut für Arbeitsmarkt- und Berufsforschung (IAB),https://duncanroth.com/,https://ideas.repec.org/f/pro795.html,eligible,0,,,2514.0,RePEc
pfo39,Denis Fougere,Sciences Po,https://www.sciencespo.fr/osc/fr/node/1609.html,https://ideas.repec.org/e/pfo39.html,eligible,0,,2515.0,,RePEc
psa2134,Soodeh Saberian,University of Manitoba,https://sites.google.com/view/soodehsaberian/home,https://ideas.repec.org/f/psa2134.html,eligible,0,,,2515.0,RePEc
pro267,Robert W. Rosenthal,,http://en.wikipedia.org/wiki/Robert_W._Rosenthal,https://ideas.repec.org/f/pro267.html,deceased,0,,2516.0,,RePEc
pbe739,Marco Bertoni,Università degli Studi di Padova,https://sites.google.com/site/marcobertoniunipd/,https://ideas.repec.org/f/pbe739.html,eligible,0,,,2516.0,RePEc
pba568,Jeffrey Scot Banks,,,https://ideas.repec.org/f/pba568.html,deceased,0,,2517.0,,RePEc
pko37,John Komlos,Ludwig-Maximilians-Universität München,https://www.en.econhist.econ.uni-muenchen.de/people/professoren/komlos1/index.html,https://ideas.repec.org/e/pko37.html,eligible,0,,2519.0,3073.0,RePEc
pbr146,Yann Bramoullé,Aix-Marseille Université,https://sites.google.com/site/bramoulley/,https://ideas.repec.org/e/pbr146.html,eligible,0,,2520.0,3474.0,RePEc
pch2220,Felix Chopra,Frankfurt School of Finance and Management,https://www.felixchopra.com/,https://ideas.repec.org/f/pch2220.html,eligible,0,,,2520.0,RePEc
pku60,Michael Kumhof,Bank of England,https://michaelkumhof.weebly.com/,https://ideas.repec.org/e/pku60.html,eligible,0,,2521.0,3037.0,RePEc
pbe186,Charles Richard Bean,London School of Economics (LSE),,https://ideas.repec.org/e/pbe186.html,eligible,0,,2522.0,,RePEc
pha1002,Bing Han,University of Toronto,,https://ideas.repec.org/f/pha1002.html,eligible,0,,3176.0,2522.0,RePEc
plo30,Michael Lokshin,World Bank Group,,https://ideas.repec.org/e/plo30.html,eligible,0,,2523.0,,RePEc
pra882,Omar Rachedi,Universitat Ramon Llull,https://sites.google.com/site/omirachedi/,https://ideas.repec.org/f/pra882.html,eligible,0,,,2523.0,RePEc
per54,John Ermisch,Centre for Household,,https://ideas.repec.org/e/per54.html,eligible,0,,2524.0,,RePEc
psp114,Yves Sprumont,Deakin University,https://sites.google.com/site/ysprumont/,https://ideas.repec.org/e/psp114.html,eligible,0,,2525.0,,RePEc
pvi64,Mauricio Villamizar-Villegas,Banco de la Republica de Colombia,https://www.banrep.gov.co/es/el-banco/mauricio-villamizar,https://ideas.repec.org/e/pvi64.html,eligible,0,,,2525.0,RePEc
pkl29,Catherine Louise Kling,Cornell University,http://www.card.iastate.edu/facstaff/profile.aspx?id=24,https://ideas.repec.org/e/pkl29.html,eligible,0,,2526.0,,RePEc
pvr5,Susan Vroman,Georgetown University,https://susan-vroman.facultysite.georgetown.edu/,https://ideas.repec.org/e/pvr5.html,eligible,0,,2527.0,,RePEc
pse301,Sandra Sequeira,London School of Economics (LSE),https://sites.google.com/site/sandramgsequeira/,https://ideas.repec.org/f/pse301.html,eligible,0,,,2527.0,RePEc
pba128,Jean-Marie Baland,Université de Namur,,https://ideas.repec.org/e/pba128.html,eligible,0,,2528.0,,RePEc
pna236,Seema Narayan,,,https://ideas.repec.org/f/pna236.html,eligible,0,,2834.0,2528.0,RePEc
pga128,Javier Gardeazabal,Universidad del País Vasco - Euskal Herriko Unibertsitatea,http://www.ehu.es/Gardeazabal,https://ideas.repec.org/e/pga128.html,eligible,0,,2529.0,,RePEc
pti265,Sofien Tiba,Université de Sfax pour le Sud,,https://ideas.repec.org/f/pti265.html,eligible,0,,,2529.0,RePEc
plo357,John Loomis,Colorado State University,http://dare.agsci.colostate.edu/people/faculty/dr-john-b-loomis/,https://ideas.repec.org/f/plo357.html,eligible,0,,2530.0,,RePEc
pli726,Pengfei Liu,University of Rhode Island,https://sites.google.com/a/uconn.edu/pengfei_liu/home,https://ideas.repec.org/f/pli726.html,eligible,0,,,2530.0,RePEc
pfr260,Robert H. Frank,,http://www.robert-h-frank.com,https://ideas.repec.org/f/pfr260.html,eligible,0,,2531.0,,RePEc
plo54,Marco Jacopo Lombardi,Bank for International Settlements (BIS),http://www.bis.org/author/marco_jacopo_lombardi.htm,https://ideas.repec.org/e/plo54.html,eligible,0,,,2531.0,RePEc
pwe522,Scott J. Weisbenner,,,https://ideas.repec.org/f/pwe522.html,deceased,0,,2532.0,,RePEc
pvo233,Christian Vom Lehn,Brigham Young University,http://sites.google.com/site/cvomlehn/,https://ideas.repec.org/f/pvo233.html,eligible,0,,,2532.0,RePEc
pfi241,Bernd Fitzenberger,Institut für Arbeitsmarkt- und Berufsforschung (IAB),https://www.iab.de/123/section.aspx/Mitarbeiter/26984670,https://ideas.repec.org/f/pfi241.html,eligible,0,,2533.0,,RePEc
pdr55,Nick Drydakis,Anglia Ruskin University,https://aru.ac.uk/people/nick-drydakis,https://ideas.repec.org/e/pdr55.html,eligible,0,,,2533.0,RePEc
pmo240,GianCarlo Moschini,Iowa State University,http://www.econ.iastate.edu/faculty/moschini/,https://ideas.repec.org/f/pmo240.html,eligible,0,,2534.0,,RePEc
pan451,Massimo Anelli,Universita' Bocconi - Dipartimento di Scienze Politiche e Sociali,http://www.massimoanelli.com,https://ideas.repec.org/f/pan451.html,eligible,0,,,2535.0,RePEc
pko664,Dieter Franz Kogler,"Spatial Dynamics Lab, University College Dublin",https://people.ucd.ie/dieter.kogler,https://ideas.repec.org/f/pko664.html,eligible,0,,,2536.0,RePEc
pcu115,Robert E. Cumby,Georgetown University,http://www.georgetown.edu/cumby/,https://ideas.repec.org/e/pcu115.html,eligible,0,,2537.0,,RePEc
pko239,Peter Kort,Universiteit van Tilburg,,https://ideas.repec.org/f/pko239.html,eligible,0,,2628.0,2537.0,RePEc
pla112,Sajal Lahiri,Southern Illinois University,https://sites.google.com/view/sajal-lahiri/home,https://ideas.repec.org/e/pla112.html,eligible,0,,2538.0,,RePEc
pdo301,Michael Donadelli,Università degli Studi di Brescia,https://sites.google.com/site/michdonadelli/home,https://ideas.repec.org/f/pdo301.html,eligible,0,,,2538.0,RePEc
pma505,Anna Maria Mayda,Georgetown University,https://sites.google.com/a/georgetown.edu/annamariamayda/,https://ideas.repec.org/f/pma505.html,eligible,0,,2540.0,,RePEc
pla707,Addisu A Lashitew,Erasmus Universiteit Rotterdam,,https://ideas.repec.org/f/pla707.html,eligible,0,,,2540.0,RePEc
pna694,Gaston Navarro,Federal Reserve Board (Board of Governors of the Federal Reserve System),http://www.gastonnavarro.com,https://ideas.repec.org/f/pna694.html,eligible,0,,,2543.0,RePEc
psc22,Gunther Schnabl,Universität Leipzig,https://www.wifa.uni-leipzig.de/iwp/team/schnabl.html,https://ideas.repec.org/e/psc22.html,eligible,0,,2544.0,,RePEc
pbe515,Hamid Beladi,University of Texas-San Antonio,https://business.utsa.edu/faculty/profiles/beladi-hamid.html,https://ideas.repec.org/f/pbe515.html,eligible,0,,2561.0,2544.0,RePEc
pca164,Murillo Campello,University of Illinois at Urbana-Champaign,http://www.business.uiuc.edu/campello/index.html,https://ideas.repec.org/e/pca164.html,eligible,0,,2545.0,,RePEc
pgo394,Ashima Goyal,Indira Gandhi Institute of Development Research (IGIDR),http://www.igidr.ac.in/?staff=ashima-goyal,https://ideas.repec.org/f/pgo394.html,eligible,0,,,2545.0,RePEc
pco324,Melvyn Glyn Coles,University of Essex,,https://ideas.repec.org/f/pco324.html,eligible,0,,2547.0,,RePEc
pra1041,Doron Ravid,University of Michigan,http://doronravid.com/,https://ideas.repec.org/f/pra1041.html,eligible,0,,,2547.0,RePEc
pgo64,David B. Gordon,University of Rochester,,https://ideas.repec.org/e/pgo64.html,eligible,0,,2548.0,,RePEc
pbu126,Martijn Johan Burger,Erasmus Universiteit Rotterdam,http://www.mjburger.net,https://ideas.repec.org/e/pbu126.html,eligible,0,,,2549.0,RePEc
pmu44,Peter Murrell,University of Maryland,http://www.econweb.umd.edu/~murrell/,https://ideas.repec.org/e/pmu44.html,eligible,0,,2550.0,,RePEc
pli453,Xiaoji Lin,University of Minnesota,https://sites.google.com/a/umn.edu/xiaojilin/,https://ideas.repec.org/f/pli453.html,eligible,0,,,2550.0,RePEc
pmi112,Alexander Michaelides,Imperial College,https://sites.google.com/site/alexmichaelidesucy/,https://ideas.repec.org/e/pmi112.html,eligible,0,,2551.0,,RePEc
pbo1068,Geoff Boeing,University of Southern California,https://geoffboeing.com/,https://ideas.repec.org/f/pbo1068.html,eligible,0,,,2551.0,RePEc
pfu72,Francesco Furlanetto,Norges Bank,,https://ideas.repec.org/e/pfu72.html,eligible,0,,,2552.0,RePEc
pha298,John M. Hartwick,Queen's University,http://www.econ.queensu.ca/faculty/hartwick,https://ideas.repec.org/f/pha298.html,eligible,0,,2553.0,,RePEc
ppe614,Filippos Petroulakis,Bank of Greece,https://sites.google.com/site/filippospetroulakis,https://ideas.repec.org/f/ppe614.html,eligible,0,,,2553.0,RePEc
pry32,Stephen P. Ryan,Washington University in St. Louis,https://sites.wustl.edu/stephenryan/,https://ideas.repec.org/e/pry32.html,eligible,0,,2554.0,,RePEc
pza436,Syed Anees Haider Zaidi,Comsats University Islamabad,,https://ideas.repec.org/f/pza436.html,eligible,0,,,2554.0,RePEc
pzi26,Daniel John Zizzo,University of Queensland,http://www.danielzizzo.com/,https://ideas.repec.org/e/pzi26.html,eligible,0,,2555.0,,RePEc
ppa538,Stefan Palan,Karl-Franzens-Universität Graz,https://academic.palan.biz,https://ideas.repec.org/f/ppa538.html,eligible,0,,,2555.0,RePEc
pmi456,Ashok K. Mishra,Arizona State University,https://apps.wpcarey.asu.edu/directory/people/profile.cfm?person=2259044,https://ideas.repec.org/f/pmi456.html,eligible,0,,2556.0,3179.0,RePEc
psc483,Simone G. Schaner,University of Southern California,https://sites.google.com/site/sschaner/home,https://ideas.repec.org/f/psc483.html,eligible,0,,,2556.0,RePEc
pbr825,Valentina Bruno,American University,https://www.american.edu/kogod/faculty/bruno.cfm,https://ideas.repec.org/f/pbr825.html,eligible,0,,2680.0,2557.0,RePEc
pin31,Robert Innes,University of California-Merced,https://robinnes.weebly.com/,https://ideas.repec.org/e/pin31.html,eligible,0,,2558.0,,RePEc
pca950,Matteo Cacciatore,HEC Montréal (École des Hautes Études Commerciales),https://sites.google.com/site/cacciatm/,https://ideas.repec.org/f/pca950.html,eligible,0,,,2558.0,RePEc
pch1966,Shoumitro Chatterjee,Johns Hopkins University,http://shoumitroc.in,https://ideas.repec.org/f/pch1966.html,eligible,0,,,2559.0,RePEc
psn39,"James M. Snyder, Jr.",Massachusetts Institute of Technology (MIT),http://econ-www.mit.edu/faculty/snyder/,https://ideas.repec.org/e/psn39.html,eligible,0,,2560.0,,RePEc
pta141,Kenji Takeuchi,Kyoto University,https://sites.google.com/kyoto-u.ac.jp/kenjitakeuchi/,https://ideas.repec.org/e/pta141.html,eligible,0,,,2561.0,RePEc
pcl6,George Clarke,Texas A&M International University,http://www.grgclarke.com,https://ideas.repec.org/e/pcl6.html,eligible,0,,2562.0,,RePEc
ppr52,Victoria Prowse,Purdue University,http://www.vprowse.org/,https://ideas.repec.org/e/ppr52.html,eligible,0,,,2562.0,RePEc
ple240,Hervé Le Bihan,Banque de France,https://sites.google.com/view/hervelebihaneconomics,https://ideas.repec.org/f/ple240.html,eligible,0,,2563.0,3635.0,RePEc
pph111,Tho Pham,University of York,http://thopham.com,https://ideas.repec.org/e/pph111.html,eligible,0,,,2563.0,RePEc
pko157,Péter Kondor,London School of Economics (LSE),https://www.peterkondor.net/,https://ideas.repec.org/e/pko157.html,eligible,0,,,2564.0,RePEc
pgr109,Francis Green,"UCL Institute of Education, LLAKES Centre for Research on Learning and Life Chances",http://www.llakes.ac.uk/people/francis.green,https://ideas.repec.org/e/pgr109.html,eligible,0,,2565.0,,RePEc
psh873,Tamara Lynn Sheldon,University of South Carolina,http://tamaralynnsheldon.wixsite.com/home,https://ideas.repec.org/f/psh873.html,eligible,0,,,2565.0,RePEc
pvo2,Rajiv Vohra,Brown University,http://www.brown.edu/Departments/Economics/Faculty/Rajiv_Vohra/,https://ideas.repec.org/e/pvo2.html,eligible,0,,2566.0,,RePEc
pne173,Stefano Neri,Banca d'Italia,,https://ideas.repec.org/e/pne173.html,eligible,0,,2568.0,,RePEc
pia8,Leonardo Iacovone,World Bank Group,https://scholar.google.com/citations?user=l0fVyEcAAAAJhl=en,https://ideas.repec.org/e/pia8.html,eligible,0,,,2568.0,RePEc
pas40,Quamrul H. Ashraf,Williams College,https://econ.williams.edu/profile/qha1/,https://ideas.repec.org/e/pas40.html,eligible,0,,2569.0,,RePEc
pre387,Paul Redmond,Economic and Social Research Institute (ESRI),http://paulredmond.org,https://ideas.repec.org/f/pre387.html,eligible,0,,,2569.0,RePEc
pva2,Bas van der Klaauw,Vrije Universiteit Amsterdam,https://sites.google.com/view/basvanderklaauw,https://ideas.repec.org/e/pva2.html,eligible,0,,2570.0,3192.0,RePEc
pko133,Charles D. Kolstad,Stanford University,http://www.ckolstad.org,https://ideas.repec.org/e/pko133.html,eligible,0,,2572.0,,RePEc
pba615,Thushyanthan Baskaran,Ruhr-Universität Bochum,https://sites.google.com/site/thushyanthanbaskaran/home,https://ideas.repec.org/f/pba615.html,eligible,0,,,2572.0,RePEc
pdo227,Kathryn M. E. Dominguez,University of Michigan,http://www-personal.umich.edu/~kathrynd/index.html,https://ideas.repec.org/f/pdo227.html,eligible,0,,2573.0,,RePEc
pba1530,Vittorio Bassi,University of Southern California,http://www.vittoriobassi.com/,https://ideas.repec.org/f/pba1530.html,eligible,0,,,2573.0,RePEc
pwe377,Katharina Werner,ifo Institut - Leibniz-Institut für Wirtschaftsforschung an der Universität München e.V.,,https://ideas.repec.org/f/pwe377.html,eligible,0,,,2574.0,RePEc
pli466,Peter H. Lindert,University of California-Davis,https://economics.ucdavis.edu/people/fzlinder/peter-linderts-webpage,https://ideas.repec.org/f/pli466.html,eligible,0,,2575.0,,RePEc
ppe397,Eduardo Perez-Richet,Sciences Po,http://edurichet.github.io,https://ideas.repec.org/f/ppe397.html,eligible,0,,,2575.0,RePEc
psa1077,Tadeusz Sawik,Akademia Górniczo-Hutnicza,http://home.agh.edu.pl/~tsawik/CV.pdf,https://ideas.repec.org/f/psa1077.html,eligible,0,,,2576.0,RePEc
pjo146,Robert Christopher Johnson,University of Notre Dame,https://sites.google.com/site/robjohnson41/,https://ideas.repec.org/e/pjo146.html,eligible,0,,2577.0,,RePEc
pra566,Natalia Ramondo,Boston University,https://sites.google.com/site/nataliaramondo/,https://ideas.repec.org/f/pra566.html,eligible,0,,,2577.0,RePEc
pma142,Simone Manganelli,European Central Bank,http://www.simonemanganelli.org,https://ideas.repec.org/e/pma142.html,eligible,0,,2578.0,,RePEc
ppa211,Fotios Pasiouras,Montpellier Business School,,https://ideas.repec.org/f/ppa211.html,eligible,0,,3609.0,2578.0,RePEc
psi689,Horst Siebert,,,https://ideas.repec.org/f/psi689.html,deceased,0,,2579.0,,RePEc
pha224,Steven J. Haider,Michigan State University,https://sites.google.com/view/haider-webpage,https://ideas.repec.org/f/pha224.html,eligible,0,,2580.0,,RePEc
pca285,Giacomo Calzolari,Alma Mater Studiorum - Università di Bologna,https://www.unibo.it/sitoweb/giacomo.calzolari/en,https://ideas.repec.org/f/pca285.html,eligible,0,,,2580.0,RePEc
pbr231,B Wade Brorsen,Oklahoma State University,,https://ideas.repec.org/f/pbr231.html,eligible,0,,2581.0,,RePEc
pba580,Spencer Bastani,Government of Sweden,http://www.spencerbastani.com,https://ideas.repec.org/f/pba580.html,eligible,0,,,2581.0,RePEc
par111,Mak Arvin,Trent University,https://www.trentu.ca/economics/node/13,https://ideas.repec.org/e/par111.html,eligible,0,,,2582.0,RePEc
pca868,Michael Callen,London School of Economics (LSE),https://sites.google.com/view/michaelcallen/home,https://ideas.repec.org/f/pca868.html,eligible,0,,,2583.0,RePEc
pbl129,David Blake,City St George's,http://www.pensions-institute.org/,https://ideas.repec.org/e/pbl129.html,eligible,0,,2584.0,3684.0,RePEc
pci23,Marco Cipriani,Federal Reserve Bank of New York,https://www.newyorkfed.org/research/economists/cipriani/index.html,https://ideas.repec.org/e/pci23.html,eligible,0,,,2584.0,RePEc
poi6,Walter Oi,,http://en.wikipedia.org/wiki/Walter_Oi,https://ideas.repec.org/e/poi6.html,deceased,0,,2585.0,,RePEc
pbo149,Marc Bourreau,Centre de Recherche en Économie et Statistique (CREST),http://ses-perso.telecom-paristech.fr/bourreau/,https://ideas.repec.org/e/pbo149.html,eligible,0,,,2585.0,RePEc
pbr267,Miriam Bruhn,World Bank Group,https://www.worldbank.org/en/about/people/m/miriam-bruhn,https://ideas.repec.org/f/pbr267.html,eligible,0,,2586.0,,RePEc
pku394,Elira Kuka,George Washington University,http://elirakuka.weebly.com,https://ideas.repec.org/f/pku394.html,eligible,0,,,2586.0,RePEc
pgr141,Hugh Gravelle,University of York,,https://ideas.repec.org/e/pgr141.html,eligible,0,,2587.0,,RePEc
pzi75,Itzhak Zilcha,Tel Aviv University,,https://ideas.repec.org/e/pzi75.html,eligible,0,,2588.0,,RePEc
pbe699,Ahmed BenSaïda,Université de Sousse,,https://ideas.repec.org/f/pbe699.html,eligible,0,,,2588.0,RePEc
pgo104,Eric D. Gould,Hebrew University of Jerusalem,https://sites.google.com/site/edgould,https://ideas.repec.org/e/pgo104.html,eligible,0,,2589.0,,RePEc
pme199,Aaron Nikolai Mehrotra,Bank for International Settlements (BIS),https://www.bis.org/author/aaron_mehrotra.htm,https://ideas.repec.org/e/pme199.html,eligible,0,,,2589.0,RePEc
pve110,Jaume Ventura,Barcelona School of Economics (BSE),https://www.crei.cat/people/jventura/,https://ideas.repec.org/e/pve110.html,eligible,0,,2590.0,,RePEc
pfe305,Christina Felfe,Bayerische Julius-Maximilians-Universität Würzburg,https://sites.google.com/site/christinafelfe/,https://ideas.repec.org/f/pfe305.html,eligible,0,,,2590.0,RePEc
pdo241,Jennifer L. Doleac,Texas A&M University,http://jenniferdoleac.com/,https://ideas.repec.org/f/pdo241.html,eligible,0,,,2591.0,RePEc
pma403,Steven A. Matthews,University of Pennsylvania,http://www.econ.upenn.edu/~stevenma/,https://ideas.repec.org/f/pma403.html,eligible,0,,2592.0,,RePEc
pwi237,Hernan Jorge Winkler,World Bank Group,http://www.hernanwinkler.com,https://ideas.repec.org/f/pwi237.html,eligible,0,,,2592.0,RePEc
pbr256,Chris Brooks,University of Reading,https://www.icmacentre.ac.uk/people/chris-brooks,https://ideas.repec.org/f/pbr256.html,eligible,0,,2593.0,3447.0,RePEc
pbe805,Giuseppe Berlingieri,ESSEC Business School,https://sites.google.com/site/giuseppeberlingieri/,https://ideas.repec.org/f/pbe805.html,eligible,0,,,2593.0,RePEc
pko35,Hideo Konishi,Boston College,https://sites.google.com/a/bc.edu/hideo-konishi/,https://ideas.repec.org/e/pko35.html,eligible,0,,2594.0,,RePEc
pma1852,Haider Mahmood,Prince Sattam Bin Abdulaziz University,,https://ideas.repec.org/f/pma1852.html,eligible,0,,,2594.0,RePEc
pal158,Joseph E. Aldy,Harvard University,http://www.hks.harvard.edu/fs/jaldy/,https://ideas.repec.org/e/pal158.html,eligible,0,,2595.0,,RePEc
psi59,Clemens Sialm,University of Texas-Austin,https://faculty.mccombs.utexas.edu/Clemens.Sialm/,https://ideas.repec.org/e/psi59.html,eligible,0,,2616.0,2595.0,RePEc
pog9,Masao Ogaki,Doshisha University,https://sites.google.com/site/masaoogakiphd/home,https://ideas.repec.org/e/pog9.html,eligible,0,,2596.0,,RePEc
pbr737,Ryan Brown,University of Colorado Denver,https://clas.ucdenver.edu/ryan-brown/,https://ideas.repec.org/f/pbr737.html,eligible,0,,,2596.0,RePEc
ppe392,Fernando Pérez de Gracia,Universidad de Navarra,,https://ideas.repec.org/f/ppe392.html,eligible,0,,,2597.0,RePEc
pna205,Barry Nalebuff,Yale University,http://mba.yale.edu/faculty/profiles/nalebuff.shtml,https://ideas.repec.org/f/pna205.html,eligible,0,,2599.0,,RePEc
pme460,Nirav Mehta,University of Western Ontario,https://niravmehtax.github.io/,https://ideas.repec.org/f/pme460.html,eligible,0,,,2599.0,RePEc
pwa118,Jonathan Wadsworth,Royal Holloway,,https://ideas.repec.org/e/pwa118.html,eligible,0,,2600.0,,RePEc
phe77,David A. Hennessy,Iowa State University,https://www.econ.iastate.edu/people/david-hennessy,https://ideas.repec.org/e/phe77.html,eligible,0,,2601.0,,RePEc
pbe271,Jan Bena,University of British Columbia,http://www.janbena.com,https://ideas.repec.org/f/pbe271.html,eligible,0,,,2601.0,RePEc
pvi206,Concetto Paolo Paolo Vinci,Università degli Studi di Salerno,https://www.researchgate.net/profile/Concetto-Vinci,https://ideas.repec.org/f/pvi206.html,eligible,0,,,2602.0,RePEc
pgo21,Piero Gottardi,University of Essex,https://sites.google.com/view/pierogottardi/home,https://ideas.repec.org/e/pgo21.html,eligible,0,,2603.0,2769.0,RePEc
pba685,Jozef Baruník,Univerzita Karlova v Praze,https://barunik.github.io,https://ideas.repec.org/f/pba685.html,eligible,0,,2676.0,2603.0,RePEc
pre86,W. Robert Reed,University of Canterbury,https://profiles.canterbury.ac.nz/Bob-Reed/about,https://ideas.repec.org/e/pre86.html,eligible,0,,2604.0,2647.0,RePEc
pdu318,Umut Mert Dur,North Carolina State University,https://sites.google.com/site/umutdur/,https://ideas.repec.org/f/pdu318.html,eligible,0,,,2604.0,RePEc
pth283,Marie Currie Thursby,,,https://ideas.repec.org/f/pth283.html,deceased,0,,2605.0,,RePEc
pwe216,Paul Welfens,,https://eiiw.wiwi.uni-wuppertal.de/,https://ideas.repec.org/f/pwe216.html,deceased,0,,,2605.0,RePEc
ppa618,Mårten Palme,Stockholms Universitet,http://people.su.se/~palme/,https://ideas.repec.org/f/ppa618.html,eligible,0,,2606.0,2820.0,RePEc
pki134,Sagiri Kitao,National Graduate Institute for Policy Studies (GRIPS),http://sagiri.kitao.googlepages.com,https://ideas.repec.org/e/pki134.html,eligible,0,,2607.0,,RePEc
pol249,Godwin Oluseye Olasehinde-Williams,İstanbul Ticaret Üniversitesi,,https://ideas.repec.org/f/pol249.html,eligible,0,,,2607.0,RePEc
psi13,Aloysius Siow,University of Toronto,http://www.economics.utoronto.ca/siow,https://ideas.repec.org/e/psi13.html,eligible,0,,2608.0,,RePEc
pku770,Andreas Kuckertz,Universität Hohenheim,,https://ideas.repec.org/f/pku770.html,eligible,0,,,2608.0,RePEc
pst400,"Melvin Stephens, Jr.",University of Michigan,https://sites.lsa.umich.edu/mstep/,https://ideas.repec.org/f/pst400.html,eligible,0,,2609.0,,RePEc
pmi365,Jack M. Mintz,University of Calgary,,https://ideas.repec.org/f/pmi365.html,eligible,0,,2610.0,,RePEc
pma305,Robert MacCulloch,University of Auckland,,https://ideas.repec.org/f/pma305.html,eligible,0,,2611.0,,RePEc
ppa53,Cyn-Young Park,Asian Development Bank,,https://ideas.repec.org/e/ppa53.html,eligible,0,,,2612.0,RePEc
pba279,Michael R. Baye,Indiana University,http://nash-equilibrium.com,https://ideas.repec.org/f/pba279.html,eligible,0,,2613.0,,RePEc
pru216,Joakim Ruist,Göteborgs Universitet,https://sites.google.com/site/joakimruist/,https://ideas.repec.org/f/pru216.html,eligible,0,,,2613.0,RePEc
pla92,Francine Lafontaine,University of Michigan,http://laf.bus.umich.edu,https://ideas.repec.org/e/pla92.html,eligible,0,,2614.0,,RePEc
pba1632,Gaetano Basso,Banca d'Italia,https://sites.google.com/view/gaetanobasso/,https://ideas.repec.org/f/pba1632.html,eligible,0,,,2614.0,RePEc
pma3373,Isabela Manelici,London School of Economics (LSE),https://www.isabelamanelici.com,https://ideas.repec.org/f/pma3373.html,eligible,0,,,2615.0,RePEc
pka649,David M. Kaplan,University of Missouri,https://kaplandm.github.io/,https://ideas.repec.org/f/pka649.html,eligible,0,,,2616.0,RePEc
psh141,Sherrill Shaffer,University of Wyoming,http://www.uwyo.edu/economics/faculty-staff/sherrill-shaffer/index.html,https://ideas.repec.org/e/psh141.html,eligible,0,,2617.0,,RePEc
pwa121,Daniel Waldenström,Institutet för Näringslivsforskning (IFN),https://sites.google.com/view/danielwaldenstrom/,https://ideas.repec.org/e/pwa121.html,eligible,0,,3445.0,2617.0,RePEc
pfo15,Robert W. Fogel,,https://www.nobelprize.org/prizes/economic-sciences/1993/fogel/facts/,https://ideas.repec.org/e/pfo15.html,won,1993,,2618.0,,RePEc
pve70,Theo Vermaelen,INSEAD,,https://ideas.repec.org/e/pve70.html,eligible,0,,2619.0,,RePEc
pma3533,Abdullah Al Masum,Johnson C. Smith University,https://scholar.google.com/citations?user=vZKjrK4AAAAJ&hl=en,https://ideas.repec.org/f/pma3533.html,eligible,0,,,2619.0,RePEc
pte54,Siri Terjesen,Florida Atlantic University,https://business.fau.edu/faculty-research/faculty-profiles/profile/sterjesen.php,https://ideas.repec.org/e/pte54.html,eligible,0,,,2620.0,RePEc
paj30,Folorunsho M. Ajide,University of Ilorin,https://www.researchgate.net/profile/Folorunsho_Ajide,https://ideas.repec.org/e/paj30.html,eligible,0,,,2621.0,RePEc
pgu134,Luca Guerrieri,Federal Reserve Board (Board of Governors of the Federal Reserve System),http://www.lguerrieri.com,https://ideas.repec.org/e/pgu134.html,eligible,0,,2622.0,,RePEc
pla982,Danial Lashkari,Federal Reserve Bank of New York,https://sites.google.com/view/danial-lashkari,https://ideas.repec.org/f/pla982.html,eligible,0,,,2622.0,RePEc
pri109,Michael H. Riordan,Columbia University,http://www.columbia.edu/~mhr21/,https://ideas.repec.org/e/pri109.html,eligible,0,,2623.0,,RePEc
pza206,Alminas Zaldokas,Hong Kong University of Science and Technology (HKUST),http://www.alminas.com,https://ideas.repec.org/f/pza206.html,eligible,0,,,2623.0,RePEc
pfr24,Patrick Francois,University of British Columbia,http://www.econ.ubc.ca/fpatrick/index.htm,https://ideas.repec.org/e/pfr24.html,eligible,0,,2624.0,,RePEc
pzh1271,Xintong Zhan,Fudan University,https://sites.google.com/view/xintongzhan/home,https://ideas.repec.org/f/pzh1271.html,eligible,0,,,2624.0,RePEc
poo11,Frank van Oort,Erasmus Universiteit Rotterdam,http://www.frankvanoort.com,https://ideas.repec.org/e/poo11.html,eligible,0,,2625.0,,RePEc
pmo1520,Corina Mommaerts,University of Wisconsin-Madison,https://sites.google.com/site/corinamommaerts/,https://ideas.repec.org/f/pmo1520.html,eligible,0,,,2625.0,RePEc
pda13,Jean-Pierre Danthine,Paris School of Economics,https://www.jean-pierre.danthine.ch,https://ideas.repec.org/e/pda13.html,eligible,0,,2626.0,,RePEc
pde50,Roberto A. De Santis,European Central Bank,,https://ideas.repec.org/e/pde50.html,eligible,0,,3699.0,2626.0,RePEc
pfu14,Kyoji Fukao,Research Institute of Economy,https://www1.ier.hit-u.ac.jp/en/teacher/issuance/index/fukao/,https://ideas.repec.org/e/pfu14.html,eligible,0,,2627.0,,RePEc
pdo220,Carlos Dobkin,University of California-Santa Cruz (UCSC),http://people.ucsc.edu/~cdobkin/,https://ideas.repec.org/f/pdo220.html,eligible,0,,3377.0,2627.0,RePEc
pmi904,Mark Mitchell,University of Chicago,,https://ideas.repec.org/f/pmi904.html,eligible,0,,2629.0,,RePEc
pdo531,Hung Do,Massey University,https://www.massey.ac.nz/massey/expertise/profile.cfm?stref=972450,https://ideas.repec.org/f/pdo531.html,eligible,0,,,2629.0,RePEc
pba151,Thomas K. Bauer,RWI - Leibniz-Institut für Wirtschaftsforschung,http://www.rwi-essen.de,https://ideas.repec.org/e/pba151.html,eligible,0,,2630.0,,RePEc
pha76,Barton Hamilton,Washington University in St. Louis,http://www.olin.wustl.edu/faculty/hamiltonb,https://ideas.repec.org/e/pha76.html,eligible,0,,2631.0,,RePEc
pco391,Alessandra Colombelli,Politecnico di Torino,,https://ideas.repec.org/f/pco391.html,eligible,0,,,2631.0,RePEc
psc295,Norbert Schady,World Bank Group,,https://ideas.repec.org/f/psc295.html,eligible,0,,2632.0,,RePEc
pla705,Wee Yeap Lau,Universiti Malaya,https://umexpert.um.edu.my/wylau,https://ideas.repec.org/f/pla705.html,eligible,0,,,2632.0,RePEc
pbo418,Diana Bonfim,European Central Bank,https://sites.google.com/site/dianabonfim/,https://ideas.repec.org/f/pbo418.html,eligible,0,,,2633.0,RePEc
pli35,Francesco Lissoni,Université de Bordeaux,http://www.francescolissoni.com,https://ideas.repec.org/e/pli35.html,eligible,0,,2634.0,2988.0,RePEc
pbl217,Jeffrey R. Bloem,International Food Policy Research Institute (IFPRI),http://jeffbloem.wordpress.com,https://ideas.repec.org/f/pbl217.html,eligible,0,,,2634.0,RePEc
pdo523,Winston Wei Dou,University of Pennsylvania,https://fnce.wharton.upenn.edu/profile/wdou/,https://ideas.repec.org/f/pdo523.html,eligible,0,,,2635.0,RePEc
par8,Wiji Arulampalam,University of Warwick,http://www.warwick.ac.uk/go/arulampalam/,https://ideas.repec.org/e/par8.html,eligible,0,,2636.0,,RePEc
prh18,Andrew Rhodes,Toulouse School of Economics (TSE),http://sites.google.com/site/andrewrhodeseconomics/,https://ideas.repec.org/e/prh18.html,eligible,0,,,2636.0,RePEc
pdo567,Anthony Downs,,,https://ideas.repec.org/f/pdo567.html,deceased,0,,2637.0,,RePEc
pha1432,Imran Hanif,Government College University,https://scholar.google.com/citations?user=mfpbyV0AAAAJhl=en,https://ideas.repec.org/f/pha1432.html,eligible,0,,,2637.0,RePEc
pse237,Mark Setterfield,The New School,https://www.newschool.edu/nssr/faculty/Mark-Setterfield/,https://ideas.repec.org/f/pse237.html,eligible,0,,2639.0,2644.0,RePEc
pst626,Andreas Steinhauer,University of Edinburgh,http://www.ed.ac.uk/schools-departments/economics/people/academic-staff/andreas-steinhauer,https://ideas.repec.org/f/pst626.html,eligible,0,,,2639.0,RePEc
pho140,Oliver Holtemöller,Leibniz-Institut für Wirtschaftsforschung Halle (IWH),http://www.iwh-halle.de/en/about-the-iwh/people/detail/oliver-holtemoeller/,https://ideas.repec.org/e/pho140.html,eligible,0,,,2640.0,RePEc
pdo89,Mark E. Doms,,,https://ideas.repec.org/e/pdo89.html,eligible,0,,2641.0,,RePEc
pga574,Lata Gangadharan,Monash University,https://sites.google.com/monash.edu/lata-gangadharan/home?pli=1,https://ideas.repec.org/f/pga574.html,eligible,0,,2642.0,2797.0,RePEc
pma2061,Rui C. Mano,International Monetary Fund (IMF),https://sites.google.com/site/ruimano/,https://ideas.repec.org/f/pma2061.html,eligible,0,,,2642.0,RePEc
pga222,Esther Gal-Or,University of Pittsburgh,http://business.pitt.edu/katz/faculty/gal-or.php,https://ideas.repec.org/f/pga222.html,eligible,0,,2643.0,,RePEc
pre75,Vincent Raymond Reinhart,American Enterprise Institute,https://www.aei.org/scholar/vincent-r-reinhart/,https://ideas.repec.org/e/pre75.html,eligible,0,,2644.0,,RePEc
pva668,Jules Hans van Binsbergen,,http://www.gsb.stanford.edu/users/jvb2,https://ideas.repec.org/f/pva668.html,eligible,0,,2645.0,,RePEc
pha672,Shawkat Hammoudeh,Drexel University,http://www.lebow.drexel.edu/hammoudehs/,https://ideas.repec.org/f/pha672.html,eligible,0,,2646.0,,RePEc
pru69,Sarah Marit Lein,Universität Basel,http://www.sarah-lein.ch/,https://ideas.repec.org/e/pru69.html,eligible,0,,,2646.0,RePEc
pbr656,William Hoban Branson,,,https://ideas.repec.org/f/pbr656.html,deceased,0,,2647.0,,RePEc
pha1238,David I. Harvey,University of Nottingham,https://www.nottingham.ac.uk/economics/people/dave.harvey,https://ideas.repec.org/f/pha1238.html,eligible,0,,2648.0,,RePEc
psr57,Stjepan Srhoj,Sveučilište u Splitu,https://hr.linkedin.com/in/stjepansrhoj/,https://ideas.repec.org/e/psr57.html,eligible,0,,,2648.0,RePEc
pcl34,Charles T. Clotfelter,Duke University,http://www.pubpol.duke.edu/people/faculty/clotfelter/index.html,https://ideas.repec.org/e/pcl34.html,eligible,0,,2649.0,,RePEc
pbe109,Michèle Belot,Cornell University,https://sites.google.com/site/mvkbelot/,https://ideas.repec.org/e/pbe109.html,eligible,0,,3200.0,2649.0,RePEc
pst68,Mark Stewart,University of Warwick,http://www2.warwick.ac.uk/fac/soc/economics/staff/faculty/stewart/,https://ideas.repec.org/e/pst68.html,eligible,0,,2650.0,,RePEc
ppa381,Evi Pappa,Centre for Economic Policy Research (CEPR),http://economics.uc3m.es/personal/evi-pappa/,https://ideas.repec.org/f/ppa381.html,eligible,0,,2813.0,2650.0,RePEc
pco481,Nicolas Coeurdacier,Sciences Po,http://econ.sciences-po.fr/staff/nicolas-coeurdacier,https://ideas.repec.org/f/pco481.html,eligible,0,,2651.0,,RePEc
ppa23,Francesco Pastore,,,https://ideas.repec.org/e/ppa23.html,deceased,0,,,2651.0,RePEc
pba1945,Ray Barrell,Brunel University London,,https://ideas.repec.org/f/pba1945.html,eligible,0,,2653.0,,RePEc
pbe211,Gabriel R.g. Benito,BI Handelshøyskolen,,https://ideas.repec.org/f/pbe211.html,eligible,0,,,2653.0,RePEc
pca680,Bruno Cassiman,KU Leuven,,https://ideas.repec.org/f/pca680.html,eligible,0,,2654.0,,RePEc
pda706,Michael Danquah,United Nations University,,https://ideas.repec.org/f/pda706.html,eligible,0,,,2654.0,RePEc
pfl35,Michael J. Fleming,Federal Reserve Bank of New York,http://www.newyorkfed.org/research/economists/fleming,https://ideas.repec.org/e/pfl35.html,eligible,0,,2655.0,3155.0,RePEc
pbo595,Lumengo Bonga-Bonga,University of Johannesburg,,https://ideas.repec.org/f/pbo595.html,eligible,0,,,2655.0,RePEc
pku226,Keith Kuester,Rheinische Friedrich-Wilhelms-Universität Bonn,http://www.keithkuester.eu,https://ideas.repec.org/f/pku226.html,eligible,0,,2656.0,,RePEc
psc681,Sergio Scicchitano,John Cabot University,https://sergioscicchitano.wordpress.com/,https://ideas.repec.org/f/psc681.html,eligible,0,,,2656.0,RePEc
pha8,Michael Haliassos,Goethe Universität Frankfurt am Main,https://sites.google.com/view/michaelhaliassos/home,https://ideas.repec.org/e/pha8.html,eligible,0,,2657.0,,RePEc
pdi76,Claude Diebolt,Bureau d'Économie Théorique et Appliquée (BETA),https://beta-economics.fr/annuaire/1/diebolt_claude/,https://ideas.repec.org/e/pdi76.html,eligible,0,,2808.0,2658.0,RePEc
pbr257,David F. Bradford,,http://en.wikipedia.org/wiki/David_Bradford_%28economist%29,https://ideas.repec.org/f/pbr257.html,deceased,0,,2659.0,,RePEc
pem32,Johannes Emmerling,RFF-CMCC European Institute on Economics and the Environment (EIEE),http://www.johannes-emmerling.de,https://ideas.repec.org/e/pem32.html,eligible,0,,,2659.0,RePEc
pdu4,Jean-Yves Duclos,Centre de Recherche sur les Risques,http://www.ecn.ulaval.ca/~jyves/index.html,https://ideas.repec.org/e/pdu4.html,eligible,0,,2660.0,,RePEc
pva147,Robert G. Valletta,Federal Reserve Bank of San Francisco,https://www.frbsf.org/our-people/economists/robert-valletta/,https://ideas.repec.org/e/pva147.html,eligible,0,,2661.0,,RePEc
pdu334,Songzi Du,University of California-San Diego (UCSD),https://econweb.ucsd.edu/~sodu/,https://ideas.repec.org/f/pdu334.html,eligible,0,,,2661.0,RePEc
pfr64,Peter Fredriksson,Uppsala Universitet,https://sites.google.com/site/peterfredrikssonuu/,https://ideas.repec.org/e/pfr64.html,eligible,0,,2662.0,,RePEc
pry6,Marc Rysman,Boston University,http://sites.bu.edu/mrysman/,https://ideas.repec.org/e/pry6.html,eligible,0,,2663.0,,RePEc
psa712,Marco Sanfilippo,Università degli Studi di Torino,https://sites.google.com/view/marcosanfilippo,https://ideas.repec.org/f/psa712.html,eligible,0,,,2663.0,RePEc
pla158,Helen F. Ladd,Duke University,,https://ideas.repec.org/e/pla158.html,eligible,0,,2664.0,,RePEc
pbl242,Keven Bluteau,Université de Sherbrooke,https://kevenbluteau.com,https://ideas.repec.org/f/pbl242.html,eligible,0,,,2664.0,RePEc
pbi55,Monica Billio,Università Ca' Foscari Venezia,http://www.unive.it/persone/billio,https://ideas.repec.org/e/pbi55.html,eligible,0,,2665.0,3002.0,RePEc
psc828,Simon Scheidegger,Université de Lausanne,https://sites.google.com/site/simonscheidegger,https://ideas.repec.org/f/psc828.html,eligible,0,,,2665.0,RePEc
pmi622,Luigi Minale,Universidad Carlos III de Madrid,http://sites.google.com/site/luigiminale/,https://ideas.repec.org/f/pmi622.html,eligible,0,,,2666.0,RePEc
ple256,Gianmarco León-Ciliotta,Centre for Economic Policy Research (CEPR),https://sites.google.com/site/gianmarcoleon/home,https://ideas.repec.org/f/ple256.html,eligible,0,,,2667.0,RePEc
ptr17,Antonella Trigari,Università Commerciale Luigi Bocconi,https://sites.google.com/view/antonellatrigari/home,https://ideas.repec.org/e/ptr17.html,eligible,0,,2668.0,,RePEc
pca195,Giuseppe Cavaliere,Alma Mater Studiorum - Università di Bologna,https://giuseppecavaliere.wixsite.com/giuseppe,https://ideas.repec.org/e/pca195.html,eligible,0,,2934.0,2668.0,RePEc
pib6,Rustam Ibragimov,New Economic School (NES),http://pantheon.yale.edu/~ri23,https://ideas.repec.org/e/pib6.html,eligible,0,,2669.0,,RePEc
psa109,Jean-Guillaume Sahuc,Banque de France,https://sites.google.com/site/sahuceconomics/,https://ideas.repec.org/e/psa109.html,eligible,0,,,2669.0,RePEc
pha558,Joop Hartog,Universiteit van Amsterdam,http://www1.fee.uva.nl/pp/jhartog/,https://ideas.repec.org/f/pha558.html,eligible,0,,2670.0,,RePEc
pfr128,Raphael Franck,Tel-Hai College,https://sites.google.com/site/raphaelfrancksite/,https://ideas.repec.org/e/pfr128.html,eligible,0,,,2670.0,RePEc
pha107,Joseph Haubrich,Federal Reserve Bank of Cleveland,https://www.clevelandfed.org/research/economists/haubrich-joseph-g,https://ideas.repec.org/e/pha107.html,eligible,0,,2671.0,,RePEc
pca604,Catherine Casamatta,Toulouse School of Economics (TSE),https://www.tse-fr.eu/fr/people/catherine-casamatta,https://ideas.repec.org/f/pca604.html,eligible,0,,,2671.0,RePEc
pfa323,Frank J. Fabozzi,Groupe EDHEC (École de Hautes Études Commerciales du Nord),http://www.frankfabozzi.com,https://ideas.repec.org/f/pfa323.html,eligible,0,,2672.0,,RePEc
pba1551,Ceren Baysan,University of Toronto,https://sites.google.com/site/cerenbaysan/,https://ideas.repec.org/f/pba1551.html,eligible,0,,,2672.0,RePEc
ppr89,Michael K. Price,University of Alabama-Tuscaloosa,https://culverhouse.ua.edu/news/directory/michael-price/,https://ideas.repec.org/e/ppr89.html,eligible,0,,2673.0,3311.0,RePEc
pue11,Kozo Ueda,Waseda University,http://sites.google.com/site/kozoueda/,https://ideas.repec.org/e/pue11.html,eligible,0,,,2674.0,RePEc
pko326,Matthew Jason Kotchen,National Bureau of Economic Research (NBER),http://environment.yale.edu/kotchen,https://ideas.repec.org/f/pko326.html,eligible,0,,2675.0,,RePEc
pmu40,Toshihiko Mukoyama,Georgetown University,https://sites.google.com/view/toshimukoyama/home,https://ideas.repec.org/e/pmu40.html,eligible,0,,2677.0,3018.0,RePEc
pbe832,Zachary Bethune,Rice University,https://www.zachbethune.com/,https://ideas.repec.org/f/pbe832.html,eligible,0,,,2677.0,RePEc
pga29,Vincenzo Galasso,Università Commerciale Luigi Bocconi,http://didattica.unibocconi.it/mypage/index.php?IdUte=49676&cognome=GALASSO&nome=VINCENZO&urlBackMy=,https://ideas.repec.org/e/pga29.html,eligible,0,,2678.0,3686.0,RePEc
pko519,Catherine Tahmee Casanova,Schweizerische Nationalbank (SNB),https://sites.google.com/site/catherinetahmeekoch/home,https://ideas.repec.org/f/pko519.html,eligible,0,,,2679.0,RePEc
pra1207,Devesh R Raval,Government of the United States,https://www.devesh-raval.com/,https://ideas.repec.org/f/pra1207.html,eligible,0,,,2680.0,RePEc
pje16,Tim Jenkinson,Oxford University,http://www.sbs.oxford.edu/timjenkinson,https://ideas.repec.org/e/pje16.html,eligible,0,,2681.0,,RePEc
pol158,Conny Olovsson,Sveriges Riksbank,,https://ideas.repec.org/e/pol158.html,eligible,0,,,2681.0,RePEc
ppa1262,Gonzalo Paz-Pardo,European Central Bank,https://www.gonzalopazpardo.com,https://ideas.repec.org/f/ppa1262.html,eligible,0,,,2682.0,RePEc
pke165,Donald B. Keim,University of Pennsylvania,,https://ideas.repec.org/e/pke165.html,eligible,0,,2683.0,,RePEc
pfr361,Simon Freyaldenhoven,Federal Reserve Bank of Philadelphia,,https://ideas.repec.org/f/pfr361.html,eligible,0,,,2683.0,RePEc
pta173,Robert F Tamura,Clemson University,https://sites.google.com/view/robertftamura/home,https://ideas.repec.org/e/pta173.html,eligible,0,,2684.0,,RePEc
pbh33,Debopam Bhattacharya,University of Cambridge,https://sites.google.com/site/debobhatta/,https://ideas.repec.org/e/pbh33.html,eligible,0,,,2684.0,RePEc
pai25,Karl Aiginger,Europaplattfrom Wien-Brüssel,https://karl.aiginger.wifo.ac.at/,https://ideas.repec.org/e/pai25.html,eligible,0,,2685.0,,RePEc
pde5,Panicos Demetriades,Leicester University,,https://ideas.repec.org/e/pde5.html,eligible,0,,2686.0,,RePEc
pho470,Greg Howard,University of Illinois at Urbana-Champaign,http://greghoward.org,https://ideas.repec.org/f/pho470.html,eligible,0,,,2687.0,RePEc
pst262,David Stadelmann,Universität Bayreuth,https://www.entwicklung.uni-bayreuth.de/en/team/david-stadelmann/,https://ideas.repec.org/f/pst262.html,eligible,0,,,2688.0,RePEc
pbx6,Jan Börner,Rheinische Friedrich-Wilhelms-Universität Bonn,https://www.ilr1.uni-bonn.de/en/about-us/staff/jan-borner,https://ideas.repec.org/e/pbx6.html,eligible,0,,,2689.0,RePEc
psc293,Margit Schratzenstaller,Österreichisches Institut für Wirtschaftsforschung (WIFO),,https://ideas.repec.org/f/psc293.html,eligible,0,,2690.0,2725.0,RePEc
pfa133,Lidia Farre,Barcelona School of Economics (BSE),https://sites.google.com/site/lidiafarre78/home,https://ideas.repec.org/e/pfa133.html,eligible,0,,,2690.0,RePEc
pva671,Oliver Vanden Eynde,Paris School of Economics,http://www.parisschoolofeconomics.eu/fr/vanden-eynde-oliver/,https://ideas.repec.org/f/pva671.html,eligible,0,,,2691.0,RePEc
pla295,Darius Lakdawalla,University of Southern California,https://schaeffer.usc.edu/people/darius-lakdawalla-ph-d/,https://ideas.repec.org/f/pla295.html,eligible,0,,2692.0,,RePEc
pfe128,Ana Margarida Fernandes,World Bank Group,https://www.worldbank.org/en/about/people/a/ana-margarida-fernandes,https://ideas.repec.org/e/pfe128.html,eligible,0,,3330.0,2692.0,RePEc
pga1060,Andrea Gatto,Wenzhou-Kean University,https://scholar.google.com/citations?user=bzlAdJYAAAAJhl=en,https://ideas.repec.org/f/pga1060.html,eligible,0,,,2693.0,RePEc
pch20,Yongsung Chang,Seoul National University,http://sites.google.com/site/yongsungchang/,https://ideas.repec.org/e/pch20.html,eligible,0,,2694.0,,RePEc
pma659,Chunbo Ma,University of Western Australia,,https://ideas.repec.org/f/pma659.html,eligible,0,,,2694.0,RePEc
pfr73,Per G. Fredriksson,University of Louisville,https://business.louisville.edu/faculty-research/faculty-directory/per-g-fredriksson-phd/,https://ideas.repec.org/e/pfr73.html,eligible,0,,2695.0,,RePEc
pko441,Philip Kofi Adom,Ashesi University,https://www.researchgate.net/profile/Philip_Adom/contributions,https://ideas.repec.org/f/pko441.html,eligible,0,,,2695.0,RePEc
pst479,Lars A Stole,University of Chicago,https://voices.uchicago.edu/larsstole/,https://ideas.repec.org/f/pst479.html,eligible,0,,2696.0,,RePEc
pvi431,Eva Vivalt,University of Toronto,http://www.evavivalt.com/,https://ideas.repec.org/f/pvi431.html,eligible,0,,,2697.0,RePEc
psp176,Charles David Sprenger,University of California-San Diego (UCSD),http://rady.ucsd.edu/people/faculty/sprenger/,https://ideas.repec.org/e/psp176.html,eligible,0,,2698.0,,RePEc
pam274,Mario Daniele Amore,Università Commerciale Luigi Bocconi,,https://ideas.repec.org/f/pam274.html,eligible,0,,,2698.0,RePEc
pvi147,David Vines,Australian National University,http://www.economics.ox.ac.uk/index.php/staff/vines/,https://ideas.repec.org/e/pvi147.html,eligible,0,,2699.0,,RePEc
pta593,Mathieu Taschereau-Dumouchel,Cornell University,http://www.mathtd.info,https://ideas.repec.org/f/pta593.html,eligible,0,,,2699.0,RePEc
pho182,Henrik Horn,Institutet för Näringslivsforskning (IFN),http://www.econ-law.se,https://ideas.repec.org/e/pho182.html,eligible,0,,2700.0,,RePEc
pis45,Klodiana Istrefi,European Central Bank,https://sites.google.com/site/istrefiklodiana/,https://ideas.repec.org/e/pis45.html,eligible,0,,,2700.0,RePEc
pco141,Rebel A. Cole,Florida Atlantic University,http://www.rebelcole.com,https://ideas.repec.org/e/pco141.html,eligible,0,,2701.0,,RePEc
pes170,Federico Esposito,Tufts University,https://sites.google.com/site/federicoesposito1986/,https://ideas.repec.org/e/pes170.html,eligible,0,,,2701.0,RePEc
ppe433,Hans J.m. Peters,Maastricht University,https://sites.google.com/view/hanspeters,https://ideas.repec.org/f/ppe433.html,eligible,0,,2702.0,,RePEc
pta263,Makoto Tanaka,National Graduate Institute for Policy Studies (GRIPS),http://home.j07.itscom.net/mtanaka/tanaka.htm,https://ideas.repec.org/f/pta263.html,eligible,0,,,2702.0,RePEc
pfa609,Jack Favilukis,University of British Columbia,https://sites.google.com/site/jackfavilukis/,https://ideas.repec.org/f/pfa609.html,eligible,0,,,2703.0,RePEc
pso287,Olav Sorenson,University of California-Los Angeles (UCLA),http://www.olavsorenson.net,https://ideas.repec.org/f/pso287.html,eligible,0,,2704.0,2976.0,RePEc
pbo220,Margherita Borella,Università degli Studi di Torino,https://sites.google.com/site/margheritaborella/,https://ideas.repec.org/f/pbo220.html,eligible,0,,,2705.0,RePEc
pfi106,Jarko Fidrmuc,Zeppelin Universität,https://www.zeppelin-university.com/chairs/international-economics/index.php,https://ideas.repec.org/e/pfi106.html,eligible,0,,2706.0,3495.0,RePEc
psa2033,Muhammad Sadiq,Universytet Vizja,,https://ideas.repec.org/f/psa2033.html,eligible,0,,,2706.0,RePEc
pha652,James K. Hammitt,Harvard University,,https://ideas.repec.org/f/pha652.html,eligible,0,,2707.0,3252.0,RePEc
pgr470,João Granja,Massachusetts Institute of Technology (MIT),,https://ideas.repec.org/f/pgr470.html,eligible,0,,,2707.0,RePEc
pme605,Eric Mengus,HEC Paris (École des Hautes Études Commerciales),https://sites.google.com/site/ericmengus,https://ideas.repec.org/f/pme605.html,eligible,0,,,2708.0,RePEc
pho156,Kevin D. Hoover,University of California-Davis,http://www.econ.duke.edu/~kdh9,https://ideas.repec.org/e/pho156.html,eligible,0,,2709.0,,RePEc
psu261,Sandip Sukhtankar,University of Virginia,https://uva.theopenscholar.com/sandip-sukhtankar,https://ideas.repec.org/f/psu261.html,eligible,0,,,2709.0,RePEc
pri198,Bob Martinus Johannes Rijkers,World Bank Group,https://sites.google.com/site/decrgbobrijkers/home,https://ideas.repec.org/e/pri198.html,eligible,0,,,2710.0,RePEc
pke42,Christian Keuschnigg,Universität St. Gallen,https://sites.google.com/view/christiankeuschnigg/home,https://ideas.repec.org/e/pke42.html,eligible,0,,2711.0,,RePEc
pko232,Christoffer Kok,European Central Bank,http://www.ecb.europa.eu/pub/research/authors/profiles/christoffer-kok.en.html,https://ideas.repec.org/f/pko232.html,eligible,0,,,2711.0,RePEc
por44,Emanuel Ornelas,Fundação Getúlio Vargas (FGV),https://sites.google.com/site/emanuelornelaseo/,https://ideas.repec.org/e/por44.html,eligible,0,,2712.0,3096.0,RePEc
pvi153,Mariana Viollaz,World Bank Group,https://sites.google.com/view/marianaviollaz/home,https://ideas.repec.org/e/pvi153.html,eligible,0,,,2712.0,RePEc
pbr76,Steven J. Brams,New York University,http://politics.as.nyu.edu/object/stevenbrams,https://ideas.repec.org/e/pbr76.html,eligible,0,,2713.0,,RePEc
pca1324,Francesca Gaia Caselli,International Monetary Fund (IMF),,https://ideas.repec.org/f/pca1324.html,eligible,0,,,2713.0,RePEc
pkr176,Rachel Kranton,Duke University,http://econ.duke.edu/people/kranton,https://ideas.repec.org/e/pkr176.html,eligible,0,,2714.0,,RePEc
pla25,Kevin J. Lansing,Federal Reserve Bank of San Francisco,http://www.frbsf.org/economic-research/economists/kevin-lansing/,https://ideas.repec.org/e/pla25.html,eligible,0,,2715.0,3683.0,RePEc
pah103,Kenneth R. Ahern,University of Southern California,https://faculty.marshall.usc.edu/Kenneth-Ahern/,https://ideas.repec.org/e/pah103.html,eligible,0,,2716.0,,RePEc
pma276,Francois Paul Maniquet,Université Catholique de Louvain,https://sites.uclouvain.be/poresp/cv/cv_maniquet.pdf,https://ideas.repec.org/f/pma276.html,eligible,0,,2972.0,2716.0,RePEc
pda143,James Byron Davies,University of Western Ontario,,https://ideas.repec.org/e/pda143.html,eligible,0,,2717.0,,RePEc
pab418,Martin Abel,Bowdoin College,http://martinabel.net,https://ideas.repec.org/f/pab418.html,eligible,0,,,2717.0,RePEc
pro136,Frederic Robert-Nicoud,Université de Genève,http://frobertnicoud.weebly.com/,https://ideas.repec.org/e/pro136.html,eligible,0,,2718.0,,RePEc
pab108,Ran Abramitzky,Stanford University,http://www.stanford.edu/~ranabr/,https://ideas.repec.org/e/pab108.html,eligible,0,,,2718.0,RePEc
pmo1140,Teresa Molina,University of Hawaii-Manoa,,https://ideas.repec.org/f/pmo1140.html,eligible,0,,,2719.0,RePEc
plu177,Alexander Ludwig,Goethe Universität Frankfurt am Main,https://alexander-ludwig.com/,https://ideas.repec.org/e/plu177.html,eligible,0,,2720.0,,RePEc
pan271,Alin Marius Andrieș,"Universitatea ""Al.I. Cuza""",https://sites.google.com/site/alinandries/,https://ideas.repec.org/f/pan271.html,eligible,0,,,2720.0,RePEc
psc73,Til Schuermann,,,https://ideas.repec.org/e/psc73.html,eligible,0,,2721.0,,RePEc
pbl212,Thomas Blanchet,Paris School of Economics,https://thomasblanchet.fr/,https://ideas.repec.org/f/pbl212.html,eligible,0,,,2723.0,RePEc
pra328,Claudio Enrique Raddatz,Universidad de Chile,,https://ideas.repec.org/f/pra328.html,eligible,0,,2724.0,,RePEc
pus27,Philip Ushchev,Université Libre de Bruxelles,,https://ideas.repec.org/e/pus27.html,eligible,0,,,2724.0,RePEc
pbu95,Gary Thomas Burtless,Brookings Institution,https://www.brookings.edu/experts/gary-burtless/,https://ideas.repec.org/e/pbu95.html,eligible,0,,2726.0,,RePEc
pma427,Franco Malerba,Università Commerciale Luigi Bocconi,http://www.cespri.unibocconi.it/malerba,https://ideas.repec.org/f/pma427.html,eligible,0,,2727.0,,RePEc
pbr754,Anne Ardila Brenøe,Universität Zürich,https://sites.google.com/view/aabrenoe/home,https://ideas.repec.org/f/pbr754.html,eligible,0,,,2727.0,RePEc
ple1014,Agnese Leonello,European Central Bank,https://sites.google.com/site/agneseleonello/,https://ideas.repec.org/f/ple1014.html,eligible,0,,,2729.0,RePEc
pfl10,Massimo Florio,Università degli Studi di Milano,http://www.massimoflorio.com,https://ideas.repec.org/e/pfl10.html,eligible,0,,2730.0,,RePEc
pge34,Norman Gemmell,Victoria University of Wellington,http://www.victoria.ac.nz/sacl/about/staff/norman-gemmell,https://ideas.repec.org/e/pge34.html,eligible,0,,2731.0,,RePEc
pva137,Frans A.a.m. van Winden,Centre for Economic Policy Research (CEPR),http://www.fee.uva.nl/creed,https://ideas.repec.org/e/pva137.html,eligible,0,,2732.0,,RePEc
ppi600,Nicola Pierri,International Monetary Fund (IMF),https://www.nicolapierri.com/research,https://ideas.repec.org/f/ppi600.html,eligible,0,,,2732.0,RePEc
pse56,Claudia Senik,Paris School of Economics,http://www.pse.ens.fr/senik,https://ideas.repec.org/e/pse56.html,eligible,0,,2733.0,,RePEc
ptr265,Tuyen Quang Tran,Vietnam National University,https://scholar.google.com/citations?user=WD0Wu80AAAAJ&hl=vi,https://ideas.repec.org/f/ptr265.html,eligible,0,,,2733.0,RePEc
ptu41,Henry Tulkens,Université Catholique de Louvain,http://www.uclouvain.be/en-237347.html?id_person=38,https://ideas.repec.org/e/ptu41.html,eligible,0,,2734.0,,RePEc
pga277,Giovanni Gallipoli,University of British Columbia,https://economics.ubc.ca/profile/giovanni-gallipoli/,https://ideas.repec.org/f/pga277.html,eligible,0,,,2734.0,RePEc
psc240,Erik Schokkaert,KU Leuven,https://www.kuleuven.be/wieiswie/en/person/00009398,https://ideas.repec.org/f/psc240.html,eligible,0,,2735.0,,RePEc
pku158,Hyejin Ku,University College London (UCL),,https://ideas.repec.org/e/pku158.html,eligible,0,,,2735.0,RePEc
pfr54,Andrea Frazzini,Yale University,http://people.stern.nyu.edu/afrazzin/,https://ideas.repec.org/e/pfr54.html,eligible,0,,2736.0,,RePEc
pel108,Makram El-Shagi,Henan University,,https://ideas.repec.org/e/pel108.html,eligible,0,,,2736.0,RePEc
pre502,Ricardo Reyes-Heroles,Federal Reserve Bank of Dallas,http://rreyes-heroles.com/,https://ideas.repec.org/f/pre502.html,eligible,0,,,2737.0,RePEc
psm60,Gregor W. Smith,Queen's University,https://www.econ.queensu.ca/people/faculty/gregor-w-smith,https://ideas.repec.org/e/psm60.html,eligible,0,,2738.0,,RePEc
pbo1170,Barthélémy Bonadio,New York University Abu Dhabi,https://sites.google.com/view/bbonadio/home,https://ideas.repec.org/f/pbo1170.html,eligible,0,,,2738.0,RePEc
pst291,Erik Stafford,Harvard University,,https://ideas.repec.org/f/pst291.html,eligible,0,,2739.0,,RePEc
psc473,Joshua Schwartzstein,Harvard University,https://www.hbs.edu/faculty/Pages/profile.aspx?facId=564091,https://ideas.repec.org/f/psc473.html,eligible,0,,,2739.0,RePEc
pri20,W. Craig Riddell,University of British Columbia,https://economics.ubc.ca/faculty-and-staff/w-craig-riddell/,https://ideas.repec.org/e/pri20.html,eligible,0,,2740.0,,RePEc
pre551,Imke Reimers,Cornell University,http://imkereimers.weebly.com,https://ideas.repec.org/f/pre551.html,eligible,0,,,2740.0,RePEc
pho584,Anthony James Howell,Peking University,http://www.tonyjhowell.com,https://ideas.repec.org/f/pho584.html,eligible,0,,,2741.0,RePEc
pha382,Robert W. Hahn,Georgetown University,,https://ideas.repec.org/f/pha382.html,eligible,0,,2742.0,,RePEc
pgo157,Bart Golsteyn,Maastricht University,http://www.iza.org/index_html?lang=en&mainframe=http%3A//www.iza.org/en/webcontent/personnel/photos/,https://ideas.repec.org/e/pgo157.html,eligible,0,,,2742.0,RePEc
pho188,Mark J. Holmes,University of Waikato,https://profiles.waikato.ac.nz/mark.holmes,https://ideas.repec.org/e/pho188.html,eligible,0,,2743.0,,RePEc
pru161,Phurichai Rungcharoenkitkul,Bank for International Settlements (BIS),https://sites.google.com/view/phurichai/home,https://ideas.repec.org/e/pru161.html,eligible,0,,,2743.0,RePEc
ppo238,Christopher Keith Polk,London School of Economics (LSE),http://personal.lse.ac.uk/POLK/,https://ideas.repec.org/f/ppo238.html,eligible,0,,2744.0,,RePEc
phl9,Vladimir Hlasny,United Nations,,https://ideas.repec.org/e/phl9.html,eligible,0,,,2744.0,RePEc
pke318,Franz Willi Kellermanns,University of North Carolina-Charlotte,http://belkcollege.uncc.edu/directory/franz-w-kellermanns,https://ideas.repec.org/f/pke318.html,eligible,0,,3278.0,2745.0,RePEc
pgo528,Marc Goergen,Universidad IE,https://www.ie.edu/university/about/faculty/marc-goergen/,https://ideas.repec.org/f/pgo528.html,eligible,0,,,2746.0,RePEc
pbe364,Andrew Gouinlock Berg,International Monetary Fund (IMF),,https://ideas.repec.org/f/pbe364.html,eligible,0,,2747.0,2757.0,RePEc
par66,Luc Arrondel,Paris School of Economics,http://www.parisschoolofeconomics.eu/fr/arrondel-luc/,https://ideas.repec.org/e/par66.html,eligible,0,,3303.0,2747.0,RePEc
pje189,Jonas Jessen,Wissenschaftszentrum Berlin für Sozialforschung (WZB),https://sites.google.com/view/jesseneconomist,https://ideas.repec.org/e/pje189.html,eligible,0,,,2748.0,RePEc
pis46,Asad Islam,Monash University,https://asadislam.info/,https://ideas.repec.org/e/pis46.html,eligible,0,,,2749.0,RePEc
pta247,David Gerald Tarr,Tbilisi State University,http://sites.google.com/site/davidgtarr/,https://ideas.repec.org/f/pta247.html,eligible,0,,2750.0,,RePEc
ppi119,Massimiliano Pisani,Banca d'Italia,https://sites.google.com/view/massimilianopisani/home-page,https://ideas.repec.org/e/ppi119.html,eligible,0,,,2750.0,RePEc
pza79,Jean-Michel Zakoian,Centre de Recherche en Économie et Statistique (CREST),http://crest.fr/user/Jean-Michel-ZAKOIAN,https://ideas.repec.org/e/pza79.html,eligible,0,,2751.0,,RePEc
ppe308,Yannick Perez,Université Paris-Saclay,https://sites.google.com/site/yannickperez/,https://ideas.repec.org/f/ppe308.html,eligible,0,,,2751.0,RePEc
pzh134,Hao Zhou,Tsinghua University,http://sites.google.com/site/haozhouspersonalhomepage/,https://ideas.repec.org/e/pzh134.html,eligible,0,,2752.0,,RePEc
pfr125,Klaus Sylvester Friesenbichler,Österreichisches Institut für Wirtschaftsforschung (WIFO),,https://ideas.repec.org/e/pfr125.html,eligible,0,,,2752.0,RePEc
pgr13,Edward Green,,,https://ideas.repec.org/e/pgr13.html,deceased,0,,2753.0,,RePEc
pfu39,Shihe Fu,Wuhan University,,https://ideas.repec.org/e/pfu39.html,eligible,0,,,2753.0,RePEc
pla214,Michael Lamla,Universität Duisburg-Essen,https://www.makro.wiwi.uni-due.de,https://ideas.repec.org/f/pla214.html,eligible,0,,,2755.0,RePEc
pfr84,Michele Fratianni,,https://kelley.iu.edu/faculty-research/faculty-directory/profile.html?id=FRATIANN,https://ideas.repec.org/e/pfr84.html,eligible,0,,2756.0,,RePEc
pwu81,吴延瑞,University of Western Australia,,https://ideas.repec.org/e/pwu81.html,eligible,0,,,2756.0,RePEc
pse146,Khalid Sekkat,Université Libre de Bruxelles,,https://ideas.repec.org/e/pse146.html,eligible,0,,2757.0,,RePEc
pho155,Bertil Holmlund,,,https://ideas.repec.org/e/pho155.html,deceased,0,,2758.0,,RePEc
pzi118,Vera Zipperer,Government of Germany,,https://ideas.repec.org/e/pzi118.html,eligible,0,,,2758.0,RePEc
pgo5,Nikolay Gospodinov,Federal Reserve Bank of Atlanta,,https://ideas.repec.org/e/pgo5.html,eligible,0,,3655.0,2759.0,RePEc
pnu99,Jeffrey B. Nugent,University of Southern California,,https://ideas.repec.org/e/pnu99.html,eligible,0,,2760.0,,RePEc
pho236,Laura Hospido,Banco de España,https://laurahospido.com/,https://ideas.repec.org/f/pho236.html,eligible,0,,,2760.0,RePEc
pfe230,Pirmin Fessler,Oesterreichische Nationalbank,,https://ideas.repec.org/f/pfe230.html,eligible,0,,,2761.0,RePEc
ppe198,David W. Pearce,,http://en.wikipedia.org/wiki/David_Pearce_%28economist%29,https://ideas.repec.org/e/ppe198.html,deceased,0,,2762.0,,RePEc
pje186,Marc A. Jeuland,Duke University,https://sites.globalhealth.duke.edu/jeulandresearch/,https://ideas.repec.org/e/pje186.html,eligible,0,,,2762.0,RePEc
pla153,Harvey E. Lapan,Iowa State University,https://www.econ.iastate.edu/people/harvey-lapan,https://ideas.repec.org/e/pla153.html,eligible,0,,2763.0,,RePEc
pli1404,Huiyu Li,Federal Reserve Bank of San Francisco,http://huiyuli.net,https://ideas.repec.org/f/pli1404.html,eligible,0,,,2763.0,RePEc
pco32,Donald Cox,Boston College,,https://ideas.repec.org/e/pco32.html,eligible,0,,2764.0,,RePEc
pso16,Paul Söderlind,Universität St. Gallen,http://home.datacomm.ch/paulsoderlind/,https://ideas.repec.org/e/pso16.html,eligible,0,,2765.0,,RePEc
pha189,Yoram Halevy,University of Toronto,https://yoram-halevy.faculty.economics.utoronto.ca/,https://ideas.repec.org/e/pha189.html,eligible,0,,3614.0,2765.0,RePEc
phe110,Christian Hellwig,Toulouse School of Economics (TSE),https://www.tse-fr.eu/fr/people/christian-hellwig,https://ideas.repec.org/e/phe110.html,eligible,0,,2766.0,,RePEc
pne139,Frank Neffke,Complexity Science Hub Vienna,http://www.frankneffke.com,https://ideas.repec.org/e/pne139.html,eligible,0,,,2766.0,RePEc
pfo236,Robert E. Forsythe,Wayne State University,http://business.usf.edu/faculty/forsythe/,https://ideas.repec.org/f/pfo236.html,eligible,0,,2767.0,,RePEc
pmu224,Valerie A. Mueller,Arizona State University,,https://ideas.repec.org/f/pmu224.html,eligible,0,,,2767.0,RePEc
pmi161,Devashish Mitra,Syracuse University,https://dmitra.expressions.syr.edu/,https://ideas.repec.org/e/pmi161.html,eligible,0,,2768.0,,RePEc
pfo10,Mogens Fosgerau,Københavns Universitet,https://sites.google.com/view/mogens-fosgerau,https://ideas.repec.org/e/pfo10.html,eligible,0,,3607.0,2768.0,RePEc
pwo59,Alan Donald Woodland,UNSW Sydney,https://www.unsw.edu.au/staff/alan-woodland,https://ideas.repec.org/e/pwo59.html,eligible,0,,2769.0,,RePEc
pbu390,Kenneth John Button,George Mason University,,https://ideas.repec.org/f/pbu390.html,eligible,0,,2770.0,,RePEc
ppl16,Werner Ploberger,Washington University in St. Louis,http://www.ploberger.com,https://ideas.repec.org/e/ppl16.html,eligible,0,,2771.0,,RePEc
psu33,Wing Suen,University of Hong Kong,https://www4.fbe.hku.hk/~wsuen,https://ideas.repec.org/e/psu33.html,eligible,0,,2978.0,2771.0,RePEc
pde41,Luca Dedola,European Central Bank,http://www.ecb.int/pub/scientific/wps/author/html/profile_11378.en.html,https://ideas.repec.org/e/pde41.html,eligible,0,,2772.0,,RePEc
pho209,Roland Hodler,Universität St. Gallen,http://www.rhodler.net,https://ideas.repec.org/f/pho209.html,eligible,0,,3007.0,2772.0,RePEc
pma1913,Marco Manacorda,Queen Mary University of London,,https://ideas.repec.org/f/pma1913.html,eligible,0,,2774.0,,RePEc
ppe226,Grischa Sebastian Perino,Universität Hamburg,https://sites.google.com/site/gperinosite/,https://ideas.repec.org/f/ppe226.html,eligible,0,,,2774.0,RePEc
pen22,Christoph Engel,Max-Planck-Gesellschaft,https://www.coll.mpg.de/engel.html,https://ideas.repec.org/e/pen22.html,eligible,0,,2775.0,3321.0,RePEc
pca73,Elizabeth Caucutt,Purdue University,http://www.ssc.uwo.ca/economics/faculty/Caucutt/,https://ideas.repec.org/e/pca73.html,eligible,0,,,2775.0,RePEc
pne425,Ramzi Nekhili,Applied Sciences University,,https://ideas.repec.org/f/pne425.html,eligible,0,,,2776.0,RePEc
pih2,Keith Ihlanfeldt,Florida State University,https://coss.fsu.edu/keith-ihlanfeldt/,https://ideas.repec.org/e/pih2.html,eligible,0,,2777.0,,RePEc
ppa1687,Analisa Packham,Vanderbilt University,,https://ideas.repec.org/f/ppa1687.html,eligible,0,,,2777.0,RePEc
pfi110,Manfred M. Fischer,WU Wirtschaftsuniversität Wien,https://sites.google.com/view/professormanfredmfischer,https://ideas.repec.org/e/pfi110.html,eligible,0,,2778.0,,RePEc
pdr205,Stefan Drews,Universidad de Málaga,,https://ideas.repec.org/f/pdr205.html,eligible,0,,,2778.0,RePEc
pli288,Joshua Linn,University of Maryland,https://sites.google.com/umd.edu/joshualinn/home,https://ideas.repec.org/f/pli288.html,eligible,0,,2779.0,3168.0,RePEc
ppe540,William Peterman,Federal Reserve Board (Board of Governors of the Federal Reserve System),http://williampeterman.com/,https://ideas.repec.org/f/ppe540.html,eligible,0,,,2779.0,RePEc
pde1111,Judith M. Delaney,University of Bath,https://sites.google.com/site/judithmdelaney/,https://ideas.repec.org/f/pde1111.html,eligible,0,,,2780.0,RePEc
pbu38,Thiess Büttner,Friedrich-Alexander-Universität Erlangen-Nürnberg,https://www.publicfinance.rw.fau.eu/,https://ideas.repec.org/e/pbu38.html,eligible,0,,2781.0,3344.0,RePEc
pja140,Karel Janda,Univerzita Karlova v Praze,,https://ideas.repec.org/e/pja140.html,eligible,0,,,2781.0,RePEc
pla938,Tony Lancaster,,,https://ideas.repec.org/f/pla938.html,deceased,0,,2782.0,,RePEc
pma1173,Jan Marcus,Freie Universität Berlin,https://sites.google.com/site/researchjmarcus,https://ideas.repec.org/f/pma1173.html,eligible,0,,,2782.0,RePEc
pco508,David Jacob Cooper,Florida State University,http://myweb.fsu.edu/djcooper/,https://ideas.repec.org/f/pco508.html,eligible,0,,2783.0,,RePEc
pte207,Judit Temesvary,Federal Reserve Board (Board of Governors of the Federal Reserve System),https://www.federalreserve.gov/econresdata/judit-temesvary.htm,https://ideas.repec.org/f/pte207.html,eligible,0,,,2783.0,RePEc
pke59,Peter B. Kenen,,http://www.princeton.edu/~pbkenen/,https://ideas.repec.org/e/pke59.html,deceased,0,,2784.0,,RePEc
pwi24,Karl Widerquist,Georgetown University,http://www.widerquist.com,https://ideas.repec.org/e/pwi24.html,eligible,0,,,2784.0,RePEc
pjo76,Lars Jonung,Lunds Universitet,https://portal.research.lu.se/sv/persons/lars-jonung,https://ideas.repec.org/e/pjo76.html,eligible,0,,2785.0,,RePEc
pla913,Jean-William Laliberté,University of Calgary,https://sites.google.com/view/jwlaliberte,https://ideas.repec.org/f/pla913.html,eligible,0,,,2785.0,RePEc
pte12,Erdal Tekin,American University,https://sites.google.com/view/etekin,https://ideas.repec.org/e/pte12.html,eligible,0,,2786.0,3083.0,RePEc
pse743,Matthew Serfling,University of Tennessee-Knoxville,https://sites.google.com/utk.edu/matthew-serfling/home,https://ideas.repec.org/f/pse743.html,eligible,0,,,2786.0,RePEc
pva277,Neeltje Van Horen,Universiteit van Amsterdam,https://neeltjevanhoren.com/,https://ideas.repec.org/f/pva277.html,eligible,0,,2787.0,,RePEc
pli596,Gilberto Tadeu Lima,Universidade de São Paulo,https://scholar.google.com/citations?user=VvYddNIAAAAJhl=en,https://ideas.repec.org/f/pli596.html,eligible,0,,,2787.0,RePEc
per17,Neil R. Ericsson,George Washington University,http://www.federalreserve.gov/research/staff/ericssonneilr.htm,https://ideas.repec.org/e/per17.html,eligible,0,,2788.0,,RePEc
pag161,Francesco Agostinelli,University of Pennsylvania,http://francesco-agostinelli.weebly.com,https://ideas.repec.org/e/pag161.html,eligible,0,,,2788.0,RePEc
pyi101,John Yinger,Syracuse University,https://www.maxwell.syr.edu/directory/john-m-yinger,https://ideas.repec.org/e/pyi101.html,eligible,0,,2789.0,,RePEc
par559,Jaime Arellano-Bover,Yale University,https://www.jarellanobover.com,https://ideas.repec.org/f/par559.html,eligible,0,,,2789.0,RePEc
pdw14,Richard Dwumfour,Curtin University,,https://ideas.repec.org/e/pdw14.html,eligible,0,,,2790.0,RePEc
pbj2,Hilde Christiane Bjørnland,BI Handelshøyskolen,https://www.bjornland.no/,https://ideas.repec.org/e/pbj2.html,eligible,0,,3512.0,2791.0,RePEc
pda31,Carl-Johan Dalgaard,Københavns Universitet,http://www.econ.ku.dk/dalgaard/,https://ideas.repec.org/e/pda31.html,eligible,0,,2792.0,,RePEc
pmi939,Faisal Mehmood Mirza,University of Gujrat,https://scholar.google.com.pk/citations?user=gadVui0AAAAJ&hl=en,https://ideas.repec.org/f/pmi939.html,eligible,0,,,2792.0,RePEc
pzi23,Eric Zitzewitz,Dartmouth College,http://www.dartmouth.edu/~ericz,https://ideas.repec.org/e/pzi23.html,eligible,0,,2793.0,,RePEc
pma1731,Kaveh Majlesi,Monash University,http://www.kavehmajlesi.com/,https://ideas.repec.org/f/pma1731.html,eligible,0,,,2793.0,RePEc
pch893,Amitabh Chandra,Harvard University,http://www.hks.harvard.edu/about/faculty-staff-directory/amitabh-chandra,https://ideas.repec.org/f/pch893.html,eligible,0,,2794.0,,RePEc
pqu32,Climent Quintana-Domeque,University of Exeter,https://sites.google.com/site/climentquintanadomeque/,https://ideas.repec.org/e/pqu32.html,eligible,0,,,2794.0,RePEc
psc175,Dorothea Schäfer,DIW Berlin (Deutsches Institut für Wirtschaftsforschung),,https://ideas.repec.org/e/psc175.html,eligible,0,,2795.0,,RePEc
pki668,Ken Kikkawa,University of British Columbia,https://sites.google.com/view/ayumukenkikkawa/home,https://ideas.repec.org/f/pki668.html,eligible,0,,,2795.0,RePEc
pma1637,Markus Marterbauer,Kammer für Arbeiter und Angestellte für Wien,,https://ideas.repec.org/f/pma1637.html,eligible,0,,2796.0,,RePEc
pch1323,Jordan Chamberlin,United Nations,,https://ideas.repec.org/f/pch1323.html,eligible,0,,,2796.0,RePEc
pma447,Ching-to Albert Ma,Boston University,https://people.bu.edu/ma,https://ideas.repec.org/f/pma447.html,eligible,0,,2798.0,,RePEc
pco73,John Coleman,Duke University,http://www.duke.edu/~coleman,https://ideas.repec.org/e/pco73.html,eligible,0,,2799.0,,RePEc
pzh1079,Jonathan Zhang,Duke University,http://jonathanzhang.net,https://ideas.repec.org/f/pzh1079.html,eligible,0,,,2799.0,RePEc
psm68,Sjak Smulders,Universiteit van Tilburg,https://www.tilburguniversity.edu/staff/j-a-smulders,https://ideas.repec.org/e/psm68.html,eligible,0,,2801.0,,RePEc
pde550,Thomas Demuynck,Université Libre de Bruxelles,https://sites.google.com/view/thomasdemuynck,https://ideas.repec.org/f/pde550.html,eligible,0,,,2801.0,RePEc
pdi273,Behzad T. Diba,Georgetown University,http://www9.georgetown.edu/faculty/dibab,https://ideas.repec.org/f/pdi273.html,eligible,0,,2802.0,,RePEc
paf9,Farzana Afridi,Indian Statistical Institute,,https://ideas.repec.org/e/paf9.html,eligible,0,,,2802.0,RePEc
pme276,Hamid Mehran,Federal Reserve Bank of New York,,https://ideas.repec.org/f/pme276.html,eligible,0,,2803.0,,RePEc
pgu526,Jerg Gutmann,Universität Hamburg,https://www.jerg-gutmann.de,https://ideas.repec.org/f/pgu526.html,eligible,0,,,2803.0,RePEc
pwi109,Cees Withagen,Vrije Universiteit Amsterdam,,https://ideas.repec.org/e/pwi109.html,eligible,0,,2804.0,,RePEc
pyu120,Vivian Zhanwei Yue,Emory University,,https://ideas.repec.org/e/pyu120.html,eligible,0,,2823.0,2805.0,RePEc
pru93,Alberto Russo,Università Politecnica delle Marche,https://sites.google.com/view/albertorusso76/home-page-eng?authuser=0,https://ideas.repec.org/e/pru93.html,eligible,0,,,2806.0,RePEc
pdv9,Maximiliano Ariel Dvorkin,Federal Reserve Bank of St. Louis,https://sites.google.com/site/maximilianodvorkin/,https://ideas.repec.org/e/pdv9.html,eligible,0,,,2807.0,RePEc
pwa958,Michael Walker,University of California-Berkeley,,https://ideas.repec.org/f/pwa958.html,eligible,0,,,2808.0,RePEc
psa394,J. Denis Sargan,,,https://ideas.repec.org/f/psa394.html,deceased,0,,2809.0,,RePEc
pde1223,François de Soyres,Federal Reserve Board (Board of Governors of the Federal Reserve System),https://sites.google.com/site/francoisdesoyres/research,https://ideas.repec.org/f/pde1223.html,eligible,0,,,2809.0,RePEc
pao12,Masahiko Aoki,,https://en.wikipedia.org/wiki/Masahiko_Aoki,https://ideas.repec.org/e/pao12.html,deceased,0,,2810.0,,RePEc
pis259,Md. Monirul Islam,Ural Federal University,,https://ideas.repec.org/f/pis259.html,eligible,0,,,2810.0,RePEc
pst18,Per Stromberg,Institute for Financial Research (SIFR),http://gsbwww.uchicago.edu/fac/per.stromberg/research/,https://ideas.repec.org/e/pst18.html,eligible,0,,2812.0,,RePEc
psc646,Stefan Schiman,Österreichisches Institut für Wirtschaftsforschung (WIFO),http://www.stefanschiman.com,https://ideas.repec.org/f/psc646.html,eligible,0,,,2813.0,RePEc
pdo106,James Dow,London Business School (LBS),http://faculty.london.edu/jdow/index.html,https://ideas.repec.org/e/pdo106.html,eligible,0,,2814.0,,RePEc
pst837,Anna Stansbury,Massachusetts Institute of Technology (MIT),http://www.annastansbury.com,https://ideas.repec.org/f/pst837.html,eligible,0,,,2814.0,RePEc
pfi48,Bernard Fingleton,University of Cambridge,,https://ideas.repec.org/e/pfi48.html,eligible,0,,2815.0,,RePEc
phe281,Jean-Francois Hennart,Universiteit van Tilburg,,https://ideas.repec.org/f/phe281.html,eligible,0,,2816.0,,RePEc
pbe22,Aleksander Berentsen,Federal Reserve Bank of St. Louis,https://wwz.unibas.ch/en/faculty/people-and-areas/berentsen-aleksander-economic-theory/prof-dr-aleks,https://ideas.repec.org/e/pbe22.html,eligible,0,,2817.0,,RePEc
pdo42,Cheryl Doss,Tufts University,https://sites.google.com/site/cherylrdoss/,https://ideas.repec.org/e/pdo42.html,eligible,0,,3383.0,2817.0,RePEc
pmi899,Alexey Mikhaylov,Universiti Brunei Darussalam,https://sites.google.com/view/amikhaylov/home,https://ideas.repec.org/f/pmi899.html,eligible,0,,,2818.0,RePEc
pca459,Gerald A. Carlino,Federal Reserve Bank of Philadelphia,http://www.phil.frb.org/econ/homepages/hpcarlino.html,https://ideas.repec.org/f/pca459.html,eligible,0,,2819.0,,RePEc
ple283,Benjamin R. Lester,Federal Reserve Bank of Philadelphia,http://benjaminrlester.com,https://ideas.repec.org/f/ple283.html,eligible,0,,,2819.0,RePEc
pho353,Han Hong,Stanford University,,https://ideas.repec.org/f/pho353.html,eligible,0,,2820.0,,RePEc
pbl37,Christopher Blattman,University of Chicago,http://chrisblattman.com,https://ideas.repec.org/e/pbl37.html,eligible,0,,2821.0,3613.0,RePEc
plu500,Yao Luo,University of Toronto,https://sites.google.com/site/luo8yao/home,https://ideas.repec.org/f/plu500.html,eligible,0,,,2821.0,RePEc
pgu817,Atul Gupta,University of Pennsylvania,https://sites.google.com/view/atul-gupta/home,https://ideas.repec.org/f/pgu817.html,eligible,0,,,2823.0,RePEc
pxi126,Yuhang Xing,Shanghai Jiao Tong University,,https://ideas.repec.org/e/pxi126.html,eligible,0,,2824.0,,RePEc
pve306,Fabrizio Venditti,Banca d'Italia,https://sites.google.com/site/fabriziovendittiecon/,https://ideas.repec.org/f/pve306.html,eligible,0,,,2824.0,RePEc
psu126,Kotaro Suzumura,,,https://ideas.repec.org/e/psu126.html,deceased,0,,2825.0,,RePEc
pbr280,Geoffrey Brennan,,,https://ideas.repec.org/f/pbr280.html,deceased,0,,2826.0,,RePEc
pmc359,Ronald Paul McIver,University of South Australia,https://people.unisa.edu.au/ronald.mciver,https://ideas.repec.org/f/pmc359.html,eligible,0,,,2826.0,RePEc
pdi145,Erik Dietzenbacher,Chinese Academy of Sciences,http://www.rug.nl/staff/h.w.a.dietzenbacher/,https://ideas.repec.org/e/pdi145.html,eligible,0,,2827.0,,RePEc
pho372,Gal Hochman,University of Illinois at Urbana-Champaign,https://publish.illinois.edu/gal-hochman/,https://ideas.repec.org/f/pho372.html,eligible,0,,,2827.0,RePEc
ple579,Ethan G. Lewis,Dartmouth College,https://ethang.host.dartmouth.edu,https://ideas.repec.org/f/ple579.html,eligible,0,,2828.0,3272.0,RePEc
pca931,Raymundo Miguel Campos-Vazquez,Colegio de México,http://cee.colmex.mx/raymundo-campos,https://ideas.repec.org/f/pca931.html,eligible,0,,,2828.0,RePEc
pro260,Thomas Wayne Ross,University of British Columbia,https://blogs.ubc.ca/tomross/,https://ideas.repec.org/f/pro260.html,eligible,0,,2829.0,,RePEc
pfa104,Xavier Fageda,Universitat de Barcelona,,https://ideas.repec.org/e/pfa104.html,eligible,0,,,2829.0,RePEc
pca27,Gabriele Camera,Chapman University,http://www1.chapman.edu/~camera/,https://ideas.repec.org/e/pca27.html,eligible,0,,2830.0,,RePEc
pro457,Martín A Rossi,Universidad de San Andrés,https://sites.google.com/a/udesa.edu.ar/mrossi/,https://ideas.repec.org/f/pro457.html,eligible,0,,3127.0,2830.0,RePEc
pca140,Olivier Cadot,,,https://ideas.repec.org/e/pca140.html,deceased,0,,2831.0,,RePEc
pse700,Nathan Seegert,University of Utah,http://nathanseegert.com/,https://ideas.repec.org/f/pse700.html,eligible,0,,,2831.0,RePEc
pwa152,Ross Leslie Watts,Massachusetts Institute of Technology (MIT),,https://ideas.repec.org/e/pwa152.html,eligible,0,,2832.0,,RePEc
pan86,Sajid Anwar,University of the Sunshine Coast,https://www.usc.edu.au/staff/professor-sajid-anwar,https://ideas.repec.org/e/pan86.html,eligible,0,,,2832.0,RePEc
pri43,Raymond G. Riezman,Aarhus Universitet,https://sites.google.com/view/raymond-riezman/home,https://ideas.repec.org/e/pri43.html,eligible,0,,2833.0,,RePEc
pko995,Fabian Kosse,Ludwig-Maximilians-Universität München,https://sites.google.com/site/fabiankosse,https://ideas.repec.org/f/pko995.html,eligible,0,,,2833.0,RePEc
psa140,Subash Sasidharan,Indian Institute of Technology Madras,https://hss.iitm.ac.in/subash-s/,https://ideas.repec.org/e/psa140.html,eligible,0,,,2834.0,RePEc
ppu96,Amiyatosh Purnanandam,University of Texas-Austin,https://amiyatosh.github.io/,https://ideas.repec.org/e/ppu96.html,eligible,0,,2835.0,,RePEc
ptr169,Stefan T. Trautmann,Ruprecht-Karls-Universität Heidelberg,http://www.tilburguniversity.edu/webwijs/show/?uid=s.t.trautmann,https://ideas.repec.org/e/ptr169.html,eligible,0,,3689.0,2835.0,RePEc
pgr706,Daniel Greenwald,Massachusetts Institute of Technology (MIT),http://dlgreenwald.com,https://ideas.repec.org/f/pgr706.html,eligible,0,,,2836.0,RePEc
pca117,Lorenzo Cappellari,Università Cattolica del Sacro Cuore,http://docenti.unicatt.it/eng/Lorenzo_Cappellari/,https://ideas.repec.org/e/pca117.html,eligible,0,,2837.0,3332.0,RePEc
pke81,Dimitris Kenourgios,National and Kapodistrian University of Athens,http://scholar.uoa.gr/dkenourg/home,https://ideas.repec.org/e/pke81.html,eligible,0,,,2837.0,RePEc
pma763,Ramon Marimon,European University Institute,http://www.eui.eu/Personal/rmarimon/,https://ideas.repec.org/f/pma763.html,eligible,0,,2838.0,,RePEc
pca1288,Serena Canaan,Simon Fraser University,https://sites.google.com/site/serenacanaan87/home,https://ideas.repec.org/f/pca1288.html,eligible,0,,,2838.0,RePEc
psu5,Yixiao Sun,University of California-San Diego (UCSD),http://www.econ.ucsd.edu/~yisun,https://ideas.repec.org/e/psu5.html,eligible,0,,2839.0,,RePEc
pdo167,Quoc-Anh Do,Monash University,https://sites.google.com/site/qaquocanhdo/,https://ideas.repec.org/e/pdo167.html,eligible,0,,,2839.0,RePEc
pca136,John Cantwell,Rutgers University-Newark,,https://ideas.repec.org/e/pca136.html,eligible,0,,2840.0,,RePEc
pva1047,Boris Vallee,Harvard University,https://www.borisvallee.com/,https://ideas.repec.org/f/pva1047.html,eligible,0,,,2840.0,RePEc
phe288,Shafik Hebous,International Monetary Fund (IMF),https://shafikhebous.com,https://ideas.repec.org/f/phe288.html,eligible,0,,,2841.0,RePEc
phi98,Lorin Moultrie Hitt,University of Pennsylvania,,https://ideas.repec.org/e/phi98.html,eligible,0,,2842.0,,RePEc
pdi34,Michele Di Maio,"""Sapienza"" Università di Roma",https://sites.google.com/uniroma1.it/micdimaio,https://ideas.repec.org/e/pdi34.html,eligible,0,,,2842.0,RePEc
pbe319,John Beirne,Asian Development Bank,,https://ideas.repec.org/f/pbe319.html,eligible,0,,,2843.0,RePEc
pvo28,Ernst-Ludwig von Thadden,Universität Mannheim,https://www.vwl.uni-mannheim.de/von-thadden/,https://ideas.repec.org/e/pvo28.html,eligible,0,,2844.0,,RePEc
psh1203,Muhammad Ibrahim Shah,University of Dhaka,https://scholar.google.com/citations?user=162kYQoAAAAJ&hl=en,https://ideas.repec.org/f/psh1203.html,eligible,0,,,2844.0,RePEc
plo115,Ramon Lopez,Universidad de Chile,,https://ideas.repec.org/e/plo115.html,eligible,0,,2845.0,,RePEc
pmu486,Charles Murry,University of Michigan,https://charliemurry.github.io,https://ideas.repec.org/f/pmu486.html,eligible,0,,,2845.0,RePEc
pha269,Colm P. Harmon,Edith Cowan University,https://colm-harmon.squarespace.com,https://ideas.repec.org/f/pha269.html,eligible,0,,2846.0,,RePEc
pch1894,Dimos Chatzinikolaou,Democritus University of Thrace,,https://ideas.repec.org/f/pch1894.html,eligible,0,,,2846.0,RePEc
pbi26,Richard M. Bird,,,https://ideas.repec.org/e/pbi26.html,deceased,0,,2847.0,,RePEc
psa1723,Carlos Sanz,Banco de España,https://sites.google.com/site/carlossanzecon/,https://ideas.repec.org/f/psa1723.html,eligible,0,,,2847.0,RePEc
pka18,James A Kahn,Yeshiva University,http://www.yu.edu/faculty/jkahn,https://ideas.repec.org/e/pka18.html,eligible,0,,2848.0,,RePEc
psp86,David J Spielman,International Food Policy Research Institute (IFPRI),https://publichealth.washu.edu/faculty/david-spielman/,https://ideas.repec.org/e/psp86.html,eligible,0,,,2848.0,RePEc
pca678,Enrico Cantoni,Alma Mater Studiorum - Università di Bologna,http://www.enricocantoni.com,https://ideas.repec.org/f/pca678.html,eligible,0,,,2849.0,RePEc
pbe303,Nicolas Berman,Aix-Marseille Université,https://sites.google.com/site/bermaniheid/,https://ideas.repec.org/f/pbe303.html,eligible,0,,2850.0,,RePEc
pfu249,Hirofumi Fukuyama,Fukuoka University,https://discovery.dundee.ac.uk/en/persons/hirofumi-fukuyama/,https://ideas.repec.org/f/pfu249.html,eligible,0,,,2850.0,RePEc
pma10,Yue Ma 马跃,City University,,https://ideas.repec.org/e/pma10.html,eligible,0,,2851.0,,RePEc
pla912,Esteban Lafuente,Instituto Tecnológico de Costa Rica,https://www.tec.ac.cr/esteban-lafuente,https://ideas.repec.org/f/pla912.html,eligible,0,,,2851.0,RePEc
pve136,Steven Venti,Dartmouth College,http://www.dartmouth.edu/~bventi/,https://ideas.repec.org/e/pve136.html,eligible,0,,2852.0,,RePEc
pgk13,Konstantinos Gkillas,Hellenic Mediterranean University,http://gillas.gr,https://ideas.repec.org/e/pgk13.html,eligible,0,,,2852.0,RePEc
pta303,Takatoshi Tabuchi,Chuo University,,https://ideas.repec.org/f/pta303.html,eligible,0,,2853.0,,RePEc
pco683,D'Maris D. Coffman,"University College London, Bartlett School of Construction and Project Management (University College London, Bartlett School of Construction and Project Management)",https://www.ucl.ac.uk/bartlett/construction/people/professor-dmaris-coffman,https://ideas.repec.org/f/pco683.html,eligible,0,,,2853.0,RePEc
ple589,Junsoo Lee,University of Alabama-Tuscaloosa,https://sites.google.com/site/junsoolee/home,https://ideas.repec.org/f/ple589.html,eligible,0,,2854.0,,RePEc
pbo131,Jan Boone,Universiteit van Tilburg,http://janboone.github.io/homepage/,https://ideas.repec.org/e/pbo131.html,eligible,0,,2855.0,,RePEc
pfe373,Paul J Ferraro,Johns Hopkins University,https://www.pauljferraro.com,https://ideas.repec.org/f/pfe373.html,eligible,0,,2935.0,2855.0,RePEc
pco464,Carol A. Corrado,Georgetown University,,https://ideas.repec.org/f/pco464.html,eligible,0,,2856.0,3190.0,RePEc
pju35,Juha Pekka Junttila,Jyväskylän yliopisto,,https://ideas.repec.org/e/pju35.html,eligible,0,,,2856.0,RePEc
pda225,Carl Davidson,Michigan State University,http://www.msu.edu/~davidso4,https://ideas.repec.org/f/pda225.html,eligible,0,,2857.0,,RePEc
pda284,Jishnu Das,Georgetown University,https://gufaculty360.georgetown.edu/s/contact/0031Q000021vmDOQAY/jishnu-das,https://ideas.repec.org/f/pda284.html,eligible,0,,3044.0,2857.0,RePEc
pne274,Guido Neidhöfer,Türk-Alman Üniversitesi,http://gneid.weebly.com,https://ideas.repec.org/f/pne274.html,eligible,0,,,2858.0,RePEc
pic10,Casey Ichniowski,,,https://ideas.repec.org/e/pic10.html,deceased,0,,2859.0,,RePEc
pke324,Rudolf Kerschbamer,Leopold-Franzens-Universität Innsbruck,https://www.uibk.ac.at/de/economics/mitarbeiterinnen/rudolf-kerschbamer/,https://ideas.repec.org/f/pke324.html,eligible,0,,,2859.0,RePEc
pcr45,Rosario Crino,Università degli Studi di Bergamo,https://sites.google.com/site/crinoecon/,https://ideas.repec.org/e/pcr45.html,eligible,0,,,2861.0,RePEc
pch286,Chia-Lin Chang,National Chung-Hsing University,https://nchuae.nchu.edu.tw/en/member_info.php?no=9,https://ideas.repec.org/f/pch286.html,eligible,0,,3600.0,2863.0,RePEc
plo1,Jose A. Lopez,Federal Reserve Bank of San Francisco,,https://ideas.repec.org/e/plo1.html,eligible,0,,2864.0,,RePEc
pri259,Matthew Ringgenberg,University of Utah,http://www.matthewringgenberg.com,https://ideas.repec.org/f/pri259.html,eligible,0,,,2865.0,RePEc
pwa470,Peter George Warr,Australian National University,,https://ideas.repec.org/f/pwa470.html,eligible,0,,2866.0,,RePEc
pne104,Mehdi Nekhili,Le Mans Université,,https://ideas.repec.org/e/pne104.html,eligible,0,,,2866.0,RePEc
pfr315,Marco Frey,Scuola Superiore Sant'Anna,http://www.marcofrey.it,https://ideas.repec.org/f/pfr315.html,eligible,0,,,2867.0,RePEc
pmu359,John Mullahy,University of Wisconsin-Madison,,https://ideas.repec.org/f/pmu359.html,eligible,0,,2868.0,,RePEc
ppi197,Justin R. Pierce,Federal Reserve Board (Board of Governors of the Federal Reserve System),http://www.justinrpierce.com,https://ideas.repec.org/e/ppi197.html,eligible,0,,3444.0,2868.0,RePEc
pca1067,Raphael Calel,Georgetown University,,https://ideas.repec.org/f/pca1067.html,eligible,0,,,2869.0,RePEc
pge30,David Genesove,Hebrew University of Jerusalem,http://davidgenesove.weebly.com,https://ideas.repec.org/e/pge30.html,eligible,0,,2870.0,,RePEc
pst614,Alexis Stenfors,University of Portsmouth,,https://ideas.repec.org/f/pst614.html,eligible,0,,,2870.0,RePEc
pta880,Vis Taraz,Smith College,https://www.vistaraz.com/,https://ideas.repec.org/f/pta880.html,eligible,0,,,2871.0,RePEc
pvo37,George M. von Furstenberg,,,https://ideas.repec.org/e/pvo37.html,deceased,0,,2872.0,,RePEc
phi154,Kalle Hirvonen,International Food Policy Research Institute (IFPRI),http://www.kallehirvonen.com,https://ideas.repec.org/e/phi154.html,eligible,0,,,2872.0,RePEc
pbi338,Anna Bindler,DIW Berlin (Deutsches Institut für Wirtschaftsforschung),https://sites.google.com/site/annabindler/,https://ideas.repec.org/f/pbi338.html,eligible,0,,,2873.0,RePEc
pba202,Bruce Alan Babcock,University of California-Riverside,,https://ideas.repec.org/f/pba202.html,eligible,0,,2874.0,,RePEc
pmi900,Franklin G. Mixon Jr.,Columbus State University,,https://ideas.repec.org/f/pmi900.html,eligible,0,,2954.0,2874.0,RePEc
pha2,John Hassler,Stockholms Universitet,http://www.hassler.se,https://ideas.repec.org/e/pha2.html,eligible,0,,2875.0,,RePEc
pkr256,Alex Krumer,Høgskolen i Molde,,https://ideas.repec.org/f/pkr256.html,eligible,0,,,2875.0,RePEc
pib61,Oyakhilome Ibhagui,"Division of Macroeconomics and International Finance, Baum Tenpers Research Institute",https://sites.google.com/view/oyakhiwibhagui/home?authuser=0,https://ideas.repec.org/e/pib61.html,eligible,0,,,2876.0,RePEc
pgu198,Alessandra Guariglia,University of Birmingham,,https://ideas.repec.org/e/pgu198.html,eligible,0,,2877.0,,RePEc
pka528,Makoto Kakinaka,Ritsumeikan University,,https://ideas.repec.org/f/pka528.html,eligible,0,,,2877.0,RePEc
pst443,Daniel M. Sturm,London School of Economics (LSE),http://personal.lse.ac.uk/sturmd/,https://ideas.repec.org/f/pst443.html,eligible,0,,2878.0,,RePEc
pko425,Amanda Ellen Kowalski,University of Michigan,https://sites.lsa.umich.edu/amanda-kowalski/,https://ideas.repec.org/f/pko425.html,eligible,0,,3307.0,2878.0,RePEc
pmc264,Kathleen M McGarry,University of California-Los Angeles (UCLA),https://mcgarry.scholar.ss.ucla.edu/,https://ideas.repec.org/f/pmc264.html,eligible,0,,2879.0,,RePEc
pgr681,Carol Lee Graham,Brookings Institution,https://www.brookings.edu/experts/carol-graham/,https://ideas.repec.org/f/pgr681.html,eligible,0,,,2879.0,RePEc
pos5,Denise Osborn,University of Manchester,,https://ideas.repec.org/e/pos5.html,eligible,0,,2880.0,,RePEc
pme403,Giovanni Melina,International Monetary Fund (IMF),https://www.imf.org/en/research/researcher-cv/author/melina-giovanni-335,https://ideas.repec.org/f/pme403.html,eligible,0,,,2880.0,RePEc
pdr146,Thorsten Drautzburg,Federal Reserve Bank of Philadelphia,https://sites.google.com/site/tdrautzburg/research,https://ideas.repec.org/e/pdr146.html,eligible,0,,,2881.0,RePEc
pra626,Sebastian Rausch,Leibniz-Zentrum für Europäische Wirtschaftsforschung (ZEW),https://www.sebastianrausch.com,https://ideas.repec.org/f/pra626.html,eligible,0,,,2882.0,RePEc
ple114,Daniel Levy,Bar Ilan University,https://sites.biu.ac.il/en/daniel-levy,https://ideas.repec.org/e/ple114.html,eligible,0,,2883.0,,RePEc
pfl26,Luca Flabbi,University of North Carolina-Chapel-Hill,https://sites.google.com/site/lucaflabbi/,https://ideas.repec.org/e/pfl26.html,eligible,0,,,2883.0,RePEc
pge201,Ulf-G. Gerdtham,Lunds Universitet,https://sites.google.com/site/ulfgerdtam/,https://ideas.repec.org/f/pge201.html,eligible,0,,2884.0,,RePEc
ple392,Lars Lefgren,Brigham Young University,http://econ.byu.edu/faculty/Lefgren/index.dhtml,https://ideas.repec.org/f/ple392.html,eligible,0,,2885.0,,RePEc
pni316,Peng Nie,Xi'an Jiaotong University,https://hcecon.uni-hohenheim.de/100602,https://ideas.repec.org/f/pni316.html,eligible,0,,,2885.0,RePEc
pcr25,Jacques Crémer,Toulouse School of Economics (TSE),http://idei.fr/member/jcremer.html,https://ideas.repec.org/e/pcr25.html,eligible,0,,2886.0,,RePEc
pki570,J. Daniel Kim,University of Pennsylvania,,https://ideas.repec.org/f/pki570.html,eligible,0,,,2886.0,RePEc
pca757,Elizabeth U. Cascio,Dartmouth College,http://sites.dartmouth.edu/eucascio/,https://ideas.repec.org/f/pca757.html,eligible,0,,2887.0,,RePEc
ppo717,Hector Pollitt,University of Cambridge,https://www.ceenrg.landecon.cam.ac.uk/people/hector-pollitt,https://ideas.repec.org/f/ppo717.html,eligible,0,,,2887.0,RePEc
pva293,Jos van Ommeren,Vrije Universiteit Amsterdam,,https://ideas.repec.org/f/pva293.html,eligible,0,,2888.0,,RePEc
pst217,Walter Steingress,Bank of Canada,https://steingress.github.io/,https://ideas.repec.org/f/pst217.html,eligible,0,,,2888.0,RePEc
pde955,Alonso de Gortari,Harvard University,https://scholar.harvard.edu/alonsodegortari,https://ideas.repec.org/f/pde955.html,eligible,0,,,2889.0,RePEc
pra409,Michael R Ransom,Brigham Young University,,https://ideas.repec.org/f/pra409.html,eligible,0,,2890.0,,RePEc
pji222,Fuwei Jiang,Central University of Finance and Economics (CUFE),http://fuweijiang.weebly.com,https://ideas.repec.org/f/pji222.html,eligible,0,,,2890.0,RePEc
pde483,Giacomo De Giorgi,Université de Genève,,https://ideas.repec.org/f/pde483.html,eligible,0,,3144.0,2891.0,RePEc
phu114,Daniel M. Hungerman,University of Notre Dame,http://www.nd.edu/~dhungerm,https://ideas.repec.org/e/phu114.html,eligible,0,,3020.0,2892.0,RePEc
ppe620,Luiz Awazu Pereira da Silva,Toyo University,,https://ideas.repec.org/f/ppe620.html,eligible,0,,,2893.0,RePEc
pow7,Ann L. Owen,Hamilton College,https://people.hamilton.edu/aowen,https://ideas.repec.org/e/pow7.html,eligible,0,,2895.0,,RePEc
pdi81,David A. Dickey,North Carolina State University,,https://ideas.repec.org/e/pdi81.html,eligible,0,,2896.0,,RePEc
pfi293,Alexander S. Firanchuk,Russian Presidential Academy of National Economy and Public Administration (RANEPA),https://www.firanchuk.net/,https://ideas.repec.org/f/pfi293.html,eligible,0,,,2896.0,RePEc
pas35,Adam B. Ashcraft,Federal Reserve Bank of New York,http://www.newyorkfed.org/research/economists/ashcraft/index.html,https://ideas.repec.org/e/pas35.html,eligible,0,,2897.0,,RePEc
plu469,Paul Luk,Government of Hong Kong,https://sites.google.com/site/paulskluk/,https://ideas.repec.org/f/plu469.html,eligible,0,,,2897.0,RePEc
pro355,Nikolai Roussanov,University of Pennsylvania,http://finance.wharton.upenn.edu/~nroussan/,https://ideas.repec.org/f/pro355.html,eligible,0,,2898.0,3150.0,RePEc
peg15,Georgy Egorov,,,https://ideas.repec.org/e/peg15.html,eligible,0,,,2899.0,RePEc
pfe139,James Feyrer,Dartmouth College,https://economics.dartmouth.edu/people/james-feyrer,https://ideas.repec.org/e/pfe139.html,eligible,0,,2900.0,,RePEc
pci144,Valeria Cirillo,Scuola Superiore Sant'Anna,,https://ideas.repec.org/e/pci144.html,eligible,0,,,2900.0,RePEc
pwo18,Alexander L. Wolman,Federal Reserve Bank of Richmond,http://www.rich.frb.org/research/economists/,https://ideas.repec.org/e/pwo18.html,eligible,0,,2901.0,,RePEc
pho122,Mun Sing Ho,Resources for the Future (RFF),https://scholar.harvard.edu/munho,https://ideas.repec.org/e/pho122.html,eligible,0,,,2901.0,RePEc
pwe163,Warren E. Weber,Federal Reserve Bank of Atlanta,http://minneapolisfed.org/research/economists/staffdetails_fwd.cfm?lname=weber&fname=w,https://ideas.repec.org/e/pwe163.html,eligible,0,,2902.0,,RePEc
psi579,Tien Foo Sing,National University of Singapore (NUS),https://sites.google.com/site/singtienfoospersonalwebsite/sing-tien-foos-personal-homepage,https://ideas.repec.org/f/psi579.html,eligible,0,,,2902.0,RePEc
pvi108,Vincent Vicard,Centre d'études prospectives et d'informations internationales (CEPII),https://sites.google.com/view/vicardv/,https://ideas.repec.org/e/pvi108.html,eligible,0,,,2903.0,RePEc
pmu162,Alicia Munnell,Boston College,https://www.bc.edu/bc-web/schools/carroll-school/faculty-research/faculty-directory/alicia-munnell.h,https://ideas.repec.org/e/pmu162.html,eligible,0,,2904.0,,RePEc
pwr19,Gavin Wright,Stanford University,https://gavin-wright.humsci.stanford.edu/,https://ideas.repec.org/e/pwr19.html,eligible,0,,2905.0,,RePEc
pza69,Alberto Zazzaro,Centro Studi di Economia e Finanza (CSEF),https://sites.google.com/view/zazzaro,https://ideas.repec.org/e/pza69.html,eligible,0,,2997.0,2905.0,RePEc
pmu63,Marc-Andreas Muendler,University of California-San Diego (UCSD),http://econ.ucsd.edu/muendler/,https://ideas.repec.org/e/pmu63.html,eligible,0,,2906.0,,RePEc
psa778,Justin Sandefur,Center for Global Development (CGD),http://www.cgdev.org/expert/justin-sandefur,https://ideas.repec.org/f/psa778.html,eligible,0,,,2906.0,RePEc
pme679,Daniel Meierrieks,Wissenschaftszentrum Berlin für Sozialforschung (WZB),,https://ideas.repec.org/f/pme679.html,eligible,0,,,2907.0,RePEc
pbu112,Mike Burkart,London School of Economics (LSE),,https://ideas.repec.org/e/pbu112.html,eligible,0,,2908.0,,RePEc
pst439,Olivier Sterck,Universiteit Antwerpen,http://oliviersterck.wordpress.com/,https://ideas.repec.org/f/pst439.html,eligible,0,,,2908.0,RePEc
ple1172,Cheng Few Lee,Rutgers University-Newark,,https://ideas.repec.org/f/ple1172.html,eligible,0,,2909.0,,RePEc
pme64,Halvor Mehlum,Universitetet i Oslo,http://folk.uio.no/hmehlum/,https://ideas.repec.org/e/pme64.html,eligible,0,,2910.0,,RePEc
psi181,Dan Silverman,Arizona State University,https://sites.google.com/site/silvermanecon/,https://ideas.repec.org/e/psi181.html,eligible,0,,2911.0,,RePEc
ppe920,Claudia Persico,American University,https://www.american.edu/spa/faculty/cpersico.cfm,https://ideas.repec.org/f/ppe920.html,eligible,0,,,2911.0,RePEc
pku86,Maurice Kugler,George Mason University,http://scholar.google.com/citations?user=mhL5AQoAAAAJhl=en,https://ideas.repec.org/e/pku86.html,eligible,0,,2912.0,,RePEc
pfa260,Jason Faberman,Federal Reserve Bank of Chicago,https://www.chicagofed.org/people/f/faberman-jason,https://ideas.repec.org/f/pfa260.html,eligible,0,,3683.0,2912.0,RePEc
psx5,Mikkel Sølvsten,Aarhus Universitet,https://sites.google.com/site/mikkelsoelvsten/home,https://ideas.repec.org/e/psx5.html,eligible,0,,,2914.0,RePEc
pch800,Kenneth Chay,Brown University,,https://ideas.repec.org/f/pch800.html,eligible,0,,2915.0,,RePEc
pel251,Vadim Elenev,Johns Hopkins University,http://www.vadimelenev.com,https://ideas.repec.org/f/pel251.html,eligible,0,,,2915.0,RePEc
pla169,Sébastien Laurent,Aix-Marseille Université,http://www.slaurent.net,https://ideas.repec.org/e/pla169.html,eligible,0,,2916.0,,RePEc
ppr366,Romanos Priftis,European Central Bank,https://sites.google.com/site/romanospriftis,https://ideas.repec.org/f/ppr366.html,eligible,0,,,2916.0,RePEc
pjo99,William R. Johnson,University of Virginia,http://www.people.virginia.edu/~wrj8y,https://ideas.repec.org/e/pjo99.html,eligible,0,,2918.0,,RePEc
pdi630,Azer Dilanchiev,International Black Sea University,,https://ideas.repec.org/f/pdi630.html,eligible,0,,,2918.0,RePEc
pca1266,Elena Carletti,Università Commerciale Luigi Bocconi,http://mypage.unibocconi.eu/elenacarletti/,https://ideas.repec.org/f/pca1266.html,eligible,0,,2919.0,,RePEc
pfr109,Christian Francq,Centre de Recherche en Économie et Statistique (CREST),http://christian.francq140.free.fr/,https://ideas.repec.org/e/pfr109.html,eligible,0,,3173.0,2919.0,RePEc
pkn21,Thomas J. Kniesner,Claremont Graduate University,https://www.cgu.edu/people/tom-kniesner/,https://ideas.repec.org/e/pkn21.html,eligible,0,,2920.0,,RePEc
pst808,Anthony Strittmatter,Centre de Recherche en Économie et Statistique (CREST),http://www.anthonystrittmatter.com/,https://ideas.repec.org/f/pst808.html,eligible,0,,,2920.0,RePEc
pwa627,Barnabé Walheer,Université de Liège,https://sites.google.com/site/bwalheer/,https://ideas.repec.org/f/pwa627.html,eligible,0,,,2921.0,RePEc
pka1052,Ron Kaniel,University of Rochester,http://rkaniel.simon.rochester.edu/,https://ideas.repec.org/f/pka1052.html,eligible,0,,2922.0,,RePEc
pmo87,Paulo Mourão,Universidade do Minho,https://www.webofscience.com/wos/author/record/D-9619-2011,https://ideas.repec.org/e/pmo87.html,eligible,0,,,2922.0,RePEc
pwa222,Randall Phillip Walsh,University of Pittsburgh,http://www.randallwalsh.com/,https://ideas.repec.org/f/pwa222.html,eligible,0,,2923.0,,RePEc
poe1,Jörg Oechssler,Ruprecht-Karls-Universität Heidelberg,http://oechssler.uni-hd.de,https://ideas.repec.org/e/poe1.html,eligible,0,,2924.0,,RePEc
pmc155,Erika L. McEntarfer,Government of the United States,https://sites.google.com/site/mcentarfererika/,https://ideas.repec.org/e/pmc155.html,eligible,0,,,2924.0,RePEc
pfr15,James W Friedman,,,https://ideas.repec.org/e/pfr15.html,deceased,0,,2925.0,,RePEc
psa1473,Martin Hugo Saavedra,Rutgers University-New Brunswick,https://sites.google.com/view/martinsaavedra/,https://ideas.repec.org/f/psa1473.html,eligible,0,,,2925.0,RePEc
pwu130,Guojun Wu,Shanghai Jiao Tong University,,https://ideas.repec.org/e/pwu130.html,eligible,0,,2926.0,,RePEc
psa516,Samir Saadi,,,https://ideas.repec.org/f/psa516.html,eligible,0,,,2926.0,RePEc
pga644,Neil Gandal,Tel Aviv University,https://www.neilgandal.com/,https://ideas.repec.org/f/pga644.html,eligible,0,,2927.0,3455.0,RePEc
pst822,Jenna Stearns,University of California-Davis,https://sites.google.com/site/stearnsje/,https://ideas.repec.org/f/pst822.html,eligible,0,,,2927.0,RePEc
ped1,Hali Edison,International Monetary Fund (IMF),,https://ideas.repec.org/e/ped1.html,eligible,0,,2928.0,,RePEc
psc358,Tim Schmidt-Eisenlohr,Federal Reserve Board (Board of Governors of the Federal Reserve System),https://sites.google.com/site/timschmidteisenlohr/,https://ideas.repec.org/f/psc358.html,eligible,0,,,2928.0,RePEc
pse753,Aner Sela,Ben Gurion University of the Negev,https://in.bgu.ac.il/en/humsos/Econ/pages/staff/AnerSela.aspx,https://ideas.repec.org/f/pse753.html,eligible,0,,2929.0,3532.0,RePEc
pva126,Akos Valentinyi,University of Manchester,https://sites.google.com/site/valentinyiakos/,https://ideas.repec.org/e/pva126.html,eligible,0,,2930.0,,RePEc
pra286,Francesco Ravazzolo,Libera Università di Bolzano / Freie Universität Bozen,http://www.francescoravazzolo.com/,https://ideas.repec.org/f/pra286.html,eligible,0,,3488.0,2930.0,RePEc
pmc59,James Joseph McAndrews,University of Pennsylvania,https://sites.google.com/site/jamesjmcandrews/home,https://ideas.repec.org/e/pmc59.html,eligible,0,,2931.0,,RePEc
pca351,Eduardo Alfredo Cavallo,Inter-American Development Bank,http://www.eduardocavallo.com/,https://ideas.repec.org/f/pca351.html,eligible,0,,2932.0,,RePEc
pla481,Jeanne Lafortune,Pontificia Universidad Católica de Chile,http://sites.google.com/site/jeannelafortune/,https://ideas.repec.org/f/pla481.html,eligible,0,,,2932.0,RePEc
ppi138,Pierre M. Picard,Université du Luxembourg,,https://ideas.repec.org/e/ppi138.html,eligible,0,,2933.0,3549.0,RePEc
pca345,Andrea Caggese,Barcelona School of Economics (BSE),https://andreacaggese.weebly.com/,https://ideas.repec.org/f/pca345.html,eligible,0,,,2933.0,RePEc
pho195,Richard Holden,UNSW Sydney,,https://ideas.repec.org/e/pho195.html,eligible,0,,,2934.0,RePEc
pfr240,Carola Frydman,Northwestern University,,https://ideas.repec.org/f/pfr240.html,eligible,0,,,2936.0,RePEc
pcr86,Dean Croushore,University of Richmond,https://facultystaff.richmond.edu/~dcrousho/,https://ideas.repec.org/e/pcr86.html,eligible,0,,2937.0,,RePEc
psu382,Nicolai Suppa,Universitat de Barcelona,https://www.nsuppa.info/,https://ideas.repec.org/f/psu382.html,eligible,0,,,2937.0,RePEc
pba835,Eduard Baumöhl,Ekonomická Univerzita v Bratislave,http://www.baumohl.sk,https://ideas.repec.org/f/pba835.html,eligible,0,,,2938.0,RePEc
pra49,Christophe Rault,Université d'Orléans,http://chrault3.free.fr/,https://ideas.repec.org/e/pra49.html,eligible,0,,2939.0,,RePEc
ppr249,Thomas J. Prusa,Rutgers University-New Brunswick,http://econweb.rutgers.edu/prusa/,https://ideas.repec.org/f/ppr249.html,eligible,0,,2940.0,,RePEc
pal912,Silvia Albrizio,International Monetary Fund (IMF),https://sites.google.com/site/silviaalbrizio/,https://ideas.repec.org/f/pal912.html,eligible,0,,,2940.0,RePEc
psa895,David Ezra Sahn,Cornell University,http://courses.cit.cornell.edu/des16/,https://ideas.repec.org/f/psa895.html,eligible,0,,2942.0,,RePEc
psc219,Claus Schnabel,Friedrich-Alexander-Universität Erlangen-Nürnberg,http://www.arbeitsmarkt.wiso.uni-erlangen.de,https://ideas.repec.org/f/psc219.html,eligible,0,,2943.0,3695.0,RePEc
pko841,Gizem Kosar,Federal Reserve Bank of New York,https://sites.google.com/site/gizemkosar/,https://ideas.repec.org/f/pko841.html,eligible,0,,,2943.0,RePEc
pan162,Luc Anselin,Arizona State University,http://geodacenter.asu.edu/,https://ideas.repec.org/e/pan162.html,eligible,0,,2944.0,,RePEc
pha949,Marcus Hagedorn,,,https://ideas.repec.org/f/pha949.html,deceased,0,,2961.0,2944.0,RePEc
plu197,Robert E.b. Lucas,Boston University,,https://ideas.repec.org/e/plu197.html,eligible,0,,2945.0,,RePEc
pco912,Francisco Costa,Fundação Getúlio Vargas (FGV),https://sites.google.com/site/fjmcosta/,https://ideas.repec.org/f/pco912.html,eligible,0,,,2945.0,RePEc
pan256,Siwan Anderson,University of British Columbia,https://sites.google.com/view/siwan-anderson/home,https://ideas.repec.org/f/pan256.html,eligible,0,,2946.0,,RePEc
pvl51,Charis Vlados,Democritus University of Thrace,http://charis-vlados.blogspot.gr/,https://ideas.repec.org/e/pvl51.html,eligible,0,,,2946.0,RePEc
ple1,Blake Lebaron,Brandeis University,http://www.brandeis.edu/~blebaron,https://ideas.repec.org/e/ple1.html,eligible,0,,2947.0,,RePEc
pwi133,Simon Wiederhold,Leibniz-Institut für Wirtschaftsforschung Halle (IWH),https://sites.google.com/view/simonwiederhold,https://ideas.repec.org/e/pwi133.html,eligible,0,,,2947.0,RePEc
psp48,Katharina Christa Spiess,DIW Berlin (Deutsches Institut für Wirtschaftsforschung),http://www.diw.de,https://ideas.repec.org/e/psp48.html,eligible,0,,2949.0,3197.0,RePEc
pki214,Fukunari Kimura,Government of Japan,,https://ideas.repec.org/f/pki214.html,eligible,0,,3047.0,2950.0,RePEc
pre466,Alan Renwick,Lincoln University,,https://ideas.repec.org/f/pre466.html,eligible,0,,,2951.0,RePEc
pzi11,Eric Zivot,University of Washington,http://faculty.washington.edu/ezivot,https://ideas.repec.org/e/pzi11.html,eligible,0,,2952.0,,RePEc
pre653,Ray Rees,,,https://ideas.repec.org/f/pre653.html,deceased,0,,2953.0,,RePEc
pbu279,Maoliang Bu,Nanjing University,https://nubs.nju.edu.cn/bml/list.htm,https://ideas.repec.org/f/pbu279.html,eligible,0,,,2953.0,RePEc
pbo539,Karol Jan Borowiecki,Syddansk Universitet,https://kjb.staff.sdu.dk/,https://ideas.repec.org/f/pbo539.html,eligible,0,,,2954.0,RePEc
pdu7,Mardi Dungey,,,https://ideas.repec.org/e/pdu7.html,deceased,0,,2956.0,3522.0,RePEc
phi46,Christian Albin Lukas Hilber,London School of Economics (LSE),https://personal.lse.ac.uk/hilber/,https://ideas.repec.org/e/phi46.html,eligible,0,,,2956.0,RePEc
pma614,Enrique Martínez García,Federal Reserve Bank of Dallas,https://sites.google.com/view/emgeconomics,https://ideas.repec.org/f/pma614.html,eligible,0,,,2957.0,RePEc
pte104,Francis John Teal,Oxford University,,https://ideas.repec.org/e/pte104.html,eligible,0,,2958.0,,RePEc
pdo214,Karina Doorley,Economic and Social Research Institute (ESRI),https://www.esri.ie/people/karina-doorley,https://ideas.repec.org/f/pdo214.html,eligible,0,,,2958.0,RePEc
phu177,Yingyao Hu,Johns Hopkins University,http://www.econ2.jhu.edu/people/hu/,https://ideas.repec.org/e/phu177.html,eligible,0,,3077.0,2959.0,RePEc
pme301,Jean-François Mertens,,,https://ideas.repec.org/f/pme301.html,deceased,0,,2960.0,,RePEc
pfa185,Francesco Fasani,Università degli Studi di Milano,https://sites.google.com/site/fasani2010/,https://ideas.repec.org/e/pfa185.html,eligible,0,,,2960.0,RePEc
psm213,Alex Smolin,Toulouse School of Economics (TSE),https://alexsmolin.com/,https://ideas.repec.org/f/psm213.html,eligible,0,,,2961.0,RePEc
pli628,Shi Li,Zhejiang University,,https://ideas.repec.org/f/pli628.html,eligible,0,,2962.0,,RePEc
pca250,Carlos Carrillo-Tudela,University of Essex,http://sites.google.com/site/carloscarrillotudela/,https://ideas.repec.org/f/pca250.html,eligible,0,,,2962.0,RePEc
pmc111,Bruce A. McCarl,Texas A&M University,http://agecon2.tamu.edu/people/faculty/mccarl-bruce/,https://ideas.repec.org/e/pmc111.html,eligible,0,,2963.0,,RePEc
pna316,Taisuke Nakata,Federal Reserve Board (Board of Governors of the Federal Reserve System),https://sites.google.com/site/taisukenakata/,https://ideas.repec.org/f/pna316.html,eligible,0,,,2963.0,RePEc
pdu275,Bill Dupor,Federal Reserve Bank of St. Louis,https://research.stlouisfed.org/econ/dupor,https://ideas.repec.org/f/pdu275.html,eligible,0,,2964.0,,RePEc
pra174,Helmut Rainer,ifo Institut - Leibniz-Institut für Wirtschaftsforschung an der Universität München e.V.,,https://ideas.repec.org/e/pra174.html,eligible,0,,3615.0,2964.0,RePEc
pli630,Richard George Lipsey,,http://www.rlipsey.com,https://ideas.repec.org/f/pli630.html,eligible,0,,2965.0,,RePEc
pgu426,Huanxiu Guo,Nanjing Audit University,,https://ideas.repec.org/f/pgu426.html,eligible,0,,,2965.0,RePEc
pga968,Harry Garretsen,Rijksuniversiteit Groningen,https://www.rug.nl/staff/j.h.garretsen/,https://ideas.repec.org/f/pga968.html,eligible,0,,2966.0,,RePEc
pgo62,Andres Gonzalez,Banco de la Republica de Colombia,,https://ideas.repec.org/e/pgo62.html,eligible,0,,,2966.0,RePEc
pmo334,Espen R. Moen,BI Handelshøyskolen,,https://ideas.repec.org/f/pmo334.html,eligible,0,,2967.0,,RePEc
pha225,Lawrence Haddad,University of Sussex,,https://ideas.repec.org/f/pha225.html,eligible,0,,2968.0,,RePEc
pme601,Jürgen Meyerhoff,Hochschule für Wirtschaft und Recht,,https://ideas.repec.org/f/pme601.html,eligible,0,,,2968.0,RePEc
pta122,Yasuhito Tanaka,Doshisha University,http://yatanaka.doshisha.ac.jp/index.html,https://ideas.repec.org/e/pta122.html,eligible,0,,,2969.0,RePEc
pse5,Rajiv Sethi,Columbia University,http://www.columbia.edu/~rs328,https://ideas.repec.org/e/pse5.html,eligible,0,,2970.0,,RePEc
pda61,John Bryan Davis,Marquette University,https://www.johnbryandavis.net,https://ideas.repec.org/e/pda61.html,eligible,0,,3415.0,2970.0,RePEc
psm105,Sarah Smith,University of Bristol,,https://ideas.repec.org/e/psm105.html,eligible,0,,2971.0,3459.0,RePEc
pbl197,Kristian Sven Blickle,Federal Reserve Bank of New York,http://www.kristianblickle.com,https://ideas.repec.org/e/pbl197.html,eligible,0,,,2972.0,RePEc
pma680,Anil Markandya,Basque Centre for Climate Change (BC3),,https://ideas.repec.org/f/pma680.html,eligible,0,,2973.0,,RePEc
psc239,Martin Schmitz,European Central Bank,http://www.martinschmitz.org,https://ideas.repec.org/f/psc239.html,eligible,0,,,2973.0,RePEc
pwa149,Marcus Wagner,Universität Augsburg,https://www.uni-augsburg.de/de/fakultaet/wiwi/prof/bwl/wagner/team/wagner/,https://ideas.repec.org/e/pwa149.html,eligible,0,,2974.0,,RePEc
pwa885,Jackline Wahba,University of Southampton,https://sites.google.com/site/jackiewahba/,https://ideas.repec.org/f/pwa885.html,eligible,0,,,2975.0,RePEc
ppi1,Mark M. Pitt,Brown University,http://www.brown.edu/research/projects/pitt/,https://ideas.repec.org/e/ppi1.html,eligible,0,,2976.0,,RePEc
pdi298,Elroy Dimson,University of Cambridge,https://www.jbs.cam.ac.uk/faculty-research/faculty-a-z/elroy-dimson/,https://ideas.repec.org/f/pdi298.html,eligible,0,,2977.0,,RePEc
pmo303,Pierluigi Montalbano,"""Sapienza"" Università di Roma",https://sites.google.com/a/uniroma1.it/pierluigimontalbano-eng/,https://ideas.repec.org/f/pmo303.html,eligible,0,,,2977.0,RePEc
pfl166,Carlos Flavian,Universidad de Zaragoza,https://scholar.google.es/citations?hl=es&user=Zy2JOaUAAAAJ&view_op=list_works&sortby=pubdate,https://ideas.repec.org/e/pfl166.html,eligible,0,,,2978.0,RePEc
pba132,Joerg Baten,Eberhard-Karls-Universität Tübingen,,https://ideas.repec.org/e/pba132.html,eligible,0,,2979.0,,RePEc
pbe833,Adel Ben Youssef,Université Côte d'Azur,http://www.benyoussef.net,https://ideas.repec.org/f/pbe833.html,eligible,0,,,2979.0,RePEc
pma380,David Marques-Ibanez,European Central Bank,,https://ideas.repec.org/f/pma380.html,eligible,0,,2980.0,,RePEc
psc797,Martin Schmalz,University of Michigan,,https://ideas.repec.org/f/psc797.html,eligible,0,,,2980.0,RePEc
ppo117,Jacques Poot,University of Waikato,https://www.iza.org/people/fellows/2751/jacques-poot,https://ideas.repec.org/e/ppo117.html,eligible,0,,2982.0,,RePEc
pbe573,Luca Benati,,https://lucabenati.ch/,https://ideas.repec.org/f/pbe573.html,eligible,0,,2983.0,,RePEc
psp106,Michael Sposi,Southern Methodist University,https://sites.google.com/site/michaelsposi/home,https://ideas.repec.org/e/psp106.html,eligible,0,,,2983.0,RePEc
ppe16,Michael Peters,University of British Columbia,http://montoya.econ.ubc.ca,https://ideas.repec.org/e/ppe16.html,eligible,0,,2984.0,,RePEc
pta448,Emanuele Tarantino,Libera Università Internazionale degli Studi Sociali Guido Carli (LUISS),http://sites.google.com/site/etarantino/,https://ideas.repec.org/f/pta448.html,eligible,0,,,2984.0,RePEc
pch608,陈少华,Xiamen University,,https://ideas.repec.org/f/pch608.html,eligible,0,,2985.0,,RePEc
pce160,Emrah İsmail Çevik,Namık Kemal Üniversitesi,http://eicevik.cv.nku.edu.tr/,https://ideas.repec.org/e/pce160.html,eligible,0,,,2985.0,RePEc
pba460,Andrea Bassanini,Organisation de Coopération et de Développement Économiques (OCDE),http://sites.google.com/site/bassaxsite/home,https://ideas.repec.org/f/pba460.html,eligible,0,,2988.0,,RePEc
pma1777,Isabel Z. Martínez,Eidgenössische Technische Hochschule Zürich (ETHZ),https://sites.google.com/view/isabelzmartinez/home,https://ideas.repec.org/f/pma1777.html,eligible,0,,,2989.0,RePEc
psn35,Christopher Mark Snyder,Dartmouth College,https://sites.dartmouth.edu/csnyder/,https://ideas.repec.org/e/psn35.html,eligible,0,,2990.0,3515.0,RePEc
pzl2,Andrei Zlate,Federal Reserve Board (Board of Governors of the Federal Reserve System),https://sites.google.com/site/andreizlate1/,https://ideas.repec.org/e/pzl2.html,eligible,0,,,2990.0,RePEc
pta279,Elie Tamer,Northwestern University,http://faculty.wcas.northwestern.edu/~ett094/,https://ideas.repec.org/f/pta279.html,eligible,0,,2991.0,,RePEc
pma1510,Katarzyna Maciejowska,Politechnika Wrocławska,,https://ideas.repec.org/f/pma1510.html,eligible,0,,,2991.0,RePEc
pka646,Shmuel Kandel,,,https://ideas.repec.org/f/pka646.html,deceased,0,,2992.0,,RePEc
pch585,Dimitris Christelis,University of Glasgow,https://www.gla.ac.uk/schools/business/staff/dimitrioschristelis/,https://ideas.repec.org/f/pch585.html,eligible,0,,,2992.0,RePEc
phu175,Peter Huber,Österreichisches Institut für Wirtschaftsforschung (WIFO),,https://ideas.repec.org/e/phu175.html,eligible,0,,2993.0,,RePEc
ple985,Matthieu Lequien,Government of France,,https://ideas.repec.org/f/ple985.html,eligible,0,,,2993.0,RePEc
pch236,"Frank Joseph Chaloupka, IV",University of Illinois at Chicago,http://www.uic.edu/~fjc,https://ideas.repec.org/f/pch236.html,eligible,0,,2994.0,,RePEc
pda162,Zsolt Darvas,Bruegel,https://www.darvas.online/,https://ideas.repec.org/e/pda162.html,eligible,0,,3530.0,2994.0,RePEc
ple285,David Matthew Levinson,University of Minnesota,http://www.transportist.org,https://ideas.repec.org/f/ple285.html,eligible,0,,2995.0,3600.0,RePEc
ppo522,"Yuriy Ponomarev, Sr.",Russian Presidential Academy of National Economy and Public Administration (RANEPA),,https://ideas.repec.org/f/ppo522.html,eligible,0,,,2995.0,RePEc
pbi12,Marianne P. Bitler,University of California-Davis,http://sites.google.com/site/mbitler,https://ideas.repec.org/e/pbi12.html,eligible,0,,2996.0,,RePEc
pmi497,Gabriel Mihalache,Ohio State University,https://www.gmihalache.com/,https://ideas.repec.org/f/pmi497.html,eligible,0,,,2996.0,RePEc
pga66,Nuno Garoupa,George Mason University,https://www.law.gmu.edu/faculty/directory/fulltime/garoupa_nuno,https://ideas.repec.org/e/pga66.html,eligible,0,,2998.0,,RePEc
pst327,Georg Strasser,European Central Bank,https://www.ecb.europa.eu/pub/research/authors/profiles/georg-strasser.en.html,https://ideas.repec.org/f/pst327.html,eligible,0,,,2998.0,RePEc
phi86,Hal Hill,Australian National University,https://researchportalplus.anu.edu.au/en/persons/hal-hill,https://ideas.repec.org/e/phi86.html,eligible,0,,2999.0,,RePEc
pfe227,Martin Feldkircher,Diplomatische Akademie Wien,https://www.martin-feldkircher.com/,https://ideas.repec.org/f/pfe227.html,eligible,0,,,2999.0,RePEc
pqu49,John K.-h. Quah,National University of Singapore (NUS),http://www.johnquah.com/,https://ideas.repec.org/e/pqu49.html,eligible,0,,3000.0,,RePEc
pco498,Mathieu Couttenier,Université de Lyon,https://sites.google.com/site/coutteniermathieu/,https://ideas.repec.org/f/pco498.html,eligible,0,,,3000.0,RePEc
pdo118,Peter John Dolton,University of Sussex,,https://ideas.repec.org/e/pdo118.html,eligible,0,,3001.0,,RePEc
pha423,Joshua C. Hall,West Virginia University,http://joshua.c.hall.googlepages.com/,https://ideas.repec.org/f/pha423.html,eligible,0,,,3001.0,RePEc
pgo190,Vidhan K. Goyal,Hong Kong University of Science and Technology (HKUST),,https://ideas.repec.org/e/pgo190.html,eligible,0,,3003.0,,RePEc
ple1006,Sara Le Roux,Oxford Brookes University,https://saraleroux.weebly.com/,https://ideas.repec.org/f/ple1006.html,eligible,0,,,3003.0,RePEc
pca1574,Bernardo Candia,Federal Reserve Bank of Cleveland,https://www.bernardocandia.com/,https://ideas.repec.org/f/pca1574.html,eligible,0,,,3004.0,RePEc
pfi2,David Fielding,University of Otago,https://research.manchester.ac.uk/en/persons/david.fielding,https://ideas.repec.org/e/pfi2.html,eligible,0,,3005.0,,RePEc
pme415,Thomas Michael Mertens,Federal Reserve Bank of San Francisco,https://sites.google.com/site/thomasmichaelmertens/,https://ideas.repec.org/f/pme415.html,eligible,0,,,3005.0,RePEc
pga16,Pieter Gautier,Vrije Universiteit Amsterdam,https://sites.google.com/site/pietgautier/home,https://ideas.repec.org/e/pga16.html,eligible,0,,3006.0,,RePEc
pli1741,Zack Liu,University of Houston,,https://ideas.repec.org/f/pli1741.html,eligible,0,,,3006.0,RePEc
pmo190,Andrea Morrison,Università degli Studi di Pavia,https://scholar.google.com/citations?user=xJuoeu4AAAAJ&hl=it&authuser=1,https://ideas.repec.org/e/pmo190.html,eligible,0,,,3007.0,RePEc
pro146,K. Geert Rouwenhorst,Yale University,http://mayet.som.yale.edu/~geert/,https://ideas.repec.org/e/pro146.html,eligible,0,,3008.0,,RePEc
pal891,Alonso Alfaro-Ureña,Banco Central de Costa Rica,,https://ideas.repec.org/f/pal891.html,eligible,0,,,3008.0,RePEc
pdu391,Pradeep Dubey,Stony Brook University - SUNY,https://sites.google.com/view/pradeepdubey/,https://ideas.repec.org/f/pdu391.html,eligible,0,,3009.0,,RePEc
pha795,Hanna Halaburda,,http://works.bepress.com/halaburda/,https://ideas.repec.org/f/pha795.html,eligible,0,,,3009.0,RePEc
ppe258,Bezalel Peleg,,,https://ideas.repec.org/f/ppe258.html,deceased,0,,3010.0,,RePEc
pga905,Victor Gay,Toulouse School of Economics (TSE),http://victorgay.me,https://ideas.repec.org/f/pga905.html,eligible,0,,,3010.0,RePEc
psc60,Monika Schnitzer,Ludwig-Maximilians-Universität München,,https://ideas.repec.org/e/psc60.html,eligible,0,,3011.0,,RePEc
pca440,Steven Callander,Stanford University,https://sjc.people.stanford.edu/research,https://ideas.repec.org/f/pca440.html,eligible,0,,,3011.0,RePEc
pli10,Omar Licandro,Leicester University,https://sites.google.com/view/omar-licandro/home,https://ideas.repec.org/e/pli10.html,eligible,0,,3012.0,,RePEc
pfe504,Enrique Fernandez-Macias,European Commission,https://enriquefernandezmacias.wordpress.com,https://ideas.repec.org/f/pfe504.html,eligible,0,,,3012.0,RePEc
pra187,Andrea Raffo,Federal Reserve Bank of Minneapolis,http://andrearaffo.com,https://ideas.repec.org/e/pra187.html,eligible,0,,,3015.0,RePEc
pma2523,Dale Manning,University of Tennessee-Knoxville,https://baker.utk.edu/overview/directory/dale-manning/,https://ideas.repec.org/f/pma2523.html,eligible,0,,,3016.0,RePEc
psc184,Ulrich Schmidt,Christian-Albrechts-Universität Kiel,,https://ideas.repec.org/e/psc184.html,eligible,0,,3017.0,,RePEc
pba924,Zsofia Luca Barany,Central European University,https://sites.google.com/site/zsofiabarany/,https://ideas.repec.org/f/pba924.html,eligible,0,,,3017.0,RePEc
pla724,Morten Igel Lau,Copenhagen Business School,,https://ideas.repec.org/f/pla724.html,eligible,0,,3018.0,,RePEc
phi7,John R. Hicks,,https://www.nobelprize.org/prizes/economic-sciences/1972/hicks/facts/,https://ideas.repec.org/e/phi7.html,won,1972,,3019.0,,RePEc
pve359,Jorge Velilla,Universidad de Zaragoza,https://sites.google.com/site/jvelilla1992/,https://ideas.repec.org/f/pve359.html,eligible,0,,,3019.0,RePEc
phs47,Joanne W. Hsu,University of Michigan,http://www.joannehsu.com,https://ideas.repec.org/e/phs47.html,eligible,0,,,3020.0,RePEc
pmo258,John Miles Morrow,King's College London,http://www.jmorrow.net,https://ideas.repec.org/f/pmo258.html,eligible,0,,,3021.0,RePEc
pza33,Madeline Zavodny,University of North Florida,https://mzavodny.domains.unf.edu/,https://ideas.repec.org/e/pza33.html,eligible,0,,3022.0,,RePEc
psi767,André F. Silva,Federal Reserve Board (Board of Governors of the Federal Reserve System),http://www.andrefjsilva.com,https://ideas.repec.org/f/psi767.html,eligible,0,,,3022.0,RePEc
pst581,Jerome L. Stein,,,https://ideas.repec.org/f/pst581.html,deceased,0,,3023.0,,RePEc
pqi73,Liangfei Qiu,University of Florida,https://sites.google.com/site/qiuliangfei/,https://ideas.repec.org/e/pqi73.html,eligible,0,,,3023.0,RePEc
phe161,Dierk Herzer,Helmut Schmidt Universität Hamburg,,https://ideas.repec.org/e/phe161.html,eligible,0,,3024.0,,RePEc
pla1047,Valentina Lagasio,"""Sapienza"" Università di Roma",,https://ideas.repec.org/f/pla1047.html,eligible,0,,,3024.0,RePEc
pni115,Theo Nijman,Universiteit van Tilburg,http://center.uvt.nl/staff/nijman/,https://ideas.repec.org/e/pni115.html,eligible,0,,3025.0,,RePEc
pmi286,Giordano Mion,ESSEC Business School,https://sites.google.com/site/giordanomionhp/,https://ideas.repec.org/f/pmi286.html,eligible,0,,3026.0,3082.0,RePEc
pga868,Andrea Giovanni Gazzani,Banca d'Italia,https://sites.google.com/site/aggazzani/,https://ideas.repec.org/f/pga868.html,eligible,0,,,3026.0,RePEc
plo289,Felipe Andres Lozano Rojas,University of Georgia,,https://ideas.repec.org/f/plo289.html,eligible,0,,,3027.0,RePEc
pod4,Cathal O'donoghue,National University of Ireland,http://www.nuigalway.ie,https://ideas.repec.org/e/pod4.html,eligible,0,,3028.0,,RePEc
pad85,Muge Adalet,Organisation de Coopération et de Développement Économiques (OCDE),,https://ideas.repec.org/e/pad85.html,eligible,0,,,3028.0,RePEc
pro303,John M. Roberts,,,https://ideas.repec.org/f/pro303.html,eligible,0,,3029.0,3146.0,RePEc
pmu207,Kathleen J. Mullen,University of Oregon,http://works.bepress.com/kathleen_mullen/,https://ideas.repec.org/f/pmu207.html,eligible,0,,,3029.0,RePEc
pgr40,Theodore Groves,University of California-San Diego (UCSD),http://econ.ucsd.edu/~tgroves,https://ideas.repec.org/e/pgr40.html,eligible,0,,3030.0,,RePEc
pbo355,Pierre Boyer,Centre de Recherche en Économie et Statistique (CREST),https://pierrecboyer.com/,https://ideas.repec.org/f/pbo355.html,eligible,0,,,3030.0,RePEc
pli669,Lee A. Lillard,,http://www.psc.isr.umich.edu/events/archive/2000/lillard-obit.html,https://ideas.repec.org/f/pli669.html,deceased,0,,3031.0,,RePEc
pfo80,Francoise Forges,Université Paris-Dauphine (Paris IX),http://sites.google.com/site/francoiseforges/,https://ideas.repec.org/e/pfo80.html,eligible,0,,3032.0,,RePEc
psc372,Katheline Schubert,Paris School of Economics,,https://ideas.repec.org/f/psc372.html,eligible,0,,,3032.0,RePEc
pfo165,Rikard Forslid,Stockholms Universitet,http://people.su.se/~forsl/,https://ideas.repec.org/e/pfo165.html,eligible,0,,3033.0,,RePEc
pke147,Kristiaan H. J. Kerstens,Lille Économie et Management (LEM),https://kkerstens.github.io/,https://ideas.repec.org/e/pke147.html,eligible,0,,3582.0,3033.0,RePEc
pei27,Andrea L. Eisfeldt,University of California-Los Angeles (UCLA),https://sites.google.com/site/andrealeisfeldt/,https://ideas.repec.org/e/pei27.html,eligible,0,,3034.0,,RePEc
pco1000,Robert Collinson,University of Notre Dame,http://www.robcollinson.com,https://ideas.repec.org/f/pco1000.html,eligible,0,,,3034.0,RePEc
pfe32,Wayne Ferson,Boston College,http://www2.bc.edu/~fersonwa,https://ideas.repec.org/e/pfe32.html,eligible,0,,3035.0,,RePEc
pma956,Julien Matheron,Banque de France,,https://ideas.repec.org/f/pma956.html,eligible,0,,,3035.0,RePEc
pub6,Diego Javier Ubfal,World Bank Group,https://sites.google.com/site/diegojavierubfal/home,https://ideas.repec.org/e/pub6.html,eligible,0,,,3036.0,RePEc
pfr211,W Scott Frame,,,https://ideas.repec.org/f/pfr211.html,eligible,0,,3038.0,,RePEc
pch2045,Shuai Chen,Zhejiang University,https://person.zju.edu.cn/shuaichen,https://ideas.repec.org/f/pch2045.html,eligible,0,,,3038.0,RePEc
pna738,Markus Nagler,Friedrich-Alexander-Universität Erlangen-Nürnberg,,https://ideas.repec.org/f/pna738.html,eligible,0,,,3039.0,RePEc
pge262,Laura Katherine Gee,Tufts University,http://laurakgee.weebly.com/,https://ideas.repec.org/f/pge262.html,eligible,0,,,3040.0,RePEc
pef13,Uchenna Rapuluchukwu Efobi,Covenant University,,https://ideas.repec.org/e/pef13.html,eligible,0,,,3041.0,RePEc
pdi12,Huw David Dixon,Cardiff University,http://www.huwdixon.org,https://ideas.repec.org/e/pdi12.html,eligible,0,,3042.0,,RePEc
pco1156,Antonio Coppola,Stanford University,https://www.antoniocoppola.org/,https://ideas.repec.org/f/pco1156.html,eligible,0,,,3042.0,RePEc
pga142,Marzio Galeotti,Università degli studi di Milano Dipartimento di Scienze e Politiche Ambientali,https://www.unimi.it/en/ugov/person/marzio-galeotti,https://ideas.repec.org/e/pga142.html,eligible,0,,3043.0,,RePEc
pga1291,Giorgos Galanis,Queen Mary University of London,https://giorgosgalanis.wordpress.com,https://ideas.repec.org/f/pga1291.html,eligible,0,,,3043.0,RePEc
pna69,Anton Nakov,Centre for Economic Policy Research (CEPR),https://anakov.github.io/,https://ideas.repec.org/e/pna69.html,eligible,0,,,3044.0,RePEc
pfe488,Guanhao Feng,香港城市大学,https://gavinfeng702.com,https://ideas.repec.org/f/pfe488.html,eligible,0,,,3045.0,RePEc
ppe159,George L. Perry,Brookings Institution,,https://ideas.repec.org/e/ppe159.html,eligible,0,,3046.0,,RePEc
pde1271,Jan-Emmanuel De Neve,Oxford University,http://www.sbs.ox.ac.uk/community/people/jan-emmanuel-de-neve,https://ideas.repec.org/f/pde1271.html,eligible,0,,,3046.0,RePEc
poc21,Sergio Ocampo,University of Western Ontario,https://sites.google.com/site/sergiocampod/,https://ideas.repec.org/e/poc21.html,eligible,0,,,3047.0,RePEc
pte85,C. N. Teulings,University of Cambridge,,https://ideas.repec.org/e/pte85.html,eligible,0,,3048.0,,RePEc
pba1946,Pierre Bachas,World Bank Group,https://pierrebachas.weebly.com/,https://ideas.repec.org/f/pba1946.html,eligible,0,,,3048.0,RePEc
pch389,Christophe Chamley,Boston University,,https://ideas.repec.org/f/pch389.html,eligible,0,,3049.0,,RePEc
pma137,António Cardoso Marques,Universidade da Beira Interior,http://www.dge.ubi.pt/amarques/,https://ideas.repec.org/e/pma137.html,eligible,0,,,3049.0,RePEc
pba1799,Andres Barrios-Fernández,Universidad de los Andes (Chile),https://andresbarriosf.github.io,https://ideas.repec.org/f/pba1799.html,eligible,0,,,3050.0,RePEc
pba1087,Dimitrios Bakas,Nottingham Trent University,https://sites.google.com/site/jimbakas/,https://ideas.repec.org/f/pba1087.html,eligible,0,,,3051.0,RePEc
pke264,Matti Keloharju,Aalto-yliopisto,http://finance.aalto.fi/en/people/keloharju/,https://ideas.repec.org/f/pke264.html,eligible,0,,3052.0,,RePEc
pre185,Francesco Rentocchini,European Commission,https://frarent.github.io/,https://ideas.repec.org/e/pre185.html,eligible,0,,,3052.0,RePEc
pca171,Juan-camilo Cardenas,Universidad de los Andes (Colombia),http://economia.uniandes.edu.co/cardenas,https://ideas.repec.org/e/pca171.html,eligible,0,,3053.0,,RePEc
pcu27,Vicente Cuñat,London School of Economics (LSE),http://www.vicentecunat.com,https://ideas.repec.org/e/pcu27.html,eligible,0,,3427.0,3053.0,RePEc
pwa115,Michael Waterson,University of Warwick,,https://ideas.repec.org/e/pwa115.html,eligible,0,,3054.0,,RePEc
pbr741,Matthias Breuer,Columbia University,http://ssrn.com/author=2424935,https://ideas.repec.org/f/pbr741.html,eligible,0,,,3054.0,RePEc
pdo56,David Donaldson,University of British Columbia,http://web.me.com/whistler4/DavidsMusic,https://ideas.repec.org/e/pdo56.html,eligible,0,,3055.0,,RePEc
pta430,Ke Tang,Tsinghua University,,https://ideas.repec.org/f/pta430.html,eligible,0,,,3055.0,RePEc
pbr162,Fernando Broner,Barcelona School of Economics (BSE),https://crei.cat/people/broner/,https://ideas.repec.org/e/pbr162.html,eligible,0,,3056.0,,RePEc
pca311,Gustavo Javier Canavire-Bacarreza,Universidad Privada Boliviana,http://www.gcanavire.com/,https://ideas.repec.org/f/pca311.html,eligible,0,,,3056.0,RePEc
pbe494,Peter A.g. van Bergeijk,Institute of Social Studies (ISS),http://petervanbergeijk.org,https://ideas.repec.org/f/pbe494.html,eligible,0,,,3057.0,RePEc
psc65,Andrew Scott,Centre for Economic Policy Research (CEPR),,https://ideas.repec.org/e/psc65.html,eligible,0,,3058.0,,RePEc
pco315,William J. Collins,Vanderbilt University,,https://ideas.repec.org/f/pco315.html,eligible,0,,3302.0,3058.0,RePEc
pbi63,Herman J. Bierens,Pennsylvania State University,http://www.personal.psu.edu/hxb11/,https://ideas.repec.org/e/pbi63.html,eligible,0,,3059.0,,RePEc
phs7,Yu-Chin Hsu,Academia Sinica,http://yuchinhsu.yolasite.com/,https://ideas.repec.org/e/phs7.html,eligible,0,,,3059.0,RePEc
pwi93,Mirko Wiederholt,Sciences Po,https://sites.google.com/site/wiederholtmirko/,https://ideas.repec.org/e/pwi93.html,eligible,0,,3060.0,,RePEc
pat67,Giuseppe Attanasi,"""Sapienza"" Università di Roma",http://www.giuseppeattanasi.com,https://ideas.repec.org/e/pat67.html,eligible,0,,,3060.0,RePEc
pmi419,Amalia Rebecca Miller,University of Virginia,https://amaliarmiller.faculty.virginia.edu/,https://ideas.repec.org/f/pmi419.html,eligible,0,,3061.0,3367.0,RePEc
pdo451,Florian Dorn,ifo Institut - Leibniz-Institut für Wirtschaftsforschung an der Universität München e.V.,https://www.ifo.de/en/dorn-f,https://ideas.repec.org/f/pdo451.html,eligible,0,,,3061.0,RePEc
pan228,Ignazio Angeloni,Harvard University,https://ignazioangeloni.home.blog/,https://ideas.repec.org/f/pan228.html,eligible,0,,3063.0,,RePEc
pan475,Juan Antolin-Diaz,London Business School (LBS),https://sites.google.com/site/juanantolindiaz/,https://ideas.repec.org/f/pan475.html,eligible,0,,,3063.0,RePEc
pco163,Fabrizio Coricelli,Paris School of Economics,,https://ideas.repec.org/e/pco163.html,eligible,0,,3064.0,,RePEc
pvo271,John L. Voorheis,Government of the United States,,https://ideas.repec.org/f/pvo271.html,eligible,0,,,3064.0,RePEc
psk25,Oskar Nordström Skans,Uppsala Universitet,https://sites.google.com/site/oskarskans/,https://ideas.repec.org/e/psk25.html,eligible,0,,3066.0,3385.0,RePEc
pon27,Alexei Onatski,University of Cambridge,,https://ideas.repec.org/e/pon27.html,eligible,0,,3067.0,,RePEc
pcr199,Henrik Cronqvist,Chapman University,https://sites.google.com/site/henrikcronqvist,https://ideas.repec.org/e/pcr199.html,eligible,0,,3466.0,3067.0,RePEc
pwh15,John C. Whitehead,Appalachian State University,,https://ideas.repec.org/e/pwh15.html,eligible,0,,3068.0,3429.0,RePEc
pbh84,Utpal Bhattacharya,Hong Kong University of Science and Technology (HKUST),http://ubhattac.people.ust.hk/,https://ideas.repec.org/e/pbh84.html,eligible,0,,3069.0,,RePEc
pro107,Massimo Rostagno,European Central Bank,,https://ideas.repec.org/e/pro107.html,eligible,0,,3070.0,,RePEc
pko459,Lena Boneva,Schweizerische Nationalbank (SNB),https://sites.google.com/site/lenamareenkoerber/,https://ideas.repec.org/f/pko459.html,eligible,0,,,3070.0,RePEc
pbr126,Marius Brülhart,Université de Lausanne,https://people.unil.ch/mariusbrulhart/,https://ideas.repec.org/e/pbr126.html,eligible,0,,3071.0,,RePEc
pci113,Luciano Ciravegna,King's College London,http://www.lucianociravegna.com,https://ideas.repec.org/e/pci113.html,eligible,0,,,3071.0,RePEc
pko101,Michael Kosfeld,Goethe Universität Frankfurt am Main,,https://ideas.repec.org/e/pko101.html,eligible,0,,3072.0,,RePEc
pfo181,Andrew T. Foerster,Federal Reserve Bank of San Francisco,https://sites.google.com/site/atfoerster/,https://ideas.repec.org/e/pfo181.html,eligible,0,,,3072.0,RePEc
pbl164,Sören Blomquist,Uppsala Universitet,,https://ideas.repec.org/e/pbl164.html,eligible,0,,3073.0,,RePEc
pji164,Uwe Jirjahn,Universität Trier,https://www.uni-trier.de/index.php?id=35365,https://ideas.repec.org/e/pji164.html,eligible,0,,,3074.0,RePEc
pth368,Erik Thorbecke,Cornell University,https://thorbecke.economics.cornell.edu/,https://ideas.repec.org/f/pth368.html,eligible,0,,3075.0,,RePEc
pgo666,Marion Goussé,Centre de Recherche en Économie et Statistique (CREST),https://sites.google.com/site/mariongousse/home,https://ideas.repec.org/f/pgo666.html,eligible,0,,,3075.0,RePEc
pst8,Odd Rune Straume,Universidade do Minho,https://sites.google.com/site/oddrunestraume,https://ideas.repec.org/e/pst8.html,eligible,0,,3076.0,3129.0,RePEc
phu166,Kristiina Huttunen,Aalto-yliopisto,https://sites.google.com/site/krhuttunen/,https://ideas.repec.org/e/phu166.html,eligible,0,,,3076.0,RePEc
pmo72,Marcelo J. Moreira,Fundação Getúlio Vargas (FGV),https://sites.google.com/site/moreiramarceloj/,https://ideas.repec.org/e/pmo72.html,eligible,0,,3078.0,,RePEc
pam290,Sandro Ambühl,Universität Zürich,,https://ideas.repec.org/f/pam290.html,eligible,0,,,3078.0,RePEc
pvi38,Sofia Villas-Boas,University of California-Berkeley,https://are.berkeley.edu/people/sofia-berto-villas-boas,https://ideas.repec.org/e/pvi38.html,eligible,0,,3079.0,,RePEc
pbu426,Fiona Burlig,University of Chicago,http://www.fionaburlig.com,https://ideas.repec.org/f/pbu426.html,eligible,0,,,3079.0,RePEc
pwe114,Beatrice Weder Di Mauro,The Graduate Institute of International and Development Studies,https://graduateinstitute.ch/academic-departments/faculty/beatrice-weder-di-mauro,https://ideas.repec.org/e/pwe114.html,eligible,0,,3080.0,,RePEc
pvo191,Maximilian von Ehrlich,Universität Bern,,https://ideas.repec.org/e/pvo191.html,eligible,0,,,3080.0,RePEc
pte102,Chris Telmer,Carnegie Mellon University,http://bertha.tepper.cmu.edu,https://ideas.repec.org/e/pte102.html,eligible,0,,3081.0,,RePEc
pko847,Isaac Koomson,University of New England,https://www.une.edu.au/staff-profiles/business/isaac-koomson,https://ideas.repec.org/f/pko847.html,eligible,0,,,3081.0,RePEc
psa494,Yasuyuki Sawada,University of Tokyo,https://sites.google.com/site/yasuyukisawadapage/main,https://ideas.repec.org/f/psa494.html,eligible,0,,3082.0,3247.0,RePEc
pda45,Pedro Dal Bó,Brown University,https://sites.google.com/brown.edu/pedrodalbo/home,https://ideas.repec.org/e/pda45.html,eligible,0,,3556.0,3084.0,RePEc
pta706,J. Edward Taylor,University of California-Davis,http://jetaylor.ucdavis.edu,https://ideas.repec.org/f/pta706.html,eligible,0,,3085.0,,RePEc
pli655,Hong Liu,Renmin University of China,,https://ideas.repec.org/f/pli655.html,eligible,0,,,3085.0,RePEc
pmo237,Claude Montmarquette,,http://www.cirano.qc.ca/fr/bottin/cv.php?coderelation=1125,https://ideas.repec.org/f/pmo237.html,deceased,0,,3086.0,,RePEc
pbe104,Germà Bel,Universitat de Barcelona,https://www.ub.edu/gim/members/germa-bel/,https://ideas.repec.org/e/pbe104.html,eligible,0,,3504.0,3086.0,RePEc
phi146,Gilles Hilary,Georgetown University,http://papers.ssrn.com/sol3/cf_dev/AbsByAuth.cfm?per_id=363726,https://ideas.repec.org/e/phi146.html,eligible,0,,3087.0,,RePEc
pvo19,Lukas Vogel,European Commission,,https://ideas.repec.org/e/pvo19.html,eligible,0,,,3088.0,RePEc
pdi339,Peter Bishop Dixon,Victoria University,,https://ideas.repec.org/f/pdi339.html,eligible,0,,3089.0,,RePEc
pba2025,Laurent Bach,ESSEC Business School,,https://ideas.repec.org/f/pba2025.html,eligible,0,,,3089.0,RePEc
pli1638,Yatang Lin,Hong Kong University of Science and Technology (HKUST),,https://ideas.repec.org/f/pli1638.html,eligible,0,,,3090.0,RePEc
pno108,Roger G. Noll,,,https://ideas.repec.org/e/pno108.html,eligible,0,,3091.0,,RePEc
pla968,Salvatore Lattanzio,Banca d'Italia,https://sites.google.com/view/salvatore-lattanzio/home,https://ideas.repec.org/f/pla968.html,eligible,0,,,3091.0,RePEc
pbh25,V Bhaskar,University of Texas-Austin,http://www.homepages.ucl.ac.uk/~uctpvbh/,https://ideas.repec.org/e/pbh25.html,eligible,0,,3092.0,,RePEc
pwa1068,Long Wang,Fudan University,https://wanglongweb.weebly.com,https://ideas.repec.org/f/pwa1068.html,eligible,0,,,3092.0,RePEc
ppi14,Jeremy Piger,University of Oregon,https://pages.uoregon.edu/jpiger/,https://ideas.repec.org/e/ppi14.html,eligible,0,,3093.0,,RePEc
ply75,Oleksii Lyulyov,Sumy State University,https://dom.fem.sumdu.edu.ua/uk/lyulyov,https://ideas.repec.org/e/ply75.html,eligible,0,,,3093.0,RePEc
ppa130,Harry J Paarsch,University of Central Florida,http://sites.google.com/view/hjpaarsch/,https://ideas.repec.org/e/ppa130.html,eligible,0,,3094.0,,RePEc
pry58,Jane M. Ryngaert,University of Notre Dame,http://janeryngaert.github.io,https://ideas.repec.org/e/pry58.html,eligible,0,,,3094.0,RePEc
ppo485,Stephen Polasky,University of Minnesota-St. Paul,https://www.apec.umn.edu/people/stephen-polasky,https://ideas.repec.org/f/ppo485.html,eligible,0,,3095.0,,RePEc
pgr211,Ulrike Grote,Leibniz Universität Hannover,,https://ideas.repec.org/f/pgr211.html,eligible,0,,,3095.0,RePEc
pca504,Hongbin Cai,Peking University,,https://ideas.repec.org/f/pca504.html,eligible,0,,3096.0,,RePEc
psc421,Stefanie Schurer,University of Sydney,http://www.stefanie-schurer.com,https://ideas.repec.org/f/psc421.html,eligible,0,,,3097.0,RePEc
pbe91,Jean-Pascal Benassy,,,https://ideas.repec.org/e/pbe91.html,deceased,0,,3098.0,,RePEc
pla193,David Laborde Debucquet,United Nations,https://www.fao.org/agrifood-economics/en/,https://ideas.repec.org/e/pla193.html,eligible,0,,,3098.0,RePEc
pwo94,Nikolaus Wolf,Humboldt-Universität Berlin,http://nikolauswolf.eu,https://ideas.repec.org/e/pwo94.html,eligible,0,,3099.0,,RePEc
pgi187,Rita Ginja,Universitetet i Bergen,https://sites.google.com/site/rcginja/,https://ideas.repec.org/e/pgi187.html,eligible,0,,,3099.0,RePEc
pha477,Yujiro Hayami,,,https://ideas.repec.org/f/pha477.html,deceased,0,,3100.0,,RePEc
psu102,Sandy Suardi,University of Wollongong,https://sites.google.com/site/ssuardi/,https://ideas.repec.org/e/psu102.html,eligible,0,,,3100.0,RePEc
pku579,Praveen Kumar,University of Houston,https://www.bauer.uh.edu/pkumar,https://ideas.repec.org/f/pku579.html,eligible,0,,3101.0,,RePEc
pst980,Noah Stoffman,Indiana University,http://stoffprof.github.io,https://ideas.repec.org/f/pst980.html,eligible,0,,,3101.0,RePEc
pca481,Vitor Castro,Loughborough University,http://www.lboro.ac.uk/departments/sbe/staff/profiles/castrovitor/castro-vitor.html,https://ideas.repec.org/f/pca481.html,eligible,0,,,3102.0,RePEc
pwi107,Noah Williams,University of Miami,http://www.noahwilliams.xyz,https://ideas.repec.org/e/pwi107.html,eligible,0,,3103.0,,RePEc
phe114,Derek Dewey Headey,International Food Policy Research Institute (IFPRI),http://www.ifpri.org/srstaff/headeyd.asp,https://ideas.repec.org/e/phe114.html,eligible,0,,3104.0,3599.0,RePEc
pdi45,Ed Diener,,,https://ideas.repec.org/e/pdi45.html,deceased,0,,3105.0,,RePEc
pbr358,Holger Breinlich,University of Surrey,https://sites.google.com/site/holgerbreinlich/,https://ideas.repec.org/f/pbr358.html,eligible,0,,,3105.0,RePEc
psc70,James Schmitz,Federal Reserve Bank of Minneapolis,http://www.minneapolisfed.org/research/economists/staffdetails.cfm?au_autonum_id=4,https://ideas.repec.org/e/psc70.html,eligible,0,,3106.0,,RePEc
ptu103,Sarah Elizabeth Turner,University of Virginia,http://artsandsciences.virginia.edu/economics/facultystaff/set5h.html,https://ideas.repec.org/e/ptu103.html,eligible,0,,3108.0,,RePEc
pch964,Youngho Chang,Singapore University of Social Sciences,https://www.suss.edu.sg/about-suss/faculty-and-staff/detail/dr-chang-young-ho,https://ideas.repec.org/f/pch964.html,eligible,0,,,3108.0,RePEc
pst179,Mark Stabile,INSEAD,https://www.insead.edu/faculty-research/faculty/mark-stabile,https://ideas.repec.org/e/pst179.html,eligible,0,,3109.0,,RePEc
pfe555,Roshen Fernando,Asian Development Bank,,https://ideas.repec.org/f/pfe555.html,eligible,0,,,3109.0,RePEc
pmo274,Pierre-Guillaume Méon,Université Libre de Bruxelles,,https://ideas.repec.org/f/pmo274.html,eligible,0,,3110.0,,RePEc
pbe1157,Inés Berniell,Universidad Nacional de La Plata,https://inesberniell.weebly.com/,https://ideas.repec.org/f/pbe1157.html,eligible,0,,,3110.0,RePEc
pgr290,Julien Grenet,Paris School of Economics,http://www.parisschoolofeconomics.com/grenet-julien,https://ideas.repec.org/f/pgr290.html,eligible,0,,,3111.0,RePEc
ple1230,Emily Leslie,Brigham Young University,https://sites.google.com/view/emilycleslie/home,https://ideas.repec.org/f/ple1230.html,eligible,0,,,3112.0,RePEc
pjo75,Ronald John Johnston,,http://www.ggy.bris.ac.uk/staff/staff_johnston.html,https://ideas.repec.org/e/pjo75.html,deceased,0,,3113.0,,RePEc
pth73,Marcel P. Thum,Technische Universität Dresden,https://tu-dresden.de/gsw/wirtschaft/fiwi/die-professur/beschaeftigte?set_language=en,https://ideas.repec.org/e/pth73.html,eligible,0,,3114.0,3463.0,RePEc
pga171,Roberto Galbiati,Sciences Po,https://sites.google.com/view/galbiatir1/,https://ideas.repec.org/e/pga171.html,eligible,0,,,3115.0,RePEc
pea6,John Earle,George Mason University,http://earle.gmu.edu,https://ideas.repec.org/e/pea6.html,eligible,0,,3116.0,,RePEc
pla49,Francois Langot,Paris School of Economics,https://sites.google.com/site/francoislangothome,https://ideas.repec.org/e/pla49.html,eligible,0,,3118.0,,RePEc
pph100,Gregory Phelan,Williams College,https://sites.google.com/site/gregoryphelan/,https://ideas.repec.org/e/pph100.html,eligible,0,,,3118.0,RePEc
pde597,Luiz de Mello,Organisation de Coopération et de Développement Économiques (OCDE),,https://ideas.repec.org/f/pde597.html,eligible,0,,3119.0,,RePEc
pbo461,Vincenzo Bove,IMT Lucca Institute for Advanced Studies,https://sites.google.com/view/vincenzobove/,https://ideas.repec.org/f/pbo461.html,eligible,0,,,3119.0,RePEc
ppe241,Krishna Pendakur,Simon Fraser University,http://www.sfu.ca/~pendakur,https://ideas.repec.org/f/ppe241.html,eligible,0,,3120.0,3136.0,RePEc
pbr522,Wyatt James Brooks,Arizona State University,http://wyattjbrooks.com,https://ideas.repec.org/f/pbr522.html,eligible,0,,,3120.0,RePEc
pha91,Jan Hanousek,Mendelova Univerzita v Brnĕ,,https://ideas.repec.org/e/pha91.html,eligible,0,,3121.0,,RePEc
pkn16,"Edward S. Knotek, II",Federal Reserve Bank of Cleveland,,https://ideas.repec.org/e/pkn16.html,eligible,0,,,3121.0,RePEc
pbo323,Peter Borm,Universiteit van Tilburg,https://www.research.tilburguniversity.edu/en/persons/peter-borm,https://ideas.repec.org/f/pbo323.html,eligible,0,,3122.0,,RePEc
pdz28,Janet Dzator,University of Newcastle,,https://ideas.repec.org/e/pdz28.html,eligible,0,,,3122.0,RePEc
pro189,Philip Kenneth Robins,University of Miami,http://moya.bus.miami.edu/~probins/,https://ideas.repec.org/e/pro189.html,eligible,0,,3123.0,,RePEc
pga466,Lucie Gadenne,Queen Mary University of London,https://sites.google.com/site/lgadenne/home,https://ideas.repec.org/f/pga466.html,eligible,0,,,3123.0,RePEc
pch395,Terence Tai Leung Chong,Chinese University of Hong Kong,http://www.cuhk.edu.hk/eco/staff/tlchong/tlchong3.htm,https://ideas.repec.org/f/pch395.html,eligible,0,,3124.0,,RePEc
ppa164,Ignacio Palacios-Huerta,London School of Economics (LSE),http://www.palacios-huerta.com,https://ideas.repec.org/e/ppa164.html,eligible,0,,3125.0,,RePEc
ptr399,Egon Tripodi,Hertie School,http://www.egontripodi.com,https://ideas.repec.org/f/ptr399.html,eligible,0,,,3125.0,RePEc
pfr219,Alexia Fürnkranz-Prskawetz,Technische Universität Wien,http://www.econ.tuwien.ac.at/fuernkranz/,https://ideas.repec.org/f/pfr219.html,eligible,0,,3126.0,,RePEc
pkr39,Roman Kräussl,City St George's,,https://ideas.repec.org/e/pkr39.html,eligible,0,,,3126.0,RePEc
ppr58,Leandro Prados de la Escosura,Universidad Carlos III de Madrid,https://www.pradosdelaescosura.com/,https://ideas.repec.org/e/ppr58.html,eligible,0,,3167.0,3127.0,RePEc
pri529,Samuel Ribeiro-Navarrete,,,https://ideas.repec.org/f/pri529.html,eligible,0,,,3128.0,RePEc
pca264,Uwe Cantner,Friedrich-Schiller-Universität Jena,http://www.microtheory.uni-jena.de/team/members/cantner/,https://ideas.repec.org/f/pca264.html,eligible,0,,3129.0,,RePEc
pgr111,Wayne B. Gray,Clark University,https://www2.clarku.edu/faculty/facultybio.cfm?id=12,https://ideas.repec.org/e/pgr111.html,eligible,0,,3130.0,,RePEc
pha135,Nobuyuki Hanaki,Osaka University,,https://ideas.repec.org/e/pha135.html,eligible,0,,,3130.0,RePEc
psh131,Kwanho Shin,Korea University,https://sites.google.com/view/kwanhoshin/home,https://ideas.repec.org/e/psh131.html,eligible,0,,3131.0,3362.0,RePEc
pan719,Lennart Ante,Blockchain Research Lab,,https://ideas.repec.org/f/pan719.html,eligible,0,,,3131.0,RePEc
pos32,Michael Ostrovsky,Stanford University,https://web.stanford.edu/~ost/,https://ideas.repec.org/e/pos32.html,eligible,0,,3132.0,,RePEc
pme547,Jean-Francois Mercure,University of Exeter AND Global Systems Institute (University of Exeter AND Global Systems Institute),https://geography.exeter.ac.uk/staff/index.php?web_id=Jean-Francois_Mercure,https://ideas.repec.org/f/pme547.html,eligible,0,,,3132.0,RePEc
pbo128,Ekkehart Boehmer,Groupe EDHEC (École de Hautes Études Commerciales du Nord),http://www.ekki.org,https://ideas.repec.org/e/pbo128.html,eligible,0,,3133.0,,RePEc
pni299,Roberto Nisticò,Centro Studi di Economia e Finanza (CSEF),https://sites.google.com/site/rnistico/home,https://ideas.repec.org/f/pni299.html,eligible,0,,,3134.0,RePEc
ppu13,Stephen Pudney,University of Essex,,https://ideas.repec.org/e/ppu13.html,eligible,0,,3135.0,,RePEc
pon32,Ozlem Onaran,University of Greenwich,http://www.gre.ac.uk/people/rep/faculty-of-business/ozlem-onaran,https://ideas.repec.org/e/pon32.html,eligible,0,,,3135.0,RePEc
pho90,Randall G. Holcombe,Florida State University,http://www.RandallHolcombe.com,https://ideas.repec.org/e/pho90.html,eligible,0,,3136.0,,RePEc
pca219,Eve Caroli,Université Paris-Dauphine (Paris IX),https://sites.google.com/site/evecarlacaroli/home,https://ideas.repec.org/f/pca219.html,eligible,0,,3137.0,,RePEc
pgo947,Jose Gomez-Gonzalez,City University of New York (CUNY),https://sites.google.com/cornell.edu/jose-e-gomez-gonzalez/home,https://ideas.repec.org/f/pgo947.html,eligible,0,,,3137.0,RePEc
pme45,Christopher M. Meissner,University of California-Davis,http://www.econ.ucdavis.edu/people/cmm,https://ideas.repec.org/e/pme45.html,eligible,0,,3138.0,,RePEc
pre584,Giuliano Resce,Università degli Studi del Molise,https://www.giulianoresce.it/,https://ideas.repec.org/f/pre584.html,eligible,0,,,3138.0,RePEc
pko5,Ari Kokko,Copenhagen Business School,,https://ideas.repec.org/e/pko5.html,eligible,0,,3139.0,,RePEc
pko307,Georgios P. Kouretas,Athens University of Economics and Business (AUEB),http://www.aueb.gr/users/kouretas,https://ideas.repec.org/f/pko307.html,eligible,0,,,3139.0,RePEc
pha176,Kevin F. Hallock,University of Richmond,https://president.richmond.edu/,https://ideas.repec.org/e/pha176.html,eligible,0,,3140.0,,RePEc
pma2251,Michele Mancini,Banca d'Italia,http://www.tradeconomics.com/mancini/,https://ideas.repec.org/f/pma2251.html,eligible,0,,,3140.0,RePEc
pru6,Peter Rupert,University of California-Santa Barbara (UCSB),http://www.clev.frb.org/Research/economists/rupert/index.htm,https://ideas.repec.org/e/pru6.html,eligible,0,,3141.0,,RePEc
pfa596,Sahbi Farhani,Université de Sousse,https://isffs.rnu.tn/fra/profil/SAHBI_FARHANI,https://ideas.repec.org/f/pfa596.html,eligible,0,,,3141.0,RePEc
pma757,Willard G. Manning,,,https://ideas.repec.org/f/pma757.html,deceased,0,,3142.0,,RePEc
pni175,Kalin Ognianov Nikolov,European Central Bank,https://sites.google.com/view/kalin-nikolov/home,https://ideas.repec.org/e/pni175.html,eligible,0,,,3142.0,RePEc
pbu157,Kasey Buckles,University of Notre Dame,https://kaseybuckles.com,https://ideas.repec.org/e/pbu157.html,eligible,0,,,3143.0,RePEc
pja312,Eckhard Janeba,Universität Mannheim,http://janeba.vwl.uni-mannheim.de/,https://ideas.repec.org/f/pja312.html,eligible,0,,3145.0,,RePEc
pne26,Michael Neugart,Technische Universität Darmstadt,https://www.vwl3.wi.tu-darmstadt.de/the_chair_vwl3/team_vwl3/michael_neugart_vwl3/index.en.jsp,https://ideas.repec.org/e/pne26.html,eligible,0,,,3145.0,RePEc
pbe122,Marcus Berliant,Washington University in St. Louis,https://economics.wustl.edu/people/marcus-berliant,https://ideas.repec.org/e/pbe122.html,eligible,0,,3146.0,,RePEc
pha836,Frank H. Hahn,,http://en.wikipedia.org/wiki/Frank_Hahn,https://ideas.repec.org/f/pha836.html,deceased,0,,3147.0,,RePEc
ppi52,Mariacristina Piva,Università Cattolica del Sacro Cuore,,https://ideas.repec.org/e/ppi52.html,eligible,0,,,3147.0,RePEc
pco15,Juan Carlos Conesa,Stony Brook University - SUNY,https://sites.google.com/site/jcconesa/,https://ideas.repec.org/e/pco15.html,eligible,0,,3148.0,,RePEc
pay75,Mücahit Aydın,Sakarya Üniversitesi,http://www.aydinm.sakarya.edu.tr/tr,https://ideas.repec.org/e/pay75.html,eligible,0,,,3148.0,RePEc
pno26,Hans-Theo Normann,Heinriche-Heine-Universität Düsseldorf,http://www.dice.uni-duesseldorf.de/,https://ideas.repec.org/e/pno26.html,eligible,0,,3149.0,,RePEc
paf29,Sylvanus Kwaku Afesorgbor,University of Guelph,,https://ideas.repec.org/e/paf29.html,eligible,0,,,3149.0,RePEc
pcl82,William R. Cline,Peter G. Peterson Institute for International Economics (IIE),https://econintl.com,https://ideas.repec.org/e/pcl82.html,eligible,0,,3150.0,,RePEc
pme693,James L. Medoff,,,https://ideas.repec.org/f/pme693.html,deceased,0,,3151.0,,RePEc
pbe182,Pascual Berrone,Universidad de Navarra,https://www.iese.edu/faculty-research/faculty/pascual-berrone/,https://ideas.repec.org/e/pbe182.html,eligible,0,,,3151.0,RePEc
pha860,G.c. Harcourt,,,https://ideas.repec.org/f/pha860.html,deceased,0,,3152.0,,RePEc
phe721,Misty Lee Heggeness,University of Kansas,https://www.mistyheggeness.com,https://ideas.repec.org/f/phe721.html,eligible,0,,,3152.0,RePEc
pva171,Gerrit Cornelis van Kooten,University of Victoria,http://www.vkooten.net,https://ideas.repec.org/e/pva171.html,eligible,0,,3153.0,,RePEc
pni69,Makoto Nirei,University of Tokyo,http://www.nirei.e.u-tokyo.ac.jp,https://ideas.repec.org/e/pni69.html,eligible,0,,,3153.0,RePEc
pra205,Ranjan Ray,Monash University,,https://ideas.repec.org/f/pra205.html,eligible,0,,3154.0,,RePEc
pco557,Courtney Coile,Wellesley College,http://www.wellesley.edu/economics/faculty/coilec,https://ideas.repec.org/f/pco557.html,eligible,0,,3470.0,3154.0,RePEc
pma1190,Charles F. Mason,University of Wyoming,https://www.uwyo.edu/economics/faculty-staff/charles-mason/index.html,https://ideas.repec.org/f/pma1190.html,eligible,0,,3156.0,,RePEc
pra518,Lev Ratnovski,European Central Bank,http://www.ratnovski.com,https://ideas.repec.org/f/pra518.html,eligible,0,,,3156.0,RePEc
pst352,Richard H. Steckel,,,https://ideas.repec.org/f/pst352.html,deceased,0,,3157.0,,RePEc
pbi432,Syed Mabruk Billah,Prince Mohammad Bin Fahd University,,https://ideas.repec.org/f/pbi432.html,eligible,0,,,3159.0,RePEc
pbo569,Zvi Bodie,,http://zvibodie.com,https://ideas.repec.org/f/pbo569.html,eligible,0,,3160.0,,RePEc
pje101,Doh-Shin Jeon,Toulouse School of Economics (TSE),http://www.tse-fr.eu/people/doh-shin-jeon,https://ideas.repec.org/e/pje101.html,eligible,0,,,3160.0,RePEc
ppe155,Joel Peress,INSEAD,https://sites.google.com/view/joelperess,https://ideas.repec.org/e/ppe155.html,eligible,0,,3161.0,,RePEc
pca869,Alessandra Casarico,"Universita’ Commerciale Luigi Bocconi, Dipartimento di scienze sociali e politiche",http://mypage.unibocconi.eu/alessandracasarico,https://ideas.repec.org/f/pca869.html,eligible,0,,,3161.0,RePEc
pfl22,Marc Flandreau,"University of Pennsylvania, department of history",,https://ideas.repec.org/e/pfl22.html,eligible,0,,3162.0,,RePEc
ppl8,Erik Plug,Universiteit van Amsterdam,http://plug.economists.nl/,https://ideas.repec.org/e/ppl8.html,eligible,0,,3163.0,3531.0,RePEc
pba949,Hatice Ozer Balli,Massey University,https://www.massey.ac.nz/massey/expertise/profile.cfm?stref=282040,https://ideas.repec.org/f/pba949.html,eligible,0,,,3163.0,RePEc
plh1,Yannick L'Horty,Université Paris-Est,https://scholar.google.com/citations?user=WbdaifUAAAAJhl=fr,https://ideas.repec.org/e/plh1.html,eligible,0,,3164.0,,RePEc
par146,Melanie Arntz,Institut für Arbeitsmarkt- und Berufsforschung (IAB),http://www.zew.de/de/mitarbeiter/mitarbeiter.php3?action=mita&kurz=mar,https://ideas.repec.org/e/par146.html,eligible,0,,,3164.0,RePEc
pbe431,David Besanko,Northwestern University,,https://ideas.repec.org/f/pbe431.html,eligible,0,,3165.0,,RePEc
pst48,Steven Stern,Stony Brook University - SUNY,https://sites.google.com/site/stevensterneconomics/home,https://ideas.repec.org/e/pst48.html,eligible,0,,3166.0,,RePEc
pth78,Carlos Thomas,Banco de España,http://sites.google.com/site/carlosthomaseconweb/Home,https://ideas.repec.org/e/pth78.html,eligible,0,,,3166.0,RePEc
pgo1022,Philippe Goulet Coulombe,Université du Québec à Montréal (UQAM),https://philippegouletcoulombe.com/,https://ideas.repec.org/f/pgo1022.html,eligible,0,,,3167.0,RePEc
ppa285,Daniel Parent,HEC Montréal (École des Hautes Études Commerciales),http://www.hec.ca/profs/parent.daniel.html,https://ideas.repec.org/f/ppa285.html,eligible,0,,3168.0,,RePEc
pve103,Carlos Velasco,Universidad Carlos III de Madrid,http://economics.uc3m.es/personal/carlos-velasco/,https://ideas.repec.org/e/pve103.html,eligible,0,,3169.0,,RePEc
pch373,Syngjoo Choi,Seoul National University,https://sites.google.com/site/syngjoochoi/,https://ideas.repec.org/f/pch373.html,eligible,0,,,3169.0,RePEc
paj31,Kazeem Bello Ajide,University of Lagos,,https://ideas.repec.org/e/paj31.html,eligible,0,,,3170.0,RePEc
phe387,Nathan P. Hendricks,Kansas State University,http://nphendricks.com/,https://ideas.repec.org/f/phe387.html,eligible,0,,,3171.0,RePEc
pco341,Richard Cornes,,,https://ideas.repec.org/f/pco341.html,deceased,0,,3172.0,,RePEc
plo533,Juan M. Londono,Federal Reserve Board (Board of Governors of the Federal Reserve System),,https://ideas.repec.org/f/plo533.html,eligible,0,,,3172.0,RePEc
phe184,Arne Heise,Universität Hamburg,https://www.wiso.uni-hamburg.de/fachbereich-sozoek/professuren/heise/team/heise-arne.html,https://ideas.repec.org/e/phe184.html,eligible,0,,,3173.0,RePEc
pfr267,Veronica Frisancho,Corporación Andina de Fomento (CAF) - Banco de Desarrollo de América Latina,https://veronicafrisancho.net/,https://ideas.repec.org/f/pfr267.html,eligible,0,,,3174.0,RePEc
pas190,Alper Aslan,"Erciyes Üniversitesi, Havacılık ve Uzay Bilimleri Fakültesi",,https://ideas.repec.org/e/pas190.html,eligible,0,,,3175.0,RePEc
pma2230,Glenn Magerman,Université Libre de Bruxelles,http://www.glennmagerman.com,https://ideas.repec.org/f/pma2230.html,eligible,0,,,3178.0,RePEc
pri33,David Ribar,University of Melbourne,http://melbourneinstitute.com/staff/dribar/default.html,https://ideas.repec.org/e/pri33.html,eligible,0,,3180.0,,RePEc
pad123,Arun N. Advani,University of Warwick,http://www.arunadvani.com,https://ideas.repec.org/e/pad123.html,eligible,0,,,3180.0,RePEc
pvi18,Robert John Vigfusson,Amazon.com,,https://ideas.repec.org/e/pvi18.html,eligible,0,,3181.0,,RePEc
pwo145,Benjamin Wong,Monash University,https://sites.google.com/site/benjaminwongshijie/,https://ideas.repec.org/e/pwo145.html,eligible,0,,,3182.0,RePEc
pve144,Fernando Vega-Redondo,Università Commerciale Luigi Bocconi,http://www.igier.unibocconi.it/vegaredondo,https://ideas.repec.org/e/pve144.html,eligible,0,,3183.0,,RePEc
pch897,Marc K. Chan,University of Melbourne,,https://ideas.repec.org/f/pch897.html,eligible,0,,,3183.0,RePEc
pco350,Guido Cozzi,Universität St. Gallen,,https://ideas.repec.org/f/pco350.html,eligible,0,,3184.0,3667.0,RePEc
pmi45,Thomas Miceli,University of Connecticut,,https://ideas.repec.org/e/pmi45.html,eligible,0,,3185.0,,RePEc
ptu217,Janne Tukiainen,Turun Yliopisto,https://vatt.fi/en/researcher/tukiainen-janne,https://ideas.repec.org/f/ptu217.html,eligible,0,,,3185.0,RePEc
pra65,Vijayendra Rao,"Roberta Buffett Institute for Global Affairs, Northwestern University",http://www.vijayendrarao.org,https://ideas.repec.org/e/pra65.html,eligible,0,,3186.0,,RePEc
pbo907,Mario Bossler,Georg-Simon-Ohm-Fachhochschule,,https://ideas.repec.org/f/pbo907.html,eligible,0,,,3186.0,RePEc
phe303,YingHua He,,http://sites.google.com/site/yinghuahe/,https://ideas.repec.org/f/phe303.html,deceased,0,,,3187.0,RePEc
pme212,Roy Mersland,Universitetet i Agder,https://cersem.uia.no/,https://ideas.repec.org/f/pme212.html,eligible,0,,,3189.0,RePEc
pwu181,Sven Hans Wunder,European Forest Institute,,https://ideas.repec.org/e/pwu181.html,eligible,0,,3518.0,3191.0,RePEc
pga8,Ira N. Gang,,http://econweb.rutgers.edu/gang/research,https://ideas.repec.org/e/pga8.html,deceased,0,,3192.0,,RePEc
pmu479,Erich Muehlegger,University of California-Davis,http://www.erichmuehlegger.com/,https://ideas.repec.org/f/pmu479.html,eligible,0,,,3193.0,RePEc
pma488,José Mata,Copenhagen Business School,https://www.cbs.dk/en/staff/jmsi,https://ideas.repec.org/f/pma488.html,eligible,0,,3194.0,,RePEc
pku116,Guido M. Kuersteiner,University of Maryland,http://econweb.umd.edu/~kuersteiner/,https://ideas.repec.org/e/pku116.html,eligible,0,,3195.0,,RePEc
pma2676,Guillermo Marshall,University of British Columbia,https://g-marshall.github.io,https://ideas.repec.org/f/pma2676.html,eligible,0,,,3195.0,RePEc
pro118,William Roberds,Federal Reserve Bank of Atlanta,https://www.frbatlanta.org/research/economists/roberds-william.aspx?panel=1,https://ideas.repec.org/e/pro118.html,eligible,0,,3196.0,,RePEc
ptr96,Oreste Tristani,European Central Bank,https://www.ecb.europa.eu/pub/research/authors/profiles/oreste-tristani.en.html,https://ideas.repec.org/e/ptr96.html,eligible,0,,,3196.0,RePEc
ple108,Miguel Leon-Ledesma,University of Exeter,https://sites.google.com/site/miguelleonledesmaspernonalsite/Home,https://ideas.repec.org/e/ple108.html,eligible,0,,3197.0,,RePEc
pda51,Morris Davis,Rutgers University-Newark,http://morris.marginalq.com,https://ideas.repec.org/e/pda51.html,eligible,0,,3198.0,,RePEc
pbe724,Hamza Bennani,Université de Nantes,https://sites.google.com/site/hamzabennani01/,https://ideas.repec.org/f/pbe724.html,eligible,0,,,3198.0,RePEc
pca72,Trudy Ann Cameron,University of Oregon,,https://ideas.repec.org/e/pca72.html,eligible,0,,3199.0,3550.0,RePEc
pme685,Rigissa Megalokonomou,Monash University,http://www.rmegalokonomou.net/,https://ideas.repec.org/f/pme685.html,eligible,0,,,3199.0,RePEc
pbo166,Marcel Bogers,Syddansk Universitet (University of Southern Denmark),http://www.marcelbogers.com,https://ideas.repec.org/e/pbo166.html,eligible,0,,,3200.0,RePEc
pkh185,Shahidur Rahman Khandker,International Food Policy Research Institute (IFPRI),,https://ideas.repec.org/e/pkh185.html,eligible,0,,3201.0,,RePEc
pse46,Paul Segerstrom,Stockholm School of Economics,https://sites.google.com/view/paulsegerstrom,https://ideas.repec.org/e/pse46.html,eligible,0,,3202.0,,RePEc
pca304,Lisa Cameron,University of Melbourne,,https://ideas.repec.org/f/pca304.html,eligible,0,,3203.0,,RePEc
pjo129,David W. Johnston,Monash University,https://sites.google.com/site/davewjohnston/,https://ideas.repec.org/e/pjo129.html,eligible,0,,,3203.0,RePEc
pth382,Neil Thakral,Brown University,https://sites.google.com/brown.edu/nthakral/,https://ideas.repec.org/f/pth382.html,eligible,0,,,3205.0,RePEc
psz11,Ariane Szafarz,Université Libre de Bruxelles,http://www.arianeszafarz.eu/,https://ideas.repec.org/e/psz11.html,eligible,0,,3206.0,,RePEc
pmc156,Adam McCloskey,University of Colorado,,https://ideas.repec.org/e/pmc156.html,eligible,0,,,3206.0,RePEc
pim3,Selahattin Imrohoroglu,University of Southern California,https://sites.google.com/view/seloimrohoroglu,https://ideas.repec.org/e/pim3.html,eligible,0,,3207.0,,RePEc
pme274,Elmar Mertens,European Central Bank,http://www.elmarmertens.com,https://ideas.repec.org/f/pme274.html,eligible,0,,,3207.0,RePEc
psu35,Alan Sutherland,Centre for Economic Policy Research (CEPR),http://www.st-and.ac.uk/~ajs10/home.html,https://ideas.repec.org/e/psu35.html,eligible,0,,3208.0,,RePEc
pma2402,Nadya Malenko,Boston College,https://www.nmalenko.com/,https://ideas.repec.org/f/pma2402.html,eligible,0,,,3208.0,RePEc
pad11,James Adams,Rensselaer Polytechnic Institute,,https://ideas.repec.org/e/pad11.html,eligible,0,,3209.0,,RePEc
pda34,James Davidson,University of Exeter,http://www.ex.ac.uk/~jehd201/,https://ideas.repec.org/e/pda34.html,eligible,0,,3210.0,,RePEc
plo245,Grace Lordan,London School of Economics (LSE),,https://ideas.repec.org/f/plo245.html,eligible,0,,,3210.0,RePEc
pwi163,Michael R. Wickens,University of York,,https://ideas.repec.org/e/pwi163.html,eligible,0,,3211.0,,RePEc
pca1184,Juan D. Carrillo,University of Southern California,https://www.jdcarrillo.org,https://ideas.repec.org/f/pca1184.html,eligible,0,,3212.0,3702.0,RePEc
ppe462,Glen Philip Peters,CICERO Senter for Klimaforskning,https://cicero.oslo.no/en/employees/glen-peters,https://ideas.repec.org/f/ppe462.html,eligible,0,,,3212.0,RePEc
pma1895,Astghik Mavisakalyan,Curtin University,,https://ideas.repec.org/f/pma1895.html,eligible,0,,,3213.0,RePEc
pdo145,Brian Edward Dollery,University of New England,https://www.une.edu.au/staff-profiles/business/bdollery,https://ideas.repec.org/e/pdo145.html,eligible,0,,3214.0,,RePEc
pli503,Tse-Chun Lin,University of Hong Kong,https://www.hkubs.hku.hk/people/tse-chun-lin/,https://ideas.repec.org/f/pli503.html,eligible,0,,,3214.0,RePEc
pro786,Nancy Lin Rose,Massachusetts Institute of Technology (MIT),http://economics.mit.edu/faculty/nrose,https://ideas.repec.org/f/pro786.html,eligible,0,,3215.0,,RePEc
pwa75,Niklas F Wagner,Universität Passau,http://www.wiwi.uni-passau.de/nw.html,https://ideas.repec.org/e/pwa75.html,eligible,0,,,3215.0,RePEc
pmo937,Sarah Mouabbi,Banque de France,https://sites.google.com/site/sarahmouabbi/,https://ideas.repec.org/f/pmo937.html,eligible,0,,,3216.0,RePEc
pri389,Robert A. Ritz,University of Cambridge,https://www.robertritz.org,https://ideas.repec.org/f/pri389.html,eligible,0,,,3217.0,RePEc
plu402,Lester Robert Lusher,University of Pittsburgh,http://lrlusher.weebly.com,https://ideas.repec.org/f/plu402.html,eligible,0,,,3218.0,RePEc
pkl51,Tor Jakob Klette,,,https://ideas.repec.org/e/pkl51.html,deceased,0,,3219.0,,RePEc
pel244,Andrew Ellis,London School of Economics (LSE),https://www.ellisandrew.com,https://ideas.repec.org/f/pel244.html,eligible,0,,,3219.0,RePEc
psm6,Michael Smart,University of Toronto,http://www.economics.utoronto.ca/msmart/,https://ideas.repec.org/e/psm6.html,eligible,0,,3220.0,,RePEc
pva814,Bernardus Ferdinandus Nazar Van Doornik,Banco Central do Brasil,,https://ideas.repec.org/f/pva814.html,eligible,0,,,3220.0,RePEc
pmc284,John F. McDonald,University of Illinois at Chicago,,https://ideas.repec.org/f/pmc284.html,eligible,0,,3221.0,,RePEc
plo281,Lee M. Lockwood,University of Virginia,http://leemlockwood.com,https://ideas.repec.org/f/plo281.html,eligible,0,,,3222.0,RePEc
pfe247,James Fenske,University of Warwick,http://www.jamesfenske.com,https://ideas.repec.org/f/pfe247.html,eligible,0,,,3223.0,RePEc
pba622,John Russel Baldwin,,,https://ideas.repec.org/f/pba622.html,eligible,0,,3225.0,,RePEc
pcu176,E Mark Curtis,Wake Forest University,,https://ideas.repec.org/e/pcu176.html,eligible,0,,,3226.0,RePEc
pla260,Markku Lanne,Helsingin Yliopisto,http://blogs.helsinki.fi/lanne/,https://ideas.repec.org/f/pla260.html,eligible,0,,3227.0,,RePEc
pno317,Kadeem Noray,Harvard University,https://kadeemnoray.com/,https://ideas.repec.org/f/pno317.html,eligible,0,,,3227.0,RePEc
pla36,Julia Lane,New York University (NYU),https://www.julialane.org/,https://ideas.repec.org/e/pla36.html,eligible,0,,3228.0,,RePEc
pgu849,Eleonora Guarnieri,University of Bristol,https://sites.google.com/view/eleonora-guarnieri,https://ideas.repec.org/f/pgu849.html,eligible,0,,,3228.0,RePEc
pla302,Peter Frederik Lanjouw,Vrije Universiteit Amsterdam,,https://ideas.repec.org/f/pla302.html,eligible,0,,3229.0,,RePEc
pso339,Ilya Sokolov,Gaidar Institute for Economic Policy,,https://ideas.repec.org/f/pso339.html,eligible,0,,,3229.0,RePEc
pco210,Christopher Cotton,Queen's University,http://www.christophercotton.ca,https://ideas.repec.org/f/pco210.html,eligible,0,,,3230.0,RePEc
pco812,Nuno Coimbra,Centre for Economic Policy Research (CEPR),https://sites.google.com/site/ntcoimbra/,https://ideas.repec.org/f/pco812.html,eligible,0,,,3231.0,RePEc
pho15,Arthur Hosios,,,https://ideas.repec.org/e/pho15.html,deceased,0,,3232.0,,RePEc
pbr747,Roy Brouwer,University of Waterloo,https://uwaterloo.ca/economics/people-profiles/roy-brouwer,https://ideas.repec.org/f/pbr747.html,eligible,0,,,3232.0,RePEc
pso140,Luc L. Soete,United Nations University-Maastricht Economic Research Institute of Innovation and Technology (UNU-MERIT),https://www.soete.nl/,https://ideas.repec.org/e/pso140.html,eligible,0,,3233.0,,RePEc
pon21,Luca Onorante,European Commission,https://sites.google.com/view/lucaonorante,https://ideas.repec.org/e/pon21.html,eligible,0,,,3233.0,RePEc
phi11,Keisuke Hirano,Pennsylvania State University,,https://ideas.repec.org/e/phi11.html,eligible,0,,3235.0,,RePEc
pmu142,Sharun Mukand,University of Warwick,,https://ideas.repec.org/e/pmu142.html,eligible,0,,,3235.0,RePEc
pco762,Fulvio Corsi,Università degli Studi di Pisa,https://people.unipi.it/fulvio_corsi/,https://ideas.repec.org/f/pco762.html,eligible,0,,3236.0,,RePEc
pnu2,Alessandro Nuvolari,Scuola Superiore Sant'Anna,,https://ideas.repec.org/e/pnu2.html,eligible,0,,,3236.0,RePEc
pku693,Mordecai Kurz,Stanford University,https://web.stanford.edu/~mordecai,https://ideas.repec.org/f/pku693.html,eligible,0,,3237.0,,RePEc
pbe1473,Jeremy Bertomeu,Washington University in St. Louis,http://jbertomeu.info,https://ideas.repec.org/f/pbe1473.html,eligible,0,,,3237.0,RePEc
pgl73,Rachel Glennerster,Massachusetts Institute of Technology (MIT),https://www.povertyactionlab.org/glennerster,https://ideas.repec.org/e/pgl73.html,eligible,0,,3238.0,,RePEc
pgo285,Markus P. Goldstein,World Bank Group,,https://ideas.repec.org/f/pgo285.html,eligible,0,,3650.0,3238.0,RePEc
phe54,Witold Jerzy Henisz,University of Pennsylvania,https://mgmt.wharton.upenn.edu/profile/henisz/,https://ideas.repec.org/e/phe54.html,eligible,0,,3239.0,,RePEc
pqu23,Philippe Quirion,Centre International de Recherche sur l'Environnement et le Développement (CIRED),http://www.centre-cired.fr/fr/philippe-quirion/,https://ideas.repec.org/e/pqu23.html,eligible,0,,,3239.0,RePEc
psh559,Lloyd S. Shapley,,http://www.econ.ucla.edu/shapley/,https://ideas.repec.org/f/psh559.html,won,2012,,3240.0,,RePEc
pro306,Sandra V. Rozo,World Bank Group,https://sites.google.com/view/sandrarozo/,https://ideas.repec.org/f/pro306.html,eligible,0,,,3240.0,RePEc
pku21,Timo Kuosmanen,Turun Yliopisto,https://www.utu.fi/en/people/timo-kuosmanen,https://ideas.repec.org/e/pku21.html,eligible,0,,3241.0,,RePEc
pba794,Isaac Baley,Barcelona School of Economics (BSE),http://www.isaacbaley.com,https://ideas.repec.org/f/pba794.html,eligible,0,,,3241.0,RePEc
pca231,Bertrand Candelon,Université Catholique de Louvain,http://sites.google.com/site/candelonbertrand1/,https://ideas.repec.org/f/pca231.html,eligible,0,,3242.0,,RePEc
pdv14,Ondřej Dvouletý,Vysoká Škola Ekonomická v Praze,https://kpo.vse.cz/english/about-us/department/staff/ondrej-dvoulety/,https://ideas.repec.org/e/pdv14.html,eligible,0,,,3243.0,RePEc
pjh23,Akshaya Jha,Carnegie Mellon University,http://www.akshayajha.com,https://ideas.repec.org/e/pjh23.html,eligible,0,,,3244.0,RePEc
pla621,Mauricio Larrain,Universidad de los Andes (Chile),https://sites.google.com/site/mauriciolarrainerrazuriz/,https://ideas.repec.org/f/pla621.html,eligible,0,,,3245.0,RePEc
pni18,Helena Skyt Nielsen,Aarhus Universitet,https://www.au.dk/en/show/person/hnielsen@econ.au.dk,https://ideas.repec.org/e/pni18.html,eligible,0,,3246.0,3464.0,RePEc
pco832,Alexander Coutts,York University,http://alexandercoutts.com,https://ideas.repec.org/f/pco832.html,eligible,0,,,3246.0,RePEc
pko6,Miklós Koren,Central European University,https://koren.mk/,https://ideas.repec.org/e/pko6.html,eligible,0,,3248.0,,RePEc
pfe62,Giovanni Ferri,Libera Università Maria Ss. Assunta (LUMSA),http://www.lumsa.it/giovanni-ferri,https://ideas.repec.org/e/pfe62.html,eligible,0,,3249.0,,RePEc
poo20,Maarten R.c. van Oordt,Vrije Universiteit Amsterdam,https://research.vu.nl/en/persons/maarten-van-oordt,https://ideas.repec.org/e/poo20.html,eligible,0,,,3249.0,RePEc
pjo225,Eric Jondeau,Université de Lausanne,http://www.hec.unil.ch/ejondeau/,https://ideas.repec.org/f/pjo225.html,eligible,0,,3250.0,,RePEc
pcu62,Juncal Cuñado,Universidad de Navarra,,https://ideas.repec.org/e/pcu62.html,eligible,0,,,3250.0,RePEc
pba10,Salvador Barrios,European Commission,http://sites.google.com/site/barriossalvador/home,https://ideas.repec.org/e/pba10.html,eligible,0,,3251.0,,RePEc
pri266,Ugo Rizzo,Università degli Studi di Ferrara,,https://ideas.repec.org/f/pri266.html,eligible,0,,,3251.0,RePEc
phl1,Werner Hölzl,Österreichisches Institut für Wirtschaftsforschung (WIFO),http://werner.hoelzl.wifo.ac.at/,https://ideas.repec.org/e/phl1.html,eligible,0,,,3253.0,RePEc
pch570,Robert G Chambers,University of Maryland,,https://ideas.repec.org/f/pch570.html,eligible,0,,3254.0,,RePEc
phu365,Mathias Huebener,Government of Germany,https://sites.google.com/view/huebener,https://ideas.repec.org/f/phu365.html,eligible,0,,,3254.0,RePEc
psc438,Harris Schlesinger,,,https://ideas.repec.org/f/psc438.html,deceased,0,,3255.0,,RePEc
pdr32,Carlo Drago,"Università degli Studi di Napoli - ""Federico II""",https://www.researchgate.net/profile/Carlo_Drago,https://ideas.repec.org/e/pdr32.html,eligible,0,,,3255.0,RePEc
pti149,Charles Peter Timmer,Harvard University,,https://ideas.repec.org/e/pti149.html,eligible,0,,3256.0,,RePEc
pyu237,Emircan Yurdagul,Universidad Carlos III de Madrid,https://sites.google.com/site/emircanyurdagul/,https://ideas.repec.org/f/pyu237.html,eligible,0,,,3256.0,RePEc
pde52,Angel de La Fuente,Fundación de Estudios de Economía Aplicada (FEDEA),,https://ideas.repec.org/e/pde52.html,eligible,0,,3257.0,,RePEc
pto525,Karamfil Todorov,Bank for International Settlements (BIS),http://ktodorov.com,https://ideas.repec.org/f/pto525.html,eligible,0,,,3258.0,RePEc
pve120,Andrea Velasquez,University of Colorado Denver,https://www.andreapvelasquez.com/,https://ideas.repec.org/e/pve120.html,eligible,0,,,3259.0,RePEc
pvo93,Joachim VON Braun,Rheinische Friedrich-Wilhelms-Universität Bonn,https://research4agrinnovation.org/partner/,https://ideas.repec.org/e/pvo93.html,eligible,0,,3260.0,,RePEc
pca1805,Jie Cao,Hong Kong Polytechnic University,https://sites.google.com/site/jiejaycao/,https://ideas.repec.org/f/pca1805.html,eligible,0,,,3260.0,RePEc
pno56,Marcus Noland,Peter G. Peterson Institute for International Economics (IIE),https://www.piie.com/experts/senior-research-staff/marcus-noland,https://ideas.repec.org/e/pno56.html,eligible,0,,3261.0,,RePEc
pbi61,Christophe Bisière,Toulouse School of Economics (TSE),http://www.tse-fr.eu/people/christophe-bisiere,https://ideas.repec.org/e/pbi61.html,eligible,0,,,3261.0,RePEc
pbu250,Paula Bustos,Barcelona School of Economics (BSE),https://sites.google.com/view/paula-bustos-economist/,https://ideas.repec.org/f/pbu250.html,eligible,0,,3262.0,,RePEc
pca1440,Paolo Cavallino,Bank for International Settlements (BIS),,https://ideas.repec.org/f/pca1440.html,eligible,0,,,3262.0,RePEc
pla61,Nicola Lacetera,Alma Mater Studiorum - Università di Bologna,https://sites.google.com/site/nicolacetera/,https://ideas.repec.org/e/pla61.html,eligible,0,,3532.0,3263.0,RePEc
pjo323,Benjamin A. Jones,University of New Mexico,http://bajones2.weebly.com,https://ideas.repec.org/f/pjo323.html,eligible,0,,,3264.0,RePEc
pve105,Paolo Verme,Alma Mater Studiorum - Università di Bologna,http://www.paoloverme.net,https://ideas.repec.org/e/pve105.html,eligible,0,,,3265.0,RePEc
pch1296,Daniel Li Chen,Toulouse School of Economics (TSE),http://www.nber.org/~dlchen/,https://ideas.repec.org/f/pch1296.html,eligible,0,,3266.0,,RePEc
pka317,Hiroyuki Kasahara,University of British Columbia,https://hkasahar.arts.ubc.ca,https://ideas.repec.org/f/pka317.html,eligible,0,,,3266.0,RePEc
pro259,Kevin Roberts,Oxford University,,https://ideas.repec.org/f/pro259.html,eligible,0,,3267.0,,RePEc
pno233,Jaromir Nosal,Boston College,http://www.jaromirnosal.net,https://ideas.repec.org/f/pno233.html,eligible,0,,,3267.0,RePEc
pco167,David Theodore Coe,International Monetary Fund (IMF),,https://ideas.repec.org/e/pco167.html,eligible,0,,3268.0,,RePEc
ppo113,Steven Poelhekke,Vrije Universiteit Amsterdam,https://sites.google.com/site/stevenpoelhekke/,https://ideas.repec.org/e/ppo113.html,eligible,0,,,3268.0,RePEc
pfe99,Andrea Ferrero,Oxford University,https://sites.google.com/site/andreapferrero/,https://ideas.repec.org/e/pfe99.html,eligible,0,,3269.0,,RePEc
peb16,Markus Eberhardt,University of Nottingham,http://sites.google.com/site/medevecon,https://ideas.repec.org/e/peb16.html,eligible,0,,3270.0,,RePEc
per105,Keith M Marzilli Ericson,Boston University,http://www.practicingeconomist.com,https://ideas.repec.org/e/per105.html,eligible,0,,,3270.0,RePEc
pca1025,Eliana Carranza,World Bank Group,https://www.worldbank.org/en/about/people/e/eliana-carranza,https://ideas.repec.org/f/pca1025.html,eligible,0,,,3271.0,RePEc
peh7,Lars Ehlers,Université de Montréal,https://sceco.umontreal.ca/english/department-directory/professors/professor/in/in14340/sg/LarsEhle,https://ideas.repec.org/e/peh7.html,eligible,0,,3272.0,,RePEc
pha212,Andreas Haufler,Ludwig-Maximilians-Universität München,https://sites.google.com/view/andreas-haufler,https://ideas.repec.org/f/pha212.html,eligible,0,,3273.0,,RePEc
pku687,Pablo Kurlat,University of Southern California,https://sites.google.com/view/pkurlat/home,https://ideas.repec.org/f/pku687.html,eligible,0,,,3273.0,RePEc
pbu127,Oliver Budzinski,Technische Universität Ilmenau,,https://ideas.repec.org/e/pbu127.html,eligible,0,,,3274.0,RePEc
pya100,Dennis Tao Yang,University of Virginia,http://www.darden.virginia.edu/web/Faculty-Research/Directory/Full-time/Dennis-T-Yang/,https://ideas.repec.org/e/pya100.html,eligible,0,,3276.0,,RePEc
pco241,Adam Matthew Copeland,Federal Reserve Bank of New York,http://copeland.marginalq.com,https://ideas.repec.org/f/pco241.html,eligible,0,,,3276.0,RePEc
pkr97,Jan Kregel,Tallinna Tehnikaülikool,https://jankregel.org,https://ideas.repec.org/e/pkr97.html,eligible,0,,3277.0,,RePEc
ppr82,Eugenio Proto,University of Glasgow,https://sites.google.com/view/eugenioproto-research/home,https://ideas.repec.org/e/ppr82.html,eligible,0,,,3277.0,RePEc
phu714,Wenqian Huang,Bank for International Settlements (BIS),https://www.bis.org/author/wenqian_huang.htm,https://ideas.repec.org/f/phu714.html,eligible,0,,,3278.0,RePEc
pgu99,Marc Gurgand,Paris School of Economics,https://www.parisschoolofeconomics.eu/fr/gurgand-marc/,https://ideas.repec.org/e/pgu99.html,eligible,0,,3279.0,,RePEc
pfe176,Leopoldo Fergusson,Universidad de los Andes (Colombia),http://economia.uniandes.edu.co/fergusson,https://ideas.repec.org/e/pfe176.html,eligible,0,,,3279.0,RePEc
pyu29,Lean Yu,University of Chinese Academy of Sciences,,https://ideas.repec.org/e/pyu29.html,eligible,0,,,3280.0,RePEc
pgl16,Albrecht Glitz,Barcelona School of Economics (BSE),http://www.econ.upf.edu/~glitz/,https://ideas.repec.org/e/pgl16.html,eligible,0,,3281.0,,RePEc
pfe389,Axelle Ferriere,Sciences Po,https://axelleferriere.github.io/,https://ideas.repec.org/f/pfe389.html,eligible,0,,,3281.0,RePEc
pho36,Joel L. Horowitz,Northwestern University,http://www.faculty.econ.northwestern.edu/faculty/horowitz/,https://ideas.repec.org/e/pho36.html,eligible,0,,3282.0,,RePEc
paq7,Matteo Aquilina,Bank for International Settlements (BIS),https://www.bis.org/author/matteo_aquilina.htm,https://ideas.repec.org/e/paq7.html,eligible,0,,,3282.0,RePEc
pur18,Heinrich W. Ursprung,,,https://ideas.repec.org/e/pur18.html,deceased,0,,3283.0,,RePEc
pyu224,Biying Yu,Beijing Institute of Technology,,https://ideas.repec.org/f/pyu224.html,eligible,0,,,3283.0,RePEc
pce51,Matteo Cervellati,Alma Mater Studiorum - Università di Bologna,https://sites.google.com/view/cervellati/home,https://ideas.repec.org/e/pce51.html,eligible,0,,3284.0,3412.0,RePEc
pta270,Hiroyuki Takeshima,International Food Policy Research Institute (IFPRI),,https://ideas.repec.org/f/pta270.html,eligible,0,,,3284.0,RePEc
pji20,Sergi Jimenez-Martin,Barcelona School of Economics (BSE),http://www.econ.upf.edu/~jimenez,https://ideas.repec.org/e/pji20.html,eligible,0,,3285.0,,RePEc
pha601,Alfred A. Haug,University of Otago,http://www.otago.ac.nz/economics/staff/haug.html,https://ideas.repec.org/f/pha601.html,eligible,0,,3286.0,,RePEc
pba1254,Kai Barron,Wissenschaftszentrum Berlin für Sozialforschung (WZB),https://sites.google.com/site/kaibarron/,https://ideas.repec.org/f/pba1254.html,eligible,0,,,3286.0,RePEc
pba1134,Raymond C. Battalio,,https://econ.tamu.edu/formeralum/in-remembrance-1938-2004/,https://ideas.repec.org/f/pba1134.html,deceased,0,,3287.0,,RePEc
pba984,Charlotte Bartels,DIW Berlin (Deutsches Institut für Wirtschaftsforschung),https://sites.google.com/site/charlottedsbartels/,https://ideas.repec.org/f/pba984.html,eligible,0,,,3287.0,RePEc
pen12,Dirk Engelmann,Humboldt-Universität Berlin,,https://ideas.repec.org/e/pen12.html,eligible,0,,3288.0,,RePEc
pro1259,Matthias Rottner,Deutsche Bundesbank,https://sites.google.com/view/matthias-rottner/,https://ideas.repec.org/f/pro1259.html,eligible,0,,,3288.0,RePEc
pba857,Rajabrata Banerjee,Adelaide University,https://researchers.adelaide.edu.au/profile/rajabrata.banerjee,https://ideas.repec.org/f/pba857.html,eligible,0,,,3289.0,RePEc
pri271,Dan Rickman,Oklahoma State University,https://business.okstate.edu/directory/21341.html,https://ideas.repec.org/f/pri271.html,eligible,0,,3290.0,,RePEc
pan307,Sorin Gabriel Anton,"Universitatea ""Al.I. Cuza""",,https://ideas.repec.org/f/pan307.html,eligible,0,,,3290.0,RePEc
pra28,Pau Rabanal,International Monetary Fund (IMF),http://www.paurabanal.net,https://ideas.repec.org/e/pra28.html,eligible,0,,3291.0,,RePEc
pgu797,Matthew Gudgeon,Tufts University,https://sites.google.com/site/matthewgudgeon/,https://ideas.repec.org/f/pgu797.html,eligible,0,,,3291.0,RePEc
pgo15,João F Gomes,University of Pennsylvania,http://fnce.wharton.upenn.edu/profile/930/,https://ideas.repec.org/e/pgo15.html,eligible,0,,3292.0,,RePEc
pme510,Martí Mestieri,Barcelona School of Economics (BSE),http://mestieri.github.io,https://ideas.repec.org/f/pme510.html,eligible,0,,,3292.0,RePEc
pkr127,Dennis Kristensen,University College London (UCL),https://sites.google.com/site/econkristensen/,https://ideas.repec.org/e/pkr127.html,eligible,0,,3293.0,,RePEc
pga1096,Giovanni Gallo,Università degli Studi di Modena e Reggio Emilia,https://sites.google.com/view/giovanni-gallo,https://ideas.repec.org/f/pga1096.html,eligible,0,,,3293.0,RePEc
pth25,Jerry Thursby,Georgia Institute of Technology,,https://ideas.repec.org/e/pth25.html,eligible,0,,3294.0,,RePEc
pgr333,Reuben Gronau,Hebrew University of Jerusalem,http://economics.huji.ac.il/facultye/gronau/cv.pdf,https://ideas.repec.org/f/pgr333.html,eligible,0,,3295.0,,RePEc
pia3,Stefano Maria Iacus,Harvard University,https://www.iq.harvard.edu/people/stefano-iacus,https://ideas.repec.org/e/pia3.html,eligible,0,,3296.0,,RePEc
pwi312,John O.s. Wilson,University of St. Andrews,https://www.st-andrews.ac.uk/management/aboutus/people/academic/johnwilson/,https://ideas.repec.org/f/pwi312.html,eligible,0,,,3296.0,RePEc
pzh357,Yifan Zhang,Chinese University of Hong Kong,https://www.yifanzhang.net,https://ideas.repec.org/f/pzh357.html,eligible,0,,3297.0,3382.0,RePEc
pci40,Martin Cihak,International Monetary Fund (IMF),,https://ideas.repec.org/e/pci40.html,eligible,0,,3298.0,,RePEc
pho624,Sin-Yu Ho,University of South Africa (UNISA),,https://ideas.repec.org/f/pho624.html,eligible,0,,,3298.0,RePEc
pkh5,Aubhik Khan,Ohio State University,https://www.aubhik-khan.net,https://ideas.repec.org/e/pkh5.html,eligible,0,,3299.0,,RePEc
ple637,Yong Suk Lee,University of Notre Dame,https://www.folab.org/yongslee,https://ideas.repec.org/f/ple637.html,eligible,0,,,3299.0,RePEc
pbo27,Vani Borooah,,,https://ideas.repec.org/e/pbo27.html,eligible,0,,3300.0,,RePEc
pga17,Andrea Galeotti,London Business School (LBS),https://andreagaleottiblog.wordpress.com/,https://ideas.repec.org/e/pga17.html,eligible,0,,3301.0,,RePEc
pch1351,Arun Gautham Chandrasekhar,Stanford University,https://web.stanford.edu/~arungc/,https://ideas.repec.org/f/pch1351.html,eligible,0,,,3301.0,RePEc
pfu230,Thomas Fujiwara,Princeton University,http://www.princeton.edu/~fujiwara,https://ideas.repec.org/f/pfu230.html,eligible,0,,,3302.0,RePEc
pei62,Sarah Eichmeyer,Ludwig-Maximilians-Universität München,https://sites.google.com/view/saraheichmeyer,https://ideas.repec.org/e/pei62.html,eligible,0,,,3303.0,RePEc
pny18,Yaw Nyarko,New York University (NYU),http://www.nyarko.com/,https://ideas.repec.org/e/pny18.html,eligible,0,,3304.0,,RePEc
pfa161,Martin Thomas Falk,Universitetet i Sørøst Norge,https://www.usn.no/om-usn/kontakt-oss/ansatte/martin-falk-article228663-6688.html,https://ideas.repec.org/e/pfa161.html,eligible,0,,3705.0,3304.0,RePEc
pfr9,Murray Frank,University of Minnesota,,https://ideas.repec.org/e/pfr9.html,eligible,0,,3305.0,,RePEc
pje55,Dirk Jenter,London School of Economics (LSE),http://personal.lse.ac.uk/jenter/,https://ideas.repec.org/e/pje55.html,eligible,0,,,3305.0,RePEc
pti239,Jacopo Timini,Banco de España,https://sites.google.com/view/jacopotimini/home,https://ideas.repec.org/f/pti239.html,eligible,0,,,3307.0,RePEc
pwa179,Todd B. Walker,Indiana University,https://toddbwalker.com,https://ideas.repec.org/e/pwa179.html,eligible,0,,3308.0,,RePEc
pba1854,Oscar Barrera-Rodriguez,World Inequality Lab,https://sites.google.com/view/oscar-barrera,https://ideas.repec.org/f/pba1854.html,eligible,0,,,3308.0,RePEc
pra705,Amnon Rapoport,,,https://ideas.repec.org/f/pra705.html,deceased,0,,3309.0,,RePEc
phe642,Erin Hengel,Brunel University London,http://www.erinhengel.com,https://ideas.repec.org/f/phe642.html,eligible,0,,,3309.0,RePEc
pwr6,Mark Wright,Federal Reserve Bank of St. Louis,https://research.minneapolisfed.org/mark-wright/,https://ideas.repec.org/e/pwr6.html,eligible,0,,3310.0,,RePEc
phu515,Joachim Hubmer,University of Pennsylvania,https://joachimhubmer.github.io/,https://ideas.repec.org/f/phu515.html,eligible,0,,,3310.0,RePEc
pur10,Miguel Urquiola,Columbia University,http://columbia.edu/~msu2101,https://ideas.repec.org/e/pur10.html,eligible,0,,3312.0,,RePEc
ped11,Lorraine Eden,"Texas A&M University, Mays Business School",http://www.voxprof.com,https://ideas.repec.org/e/ped11.html,eligible,0,,,3312.0,RePEc
ppe212,Motty Perry,University of Warwick,http://www2.warwick.ac.uk/fac/soc/economics/staff/academic/perry,https://ideas.repec.org/f/ppe212.html,eligible,0,,3313.0,,RePEc
par625,Timothy Armstrong,University of Southern California,,https://ideas.repec.org/f/par625.html,eligible,0,,,3313.0,RePEc
ppe62,James Peck,Ohio State University,https://www.asc.ohio-state.edu/peck.33/,https://ideas.repec.org/e/ppe62.html,eligible,0,,3314.0,,RePEc
psa836,Dov Samet,Tel Aviv University,http://www.tau.ac.il/~samet,https://ideas.repec.org/f/psa836.html,eligible,0,,3315.0,,RePEc
pib11,Ana Maria Ibáñez,Inter-American Development Bank,,https://ideas.repec.org/e/pib11.html,eligible,0,,,3316.0,RePEc
psc117,Maik Schmeling,Goethe Universität Frankfurt am Main,https://sites.google.com/site/maikschmeling/Home,https://ideas.repec.org/e/psc117.html,eligible,0,,3317.0,3649.0,RePEc
psa1154,Raufhon Salahodjaev,Toshkent Davlat Iqtisodiyot Universiteti,http://www.salahodjaev.net,https://ideas.repec.org/f/psa1154.html,eligible,0,,,3317.0,RePEc
ppu18,Patrick A. Puhani,Leibniz Universität Hannover,https://www.aoek.uni-hannover.de/3721.html,https://ideas.repec.org/e/ppu18.html,eligible,0,,3318.0,,RePEc
phu570,Cong Minh Huynh,Eastern International University,https://orcid.org/0000-0001-8169-5665,https://ideas.repec.org/f/phu570.html,eligible,0,,,3318.0,RePEc
pni222,Therese Nilsson,Lunds Universitet,https://sites.google.com/site/nilssonltherese/home,https://ideas.repec.org/f/pni222.html,eligible,0,,,3319.0,RePEc
pba327,Catia Batista,Universidade Nova de Lisboa,http://www.catiabatista.org/,https://ideas.repec.org/f/pba327.html,eligible,0,,,3320.0,RePEc
pde279,Geoffroy de Clippel,Brown University,http://www.geoffroydeclippel.net/,https://ideas.repec.org/f/pde279.html,eligible,0,,3627.0,3322.0,RePEc
pda55,Andrew F. Daughety,Vanderbilt University,https://my.vanderbilt.edu/andrewdaughety/,https://ideas.repec.org/e/pda55.html,eligible,0,,3323.0,,RePEc
pil25,Cosmin Ilut,Duke University,https://sites.google.com/site/cosminilut/,https://ideas.repec.org/e/pil25.html,eligible,0,,,3323.0,RePEc
pyu227,Xiaoguang Yue,Universitatea Româno-Americană,http://www.ieti.net/pro/ffyue.html,https://ideas.repec.org/f/pyu227.html,eligible,0,,,3324.0,RePEc
pki600,Josh Kinsler,University of Georgia,https://sites.google.com/view/josh-kinsler/home,https://ideas.repec.org/f/pki600.html,eligible,0,,,3325.0,RePEc
pla17,Guy Lacroix,Université Laval,https://www.fss.ulaval.ca/notre-faculte/repertoire-du-personnel/guy-lacroix?lang=en,https://ideas.repec.org/e/pla17.html,eligible,0,,3326.0,,RePEc
pme505,Bo Meng,Government of Japan,,https://ideas.repec.org/f/pme505.html,eligible,0,,,3326.0,RePEc
pve266,Marno Verbeek,Erasmus Universiteit Rotterdam,http://www.erim.nl/people/marno-verbeek,https://ideas.repec.org/f/pve266.html,eligible,0,,3327.0,,RePEc
pwe518,Xi Weng,Peking University,http://wengxi125.weebly.com,https://ideas.repec.org/f/pwe518.html,eligible,0,,,3327.0,RePEc
pfl33,Christos Floros,Hellenic Mediterranean University,,https://ideas.repec.org/e/pfl33.html,eligible,0,,,3328.0,RePEc
psi354,Todd Sinai,University of Pennsylvania,http://real.wharton.upenn.edu/~sinai/,https://ideas.repec.org/f/psi354.html,eligible,0,,3329.0,,RePEc
pbr457,Michael Brei,Lille Économie et Management (LEM),,https://ideas.repec.org/f/pbr457.html,eligible,0,,,3329.0,RePEc
pes109,Ignacio Esponda,Washington University in St. Louis,http://apps.olin.wustl.edu/faculty/esponda/Ignacio_Esponda/Home.html,https://ideas.repec.org/e/pes109.html,eligible,0,,,3330.0,RePEc
pal228,Sami Alpanda,University of Central Florida,http://www.samialpanda.com,https://ideas.repec.org/f/pal228.html,eligible,0,,,3331.0,RePEc
pgr34,Simon Grant,Australian National University,https://cymyng.wordpress.com/,https://ideas.repec.org/e/pgr34.html,eligible,0,,3332.0,,RePEc
pbe1,David A. Bessler,Texas A&M University,,https://ideas.repec.org/e/pbe1.html,eligible,0,,3333.0,,RePEc
pth273,Caroline Theoharides,Amherst College,,https://ideas.repec.org/f/pth273.html,eligible,0,,,3333.0,RePEc
pse72,Ananth Seshadri,University of Wisconsin-Madison,http://www.ssc.wisc.edu/~aseshadr/,https://ideas.repec.org/e/pse72.html,eligible,0,,3334.0,,RePEc
phi51,Jean Hindriks,Université Catholique de Louvain,https://hindriksjean.com,https://ideas.repec.org/e/phi51.html,eligible,0,,3335.0,,RePEc
pgi275,Matthew Gibson,Williams College,https://sites.google.com/a/williams.edu/gibson/home,https://ideas.repec.org/f/pgi275.html,eligible,0,,,3336.0,RePEc
pwe37,Shlomo Weber,New Economic School (NES),,https://ideas.repec.org/e/pwe37.html,eligible,0,,3337.0,,RePEc
ppe841,Christophe Perignon,HEC Paris (École des Hautes Études Commerciales),http://www.hec.fr/perignon,https://ideas.repec.org/f/ppe841.html,eligible,0,,,3337.0,RePEc
pma1210,Frédéric Malherbe,University College London (UCL),https://sites.google.com/view/fredmalherbe/home,https://ideas.repec.org/f/pma1210.html,eligible,0,,,3339.0,RePEc
psc54,Herbert E. Scarf,,http://cowles.econ.yale.edu/~scarf/index.htm,https://ideas.repec.org/e/psc54.html,deceased,0,,3340.0,,RePEc
phe656,Ines Helm,Johannes-Kepler-Universität Linz,https://sites.google.com/site/ineshelm10/,https://ideas.repec.org/f/phe656.html,eligible,0,,,3340.0,RePEc
pma67,Hitoshi Matsushima,University of Tokyo,http://www.e.u-tokyo.ac.jp/finance-g/english/teacher/04.html,https://ideas.repec.org/e/pma67.html,eligible,0,,3341.0,,RePEc
pto92,Mirco Tonin,Libera Università di Bolzano / Freie Universität Bozen,http://sites.google.com/site/mircotonin/,https://ideas.repec.org/e/pto92.html,eligible,0,,,3341.0,RePEc
ppa668,Mathieu Parenti,Paris School of Economics,https://sites.google.com/site/mathieuparenti/,https://ideas.repec.org/f/ppa668.html,eligible,0,,,3342.0,RePEc
pir28,Scott H. Irwin,University of Illinois at Urbana-Champaign,http://www.farmdoc.uiuc.edu/irwin/,https://ideas.repec.org/e/pir28.html,eligible,0,,3343.0,,RePEc
paz52,Eduardo M. Azevedo,University of Pennsylvania,http://www.eduardoMazevedo.com,https://ideas.repec.org/e/paz52.html,eligible,0,,,3343.0,RePEc
pto156,Michael Wayne Toffel,Harvard University,,https://ideas.repec.org/e/pto156.html,eligible,0,,3344.0,,RePEc
pcl65,Peter K. Clark,University of California-Davis,,https://ideas.repec.org/e/pcl65.html,eligible,0,,3345.0,,RePEc
pku109,Michael Kuhn,International Institute for Applied Systems Analysis (IIASA),http://www.wittgensteincentre.org/en/staff/member/kuhn.htm,https://ideas.repec.org/e/pku109.html,eligible,0,,,3345.0,RePEc
phe271,Carsten Hefeker,Universität Siegen,http://www.uni-siegen.de/fb5/ewp,https://ideas.repec.org/f/phe271.html,eligible,0,,3346.0,,RePEc
pbe432,Jonathan Benchimol,Bank of Israel,https://www.jonathanbenchimol.com/,https://ideas.repec.org/f/pbe432.html,eligible,0,,,3346.0,RePEc
pso34,Simon Sosvilla-Rivero,Universidad Complutense de Madrid,"https://www.ucm.es/fundamentos-analisis-economico2/sosvilla-rivero,-simon",https://ideas.repec.org/e/pso34.html,eligible,0,,3347.0,,RePEc
pka1304,Gregor Kastner,"Universität Klagenfurt, Institut für Statistik",http://statmath.wu.ac.at/~kastner,https://ideas.repec.org/f/pka1304.html,eligible,0,,,3347.0,RePEc
pan412,S Anukriti,World Bank Group,https://sites.google.com/view/s-anukriti/,https://ideas.repec.org/f/pan412.html,eligible,0,,,3348.0,RePEc
pla447,John Laitner,University of Michigan,http://www-personal.umich.edu/~jlaitner/,https://ideas.repec.org/f/pla447.html,eligible,0,,3349.0,,RePEc
pca503,Martin Anthony Carree,Maastricht University,,https://ideas.repec.org/f/pca503.html,eligible,0,,3350.0,,RePEc
ppr43,Rajagopal,Instituto Tecnológico y de Estudios Superiores de Monterrey (ITESM),http://prof-rajagopal.com,https://ideas.repec.org/e/ppr43.html,eligible,0,,3351.0,,RePEc
pbi119,John R. Birge,University of Chicago,https://www.chicagobooth.edu/faculty/directory/b/john-r-birge,https://ideas.repec.org/e/pbi119.html,eligible,0,,,3351.0,RePEc
pwo149,Andrew Worthington,Griffith University,,https://ideas.repec.org/e/pwo149.html,eligible,0,,3352.0,,RePEc
psi507,Christian Siegel,University of Kent,http://www.siegel-christian.de,https://ideas.repec.org/f/psi507.html,eligible,0,,,3352.0,RePEc
pne112,Damien J. Neven,The Graduate Institute of International and Development Studies,,https://ideas.repec.org/e/pne112.html,eligible,0,,3353.0,,RePEc
pwa961,Melanie Wasserman,University of California-Los Angeles (UCLA),http://www.melaniewasserman.com,https://ideas.repec.org/f/pwa961.html,eligible,0,,,3353.0,RePEc
psa107,Manuel S. Santos,University of Miami,,https://ideas.repec.org/e/psa107.html,eligible,0,,3354.0,,RePEc
pgo681,Dana P. Goldman,University of Southern California,http://healthpolicy.usc.edu,https://ideas.repec.org/f/pgo681.html,eligible,0,,3355.0,,RePEc
pka744,Yiannis Karavias,Brunel University London,https://sites.google.com/site/yianniskaravias/,https://ideas.repec.org/f/pka744.html,eligible,0,,,3355.0,RePEc
pjo10,Per Johansson,Government of Sweden,http://www.ifau.se,https://ideas.repec.org/e/pjo10.html,eligible,0,,3356.0,,RePEc
pts32,Daniel Tsiddon,Tel Aviv University,,https://ideas.repec.org/e/pts32.html,eligible,0,,3357.0,,RePEc
ple533,Yassine Lefouili,Toulouse School of Economics (TSE),http://sites.google.com/site/yassinelefouili/,https://ideas.repec.org/f/ple533.html,eligible,0,,,3357.0,RePEc
pmu415,Steffen Mueller,Leibniz-Institut für Wirtschaftsforschung Halle (IWH),,https://ideas.repec.org/f/pmu415.html,eligible,0,,,3358.0,RePEc
pya474,Akio Yamazaki,National Graduate Institute for Policy Studies (GRIPS),https://www.grips.ac.jp/list/en/facultyinfo/yamazaki-akio/,https://ideas.repec.org/f/pya474.html,eligible,0,,,3359.0,RePEc
pwr17,Simon Wren-Lewis,Oxford University,http://www.econ.ox.ac.uk/members/simon.wren-lewis/,https://ideas.repec.org/e/pwr17.html,eligible,0,,3360.0,,RePEc
pob93,Michael Oberfichtner,Institut für Arbeitsmarkt- und Berufsforschung (IAB),,https://ideas.repec.org/e/pob93.html,eligible,0,,,3360.0,RePEc
per49,Aitor Erce,,,https://ideas.repec.org/e/per49.html,eligible,0,,,3361.0,RePEc
pse47,Kathleen Segerson,University of Connecticut,https://econ.uconn.edu/person/kathleen-segerson/,https://ideas.repec.org/e/pse47.html,eligible,0,,3363.0,,RePEc
pmo749,Gabriel Caldas Montes,Universidade Federal Fluminense,,https://ideas.repec.org/f/pmo749.html,eligible,0,,,3363.0,RePEc
pch859,Adrian,City University of Macao,https://fof.cityu.edu.mo/en/list-13/125,https://ideas.repec.org/f/pch859.html,eligible,0,,,3364.0,RePEc
pso90,Russell S. Sobel,The Citadel,,https://ideas.repec.org/e/pso90.html,eligible,0,,3365.0,,RePEc
pgu719,Arpit Gupta,New York University (NYU),http://arpitgupta.info,https://ideas.repec.org/f/pgu719.html,eligible,0,,,3365.0,RePEc
pla289,Andreas Lange,Universität Hamburg,http://www.wiso.uni-hamburg.de/ifw,https://ideas.repec.org/f/pla289.html,eligible,0,,3366.0,,RePEc
pzh736,Haonan Zhou,University of Hong Kong,https://haonanzhou.io/,https://ideas.repec.org/f/pzh736.html,eligible,0,,,3366.0,RePEc
pas3,Philippe Askenazy,École des Hautes Études en Sciences Sociales (EHESS),https://www.cmh.ens.fr/en/author/philippe-askenazy/,https://ideas.repec.org/e/pas3.html,eligible,0,,3367.0,,RePEc
pbr16,Stefano Breschi,Università Commerciale Luigi Bocconi,https://www.unibocconi.it/en/faculty/stefano-breschi,https://ideas.repec.org/e/pbr16.html,eligible,0,,3368.0,,RePEc
pbi328,Pietro Biroli,Alma Mater Studiorum - Università di Bologna,https://sites.google.com/site/pietrobiroli/,https://ideas.repec.org/f/pbi328.html,eligible,0,,,3368.0,RePEc
pba121,Nathan Balke,Southern Methodist University,http://faculty.smu.edu/nbalke/BalkeWebpageindex.htm,https://ideas.repec.org/e/pba121.html,eligible,0,,3369.0,,RePEc
pfa186,Lisa Farrell,RMIT University,,https://ideas.repec.org/e/pfa186.html,eligible,0,,,3369.0,RePEc
pha178,Donald Richard Haurin,Ohio State University,,https://ideas.repec.org/e/pha178.html,eligible,0,,3370.0,,RePEc
pzh1199,Hanxiong Zhang,Bangor University,https://www.bangor.ac.uk/staff/bbs/hanxiong-zhang-679969/en,https://ideas.repec.org/f/pzh1199.html,eligible,0,,,3370.0,RePEc
ptu191,Calum G. Turvey,Cornell University,,https://ideas.repec.org/e/ptu191.html,eligible,0,,3371.0,,RePEc
psq7,Mara P. Squicciarini,Università Commerciale Luigi Bocconi,https://marasquicciarini.wixsite.com/home,https://ideas.repec.org/e/psq7.html,eligible,0,,,3371.0,RePEc
pse69,John J. Seater,North Carolina State University,http://www4.ncsu.edu/~jjseater/,https://ideas.repec.org/e/pse69.html,eligible,0,,3372.0,,RePEc
pwo187,Martin Woerter,Eidgenössische Technische Hochschule Zürich (ETHZ),http://www.kof.ethz.ch,https://ideas.repec.org/e/pwo187.html,eligible,0,,,3372.0,RePEc
phy11,Dean Hyslop,Motu: Economic & Public Policy Research,,https://ideas.repec.org/e/phy11.html,eligible,0,,3373.0,,RePEc
pko876,Zsoka Koczan,European Bank for Reconstruction and Development (EBRD),https://sites.google.com/site/zskoczan/home,https://ideas.repec.org/f/pko876.html,eligible,0,,,3373.0,RePEc
pre77,James B. Rebitzer,Boston University,https://sites.google.com/site/jimrebitzer/,https://ideas.repec.org/e/pre77.html,eligible,0,,3374.0,,RePEc
phu777,Lei Huang,Beijing Institute of Technology,,https://ideas.repec.org/f/phu777.html,eligible,0,,,3374.0,RePEc
pdo40,John J. Donohue,,,https://ideas.repec.org/e/pdo40.html,eligible,0,,3375.0,,RePEc
pfi298,Martin Fiszbein,Boston University,,https://ideas.repec.org/f/pfi298.html,eligible,0,,,3375.0,RePEc
psj10,Tomas Sjostrom,Rutgers University-New Brunswick,,https://ideas.repec.org/e/psj10.html,eligible,0,,3376.0,,RePEc
pva1007,Roel van Veldhuizen,Lunds Universitet,,https://ideas.repec.org/f/pva1007.html,eligible,0,,,3376.0,RePEc
pgi59,David Gill,Purdue University,http://web.ics.purdue.edu/~gill53/,https://ideas.repec.org/e/pgi59.html,eligible,0,,,3377.0,RePEc
pca783,Colin Carter,University of California-Davis,https://are.ucdavis.edu/people/faculty/colin-carter/,https://ideas.repec.org/f/pca783.html,eligible,0,,3378.0,,RePEc
pch701,Bent Jesper Christensen,Aarhus Universitet,,https://ideas.repec.org/f/pch701.html,eligible,0,,3379.0,,RePEc
pgl26,Matthieu Glachant,Mines Paris,https://www.minesparis.psl.eu/cedp/faculty/matthieu-glachant/,https://ideas.repec.org/e/pgl26.html,eligible,0,,,3380.0,RePEc
pla616,Rachid Laajaj,Universidad de los Andes (Colombia),https://www.laajaj.com,https://ideas.repec.org/f/pla616.html,eligible,0,,,3381.0,RePEc
pel400,Rim Mansour El Khoury,Lebanese American University,,https://ideas.repec.org/f/pel400.html,eligible,0,,,3383.0,RePEc
pmi66,Alejandro Micco,Universidad de Chile,https://econ.uchile.cl/es/academico/amicco,https://ideas.repec.org/e/pmi66.html,eligible,0,,3384.0,,RePEc
pcs21,László Csató,Budapesti Corvinus Egyetem,,https://ideas.repec.org/e/pcs21.html,eligible,0,,,3384.0,RePEc
pro652,John Romalis,Macquarie University,http://sydney.edu.au/arts/economics/staff/profiles/john.romalis.php,https://ideas.repec.org/f/pro652.html,eligible,0,,3385.0,,RePEc
pre355,John Matthew Reilly,Massachusetts Institute of Technology (MIT),,https://ideas.repec.org/f/pre355.html,eligible,0,,3386.0,,RePEc
pkl86,Marc Klemp,Københavns Universitet,https://econ.ku.dk/klemp/,https://ideas.repec.org/e/pkl86.html,eligible,0,,,3386.0,RePEc
pel9,Jeffrey Ely,Northwestern University,http://www.faculty.econ.northwestern.edu/faculty/ely/,https://ideas.repec.org/e/pel9.html,eligible,0,,3387.0,,RePEc
pag120,Luis Aguiar,Universität Zürich,http://www.luis-aguiar.com,https://ideas.repec.org/e/pag120.html,eligible,0,,,3387.0,RePEc
pot11,Jesus Otero,Universidad del Rosario,http://www.urosario.edu.co/Profesores/Listado-de-profesores/O/Otero-Cardona-Jesus/,https://ideas.repec.org/e/pot11.html,eligible,0,,,3388.0,RePEc
plo82,W. Adam Looney,Brookings Institution,https://www.brookings.edu/experts/adam-looney/,https://ideas.repec.org/e/plo82.html,eligible,0,,3389.0,,RePEc
pbr492,Robert Brooks,Monash University,,https://ideas.repec.org/f/pbr492.html,eligible,0,,3390.0,,RePEc
pme539,Dirk Meissner,National Research University Higher School of Economics (HSE),http://www.hse.ru/en/org/persons/29168706,https://ideas.repec.org/f/pme539.html,eligible,0,,,3390.0,RePEc
pte14,Bas Ter Weel,Universiteit van Amsterdam,,https://ideas.repec.org/e/pte14.html,eligible,0,,3391.0,,RePEc
ppe261,Nicola Persico,New York University (NYU),http://www.nicolapersico.com,https://ideas.repec.org/f/ppe261.html,eligible,0,,3392.0,,RePEc
psc743,Immo Schott,Federal Reserve Board (Board of Governors of the Federal Reserve System),https://immoschott.github.io/,https://ideas.repec.org/f/psc743.html,eligible,0,,,3392.0,RePEc
pdu43,John Paul Dunne,University of Cape Town,http://carecon.org.uk/Users/paul,https://ideas.repec.org/e/pdu43.html,eligible,0,,3393.0,,RePEc
pmy5,Gareth Myles,Adelaide University,,https://ideas.repec.org/e/pmy5.html,eligible,0,,3394.0,,RePEc
pdi564,Haoyuan Ding,Shanghai University of Finance and Economics,https://cob.sufe.edu.cn/teacher/detail/62,https://ideas.repec.org/f/pdi564.html,eligible,0,,,3394.0,RePEc
pjo116,Olof Johansson-Stenman,Göteborgs Universitet,http://www.handels.gu.se/econ/johansson-stenman/,https://ideas.repec.org/e/pjo116.html,eligible,0,,3395.0,,RePEc
png142,Nguyen Minh Ha,Ho Chi Minh City Open University,,https://ideas.repec.org/e/png142.html,eligible,0,,,3395.0,RePEc
pca228,Mehmet Caner,North Carolina State University,,https://ideas.repec.org/f/pca228.html,eligible,0,,3396.0,,RePEc
pbo185,Peter J. Boettke,Mercatus Center,http://www.gmu.edu/departments/economics/pboettke,https://ideas.repec.org/e/pbo185.html,eligible,0,,3397.0,,RePEc
phj11,Ida Hjortsoe,Bank of England,https://sites.google.com/site/idahjortso/home,https://ideas.repec.org/e/phj11.html,eligible,0,,,3397.0,RePEc
ppe391,Ragan Petrie,Texas A&M University,http://www.raganpetrie.org,https://ideas.repec.org/f/ppe391.html,eligible,0,,3398.0,3533.0,RePEc
pwa297,Susan M. Wachter,University of Pennsylvania,,https://ideas.repec.org/f/pwa297.html,eligible,0,,3399.0,,RePEc
pva82,Guillaume Vandenbroucke,Federal Reserve Bank of St. Louis,https://sites.google.com/view/guillaumevdb/home/,https://ideas.repec.org/e/pva82.html,eligible,0,,,3399.0,RePEc
pka441,Masahiro Kawai,University of Niigata Prefecture,,https://ideas.repec.org/f/pka441.html,eligible,0,,3401.0,,RePEc
pbo319,Martin Bodenstein,Federal Reserve Board (Board of Governors of the Federal Reserve System),http://sites.google.com/site/martinbodenstein/,https://ideas.repec.org/f/pbo319.html,eligible,0,,,3401.0,RePEc
peu2,Stefano Eusepi,University of Texas-Austin,https://sites.google.com/view/stefano-eusepi/home,https://ideas.repec.org/e/peu2.html,eligible,0,,3402.0,,RePEc
pla1071,Nicolas Lambert,University of Southern California,https://ai.stanford.edu/~nlambert/,https://ideas.repec.org/f/pla1071.html,eligible,0,,,3402.0,RePEc
pve33,Frederic Vermeulen,KU Leuven,https://sites.google.com/site/fmpvermeulen/,https://ideas.repec.org/e/pve33.html,eligible,0,,3403.0,,RePEc
pga219,Patrick Gaulé,University of Bristol,http://sites.google.com/site/patrickgaule/,https://ideas.repec.org/f/pga219.html,eligible,0,,,3403.0,RePEc
pho419,Robin Miles Hogarth,Barcelona School of Economics (BSE),http://www.hogarthrobin.com,https://ideas.repec.org/f/pho419.html,eligible,0,,3404.0,,RePEc
pch1099,Yi Che,East China University of Science and Technology,http://yiche.weebly.com/,https://ideas.repec.org/f/pch1099.html,eligible,0,,,3404.0,RePEc
pti99,Peter Tillmann,Justus-Liebig-Universität Gießen,https://sites.google.com/view/peter-tillmann/,https://ideas.repec.org/e/pti99.html,eligible,0,,,3405.0,RePEc
pbe391,Jeff W Bennett,Australian National University,,https://ideas.repec.org/f/pbe391.html,eligible,0,,3406.0,3568.0,RePEc
par319,Channing Arndt,International Food Policy Research Institute (IFPRI),,https://ideas.repec.org/f/par319.html,eligible,0,,3407.0,,RePEc
psh962,Yogita Shamdasani,National University of Singapore (NUS),https://sites.google.com/site/yogitashamdasani/home,https://ideas.repec.org/f/psh962.html,eligible,0,,,3407.0,RePEc
pev42,Paul Evans,,,https://ideas.repec.org/e/pev42.html,deceased,0,,3408.0,,RePEc
pja742,Maulik Jagnani,Tufts University,https://sites.google.com/view/maulikjagnani/home,https://ideas.repec.org/f/pja742.html,eligible,0,,,3408.0,RePEc
pha24,Abdulnasser Hatemi-J,United Arab Emirates University,https://www.uaeu.ac.ae/en/cbe/profile.shtml?email=ahatemi@uaeu.ac.ae,https://ideas.repec.org/e/pha24.html,eligible,0,,3409.0,,RePEc
pop19,Marcus M. Opp,Stockholm School of Economics,http://marcusopp.com/,https://ideas.repec.org/e/pop19.html,eligible,0,,,3409.0,RePEc
ppi451,Rodrigo Pinto,University of Chicago,http://economics.ucla.edu/person/rodrigo-pinto/,https://ideas.repec.org/f/ppi451.html,eligible,0,,3410.0,,RePEc
ptr214,Sabyasachi Tripathi,Symbiosis School of Economics,,https://ideas.repec.org/f/ptr214.html,eligible,0,,,3410.0,RePEc
pba243,Timothy Bates,University of Vermont,,https://ideas.repec.org/f/pba243.html,eligible,0,,3411.0,,RePEc
psp164,David Splinter,Government of the United States,http://davidsplinter.com,https://ideas.repec.org/e/psp164.html,eligible,0,,,3411.0,RePEc
pde234,Cary A. Deck,University of Alabama-Tuscaloosa,https://carydeck.weebly.com/,https://ideas.repec.org/f/pde234.html,eligible,0,,3412.0,,RePEc
pga10,Bruce Gardner,,,https://ideas.repec.org/e/pga10.html,deceased,0,,3413.0,,RePEc
pop26,Christian Carsten Opp,University of Rochester,https://www.christianopp.info/,https://ideas.repec.org/e/pop26.html,eligible,0,,,3413.0,RePEc
pba338,Chong-En Bai,Tsinghua University,,https://ideas.repec.org/f/pba338.html,eligible,0,,3414.0,,RePEc
plh9,Olivier L'Haridon,Centre de Recherche en Économie et Management (CREM),http://sites.google.com/site/olharidon,https://ideas.repec.org/e/plh9.html,eligible,0,,,3414.0,RePEc
poz42,Serdar Ozkan,Federal Reserve Bank of St. Louis,http://www.serdarozkan.me,https://ideas.repec.org/e/poz42.html,eligible,0,,,3415.0,RePEc
pju62,David R. Just,Cornell University,https://dyson.cornell.edu/faculty-research/faculty/drj3/,https://ideas.repec.org/e/pju62.html,eligible,0,,3417.0,,RePEc
pot27,Conor M. O'Toole,Economic and Social Research Institute (ESRI),https://sites.google.com/site/conormarkotoole,https://ideas.repec.org/e/pot27.html,eligible,0,,,3417.0,RePEc
pri19,Yohanes Eko Riyanto,Nanyang Technological University,http://www.expernomics.com/yer,https://ideas.repec.org/e/pri19.html,eligible,0,,,3418.0,RePEc
pkl39,Kenneth Kletzer,University of California-Santa Cruz (UCSC),http://econ.ucsc.edu/~kkletzer/,https://ideas.repec.org/e/pkl39.html,eligible,0,,3419.0,,RePEc
pwe137,Utz Weitzel,Universiteit Utrecht,http://www.utzweitzel.com,https://ideas.repec.org/e/pwe137.html,eligible,0,,,3419.0,RePEc
pst535,Roland Straub,European Central Bank,https://sites.google.com/site/straubroland/,https://ideas.repec.org/f/pst535.html,eligible,0,,3420.0,,RePEc
pbc1,Petri Böckerman,Jyväskylän yliopisto,http://www.petribockerman.fi/,https://ideas.repec.org/e/pbc1.html,eligible,0,,3596.0,3420.0,RePEc
ppn1,Ivan P.l. Png,National University of Singapore (NUS),https://sites.google.com/site/iplpng/,https://ideas.repec.org/e/ppn1.html,eligible,0,,3421.0,,RePEc
pga309,Stuart A. Gabriel,University of California-Los Angeles (UCLA),,https://ideas.repec.org/f/pga309.html,eligible,0,,3422.0,,RePEc
phi153,Albert O. Hirschman,,http://en.wikipedia.org/wiki/Albert_O._Hirschman,https://ideas.repec.org/e/phi153.html,deceased,0,,3423.0,,RePEc
pye6,James Yetman,Bank for International Settlements (BIS),,https://ideas.repec.org/e/pye6.html,eligible,0,,,3423.0,RePEc
pzh153,Jing Zhang,Federal Reserve Bank of Chicago,https://sites.google.com/site/jzhangzn/,https://ideas.repec.org/e/pzh153.html,eligible,0,,3424.0,,RePEc
pst54,W Edward Steinmueller,University of Sussex,http://www.sussex.ac.uk/spru/people/lists/person/26086,https://ideas.repec.org/e/pst54.html,eligible,0,,,3425.0,RePEc
pku799,Elif Kubilay,University of Essex,https://www.elifkubilay.com,https://ideas.repec.org/f/pku799.html,eligible,0,,,3427.0,RePEc
pji52,Wei Jiang,Columbia University,http://www.columbia.edu/~wj2006,https://ideas.repec.org/e/pji52.html,eligible,0,,3428.0,,RePEc
pat14,Kartik Athreya,Federal Reserve Bank of New York,,https://ideas.repec.org/e/pat14.html,eligible,0,,,3428.0,RePEc
pla286,Laure Latruffe,Université de Bordeaux,https://www.bse.u-bordeaux.fr/membres/laure.latruffe/,https://ideas.repec.org/f/pla286.html,eligible,0,,,3430.0,RePEc
pra66,Marco Raberto,Università degli Studi di Genova,,https://ideas.repec.org/e/pra66.html,eligible,0,,,3431.0,RePEc
pbl132,Joaquin Blaum,Boston University,https://sites.google.com/view/joaquin-blaum/,https://ideas.repec.org/e/pbl132.html,eligible,0,,,3432.0,RePEc
psw7,Jeroen Swinkels,Washington University in St. Louis,http://www.olin.wustl.edu/faculty/swinkels/,https://ideas.repec.org/e/psw7.html,eligible,0,,3433.0,,RePEc
ppl82,Alex Plastun,Sumy State University,,https://ideas.repec.org/e/ppl82.html,eligible,0,,,3433.0,RePEc
per18,Andres Erosa,Universidad Carlos III de Madrid,,https://ideas.repec.org/e/per18.html,eligible,0,,3434.0,,RePEc
ppe17,David Perez-Castrillo,Barcelona School of Economics (BSE),https://www.davidperezcastrillo.com/,https://ideas.repec.org/e/ppe17.html,eligible,0,,3435.0,,RePEc
pkr355,Tihana Škrinjarić,Bank of England,,https://ideas.repec.org/f/pkr355.html,eligible,0,,,3435.0,RePEc
phu375,Sewon Hur,연세대학교 국제학대학원,https://www.sewonhur.com/,https://ideas.repec.org/f/phu375.html,eligible,0,,,3436.0,RePEc
pst602,Frances Stewart,Oxford University,http://www.qeh.ox.ac.uk/people/arDetails?qeh_id=STE1FF,https://ideas.repec.org/f/pst602.html,eligible,0,,3438.0,,RePEc
pbu528,Simon Bunel,Banque de France,https://sites.google.com/view/simon-bunel/home,https://ideas.repec.org/f/pbu528.html,eligible,0,,,3438.0,RePEc
pfr76,Markus Frölich,Luxembourg Institute of Socio-Economic Research (LISER),,https://ideas.repec.org/e/pfr76.html,eligible,0,,3439.0,,RePEc
phu346,Wei Huang,Peking University,https://huangweipku.com/,https://ideas.repec.org/f/phu346.html,eligible,0,,,3439.0,RePEc
pwe90,Erik Wengström,Lunds Universitet,https://sites.google.com/site/erikwengstrom/,https://ideas.repec.org/e/pwe90.html,eligible,0,,,3440.0,RePEc
ppo349,Cristian Pop-Eleches,Columbia University,http://www.columbia.edu/~cp2124/,https://ideas.repec.org/f/ppo349.html,eligible,0,,3441.0,,RePEc
pho367,Hanna Hottenrott,Leibniz-Zentrum für Europäische Wirtschaftsforschung (ZEW),,https://ideas.repec.org/f/pho367.html,eligible,0,,,3441.0,RePEc
pos7,Chiara Osbat,European Central Bank,,https://ideas.repec.org/e/pos7.html,eligible,0,,,3442.0,RePEc
ppo694,Aubrey Poon,University of Kent,https://sites.google.com/view/aubreybcpoon/home,https://ideas.repec.org/f/ppo694.html,eligible,0,,,3443.0,RePEc
psa266,Grazia D. Santangelo,Copenhagen Business School,,https://ideas.repec.org/f/psa266.html,eligible,0,,,3444.0,RePEc
pmc163,Eoin McGuirk,National Bureau of Economic Research (NBER),http://www.eoinmcguirk.com,https://ideas.repec.org/e/pmc163.html,eligible,0,,,3445.0,RePEc
pab39,Jason Abrevaya,University of Texas-Austin,https://liberalarts.utexas.edu/economics/faculty/ja8294,https://ideas.repec.org/e/pab39.html,eligible,0,,3447.0,,RePEc
pbe755,Thor Berger,Lunds Universitet,https://sites.google.com/site/thorberger/,https://ideas.repec.org/f/pbe755.html,eligible,0,,,3448.0,RePEc
pki115,Geeta Gandhi Kingdon,Institute of Education,http://www.ioe.ac.uk/staff/EIDT_7.html,https://ideas.repec.org/e/pki115.html,eligible,0,,3449.0,,RePEc
pri114,Matteo G. Richiardi,University of Essex,https://sites.google.com/site/matteorichiardi/,https://ideas.repec.org/e/pri114.html,eligible,0,,,3449.0,RePEc
pde836,Yongheng Deng,University of Wisconsin-Madison,https://wsb.wisc.edu/directory/faculty/yongheng-deng,https://ideas.repec.org/f/pde836.html,eligible,0,,3450.0,,RePEc
pal822,Searat Ali,Griffith University,,https://ideas.repec.org/f/pal822.html,eligible,0,,,3451.0,RePEc
pmi35,Fabio Milani,University of California-Irvine,http://www.socsci.uci.edu/~fmilani/,https://ideas.repec.org/e/pmi35.html,eligible,0,,3452.0,,RePEc
pcr51,Carin van der Cruijsen,de Nederlandsche Bank,https://www.dnb.nl/en/research/personal-pages/carin-van-der-cruijsen/,https://ideas.repec.org/e/pcr51.html,eligible,0,,,3452.0,RePEc
pne89,Nick Netzer,Universität Zürich,https://www.econ.uzh.ch/en/people/faculty/netzer.html,https://ideas.repec.org/e/pne89.html,eligible,0,,,3453.0,RePEc
pde784,Giacomo Davide De Luca,Libera Università di Bolzano / Freie Universität Bozen,,https://ideas.repec.org/f/pde784.html,eligible,0,,,3454.0,RePEc
pho239,Marie Hoerova,European Central Bank,http://www.mariehoerova.net/,https://ideas.repec.org/f/pho239.html,eligible,0,,3455.0,,RePEc
pvo208,Paolo Volpin,City St George's,,https://ideas.repec.org/f/pvo208.html,eligible,0,,3456.0,,RePEc
pgo89,Radhakrishnan Gopalan,,,https://ideas.repec.org/e/pgo89.html,deceased,0,,,3456.0,RePEc
pgu94,Jan Willem Gunning,Vrije Universiteit Amsterdam,,https://ideas.repec.org/e/pgu94.html,eligible,0,,3457.0,,RePEc
pge147,Pedro Gete,Universidad IE,https://www.ie.edu/faculty/pedro-gete/,https://ideas.repec.org/e/pge147.html,eligible,0,,,3457.0,RePEc
psc296,Maurice Schiff,Luxembourg Institute of Socio-Economic Research (LISER),http://legacy.iza.org/en/webcontent/personnel/photos/index_html?key=1575,https://ideas.repec.org/f/psc296.html,eligible,0,,3458.0,,RePEc
psa693,Matti Sarvimäki,Aalto-yliopisto,http://www.aalto-econ.fi/sarvimaki/,https://ideas.repec.org/f/psa693.html,eligible,0,,,3458.0,RePEc
pmu97,Jakob Roland Munch,Københavns Universitet,https://sites.google.com/view/jakob-roland-munch,https://ideas.repec.org/e/pmu97.html,eligible,0,,3459.0,,RePEc
pbi249,Nancy Birdsall,Center for Global Development (CGD),http://www.cgdev.org/expert/nancy-birdsall,https://ideas.repec.org/f/pbi249.html,eligible,0,,3460.0,,RePEc
pbi181,Faik Bilgili,Erciyes Üniversitesi,https://avesis.erciyes.edu.tr/fbilgili,https://ideas.repec.org/e/pbi181.html,eligible,0,,,3460.0,RePEc
ptu45,Alessandro Turrini,European Commission,,https://ideas.repec.org/e/ptu45.html,eligible,0,,3461.0,,RePEc
pgh125,Claudia Ghisetti,"Università degli Studi di Milano-Bicocca, Dipartimento di Sociologia e Ricerca Sociale (University of Milano-Bicocca, Department of Sociology and Social Research)",https://sites.google.com/site/claudiaghisetti/,https://ideas.repec.org/e/pgh125.html,eligible,0,,,3461.0,RePEc
pco242,Mark A. Cohen,Vanderbilt University,,https://ideas.repec.org/f/pco242.html,eligible,0,,3462.0,,RePEc
pna509,Ryota Nakatani,International Monetary Fund (IMF),http://rnakatani.jimdo.com,https://ideas.repec.org/f/pna509.html,eligible,0,,,3462.0,RePEc
pga304,Alfred Galichon,New York University (NYU),,https://ideas.repec.org/f/pga304.html,eligible,0,,3463.0,,RePEc
phe20,Gregory D. Hess,Shadow Open Market Committee,https://www.wabash.edu/aboutwabash/president,https://ideas.repec.org/e/phe20.html,eligible,0,,3464.0,,RePEc
pro950,John Matthew Rose,University of Technology Sydney,,https://ideas.repec.org/f/pro950.html,eligible,0,,3465.0,,RePEc
paz127,Muhammad Azam,Abdul Wali Khan University,https://scholar.google.com/citations?authuser=1user=8yel2d4AAAAJ,https://ideas.repec.org/e/paz127.html,eligible,0,,,3465.0,RePEc
psm225,Pawel Smietanka,Bank of England,https://sites.google.com/site/psmietanka/,https://ideas.repec.org/f/psm225.html,eligible,0,,,3466.0,RePEc
plo154,James R. Lothian,Fordham University,http://jamesrlothian.com/,https://ideas.repec.org/e/plo154.html,eligible,0,,3467.0,,RePEc
pdu385,Joao B. Duarte,Universidade Nova de Lisboa,http://www.jbduarte.com/,https://ideas.repec.org/f/pdu385.html,eligible,0,,,3467.0,RePEc
ppa312,Nicola Pavoni,Università Commerciale Luigi Bocconi,https://didattica.unibocconi.eu/mypage/index.php?IdUte=50856&cognome=PAVONI&nome=NICOLA&urlBackMy=,https://ideas.repec.org/f/ppa312.html,eligible,0,,,3468.0,RePEc
pso49,Gerhard Sorger,Universität Wien,http://mailbox.univie.ac.at/gerhard.sorger,https://ideas.repec.org/e/pso49.html,eligible,0,,3469.0,,RePEc
pro247,Mariacristina Rossi,Università degli Studi di Torino,https://sites.google.com/site/cristinarossisite/,https://ideas.repec.org/f/pro247.html,eligible,0,,,3469.0,RePEc
pst538,Tobias Heidland,Kiel Institut für Weltwirtschaft - Leibniz Zentrum zur Erforschung globaler ökonomischer Herausforderungen (IfW),,https://ideas.repec.org/f/pst538.html,eligible,0,,,3470.0,RePEc
pfv1,Patrick Fève,Toulouse School of Economics (TSE),http://idei.fr/member.php?i=36,https://ideas.repec.org/e/pfv1.html,eligible,0,,3471.0,,RePEc
pba1488,Salome Baslandze,Federal Reserve Bank of Atlanta,https://sites.google.com/site/sabaslandze/,https://ideas.repec.org/f/pba1488.html,eligible,0,,,3471.0,RePEc
pwi38,Roberton C. Williams III,University of Maryland,,https://ideas.repec.org/e/pwi38.html,eligible,0,,3472.0,,RePEc
pzh732,Qiankun Zhou,Louisiana State University,http://qiankunzhou.weebly.com/,https://ideas.repec.org/f/pzh732.html,eligible,0,,,3472.0,RePEc
pzh723,Songfa Zhong,National University of Singapore (NUS),,https://ideas.repec.org/f/pzh723.html,eligible,0,,,3473.0,RePEc
ply29,Thomas Peyton Lyon,University of Michigan,http://webuser.bus.umich.edu/tplyon/,https://ideas.repec.org/e/ply29.html,eligible,0,,3474.0,,RePEc
psa1696,Bhaven N. Sampat,Columbia University,http://www.columbia.edu/~bns3,https://ideas.repec.org/f/psa1696.html,eligible,0,,3475.0,3557.0,RePEc
pde33,Xavier Debrun,Banque de France,https://www.linkedin.com/in/xavier-debrun-7599117/,https://ideas.repec.org/e/pde33.html,eligible,0,,,3475.0,RePEc
pko77,James Konow,Christian-Albrechts-Universität Kiel,http://bellarmine.lmu.edu/~jkonow/,https://ideas.repec.org/e/pko77.html,eligible,0,,3476.0,,RePEc
pka1119,Tim Kaiser,Rheinland-Pfälzische Technische Universität Kaiserslautern-Landau (RPTU),https://sites.google.com/view/timkaiser/home,https://ideas.repec.org/f/pka1119.html,eligible,0,,,3476.0,RePEc
piy4,Murat F. Iyigun,University of Colorado,http://stripe.colorado.edu/~iyigun/,https://ideas.repec.org/e/piy4.html,eligible,0,,3477.0,,RePEc
pso433,Anna Sokolova,University of Nevada-Reno,http://www.asokolova.org,https://ideas.repec.org/f/pso433.html,eligible,0,,,3477.0,RePEc
psa114,Michael Sattinger,University at Albany,http://www.albany.edu/~ms339,https://ideas.repec.org/e/psa114.html,eligible,0,,3478.0,,RePEc
pma177,Dalia Marin,Ludwig-Maximilians-Universität München,http://www.vwl.uni-muenchen.de/ls_marin/,https://ideas.repec.org/e/pma177.html,eligible,0,,3479.0,,RePEc
pca1044,Gregory P. Casey,Williams College,http://www.gregorypcasey.com,https://ideas.repec.org/f/pca1044.html,eligible,0,,,3479.0,RePEc
pro335,Núria Rodríguez-Planas,City University of New York (CUNY),https://sites.google.com/site/nuriarodriguezplanas/,https://ideas.repec.org/f/pro335.html,eligible,0,,,3480.0,RePEc
pma676,Marco Mariotti,Queen Mary University of London,https://sites.google.com/site/marcomariottiwebsite/,https://ideas.repec.org/f/pma676.html,eligible,0,,3481.0,,RePEc
pte302,Alexander Teytelboym,Oxford University,http://t8el.com,https://ideas.repec.org/f/pte302.html,eligible,0,,,3481.0,RePEc
pst645,Nebojsa Stojcic,Sveučilište u Dubrovniku,,https://ideas.repec.org/f/pst645.html,eligible,0,,,3482.0,RePEc
pra269,Paul Anton Raschky,Monash University,https://praschky.github.io/,https://ideas.repec.org/f/pra269.html,eligible,0,,3483.0,3604.0,RePEc
pca1251,Danilo Cascaldi-Garcia,Federal Reserve Board (Board of Governors of the Federal Reserve System),https://www.danilocascaldigarcia.com/,https://ideas.repec.org/f/pca1251.html,eligible,0,,,3483.0,RePEc
pfa115,Riccardo Faini,,,https://ideas.repec.org/e/pfa115.html,deceased,0,,3484.0,,RePEc
pde323,Ashwini Deshpande,Ashoka University,https://www.ashoka.edu.in/profile/ashwini-deshpande/,https://ideas.repec.org/f/pde323.html,eligible,0,,,3484.0,RePEc
pgo77,Laszlo Goerke,Universität Trier,https://iaaeg.de/index.php?option=com_contentview=articleid=23lang=en,https://ideas.repec.org/e/pgo77.html,eligible,0,,,3485.0,RePEc
pda10,Jon Danielsson,London School of Economics (LSE),http://www.riskresearch.org,https://ideas.repec.org/e/pda10.html,eligible,0,,3486.0,,RePEc
pol82,Stephen D. Oliner,Federal Reserve Board (Board of Governors of the Federal Reserve System),,https://ideas.repec.org/e/pol82.html,eligible,0,,3487.0,,RePEc
pmu527,Samuele Murtinu,Universiteit Utrecht,https://www.uu.nl/staff/SMurtinu,https://ideas.repec.org/f/pmu527.html,eligible,0,,,3487.0,RePEc
phu288,Gary Clyde Hufbauer,Peter G. Peterson Institute for International Economics (IIE),,https://ideas.repec.org/f/phu288.html,eligible,0,,3489.0,,RePEc
pge81,Johannes Geyer,DIW Berlin (Deutsches Institut für Wirtschaftsforschung),http://www.diw.de/cv/de/jgeyer,https://ideas.repec.org/e/pge81.html,eligible,0,,,3489.0,RePEc
pde444,Lorraine Dearden,University College London (UCL),https://iris.ucl.ac.uk/iris/browse/profile?upi=LMDEA95,https://ideas.repec.org/f/pde444.html,eligible,0,,3490.0,,RePEc
pho762,Christopher Alexander Hoy,University of Melbourne,https://chrishoyeconomist.com/,https://ideas.repec.org/f/pho762.html,eligible,0,,,3490.0,RePEc
pdr157,Mirko Draca,University of Warwick,https://www2.warwick.ac.uk/fac/soc/economics/staff/mdraca/,https://ideas.repec.org/e/pdr157.html,eligible,0,,3491.0,,RePEc
pwa82,Wolf Wagner,Erasmus Universiteit Rotterdam,http://wolfwagner.de/index.html,https://ideas.repec.org/e/pwa82.html,eligible,0,,3492.0,,RePEc
pco221,Valeria Costantini,Sustainability Environmental Economics and Dynamics Studies (SEEDS),https://sites.google.com/view/valeriacostantini/home,https://ideas.repec.org/f/pco221.html,eligible,0,,,3492.0,RePEc
pma370,Giovanni Mastrobuoni,Università degli Studi di Torino,https://sites.google.com/site/giovannimastrobuoni/,https://ideas.repec.org/f/pma370.html,eligible,0,,3493.0,,RePEc
pli342,Charles Robin Lindsey,University of Alberta,https://www.sauder.ubc.ca/people/robin-lindsey,https://ideas.repec.org/f/pli342.html,eligible,0,,3494.0,,RePEc
pfi47,Antonio Filippin,Università degli Studi di Milano,https://www.unimi.it/en/ugov/person/antonio-filippin,https://ideas.repec.org/e/pfi47.html,eligible,0,,,3494.0,RePEc
pch1415,Zhiwu Chen,Cheung Kong Graduate School of Business,,https://ideas.repec.org/f/pch1415.html,eligible,0,,3495.0,,RePEc
pti14,Peter Tinsley,,,https://ideas.repec.org/e/pti14.html,deceased,0,,3496.0,,RePEc
pke200,Tom Kemeny,University of Toronto,https://tkemeny.github.io/,https://ideas.repec.org/e/pke200.html,eligible,0,,,3496.0,RePEc
pco712,Guido Matias Cortes,York University,http://sites.google.com/site/gmatiascortes/,https://ideas.repec.org/f/pco712.html,eligible,0,,,3497.0,RePEc
paa6,Rolf Aaberge,Universitetet i Oslo,,https://ideas.repec.org/e/paa6.html,eligible,0,,3498.0,,RePEc
pwu24,Yangru Wu,Rutgers University-Newark,https://www.business.rutgers.edu/faculty/yangru-wu,https://ideas.repec.org/e/pwu24.html,eligible,0,,3499.0,,RePEc
ptu183,Arthur Edward Turrell,Bank of England,http://aeturrell.github.io/home/,https://ideas.repec.org/e/ptu183.html,eligible,0,,,3499.0,RePEc
psi89,Henry E. Siu,University of British Columbia,https://www.henrysiu.com/,https://ideas.repec.org/e/psi89.html,eligible,0,,3500.0,,RePEc
ped10,Florian Ederer,Boston University,https://florianederer.github.io/,https://ideas.repec.org/e/ped10.html,eligible,0,,,3500.0,RePEc
pne62,Lionel Nesta,Université Côte d'Azur,,https://ideas.repec.org/e/pne62.html,eligible,0,,3501.0,,RePEc
pcu248,Nicola Cucari,"""Sapienza"" Università di Roma",,https://ideas.repec.org/f/pcu248.html,eligible,0,,,3501.0,RePEc
pul38,Robert Ulbricht,Boston College,https://sites.google.com/site/ulbrichtrob/,https://ideas.repec.org/e/pul38.html,eligible,0,,,3502.0,RePEc
pan79,Manuela Angelucci,University of Texas-Austin,https://sites.google.com/view/manuelaangelucci/home,https://ideas.repec.org/e/pan79.html,eligible,0,,3503.0,,RePEc
psa1085,Anna Samarina,de Nederlandsche Bank,,https://ideas.repec.org/f/psa1085.html,eligible,0,,,3503.0,RePEc
pve353,Roine Vestman,Stockholms Universitet,https://roinevestman.com/,https://ideas.repec.org/f/pve353.html,eligible,0,,,3504.0,RePEc
pro44,Michael Rosholm,Aarhus Universitet,https://pure.au.dk/portal/en/persons/michael-rosholm(aae32dbc-b363-40df-b2a9-e187272b6b45).html,https://ideas.repec.org/e/pro44.html,eligible,0,,3505.0,,RePEc
pim44,Alex Imas,Carnegie Mellon University,https://sites.google.com/site/alexoimas/,https://ideas.repec.org/e/pim44.html,eligible,0,,,3505.0,RePEc
pmu154,Sujoy Mukerji,Queen Mary University of London,,https://ideas.repec.org/e/pmu154.html,eligible,0,,3506.0,,RePEc
psh619,Kevin Shih,University of California-Riverside,http://kevinyshih.weebly.com/,https://ideas.repec.org/f/psh619.html,eligible,0,,,3506.0,RePEc
ppa968,Marco Antonio Palma,Texas A&M University,https://hbl.tamu.edu/,https://ideas.repec.org/f/ppa968.html,eligible,0,,,3507.0,RePEc
pha650,Jamal Ibrahim Haidar,Lebanese American University,https://sb.lau.edu.lb/about/faculty-staff/dr-jamal-haidar.php,https://ideas.repec.org/f/pha650.html,eligible,0,,,3508.0,RePEc
pne69,David Locke Newhouse,World Bank Group,,https://ideas.repec.org/e/pne69.html,eligible,0,,,3509.0,RePEc
pmc65,Michael McKee,Appalachian State University,,https://ideas.repec.org/e/pmc65.html,eligible,0,,3510.0,,RePEc
pap38,Sebastian Aparicio,Universitat Autònoma de Barcelona,http://sebastian-aparicio.com,https://ideas.repec.org/e/pap38.html,eligible,0,,,3510.0,RePEc
psa736,Raaj Kumar Sah,University of Chicago,http://harrisschool.uchicago.edu/faculty/web-pages/raaj-sah.asp,https://ideas.repec.org/f/psa736.html,eligible,0,,3511.0,,RePEc
pha802,Sukjin Han,University of Texas-Austin,https://sites.google.com/site/sukjinhanwebpage/,https://ideas.repec.org/f/pha802.html,eligible,0,,,3511.0,RePEc
pzh152,Shengxing Zhang,London School of Eonomics,http://sites.google.com/site/oo7zsx/,https://ideas.repec.org/e/pzh152.html,eligible,0,,,3512.0,RePEc
pky20,Margaret K. Kyle,Mines Paris,http://margaretkyle.net,https://ideas.repec.org/e/pky20.html,eligible,0,,,3513.0,RePEc
psc348,Ernesto Schargrodsky,Universidad Torcuato Di Tella,http://www.utdt.edu/ver_contenido.php?id_contenido=2277&id_item_menu=4523,https://ideas.repec.org/f/psc348.html,eligible,0,,3514.0,,RePEc
psa288,Ruhul Salim,Curtin University,http://www.cbs.curtin.edu.au/?profile=Ruhul_Salim,https://ideas.repec.org/f/psa288.html,eligible,0,,,3514.0,RePEc
pam25,Brent W. Ambrose,Pennsylvania State University,,https://ideas.repec.org/e/pam25.html,eligible,0,,3515.0,,RePEc
psl14,Peter James Sloane,Swansea University,,https://ideas.repec.org/e/psl14.html,eligible,0,,3516.0,,RePEc
pdo537,Thomas Douenne,Universiteit van Amsterdam,https://sites.google.com/view/thomasdouenne/,https://ideas.repec.org/f/pdo537.html,eligible,0,,,3516.0,RePEc
ppo758,Nolan Pope,University of Maryland,http://www.econweb.umd.edu/~pope/,https://ideas.repec.org/f/ppo758.html,eligible,0,,,3518.0,RePEc
pne40,Nikolay Nenovsky,University of National and World Economy,http://NikolayNenovsky.com,https://ideas.repec.org/e/pne40.html,eligible,0,,,3519.0,RePEc
pwa531,Johanna Wallenius,Stockholm School of Economics,http://johannawallenius.com/,https://ideas.repec.org/f/pwa531.html,eligible,0,,,3520.0,RePEc
pzh460,Huanhuan Zheng,National University of Singapore (NUS),https://sites.google.com/site/adwenzheng/,https://ideas.repec.org/f/pzh460.html,eligible,0,,,3521.0,RePEc
pst471,Ralph Stinebrickner,University of Western Ontario,,https://ideas.repec.org/f/pst471.html,eligible,0,,3522.0,,RePEc
pco838,Lisa D. Cook,Michigan State University,http://lisadcook.net,https://ideas.repec.org/f/pco838.html,eligible,0,,,3523.0,RePEc
pre144,Katrin Rehdanz,Christian-Albrechts-Universität Kiel,https://www.e3.uni-kiel.de/de,https://ideas.repec.org/e/pre144.html,eligible,0,,3524.0,,RePEc
pre426,Maria P. Recalde,University of Melbourne,https://sites.google.com/view/maria-p-recalde/main,https://ideas.repec.org/f/pre426.html,eligible,0,,,3524.0,RePEc
pde255,Andries de Grip,Maastricht University,https://roa.nl/a.degrip,https://ideas.repec.org/f/pde255.html,eligible,0,,3525.0,,RePEc
pli1737,Wenhao Li,University of Southern California,https://www.wenhao-li.com/,https://ideas.repec.org/f/pli1737.html,eligible,0,,,3525.0,RePEc
pbr193,Bernt Bratsberg,Universitetet i Oslo,https://www.frisch.uio.no/english/personell/berntmb/,https://ideas.repec.org/e/pbr193.html,eligible,0,,3526.0,,RePEc
psi513,John D. Singleton,University of Rochester,http://www.johndsingleton.com,https://ideas.repec.org/f/psi513.html,eligible,0,,,3526.0,RePEc
pou3,Nicholas Oulton,Centre for Macroeconomics (CFM),https://ideas.repec.org/e/pou3.html,https://ideas.repec.org/e/pou3.html,eligible,0,,3527.0,,RePEc
psc603,Dominik Schreyer,Wissenschaftliche Hochschule für Unternehmensführung (WHU),,https://ideas.repec.org/f/psc603.html,eligible,0,,,3527.0,RePEc
pda116,Mary Colleen Daly,Federal Reserve Bank of San Francisco,,https://ideas.repec.org/e/pda116.html,eligible,0,,3528.0,,RePEc
pli832,Qiao-Mei Liang,Beijing Institute of Technology,,https://ideas.repec.org/f/pli832.html,eligible,0,,,3528.0,RePEc
pmi211,John Micklewright,University College London (UCL),https://iris.ucl.ac.uk/iris/browse/profile?upi=JMICK84,https://ideas.repec.org/f/pmi211.html,eligible,0,,3529.0,,RePEc
pho590,Brett Hollenbeck,University of California-Los Angeles (UCLA),https://www.bretthollenbeck.com,https://ideas.repec.org/f/pho590.html,eligible,0,,,3530.0,RePEc
pfe429,Jesus Felipe,Asian Institute of Management,https://jesusfelipe.net/,https://ideas.repec.org/f/pfe429.html,eligible,0,,3533.0,,RePEc
ppa30,David Parsley,Vanderbilt University,https://business.vanderbilt.edu/bio/david-parsley/,https://ideas.repec.org/e/ppa30.html,eligible,0,,3534.0,,RePEc
psu580,孙永平,,,https://ideas.repec.org/f/psu580.html,eligible,0,,,3534.0,RePEc
pfi266,Andrew Filardo,Bank for International Settlements (BIS),,https://ideas.repec.org/f/pfi266.html,eligible,0,,3535.0,,RePEc
pjo89,Nick Johnstone,Agence Internationale de l'Énergie,,https://ideas.repec.org/e/pjo89.html,eligible,0,,3536.0,,RePEc
par468,Noman Arshed,University of Management and Technology (UMT),http://nomanarshed.wordpress.com,https://ideas.repec.org/f/par468.html,eligible,0,,,3536.0,RePEc
pro65,Hugh Rockoff,Rutgers University-New Brunswick,http://www.econ.rutgers.edu/home/rockoff,https://ideas.repec.org/e/pro65.html,eligible,0,,3537.0,,RePEc
pyi59,Veli Yilanci,Çanakkale Onsekiz Mart Üniversitesi,http://www.veliyilanci.com,https://ideas.repec.org/e/pyi59.html,eligible,0,,,3537.0,RePEc
pri55,Luca Antonio Ricci,International Monetary Fund (IMF),http://www.imf.org/external/np/cv/CV.aspx?AuthID=108,https://ideas.repec.org/e/pri55.html,eligible,0,,3538.0,,RePEc
pfr180,Tommaso Frattini,Università degli Studi di Milano,https://sites.unimi.it/tommasofrattini/,https://ideas.repec.org/e/pfr180.html,eligible,0,,,3538.0,RePEc
pka319,Gautam Kaul,University of Michigan,,https://ideas.repec.org/f/pka319.html,eligible,0,,3539.0,,RePEc
pal264,Carol Alexander,University of Sussex,https://www.coalexander.com,https://ideas.repec.org/f/pal264.html,eligible,0,,,3540.0,RePEc
pba45,Pedro Barros,Universidade Nova de Lisboa,http://momentoseconomicos.com,https://ideas.repec.org/e/pba45.html,eligible,0,,3541.0,,RePEc
pna13,John F. Nash,,https://www.nobelprize.org/prizes/economic-sciences/1994/nash/,https://ideas.repec.org/e/pna13.html,won,1994,,3542.0,,RePEc
psa1175,Raffaele Saggio,University of British Columbia,https://sites.google.com/site/raffaelesaggio/,https://ideas.repec.org/f/psa1175.html,eligible,0,,,3542.0,RePEc
pwi271,Tomasz Wojciech Wieladek,Centre for Economic Policy Research (CEPR),,https://ideas.repec.org/f/pwi271.html,eligible,0,,3543.0,,RePEc
pqi75,Jun Qian,Shanghai Jiao Tong University,,https://ideas.repec.org/e/pqi75.html,eligible,0,,3544.0,,RePEc
psc404,Daniele Schiliro',Università degli Studi di Messina,https://sites.google.com/site/dschilirounime/,https://ideas.repec.org/f/psc404.html,eligible,0,,,3545.0,RePEc
plo320,Bridget Terry Long,National Bureau of Economic Research (NBER),http://www.bridgetterrylong.com,https://ideas.repec.org/f/plo320.html,eligible,0,,3546.0,,RePEc
pma769,Angela Maria Maddaloni,European Central Bank,http://www.ecb.europa.eu/pub/research/authors/profiles/angela-maddaloni.en.html,https://ideas.repec.org/f/pma769.html,eligible,0,,,3546.0,RePEc
pni192,Huihua Nie,清华大学社科学院,http://www.niehuihua.com,https://ideas.repec.org/e/pni192.html,eligible,0,,,3547.0,RePEc
pve494,Emanuel Vespa,University of California-San Diego (UCSD),https://sites.google.com/site/emanuelvespa/,https://ideas.repec.org/f/pve494.html,eligible,0,,,3548.0,RePEc
pju42,Chinhui Juhn,University of Houston,http://www.uh.edu/~cjuhn,https://ideas.repec.org/e/pju42.html,eligible,0,,3549.0,,RePEc
pco530,Shawn Cole,Harvard University,http://www.people.hbs.edu/scole,https://ideas.repec.org/f/pco530.html,eligible,0,,3550.0,,RePEc
pgl33,Gerhard Glomm,Indiana University,http://mypage.iu.edu/~gglomm/,https://ideas.repec.org/e/pgl33.html,eligible,0,,3551.0,,RePEc
per126,Guido Erreygers,KU Leuven,https://www.uantwerpen.be/en/staff/guido-erreygers/,https://ideas.repec.org/e/per126.html,eligible,0,,,3551.0,RePEc
pto19,Mariano Tommasi,Universidad de San Andrés,https://www.udesa.edu.ar/cuerpo-docente/mariano-tommasi,https://ideas.repec.org/e/pto19.html,eligible,0,,3552.0,,RePEc
pbr770,Claus Brand,European Central Bank,http://www.ecb.int,https://ideas.repec.org/f/pbr770.html,eligible,0,,,3552.0,RePEc
pde664,Bruno De Borger,,,https://ideas.repec.org/f/pde664.html,eligible,0,,3553.0,,RePEc
ptu44,Semih Tumen,TED Üniversitesi,https://semihtumen.github.io,https://ideas.repec.org/e/ptu44.html,eligible,0,,,3553.0,RePEc
ppo323,Giacomo A. M. Ponzetto,Barcelona School of Economics (BSE),https://crei.cat/people/ponzetto/,https://ideas.repec.org/f/ppo323.html,eligible,0,,3554.0,,RePEc
pla377,Jeff Larrimore,Federal Reserve Board (Board of Governors of the Federal Reserve System),http://www.jeff-larrimore.com,https://ideas.repec.org/f/pla377.html,eligible,0,,,3554.0,RePEc
pka1066,Sujit Ramesh Kapadia,European Central Bank,https://www.ecb.europa.eu/pub/research/authors/profiles/sujit-kapadia.en.html,https://ideas.repec.org/f/pka1066.html,eligible,0,,,3555.0,RePEc
pcr15,Matthieu Crozet,Université Paris-Saclay,http://matthieucrozet.weebly.com/,https://ideas.repec.org/e/pcr15.html,eligible,0,,,3556.0,RePEc
pch1658,Satya R. Chakravarty,,http://www.igidr.ac.in/people/non-resident-honorary-distinguished-fellow/,https://ideas.repec.org/f/pch1658.html,eligible,0,,3558.0,,RePEc
pgr385,Christina Gravert,Københavns Universitet,https://christinagravert.com,https://ideas.repec.org/f/pgr385.html,eligible,0,,,3558.0,RePEc
pol25,Ola Olsson,Göteborgs Universitet,https://sites.google.com/site/econolaols/home,https://ideas.repec.org/e/pol25.html,eligible,0,,3559.0,,RePEc
pdu287,Georg Duernecker,Goethe Universität Frankfurt am Main,https://sites.google.com/site/georgduernecker/,https://ideas.repec.org/f/pdu287.html,eligible,0,,,3559.0,RePEc
ppa1421,Debidutta Pattnaik,International Management Institute Bhubaneswar,,https://ideas.repec.org/f/ppa1421.html,eligible,0,,,3560.0,RePEc
pho429,Jill Elizabeth Hobbs,University of Saskatchewan,,https://ideas.repec.org/f/pho429.html,eligible,0,,,3561.0,RePEc
pve84,Philip Verwimp,Université Libre de Bruxelles,http://www.hicn.org,https://ideas.repec.org/e/pve84.html,eligible,0,,3562.0,,RePEc
pda853,Daniel Da Mata,Fundação Getúlio Vargas (FGV),http://sites.google.com/site/danielddamata/,https://ideas.repec.org/f/pda853.html,eligible,0,,,3562.0,RePEc
pdu1,Robert Dur,Erasmus Universiteit Rotterdam,https://personal.eur.nl/dur/,https://ideas.repec.org/e/pdu1.html,eligible,0,,3563.0,,RePEc
pca734,Paul E. Carrillo,George Washington University,http://home.gwu.edu/~pcarrill/,https://ideas.repec.org/f/pca734.html,eligible,0,,,3563.0,RePEc
prh19,Matthew Rhodes-Kropf,Massachusetts Institute of Technology (MIT),https://mitsloan.mit.edu/faculty/directory/matthew-rhodes-kropf,https://ideas.repec.org/e/prh19.html,eligible,0,,3564.0,,RePEc
pol80,Susan Olivia,University of Waikato,https://sites.google.com/site/susanolivia/,https://ideas.repec.org/e/pol80.html,eligible,0,,,3564.0,RePEc
pse37,Tiago Neves Sequeira,Universidade do Coimbra,https://sites.google.com/view/tiago-neves-sequeira/begin?authuser=0,https://ideas.repec.org/e/pse37.html,eligible,0,,,3565.0,RePEc
psw14,Deborah L. Swenson,University of California-Davis,,https://ideas.repec.org/e/psw14.html,eligible,0,,3566.0,,RePEc
pla939,Jan Hannes Lang,European Central Bank,https://sites.google.com/site/janhanneslang/,https://ideas.repec.org/f/pla939.html,eligible,0,,,3566.0,RePEc
psu435,Daniel Alan Sumner,University of California-Davis,,https://ideas.repec.org/f/psu435.html,eligible,0,,3567.0,,RePEc
pma1413,Emmanuel Mamatzakis,Birkbeck College,https://www.bbk.ac.uk/our-staff/profile/9258937/emmanuel-mamatzakis,https://ideas.repec.org/f/pma1413.html,eligible,0,,,3567.0,RePEc
psc215,Armin Schmutzler,Universität Zürich,https://www.econ.uzh.ch/en/people/faculty/schmutzler.html,https://ideas.repec.org/f/psc215.html,eligible,0,,3568.0,,RePEc
phe166,Peter Blair Henry,,https://faculty-gsb.stanford.edu/henry/Homepage/Homepage.htm,https://ideas.repec.org/e/phe166.html,eligible,0,,3569.0,,RePEc
pcr288,Jamie Lee Cross,University of Melbourne,https://mbs.edu/faculty-and-research/faculty/jamie-cross,https://ideas.repec.org/f/pcr288.html,eligible,0,,,3569.0,RePEc
pde970,Marta De Philippis,Banca d'Italia,https://sites.google.com/site/martadephilippis/,https://ideas.repec.org/f/pde970.html,eligible,0,,,3570.0,RePEc
pko186,Sharon Kozicki,Bank of Canada,,https://ideas.repec.org/e/pko186.html,eligible,0,,3571.0,,RePEc
pro459,Jens Rommel,Sveriges Lantbruksuniversitet,,https://ideas.repec.org/f/pro459.html,eligible,0,,,3571.0,RePEc
ped27,Eric Edmonds,Dartmouth College,https://sites.dartmouth.edu/eedmonds/,https://ideas.repec.org/e/ped27.html,eligible,0,,3572.0,,RePEc
pba563,Yusuf Soner Baskaya,University of Glasgow,https://www.gla.ac.uk/schools/business/staff/sonerbaskaya/,https://ideas.repec.org/f/pba563.html,eligible,0,,,3572.0,RePEc
psa1569,William H. Sandholm,,http://www.ssc.wisc.edu/~whs/,https://ideas.repec.org/f/psa1569.html,deceased,0,,3573.0,,RePEc
png85,Ha Minh Nguyen,International Monetary Fund (IMF),https://sites.google.com/view/hanguyenecon/,https://ideas.repec.org/e/png85.html,eligible,0,,,3573.0,RePEc
pha554,Gikas A. Hardouvelis,University of Piraeus,http://www.hardouvelis.gr,https://ideas.repec.org/f/pha554.html,eligible,0,,3574.0,,RePEc
pla39,Jean-François Laslier,Paris School of Economics,https://sites.google.com/site/jflaslierhomepage/,https://ideas.repec.org/e/pla39.html,eligible,0,,,3574.0,RePEc
pdo3,Ian Domowitz,,http://www.iandomowitz.com,https://ideas.repec.org/e/pdo3.html,eligible,0,,3575.0,,RePEc
psa1618,Andres Santos,University of California-Los Angeles (UCLA),,https://ideas.repec.org/f/psa1618.html,eligible,0,,,3575.0,RePEc
pca162,Raul Caruso,Università Cattolica del Sacro Cuore,https://sites.google.com/view/raulcaruso/home,https://ideas.repec.org/e/pca162.html,eligible,0,,3576.0,3617.0,RePEc
pbe86,Dwayne Benjamin,University of Toronto,http://www.economics.utoronto.ca/benjamin/,https://ideas.repec.org/e/pbe86.html,eligible,0,,3577.0,,RePEc
pco436,Arusha Cooray,James Cook University of North Queensland,https://research.jcu.edu.au/portfolio/arusha.cooray/,https://ideas.repec.org/f/pco436.html,eligible,0,,,3577.0,RePEc
pwi178,Franz Wirl,Universität Wien,,https://ideas.repec.org/e/pwi178.html,eligible,0,,3578.0,,RePEc
pbo821,Christopher Bollinger,University of Kentucky,http://christopherbollinger.com,https://ideas.repec.org/f/pbo821.html,eligible,0,,3678.0,3579.0,RePEc
ped22,Per-Anders Edin,Uppsala Universitet,,https://ideas.repec.org/e/ped22.html,eligible,0,,3580.0,,RePEc
pla652,Fabien Labondance,Université de Franche-Comté,https://sites.google.com/site/flabondance,https://ideas.repec.org/f/pla652.html,eligible,0,,,3580.0,RePEc
pzh735,Jun Zhuang,"University at Buffalo, Department of Industrial and Systems Engineering",http://www.eng.buffalo.edu/~jzhuang/,https://ideas.repec.org/f/pzh735.html,eligible,0,,,3581.0,RePEc
phi222,Oliver Hinz,Goethe Universität Frankfurt am Main,https://www.wiim.uni-frankfurt.de/team/prof-dr-oliver-hinz/,https://ideas.repec.org/f/phi222.html,eligible,0,,,3582.0,RePEc
pha905,Teis Hansen,Københavns Universitet,https://ifro.ku.dk/english/staff/?pure=en/persons/263492,https://ideas.repec.org/f/pha905.html,eligible,0,,,3583.0,RePEc
pva87,Hylke Vandenbussche,Centre for Economic Policy Research (CEPR),https://sites.google.com/site/vandenbusschehylke,https://ideas.repec.org/e/pva87.html,eligible,0,,3584.0,,RePEc
pqi8,Larry Dongxiao Qiu,University of Hong Kong,http://www.sef.hku.hk/~larryqiu,https://ideas.repec.org/e/pqi8.html,eligible,0,,,3584.0,RePEc
pmo1306,Oliver Morrissey,University of Nottingham,,https://ideas.repec.org/f/pmo1306.html,eligible,0,,3585.0,,RePEc
pwh7,Yoon-Jae Whang,Seoul National University,https://sites.google.com/site/whangyjhomepage/,https://ideas.repec.org/e/pwh7.html,eligible,0,,3586.0,,RePEc
pmi1093,Andrea Mina,Scuola Superiore Sant'Anna,https://www.santannapisa.it/it/andrea-mina,https://ideas.repec.org/f/pmi1093.html,eligible,0,,,3586.0,RePEc
phu425,Ming Huang,China Europe International Business School,,https://ideas.repec.org/f/phu425.html,eligible,0,,3587.0,,RePEc
pap74,Isaac Appiah-Otoo,,,https://ideas.repec.org/e/pap74.html,eligible,0,,,3588.0,RePEc
pkl166,Andreas Kleiner,Arizona State University,http://sites.google.com/site/andykleiner/,https://ideas.repec.org/e/pkl166.html,eligible,0,,,3589.0,RePEc
psi185,Ajit Singh,,,https://ideas.repec.org/e/psi185.html,deceased,0,,3590.0,,RePEc
pbo1014,Whelsy Boungou,Groupe Paris Graduate School of Management,https://sites.google.com/view/whelsyboungou/home,https://ideas.repec.org/f/pbo1014.html,eligible,0,,,3590.0,RePEc
pci57,Matteo Ciccarelli,European Central Bank,,https://ideas.repec.org/e/pci57.html,eligible,0,,3591.0,,RePEc
pdi384,Eleanor Wiske Dillon,Microsoft Research,https://sites.google.com/site/ewdillon/,https://ideas.repec.org/f/pdi384.html,eligible,0,,,3592.0,RePEc
pcr38,Vasco Cúrdia,Federal Reserve Bank of San Francisco,https://www.frbsf.org/economic-research/economists/vasco-curdia/,https://ideas.repec.org/e/pcr38.html,eligible,0,,3593.0,,RePEc
pst787,Joanna Stavins,Federal Reserve Bank of Boston,https://www.bostonfed.org/people/bank/joanna-stavins.aspx,https://ideas.repec.org/f/pst787.html,eligible,0,,,3593.0,RePEc
pke157,Ryan Kellogg,University of Chicago,,https://ideas.repec.org/e/pke157.html,eligible,0,,3594.0,,RePEc
pra419,Mehdi Raissi,International Monetary Fund (IMF),https://sites.google.com/site/mehdiraissi/,https://ideas.repec.org/f/pra419.html,eligible,0,,,3594.0,RePEc
pma199,Cesar Martinelli,George Mason University,https://sites.google.com/site/martinellicesar/home,https://ideas.repec.org/e/pma199.html,eligible,0,,3595.0,,RePEc
pri208,Malte H. Rieth,DIW Berlin (Deutsches Institut für Wirtschaftsforschung),http://www.diw.de,https://ideas.repec.org/f/pri208.html,eligible,0,,,3596.0,RePEc
pga182,Stefano Gagliarducci,"Università degli Studi di Roma ""Tor Vergata""",https://sites.google.com/site/stefanogagliarducci/,https://ideas.repec.org/e/pga182.html,eligible,0,,,3597.0,RePEc
pco30,Philip J Cook,Duke University,http://www.pubpol.duke.edu,https://ideas.repec.org/e/pco30.html,eligible,0,,3598.0,,RePEc
ptu43,Gilberto Turati,Università Cattolica del Sacro Cuore,http://docenti.unicatt.it/ita/gilberto_turati/,https://ideas.repec.org/e/ptu43.html,eligible,0,,,3598.0,RePEc
pwa400,Frédéric Warzynski,Stockholm School of Economics in Riga (SSE Riga),,https://ideas.repec.org/f/pwa400.html,eligible,0,,3599.0,,RePEc
pah80,Walid M.a. Ahmed,Ain Shams University,,https://ideas.repec.org/e/pah80.html,eligible,0,,,3601.0,RePEc
pli449,Maarten Lindeboom,Vrije Universiteit Amsterdam,,https://ideas.repec.org/f/pli449.html,eligible,0,,3602.0,,RePEc
pku279,Ronald Ravinesh Kumar,RMIT University Vietnam,https://www.researchgate.net/profile/Ronald_Kumar/?ev=hdr_xprf,https://ideas.repec.org/f/pku279.html,eligible,0,,,3602.0,RePEc
ptu216,Ana Tur-Prats,University of California-Merced,https://sites.google.com/view/anatur-prats/home,https://ideas.repec.org/f/ptu216.html,eligible,0,,,3603.0,RePEc
pmo257,Petra Moser,New York University (NYU),http://www.petramoser.net,https://ideas.repec.org/f/pmo257.html,eligible,0,,3606.0,,RePEc
ppa104,Susan Wendy Parker,University of Maryland,https://susanwparker.com/,https://ideas.repec.org/e/ppa104.html,eligible,0,,,3607.0,RePEc
psc486,Milan Ščasný,Univerzita Karlova v Praze,,https://ideas.repec.org/f/psc486.html,eligible,0,,,3608.0,RePEc
pfo144,Jeremy Fox,Rice University,http://www-personal.umich.edu/~jtfox/,https://ideas.repec.org/e/pfo144.html,eligible,0,,3610.0,,RePEc
pka235,Leo Kaas,European University Institute,https://sites.google.com/site/leojkaas,https://ideas.repec.org/f/pka235.html,eligible,0,,3611.0,,RePEc
pju45,Patricia Justino,University of Sussex,https://www.ids.ac.uk/people/patricia-justino/,https://ideas.repec.org/e/pju45.html,eligible,0,,,3611.0,RePEc
pma97,Thomas Mayer,,https://en.wikipedia.org/wiki/Thomas_Mayer_%28American_economist%29,https://ideas.repec.org/e/pma97.html,deceased,0,,3612.0,,RePEc
pba303,Levon Barseghyan,Cornell University,https://barseghyan.economics.cornell.edu/,https://ideas.repec.org/f/pba303.html,eligible,0,,,3612.0,RePEc
pwe206,Matthew C Weinzierl,Harvard University,http://drfd.hbs.edu/fit/public/facultyInfo.do?facInfo=ovr&facId=496493,https://ideas.repec.org/f/pwe206.html,eligible,0,,3613.0,,RePEc
pco723,Fabrizio Colella,Universitá della Svizzera Italiana (USI),http://www.fabriziocolella.com,https://ideas.repec.org/f/pco723.html,eligible,0,,,3614.0,RePEc
pgu287,Sumedha Gupta,Indiana University-Purdue University (IUPUI),http://sites.google.com/site/sumedhagupta/home,https://ideas.repec.org/f/pgu287.html,eligible,0,,,3615.0,RePEc
pcu44,Julie Berry Cullen,University of California-San Diego (UCSD),https://econweb.ucsd.edu/~jbcullen/,https://ideas.repec.org/e/pcu44.html,eligible,0,,3616.0,,RePEc
pbr52,Pablo Brañas-Garza,Universidad Loyola Andalucía,https://sites.google.com/site/pablobranasgarza/home,https://ideas.repec.org/e/pbr52.html,eligible,0,,,3616.0,RePEc
pes92,Mukesh Eswaran,University of British Columbia,https://economics.ubc.ca/profile/mukesh-eswaran/,https://ideas.repec.org/e/pes92.html,eligible,0,,3618.0,,RePEc
pha616,Jonathan Daines Hall,University of Alabama-Tuscaloosa,https://jhall.github.io/,https://ideas.repec.org/f/pha616.html,eligible,0,,,3618.0,RePEc
phe633,Nirosha Wellalage,University of South Australia,https://people.unisa.edu.au/Niro.Wellalage,https://ideas.repec.org/f/phe633.html,eligible,0,,,3619.0,RePEc
pvl21,Juuso Välimäki,Aalto-yliopisto,http://hse-econ.fi/valimaki/,https://ideas.repec.org/e/pvl21.html,eligible,0,,3620.0,,RePEc
pmo44,Jarle Møen,Norges Handelshøyskole (NHH),https://www.nhh.no/en/employees/faculty/jarle-moen/,https://ideas.repec.org/e/pmo44.html,eligible,0,,,3620.0,RePEc
pzi72,David John Zimmerman,Williams College,,https://ideas.repec.org/e/pzi72.html,eligible,0,,3621.0,,RePEc
pma1166,Magali Marx,Banque de France,,https://ideas.repec.org/f/pma1166.html,eligible,0,,,3621.0,RePEc
pbi82,Vincent Bignon,Banque de France,https://sites.google.com/site/drvincentbignon/home,https://ideas.repec.org/e/pbi82.html,eligible,0,,,3622.0,RePEc
pru152,Alina Sorgner,John Cabot University,http://sorgner.eu,https://ideas.repec.org/e/pru152.html,eligible,0,,,3623.0,RePEc
pgr271,R. Quentin Grafton,Australian National University,https://crawford.anu.edu.au/people/academic/quentin-grafton,https://ideas.repec.org/f/pgr271.html,eligible,0,,3624.0,,RePEc
pba316,Stefan Bach,DIW Berlin (Deutsches Institut für Wirtschaftsforschung),http://www.diw.de,https://ideas.repec.org/f/pba316.html,eligible,0,,3625.0,,RePEc
pzh576,Xiande Zhao,China Europe International Business School,,https://ideas.repec.org/f/pzh576.html,eligible,0,,,3625.0,RePEc
pru105,Oliver Meng Rui,China Europe International Business School,http://www.ceibs.edu/faculty/cv/101395.shtml,https://ideas.repec.org/e/pru105.html,eligible,0,,3626.0,,RePEc
pni188,Friederike Niepmann,Federal Reserve Board (Board of Governors of the Federal Reserve System),https://www.federalreserve.gov/econres/friederike-niepmann.htm,https://ideas.repec.org/e/pni188.html,eligible,0,,,3626.0,RePEc
pga724,Brahim Gaies,ICN Business School,https://sites.google.com/view/brahim-gaies/home?authuser=2,https://ideas.repec.org/f/pga724.html,eligible,0,,,3627.0,RePEc
pra965,Anna Raute,Queen Mary University of London,https://annaraute.wordpress.com/,https://ideas.repec.org/f/pra965.html,eligible,0,,,3628.0,RePEc
pro540,Lorenzo Rocco,Università degli Studi di Padova,http://lorenzorocco.jimdo.com,https://ideas.repec.org/f/pro540.html,eligible,0,,,3629.0,RePEc
pgo209,Pedro Gomes,Birkbeck College,https://sites.google.com/view/pedromaiagomes,https://ideas.repec.org/f/pgo209.html,eligible,0,,,3631.0,RePEc
ptr78,Stephen J. Trejo,University of Texas-Austin,https://liberalarts.utexas.edu/economics/faculty/profile.php?eid=trejosj,https://ideas.repec.org/e/ptr78.html,eligible,0,,3632.0,,RePEc
pka1224,Jakob Kapeller,Universität Duisburg-Essen,http://www.jakob-kapeller.org,https://ideas.repec.org/f/pka1224.html,eligible,0,,,3632.0,RePEc
pei6,Theo Eicher,University of Washington,http://faculty.washington.edu/te/,https://ideas.repec.org/e/pei6.html,eligible,0,,3633.0,,RePEc
pcr74,Francesco Crespi,Università degli Studi Roma Tre,https://economia.uniroma3.it/persone/TmxKUHFKNGQ3alN5YXkycndxZkN1UHRtK1NyTTlERWhWM29EeTlQNzNKTT0=/,https://ideas.repec.org/e/pcr74.html,eligible,0,,,3633.0,RePEc
pdw1,Gerald Dwyer,Clemson University,https://www.jerrydwyer.com/,https://ideas.repec.org/e/pdw1.html,eligible,0,,3634.0,,RePEc
pso483,Andrej Sokol,Bloomberg LP (Economics),https://sites.google.com/view/andrejsokol/home,https://ideas.repec.org/f/pso483.html,eligible,0,,,3634.0,RePEc
pru215,Paul A. Ruud,Vassar College,http://economics.vassar.edu/bios/paruud.html,https://ideas.repec.org/f/pru215.html,eligible,0,,3635.0,,RePEc
pwu193,David Johannes Wuepper,Rheinische Friedrich-Wilhelms-Universität Bonn,https://sites.google.com/view/davidwuepper,https://ideas.repec.org/e/pwu193.html,eligible,0,,,3636.0,RePEc
pwo243,Kent Womack,,,https://ideas.repec.org/f/pwo243.html,deceased,0,,3637.0,,RePEc
pcu262,Xiaomeng Cui,Jinan University,https://sites.google.com/view/xiaomengcui/home,https://ideas.repec.org/f/pcu262.html,eligible,0,,,3637.0,RePEc
phe292,Joseph Henrich,University of British Columbia,http://www.psych.ubc.ca/~henrich/home.html,https://ideas.repec.org/f/phe292.html,eligible,0,,3638.0,,RePEc
pmo388,Juan-Pablo Montero,Pontificia Universidad Católica de Chile,http://www.economia.puc.cl/jmontero,https://ideas.repec.org/f/pmo388.html,eligible,0,,3639.0,,RePEc
pmo235,Alexander Moradi,Libera Università di Bolzano / Freie Universität Bozen,https://alexandermoradi.org/,https://ideas.repec.org/f/pmo235.html,eligible,0,,,3639.0,RePEc
pve145,Ruut Veenhoven,,https://personal.eur.nl/veenhoven,https://ideas.repec.org/e/pve145.html,deceased,0,,3640.0,,RePEc
pka1537,Ezra Karger,Federal Reserve Bank of Chicago,https://ezrakarger.com/,https://ideas.repec.org/f/pka1537.html,eligible,0,,,3641.0,RePEc
pfe125,Claudio Ferraz,University of British Columbia,http://claudferraz.googlepages.com/,https://ideas.repec.org/e/pfe125.html,eligible,0,,3642.0,,RePEc
pfr210,Jaume Freire-González,Barcelona School of Economics (BSE),,https://ideas.repec.org/f/pfr210.html,eligible,0,,,3642.0,RePEc
pji81,Yuemei Ji,University College London (UCL),,https://ideas.repec.org/e/pji81.html,eligible,0,,,3643.0,RePEc
ppa407,Albert Park,Hong Kong University of Science and Technology (HKUST),http://albertfpark.com,https://ideas.repec.org/f/ppa407.html,eligible,0,,3644.0,,RePEc
pki190,Fabian Kindermann,Universität Regensburg,http://www.fabian-kindermann.de,https://ideas.repec.org/e/pki190.html,eligible,0,,,3644.0,RePEc
pra38,Jordan Rappaport,Federal Reserve Bank of Kansas City,http://www.kansascityfed.org/speechbio/rappaport.cfm,https://ideas.repec.org/e/pra38.html,eligible,0,,3645.0,,RePEc
pfi54,Jan Fidrmuc,Lille Économie et Management (LEM),http://www.fidrmuc.net,https://ideas.repec.org/e/pfi54.html,eligible,0,,3646.0,,RePEc
phe605,Kevin He,University of Pennsylvania,https://kevinhe.net,https://ideas.repec.org/f/phe605.html,eligible,0,,,3646.0,RePEc
pge153,Reyer Gerlagh,Universiteit van Tilburg,http://www.gerlagh.nl/,https://ideas.repec.org/e/pge153.html,eligible,0,,3647.0,,RePEc
pda910,Apostolos Davillas,Luxembourg Institute of Socio-Economic Research (LISER),http://www.apostolosdavillas.com/,https://ideas.repec.org/f/pda910.html,eligible,0,,,3647.0,RePEc
pgo313,Leslie George Godfrey,University of York,,https://ideas.repec.org/f/pgo313.html,eligible,0,,3648.0,,RePEc
poz8,Berk Özler,Stanford University,https://sites.google.com/site/decrgberkozler/home,https://ideas.repec.org/e/poz8.html,eligible,0,,3649.0,,RePEc
pch1126,Jens Henrik Eggert Christensen,Federal Reserve Bank of San Francisco,http://www.frbsf.org/economics/economists/staff.php?jchristensen,https://ideas.repec.org/f/pch1126.html,eligible,0,,,3650.0,RePEc
pge160,Kristopher Gerardi,Federal Reserve Bank of Atlanta,http://sites.google.com/site/kristophergerardishomepage/Home,https://ideas.repec.org/e/pge160.html,eligible,0,,3651.0,,RePEc
plo634,Xingle Long,Jiangsu University,,https://ideas.repec.org/f/plo634.html,eligible,0,,,3651.0,RePEc
pny9,Kjell G. Nyborg,Universität Zürich,http://www.nyborg.ch,https://ideas.repec.org/e/pny9.html,eligible,0,,3652.0,,RePEc
pso241,Cesar Sosa-Padilla,University of Notre Dame,https://sosapadilla.github.io,https://ideas.repec.org/f/pso241.html,eligible,0,,,3652.0,RePEc
pri261,Alexander William Richter,Federal Reserve Bank of Dallas,http://alexrichterecon.com,https://ideas.repec.org/f/pri261.html,eligible,0,,,3654.0,RePEc
pka880,Daniel Kaffine,University of Colorado,,https://ideas.repec.org/f/pka880.html,eligible,0,,,3655.0,RePEc
pla699,Christoph Lakner,World Bank Group,https://sites.google.com/site/christophlakner/,https://ideas.repec.org/f/pla699.html,eligible,0,,,3656.0,RePEc
pra1026,Tazeeb Rajwani,University of Surrey,https://www.surrey.ac.uk/people/tazeeb-rajwani,https://ideas.repec.org/f/pra1026.html,eligible,0,,,3658.0,RePEc
pan129,Alex Anas,State University of New York-Buffalo (SUNY),https://sites.google.com/site/alexanashomepage/,https://ideas.repec.org/e/pan129.html,eligible,0,,3660.0,,RePEc
pth206,El I. Thalassinos,,http://www.ersj.eu,https://ideas.repec.org/f/pth206.html,eligible,0,,,3660.0,RePEc
pne215,Fernanda Nechio,Federal Reserve Bank of San Francisco,https://sites.google.com/view/fernandanechio/home,https://ideas.repec.org/f/pne215.html,eligible,0,,,3661.0,RePEc
pko1017,Erkki Koskela,,,https://ideas.repec.org/f/pko1017.html,deceased,0,,3662.0,,RePEc
pci59,Francesco Cinnirella,Università degli Studi di Bergamo,https://sites.google.com/site/cinnirellaecon/,https://ideas.repec.org/e/pci59.html,eligible,0,,,3662.0,RePEc
pkr416,Tobias Kruse,Organisation de Coopération et de Développement Économiques (OCDE),http://sites.google.com/view/tobias-kruse/home,https://ideas.repec.org/f/pkr416.html,eligible,0,,,3663.0,RePEc
pga282,Jean-Luc Gaffard,Sciences Po,http://www.ofce.sciences-po.fr/pages-chercheurs/home-gaffard.htm,https://ideas.repec.org/f/pga282.html,eligible,0,,3664.0,,RePEc
psh391,Shahbaz Ali Sheikh,University of Western Ontario,http://mos.uwo.ca/people/faculty/shahbaz_sheikh.html,https://ideas.repec.org/f/psh391.html,eligible,0,,,3664.0,RePEc
psa1059,Malcolm Sawyer,University of Leeds,,https://ideas.repec.org/f/psa1059.html,eligible,0,,3665.0,,RePEc
ppo807,Onur Polat,Bilişim Enstitüsü,https://sites.google.com/view/onurpolat,https://ideas.repec.org/f/ppo807.html,eligible,0,,,3665.0,RePEc
pbu275,Konrad Burchard Burchardi,Stockholms Universitet,http://people.su.se/~kburc,https://ideas.repec.org/f/pbu275.html,eligible,0,,,3666.0,RePEc
pen16,Huberto M. Ennis,Federal Reserve Bank of Richmond,http://sites.google.com/site/hubertoennis/,https://ideas.repec.org/e/pen16.html,eligible,0,,3667.0,,RePEc
pba1106,Björn Bartling,Universität Zürich,https://www.econ.uzh.ch/en/people/faculty/bartling.html,https://ideas.repec.org/f/pba1106.html,eligible,0,,3668.0,,RePEc
pma3059,Oleg Mariev,Ural Federal University,,https://ideas.repec.org/f/pma3059.html,eligible,0,,,3668.0,RePEc
pba469,Pierluigi Balduzzi,Boston College,http://www2.bc.edu/~balduzzp,https://ideas.repec.org/f/pba469.html,eligible,0,,3669.0,,RePEc
psa1905,Fernando Saltiel,McGill University,https://sites.google.com/view/fernandosaltiel/,https://ideas.repec.org/f/psa1905.html,eligible,0,,,3669.0,RePEc
pru376,Oliver Ruhnau,Hertie School,https://www.hertie-school.org/phd/ruhnau/,https://ideas.repec.org/f/pru376.html,eligible,0,,,3670.0,RePEc
pab230,Mohammed Abdellaoui,HEC Paris (École des Hautes Études Commerciales),http://www.hec.edu/Faculty-Research/Faculty-Directory/ABDELLAOUI-Mohammed,https://ideas.repec.org/f/pab230.html,eligible,0,,3671.0,,RePEc
pca273,Jennifer L. Castle,Oxford University,http://users.ox.ac.uk/~nuff0231/,https://ideas.repec.org/f/pca273.html,eligible,0,,,3671.0,RePEc
pse312,Paul Seabright,Toulouse School of Economics (TSE),http://idei.fr/vitae.php?i=53,https://ideas.repec.org/f/pse312.html,eligible,0,,3672.0,,RePEc
psh406,Xinzheng Shi,Tsinghua University,,https://ideas.repec.org/f/psh406.html,eligible,0,,,3672.0,RePEc
pwe342,Russell Weinstein,Michigan State University,https://sites.google.com/view/russell-weinstein/home,https://ideas.repec.org/f/pwe342.html,eligible,0,,,3673.0,RePEc
pta424,Hiroyuki Taguchi,Saitama University,,https://ideas.repec.org/f/pta424.html,eligible,0,,,3674.0,RePEc
pmo947,Pierre Mouganie,Simon Fraser University,https://sites.google.com/site/pierremouganie/,https://ideas.repec.org/f/pmo947.html,eligible,0,,,3675.0,RePEc
pro1176,Maria Fernanda Rosales-Rueda,University of Delaware,http://mariafrosales.com/,https://ideas.repec.org/f/pro1176.html,eligible,0,,,3677.0,RePEc
pza28,Giulio Zanella,Alma Mater Studiorum - Università di Bologna,https://sites.google.com/site/giuliozanella,https://ideas.repec.org/e/pza28.html,eligible,0,,,3678.0,RePEc
ped25,Benjamin Eden,Vanderbilt University,http://sitemason.vanderbilt.edu/econ/eden,https://ideas.repec.org/e/ped25.html,eligible,0,,3679.0,,RePEc
pbo217,Tessa Bold,Stockholms Universitet,http://www.iies.su.se/about-us/staff/academic-staff/tessa-bold-1.57335,https://ideas.repec.org/f/pbo217.html,eligible,0,,,3679.0,RePEc
pgo11,Paul Gomme,Concordia University,http://paulgomme.github.io,https://ideas.repec.org/e/pgo11.html,eligible,0,,3680.0,,RePEc
pau47,Marcel Ausloos,,,https://ideas.repec.org/e/pau47.html,deceased,0,,,3680.0,RePEc
pch173,Marcos Chamon,International Monetary Fund (IMF),https://www.imf.org/external/np/CV/Pdf/711847.pdf,https://ideas.repec.org/e/pch173.html,eligible,0,,3681.0,,RePEc
pbo727,Nicolas Luis Bottan,Cornell University,https://www.nicolasbottan.com,https://ideas.repec.org/f/pbo727.html,eligible,0,,,3681.0,RePEc
pjo235,George E. Johnson,,,https://ideas.repec.org/f/pjo235.html,deceased,0,,3682.0,,RePEc
pll36,Simon P. Lloyd,Bank of England,https://sites.google.com/view/splloyd/home,https://ideas.repec.org/e/pll36.html,eligible,0,,,3682.0,RePEc
psr18,Erik Ø. Sørensen,Norges Handelshøyskole (NHH),http://statsokonomen.no/erik-o-sorensen-cv/,https://ideas.repec.org/e/psr18.html,eligible,0,,3685.0,,RePEc
pmi978,Konrad Mierendorff,,,https://ideas.repec.org/f/pmi978.html,deceased,0,,,3685.0,RePEc
pad90,"Richard H. Adams, Jr.",World Bank Group,,https://ideas.repec.org/e/pad90.html,eligible,0,,3686.0,,RePEc
phe142,Daniel J. Henderson,University of Alabama-Tuscaloosa,https://sites.ua.edu/dhenderson/,https://ideas.repec.org/e/phe142.html,eligible,0,,3687.0,,RePEc
pki265,Erik Olson Kimbrough,Chapman University,https://sites.google.com/site/erikkimbrough/,https://ideas.repec.org/f/pki265.html,eligible,0,,,3687.0,RePEc
pli492,Jason M. Lindo,Georgia Institute of Technology,http://people.tamu.edu/~jlindo/,https://ideas.repec.org/f/pli492.html,eligible,0,,3701.0,3688.0,RePEc
pva19,Philippe Van Kerm,Université du Luxembourg,http://prophil.vankerm.net,https://ideas.repec.org/e/pva19.html,eligible,0,,,3689.0,RePEc
pmo818,Claudio Morana,Università degli Studi di Milano-Bicocca,https://sites.google.com/unimib.it/claudio-morana,https://ideas.repec.org/f/pmo818.html,eligible,0,,3690.0,,RePEc
pcr65,Leopoldo Eduardo Cárdenas-Barrón,"Instituto Tecnológico y de Estudios Superiores de Monterrey, Campus Monterrey. Industrial and Systems Engineering Department",https://research.tec.mx/vivo-tec/display/PID_868,https://ideas.repec.org/e/pcr65.html,eligible,0,,,3690.0,RePEc
pbe826,Mark C. Berger,,http://en.wikipedia.org/wiki/Mark_Berger_%28economist%29,https://ideas.repec.org/f/pbe826.html,deceased,0,,3691.0,,RePEc
pfa394,Roberto N. Fattal Jaef,World Bank Group,https://sites.google.com/site/rfjucla/,https://ideas.repec.org/f/pfa394.html,eligible,0,,,3691.0,RePEc
pch123,Gregory Chow,Princeton University,http://www.princeton.edu/~gchow,https://ideas.repec.org/e/pch123.html,eligible,0,,3692.0,,RePEc
pmy7,David Peter Myatt,London Business School (LBS),http://www.dpmyatt.org/,https://ideas.repec.org/e/pmy7.html,eligible,0,,3693.0,,RePEc
pya307,Jui-Chung Yang,National Taiwan University,https://sites.google.com/site/juichungyang/,https://ideas.repec.org/f/pya307.html,eligible,0,,,3693.0,RePEc
pva152,Dominique van de Walle,World Bank Group,,https://ideas.repec.org/e/pva152.html,eligible,0,,3694.0,,RePEc
ped67,Stefan Ederer,Österreichisches Institut für Wirtschaftsforschung (WIFO),,https://ideas.repec.org/e/ped67.html,eligible,0,,,3694.0,RePEc
ppa107,Nigel Pain,Organisation de Coopération et de Développement Économiques (OCDE),,https://ideas.repec.org/e/ppa107.html,eligible,0,,3695.0,,RePEc
pwe22,Frank Westerhoff,Otto-Friedrich Universität Bamberg,,https://ideas.repec.org/e/pwe22.html,eligible,0,,3697.0,,RePEc
phu15,Kevin X.d. Huang,Vanderbilt University,http://www.vanderbilt.edu/econ/faculty/huang.html,https://ideas.repec.org/e/phu15.html,eligible,0,,3698.0,,RePEc
pda315,Olivier Damette,Bureau d'Économie Théorique et Appliquée (BETA),http://sites.google.com/site/olivierdamette/,https://ideas.repec.org/f/pda315.html,eligible,0,,,3698.0,RePEc
pkn65,Michael C. Knaus,Eberhard-Karls-Universität Tübingen,https://mcknaus.github.io/,https://ideas.repec.org/e/pkn65.html,eligible,0,,,3699.0,RePEc
pla48,William D Lastrapes,University of Georgia,https://sites.google.com/view/wdlastrapes/home,https://ideas.repec.org/e/pla48.html,eligible,0,,3700.0,,RePEc
pwi103,Clevo Wilson,Queensland University of Technology,,https://ideas.repec.org/e/pwi103.html,eligible,0,,,3700.0,RePEc
pna79,Makoto Nakajima,Federal Reserve Bank of Philadelphia,https://sites.google.com/view/makotonakajima/home,https://ideas.repec.org/e/pna79.html,eligible,0,,,3701.0,RePEc
pba20,John Barron,Purdue University,,https://ideas.repec.org/e/pba20.html,eligible,0,,3702.0,,RePEc
pga14,Francisco A. Gallego,Pontificia Universidad Católica de Chile,https://sites.google.com/view/franciscoagallego,https://ideas.repec.org/e/pga14.html,eligible,0,,3703.0,,RePEc
pye2,Aaron Yelowitz,University of Kentucky,http://www.yelowitz.com,https://ideas.repec.org/e/pye2.html,eligible,0,,,3703.0,RePEc
ply3,Lisa Lynch,Brandeis University,https://www.brandeis.edu/facultyguide/person.html?emplid=c68be5f10489adb925c37f876bcdbd52b969987b,https://ideas.repec.org/e/ply3.html,eligible,0,,3704.0,,RePEc
pch208,Paul Charles Cheshire,University of London → London School of Economics and Political Science (LSE) - Department of Geography & Environment,https://www.lse.ac.uk/geography-and-environment/people/academic-staff/paul-cheshire,https://ideas.repec.org/f/pch208.html,eligible,0,,3706.0,,RePEc
pso242,Francesco Sobbrio,"Università degli Studi di Roma ""Tor Vergata""",http://sites.google.com/site/francescosobbrio/,https://ideas.repec.org/f/pso242.html,eligible,0,,,3706.0,RePEc
plu116,Jingfeng Lu,National University of Singapore (NUS),http://www.fas.nus.edu.sg/ecs/people/profile/ecsljf.html,https://ideas.repec.org/e/plu116.html,eligible,0,,,3707.0,RePEc
pwh5,Eugene White,Rutgers University-New Brunswick,http://econweb.rutgers.edu/white/,https://ideas.repec.org/e/pwh5.html,eligible,0,,3708.0,,RePEc
pwa444,Martin Watzinger,Universität Münster,http://martin-watzinger.com,https://ideas.repec.org/f/pwa444.html,eligible,0,,,3708.0,RePEc
leonid-hurwicz,Leonid Hurwicz,,,,won,2007,,,,Nobel Prize
thomas-schelling,Thomas C. Schelling,,,,won,2005,,,,Nobel Prize
robert-mundell,Robert Mundell,,,,won,1999,,,,Nobel Prize
trygve-haavelmo,Trygve Haavelmo,,,,won,1989,,,,Nobel Prize
maurice-allais,Maurice Allais,,,,won,1988,,,,Nobel Prize
richard-stone,Richard Stone,,,,won,1984,,,,Nobel Prize
gerard-debreu,Gerard Debreu,,,,won,1983,,,,Nobel Prize
sir-lewis,Sir Arthur Lewis,,,,won,1979,,,,Nobel Prize
bertil-ohlin,Bertil Ohlin,,,,won,1977,,,,Nobel Prize
james-meade,James E. Meade,,,,won,1977,,,,Nobel Prize
leonid-kantorovich,Leonid Vitaliyevich Kantorovich,,,,won,1975,,,,Nobel Prize
tjalling-koopmans,Tjalling C. Koopmans,,,,won,1975,,,,Nobel Prize
friedrich-hayek,Friedrich von Hayek,,,,won,1974,,,,Nobel Prize
gunnar-myrdal,Gunnar Myrdal,,,,won,1974,,,,Nobel Prize
wassily-leontief,Wassily Leontief,,,,won,1973,,,,Nobel Prize
jan-tinbergen,Jan Tinbergen,,,,won,1969,,,,Nobel Prize
ragnar-frisch,Ragnar Frisch,,,,won,1969,,,,Nobel Prize
