repec_id,name,institution,deceased,rank_all_years,rank_last_10_years,profile_url
psh93,Andrei Shleifer,Harvard University,False,1,79,https://ideas.repec.org/e/psh93.html
pac16,Daron Acemoglu,Massachusetts Institute of Technology (MIT),False,2,1,https://ideas.repec.org/e/pac16.html
phe22,James J. Heckman,University of Chicago,False,3,71,https://ideas.repec.org/e/phe22.html
pst33,Joseph Stiglitz,,False,4,117,https://ideas.repec.org/e/pst33.html
pti33,Jean Tirole,Toulouse School of Economics (TSE),False,5,83,https://ideas.repec.org/e/pti33.html
pba251,Robert J. Barro,Harvard University,False,6,54,https://ideas.repec.org/f/pba251.html
pli176,John List,University of Chicago,False,7,13,https://ideas.repec.org/e/pli176.html
pph8,Peter C. B. Phillips,,False,8,96,https://ideas.repec.org/e/pph8.html
pfa110,"Eugene F. Fama, Sr.",University of Chicago,False,9,,https://ideas.repec.org/e/pfa110.html
pca271,David E. Card,,False,10,56,https://ideas.repec.org/f/pca271.html
pca54,John Y. Campbell,Harvard University,False,11,1571,https://ideas.repec.org/e/pca54.html
ppe34,Mohammad Hashem Pesaran,University of Southern California,False,12,361,https://ideas.repec.org/e/ppe34.html
pal207,Alberto Alesina,,True,13,107,https://ideas.repec.org/f/pal207.html
pbl2,Olivier Blanchard,Paris School of Economics,False,14,65,https://ideas.repec.org/e/pbl2.html
pag175,Philippe Aghion,London School of Economics (LSE),False,15,438,https://ideas.repec.org/e/pag175.html
pro164,Kenneth S Rogoff,Harvard University,False,16,72,https://ideas.repec.org/e/pro164.html
pbe29,Gary S. Becker,,True,17,,https://ideas.repec.org/e/pbe29.html
pbl81,Richard Blundell,University College London (UCL),False,18,339,https://ideas.repec.org/e/pbl81.html
plu15,"Robert E. Lucas, Jr.",,True,19,,https://ideas.repec.org/e/plu15.html
pfe112,Martin S. Feldstein,,True,20,,https://ideas.repec.org/e/pfe112.html
pen9,Robert F. Engle,,False,21,288,https://ideas.repec.org/e/pen9.html
pni111,Peter Nijkamp,Tinbergen Instituut,False,22,486,https://ideas.repec.org/e/pni111.html
pbe55,Ben S. Bernanke,Brookings Institution,False,23,248,https://ideas.repec.org/e/pbe55.html
pbl55,Nicholas Bloom,Stanford University,False,24,10,https://ideas.repec.org/e/pbl55.html
pgu80,Rangan Gupta,University of Pretoria,False,25,5,https://ideas.repec.org/e/pgu80.html
pei2,Barry Eichengreen,University of California-Berkeley,False,26,121,https://ideas.repec.org/e/pei2.html
pge11,Mark Gertler,New York University (NYU),False,27,638,https://ideas.repec.org/e/pge11.html
pfr33,Kenneth French,Dartmouth College,False,28,2254,https://ideas.repec.org/e/pfr33.html
ple61,Ross Levine,Hoover Institution on War Revolution & Peace,False,29,249,https://ideas.repec.org/e/ple61.html
pwo39,Jeffrey Wooldridge,Michigan State University,False,30,70,https://ideas.repec.org/e/pwo39.html
pje57,Michael C. Jensen,,True,31,,https://ideas.repec.org/e/pje57.html
pkr63,Alan B. Krueger,,True,32,652,https://ideas.repec.org/e/pkr63.html
pim4,Guido Imbens,Stanford University,False,33,28,https://ideas.repec.org/e/pim4.html
pau9,David Autor,Massachusetts Institute of Technology (MIT),False,34,19,https://ideas.repec.org/e/pau9.html
psu137,Lawrence H. Summers,,False,35,316,https://ideas.repec.org/e/psu137.html
pva45,John van Reenen,London School of Economics (LSE),False,36,17,https://ideas.repec.org/e/pva45.html
pvi218,Robert W. Vishny,University of Chicago,False,37,,https://ideas.repec.org/f/pvi218.html
pas114,Simplice A. Asongu,African Governance and Development Institute (AGDI),False,38,7,https://ideas.repec.org/e/pas114.html
pka266,Lawrence F. Katz,Harvard University,False,39,89,https://ideas.repec.org/f/pka266.html
pst226,René M. Stulz,Ohio State University,False,40,579,https://ideas.repec.org/f/pst226.html
pan29,Joshua D Angrist,Massachusetts Institute of Technology (MIT),False,41,264,https://ideas.repec.org/e/pan29.html
pra149,Raghuram G. Rajan,University of Chicago,False,42,1117,https://ideas.repec.org/e/pra149.html
pha128,Robert Hall,Stanford University,False,43,482,https://ideas.repec.org/e/pha128.html
pre33,Carmen Reinhart,Harvard University,False,44,94,https://ideas.repec.org/e/pre33.html
phe205,Elhanan Helpman,Harvard University,False,45,1114,https://ideas.repec.org/f/phe205.html
psa83,Thomas Sargent,,False,46,347,https://ideas.repec.org/e/psa83.html
pwo3,Michael Woodford,Columbia University,False,47,206,https://ideas.repec.org/e/pwo3.html
pst148,James H. Stock,Harvard University,False,48,218,https://ideas.repec.org/e/pst148.html
pfu49,Drew Fudenberg,Massachusetts Institute of Technology (MIT),False,49,442,https://ideas.repec.org/e/pfu49.html
pro60,Dani Rodrik,Harvard University,False,50,95,https://ideas.repec.org/e/pro60.html
pbe46,Timothy Besley,London School of Economics (LSE),False,51,191,https://ideas.repec.org/e/pbe46.html
pob13,Maurice Obstfeld,University of California-Berkeley,False,52,345,https://ideas.repec.org/e/pob13.html
pkr10,Paul Krugman,Princeton University,False,53,,https://ideas.repec.org/e/pkr10.html
psa117,Emmanuel Saez,University of California-Berkeley,False,54,44,https://ideas.repec.org/e/psa117.html
pne241,Whitney Newey,Massachusetts Institute of Technology (MIT),False,55,285,https://ideas.repec.org/f/pne241.html
pma131,N. Gregory Mankiw,Harvard University,False,56,3478,https://ideas.repec.org/e/pma131.html
pgl9,Edward Ludwig Glaeser,,False,57,227,https://ideas.repec.org/e/pgl9.html
pdi1,Francis Diebold,University of Pennsylvania,False,58,1731,https://ideas.repec.org/e/pdi1.html
pwa582,Mark W. Watson,Princeton University,False,59,395,https://ideas.repec.org/f/pwa582.html
pde30,Angus Deaton,University of Southern California,False,60,775,https://ideas.repec.org/e/pde30.html
pdu166,Esther Duflo,Massachusetts Institute of Technology (MIT),False,61,244,https://ideas.repec.org/e/pdu166.html
par4,Manuel Arellano,Centro de Estudios Monetarios y Financieros (CEMFI),False,62,,https://ideas.repec.org/e/par4.html
pzi101,Luigi Zingales,University of Chicago,False,63,844,https://ideas.repec.org/e/pzi101.html
pan30,Donald W. K. Andrews,Yale University,False,64,,https://ideas.repec.org/e/pan30.html
pba1710,Abhijit Banerjee,Massachusetts Institute of Technology (MIT),False,65,101,https://ideas.repec.org/f/pba1710.html
ppr10,Edward C. Prescott,,True,66,,https://ideas.repec.org/e/ppr10.html
psi12,Christopher Sims,,True,67,,https://ideas.repec.org/e/psi12.html
pha303,Lars Peter Hansen,University of Chicago,False,68,1423,https://ideas.repec.org/f/pha303.html
pfr12,Jeffrey Alexander Frankel,Harvard University,False,69,,https://ideas.repec.org/e/pfr12.html
pch161,Raj Chetty,Harvard University,False,70,31,https://ideas.repec.org/e/pch161.html
pha231,John Haltiwanger,University of Maryland,False,71,84,https://ideas.repec.org/f/pha231.html
pbo66,Tim Bollerslev,Duke University,False,72,1784,https://ideas.repec.org/e/pbo66.html
pfr23,Richard B. Freeman,,False,73,602,https://ideas.repec.org/e/pfr23.html
pbe697,Marianne Bertrand,University of Chicago,False,74,147,https://ideas.repec.org/f/pbe697.html
psh375,Muhammad Shahbaz,Beijing Institute of Technology,False,75,3,https://ideas.repec.org/f/psh375.html
pta174,John B. Taylor,,False,76,,https://ideas.repec.org/e/pta174.html
pcu13,Janet Currie,Yale University,False,77,46,https://ideas.repec.org/e/pcu13.html
ppo19,James Poterba,Massachusetts Institute of Technology (MIT),False,78,,https://ideas.repec.org/e/ppo19.html
pma111,Charles Manski,Northwestern University,False,79,330,https://ideas.repec.org/e/pma111.html
pfe29,Ernst Fehr,Universität Zürich,False,80,413,https://ideas.repec.org/e/pfe29.html
psh69,Robert J. Shiller,,False,81,1879,https://ideas.repec.org/e/psh69.html
ptu5,Stephen J Turnovsky,University of Washington,False,82,,https://ideas.repec.org/e/ptu5.html
pgr55,Clive W. J. Granger,,True,83,,https://ideas.repec.org/e/pgr55.html
pak7,George A. Akerlof,University of California-Berkeley,False,84,,https://ideas.repec.org/e/pak7.html
pst43,Jeremy Stein,National Bureau of Economic Research (NBER),False,85,1873,https://ideas.repec.org/e/pst43.html
pka60,Daniel Kahneman,,True,86,,https://ideas.repec.org/e/pka60.html
pme203,Robert C. Merton,Massachusetts Institute of Technology (MIT),False,87,,https://ideas.repec.org/f/pme203.html
pbo44,George Borjas,,False,88,1134,https://ideas.repec.org/e/pbo44.html
pmi34,Paul Milgrom,Stanford University,False,89,2393,https://ideas.repec.org/e/pmi34.html
pei4,Martin Eichenbaum,Northwestern University,False,90,255,https://ideas.repec.org/e/pei4.html
pla273,Rafael La Porta,National Bureau of Economic Research (NBER),False,91,,https://ideas.repec.org/f/pla273.html
pth67,Richard H. Thaler,University of Chicago,False,92,,https://ideas.repec.org/e/pth67.html
pha893,Jerry A. Hausman,Massachusetts Institute of Technology (MIT),False,93,,https://ideas.repec.org/f/pha893.html
pro45,Paul Michael Romer,New York University (NYU),False,94,,https://ideas.repec.org/e/pro45.html
pau33,Alan Auerbach,University of California-Berkeley,False,95,391,https://ideas.repec.org/e/pau33.html
pgo175,Yuriy Gorodnichenko,University of California-Berkeley,False,96,2,https://ideas.repec.org/e/pgo175.html
pga43,Jordi Galí,Barcelona School of Economics (BSE),False,97,737,https://ideas.repec.org/e/pga43.html
pmu103,Sendhil Mullainathan,University of Chicago,False,98,78,https://ideas.repec.org/e/pmu103.html
pgo601,Claudia Goldin,Harvard University,False,99,477,https://ideas.repec.org/f/pgo601.html
pch45,Lawrence J. Christiano,Northwestern University,False,100,3396,https://ideas.repec.org/e/pch45.html
plo137,Florencio Lopez-de-Silanes,SKEMA Business School,False,101,,https://ideas.repec.org/e/plo137.html
ple26,David Levine,,False,102,1233,https://ideas.repec.org/e/ple26.html
pdi24,Peter A. Diamond,Massachusetts Institute of Technology (MIT),False,103,,https://ideas.repec.org/e/pdi24.html
pki110,Lutz Kilian,Federal Reserve Bank of Dallas,False,104,87,https://ideas.repec.org/e/pki110.html
pmc90,Michael McAleer,,True,105,417,https://ideas.repec.org/e/pmc90.html
psv2,Lars E.o. Svensson,Stockholm School of Economics,False,106,1100,https://ideas.repec.org/e/psv2.html
pha60,James Hamilton,University of California-San Diego (UCSD),False,107,241,https://ideas.repec.org/e/pha60.html
pca44,Ricardo J Caballero,Massachusetts Institute of Technology (MIT),False,108,173,https://ideas.repec.org/e/pca44.html
pra29,Martin Ravallion,,True,109,483,https://ideas.repec.org/e/pra29.html
pde226,Asli Demirguc-Kunt,World Bank Group,False,110,645,https://ideas.repec.org/f/pde226.html
pgr23,Zvi Griliches,,True,111,,https://ideas.repec.org/e/pgr23.html
pgr21,Gene Grossman,,False,112,1665,https://ideas.repec.org/e/pgr21.html
pga46,Oded Galor,Brown University,False,113,836,https://ideas.repec.org/e/pga46.html
pdi79,Avinash Kamalakar Dixit,Princeton University,False,114,,https://ideas.repec.org/e/pdi79.html
pha102,Campbell Harvey,Duke University,False,115,423,https://ideas.repec.org/e/pha102.html
pne16,David Neumark,University of California-Irvine,False,116,234,https://ideas.repec.org/e/pne16.html
psh692,Hyun Song Shin,Bank of Korea,False,117,212,https://ideas.repec.org/f/psh692.html
pfi391,Stanley Fischer,,True,118,,https://ideas.repec.org/f/pfi391.html
pfr6,Bruno S. Frey,Center for Research in Economics,False,119,2388,https://ideas.repec.org/e/pfr6.html
pme260,Marc J. Melitz,Harvard University,False,120,1360,https://ideas.repec.org/f/pme260.html
pla174,Luc Laeven,European Central Bank,False,121,182,https://ideas.repec.org/e/pla174.html
pac33,Viral V. Acharya,New York University (NYU),False,122,157,https://ideas.repec.org/e/pac33.html
pca694,Guillermo Calvo,Columbia University,False,123,,https://ideas.repec.org/f/pca694.html
pto90,Richard S.j. Tol,University of Sussex,False,124,193,https://ideas.repec.org/e/pto90.html
pro40,Alvin Roth,Stanford University,False,125,1819,https://ideas.repec.org/e/pro40.html
pro179,James Alan Robinson,University of Chicago,False,126,2442,https://ideas.repec.org/e/pro179.html
pta37,Guido Tabellini,Università Commerciale Luigi Bocconi,False,127,558,https://ideas.repec.org/e/pta37.html
pbe266,Thorsten Beck,European University Institute,False,128,885,https://ideas.repec.org/f/pbe266.html
ple60,Josh Lerner,Harvard University,False,129,531,https://ideas.repec.org/e/ple60.html
pfe116,Robert C. Feenstra,University of California-Davis,False,130,807,https://ideas.repec.org/e/pfe116.html
pwh17,Halbert White,,True,131,,https://ideas.repec.org/e/pwh17.html
pre64,Stephen James Redding,,False,132,38,https://ideas.repec.org/e/pre64.html
pwe175,Martin L. Weitzman,,True,133,,https://ideas.repec.org/e/pwe175.html
pda15,Steven Davis,Hoover Institution on War Revolution & Peace,False,134,49,https://ideas.repec.org/e/pda15.html
pbl41,Alan S. Blinder,Princeton University,False,135,1587,https://ideas.repec.org/e/pbl41.html
pgu58,Luigi Guiso,Istituto Einaudi per l'Economia e la Finanza (EIEF),False,136,171,https://ideas.repec.org/e/pgu58.html
ppa20,Ariel Pakes,Harvard University,False,137,988,https://ideas.repec.org/e/ppa20.html
ppe32,Pierre Perron,Boston University,False,138,2242,https://ideas.repec.org/e/ppe32.html
pha80,Gordon Hanson,Harvard University,False,139,276,https://ideas.repec.org/e/pha80.html
pro406,David Romer,University of California-Berkeley,False,140,1055,https://ideas.repec.org/f/pro406.html
pwe16,Kenneth D. West,University of Wisconsin-Madison,False,141,,https://ideas.repec.org/e/pwe16.html
pla164,David Laibson,Harvard University,False,142,760,https://ideas.repec.org/e/pla164.html
pjo24,Charles I. Jones,Stanford University,False,143,74,https://ideas.repec.org/e/pjo24.html
pga174,Xavier Gabaix,Harvard University,False,144,752,https://ideas.repec.org/e/pga174.html
pco57,John H. Cochrane,Hoover Institution on War Revolution & Peace,False,145,2374,https://ideas.repec.org/e/pco57.html
pla127,Jean-Jacques Laffont,,True,146,,https://ideas.repec.org/e/pla127.html
psa57,Paul A. Samuelson,,True,147,,https://ideas.repec.org/e/psa57.html
pha222,Oliver D. Hart,Harvard University,False,148,,https://ideas.repec.org/f/pha222.html
pkr20,Michael Kremer,University of Chicago,False,149,1493,https://ideas.repec.org/e/pkr20.html
pja7,Matthew O. Jackson,Stanford University,False,150,306,https://ideas.repec.org/e/pja7.html
pjo20,Boyan Jovanovic,New York University (NYU),False,151,1884,https://ideas.repec.org/e/pjo20.html
pwe20,Shang-Jin Wei,Fudan University,False,152,453,https://ideas.repec.org/e/pwe20.html
pdu341,Darrell Duffie,Stanford University,False,153,402,https://ideas.repec.org/f/pdu341.html
pro53,Richard Rogerson,Princeton University,False,154,231,https://ideas.repec.org/e/pro53.html
pno115,William D. Nordhaus,Yale University,False,155,517,https://ideas.repec.org/e/pno115.html
pgi173,Luis Alberiko Gil-Alana,Universidad de Navarra,False,156,110,https://ideas.repec.org/e/pgi173.html
pro71,Andrew Rose,University of California-Berkeley,False,157,1528,https://ideas.repec.org/e/pro71.html
psi146,Hans-Werner Sinn,ifo Institut - Leibniz-Institut für Wirtschaftsforschung an der Universität München e.V.,False,158,,https://ideas.repec.org/e/psi146.html
pha54,Bronwyn H Hall,University of California-Berkeley,False,159,,https://ideas.repec.org/e/pha54.html
pmi37,Frederic Mishkin,Columbia University,False,160,,https://ideas.repec.org/e/pmi37.html
psl10,Joel Slemrod,University of Michigan,False,161,220,https://ideas.repec.org/e/psl10.html
pro558,Mark Rosenzweig,Yale University,False,162,3234,https://ideas.repec.org/f/pro558.html
puh1,Harald Uhlig,University of Chicago,False,163,233,https://ideas.repec.org/e/puh1.html
pke18,Michael P Keane,UNSW Sydney,False,164,834,https://ideas.repec.org/e/pke18.html
pai8,Joshua Aizenman,University of Southern California,False,165,1027,https://ideas.repec.org/e/pai8.html
pho488,Bengt Holmstrom,Massachusetts Institute of Technology (MIT),False,166,,https://ideas.repec.org/f/pho488.html
pmi748,Jacob Mincer,,True,167,,https://ideas.repec.org/f/pmi748.html
pma110,Stephen Machin,London School of Economics (LSE),False,168,256,https://ideas.repec.org/e/pma110.html
pfa207,Emmanuel Farhi,,True,169,14,https://ideas.repec.org/f/pfa207.html
pth14,Jacques Thisse,Université Catholique de Louvain,False,170,2660,https://ideas.repec.org/e/pth14.html
pbe81,B. Douglas Bernheim,Stanford University,False,171,980,https://ideas.repec.org/e/pbe81.html
ppi12,Christopher A Pissarides,London School of Economics (LSE),False,172,,https://ideas.repec.org/e/ppi12.html
pla64,Edward Lazear,,True,173,,https://ideas.repec.org/e/pla64.html
pjo44,Simon Johnson,,False,174,,https://ideas.repec.org/e/pjo44.html
pba53,Jushan Bai,Columbia University,False,175,1347,https://ideas.repec.org/e/pba53.html
pdu62,Christian Dustmann,University College London (UCL),False,176,88,https://ideas.repec.org/e/pdu62.html
pha78,Daniel Hamermesh,University of Texas-Austin,False,177,912,https://ideas.repec.org/e/pha78.html
pha97,Eric Hanushek,Hoover Institution on War Revolution & Peace,False,178,1732,https://ideas.repec.org/e/pha97.html
pmo392,Enrico Moretti,University of California-Berkeley,False,179,266,https://ideas.repec.org/f/pmo392.html
pki21,Robert King,Boston University,False,180,,https://ideas.repec.org/e/pki21.html
pat36,Anthony Barnes Atkinson,,True,181,3697,https://ideas.repec.org/e/pat36.html
pvi149,Xavier Vives,Universidad de Navarra,False,182,615,https://ideas.repec.org/e/pvi149.html
pab7,Alberto Abadie,Massachusetts Institute of Technology (MIT),False,183,48,https://ideas.repec.org/e/pab7.html
pme144,Costas Meghir,Yale University,False,184,542,https://ideas.repec.org/e/pme144.html
pbe52,Geert Bekaert,Columbia University,False,185,899,https://ideas.repec.org/e/pbe52.html
pma498,Eric S. Maskin,Harvard University,False,186,,https://ideas.repec.org/f/pma498.html
pro58,Sherwin Rosen,,True,187,,https://ideas.repec.org/e/pro58.html
pat6,Susan Athey,Stanford University,False,188,11,https://ideas.repec.org/e/pat6.html
pni25,Stephen Nickell,Oxford University,False,189,,https://ideas.repec.org/e/pni25.html
pjo35,Soren Johansen,Københavns Universitet,False,190,,https://ideas.repec.org/e/pjo35.html
pja49,Adam Jaffe,Motu: Economic & Public Policy Research,False,191,2296,https://ideas.repec.org/e/pja49.html
pmc29,David Mckenzie,World Bank Group,False,192,167,https://ideas.repec.org/e/pmc29.html
pch864,Victor Chernozhukov,Massachusetts Institute of Technology (MIT),False,193,37,https://ideas.repec.org/f/pch864.html
pke4,Patrick J. Kehoe,Stanford University,False,194,1470,https://ideas.repec.org/e/pke4.html
pha532,Iftekhar Hasan,Fordham University,False,195,137,https://ideas.repec.org/f/pha532.html
ple551,Chien-Chiang Lee,City University of Macao,False,196,8,https://ideas.repec.org/f/ple551.html
phi20,David Hirshleifer,University of Southern California,False,197,204,https://ideas.repec.org/e/phi20.html
psc166,Friedrich Georg Schneider,Johannes-Kepler-Universität Linz,False,198,519,https://ideas.repec.org/e/psc166.html
psh557,Yongcheol Shin,University of York,False,199,1195,https://ideas.repec.org/f/psh557.html
pas9,Orley Ashenfelter,Princeton University,False,200,,https://ideas.repec.org/e/pas9.html
pta46,Alan M. Taylor,Columbia University,False,201,215,https://ideas.repec.org/e/pta46.html
pqi76,Lin Boqiang,Xiamen University,False,202,4,https://ideas.repec.org/e/pqi76.html
ppi17,Thomas Piketty,Paris School of Economics,False,203,50,https://ideas.repec.org/e/ppi17.html
pso18,Robert M. Solow,,True,204,,https://ideas.repec.org/e/pso18.html
pli253,Oliver Bruce Linton,University of Cambridge,False,205,291,https://ideas.repec.org/f/pli253.html
pti107,Aviral Kumar Tiwari,Indian Institute of Management Bodh Gaya (IIMBG),False,206,21,https://ideas.repec.org/e/pti107.html
pan31,James Andreoni,University of California-San Diego (UCSD),False,207,3025,https://ideas.repec.org/e/pan31.html
pho22,Peter Howitt,Brown University,False,208,,https://ideas.repec.org/e/pho22.html
pgo50,Robert J. Gordon,,False,209,,https://ideas.repec.org/e/pgo50.html
pre4,Sergio Rebelo,,False,210,1953,https://ideas.repec.org/e/pre4.html
pcl16,Stijn Claessens,Yale University,False,211,370,https://ideas.repec.org/e/pcl16.html
pwe24,David Weil,Brown University,False,212,1350,https://ideas.repec.org/e/pwe24.html
pon1,Steven Ongena,Universität Zürich,False,213,45,https://ideas.repec.org/e/pon1.html
ped3,Sebastian Edwards,University of California-Los Angeles (UCLA),False,214,,https://ideas.repec.org/e/ped3.html
pmi499,Edward Andrew Miguel,University of California-Berkeley,False,215,131,https://ideas.repec.org/f/pmi499.html
pbe359,Allen N. Berger,Federal Reserve Board (Board of Governors of the Federal Reserve System),False,216,,https://ideas.repec.org/f/pbe359.html
png6,Serena Ng,Columbia University,False,217,639,https://ideas.repec.org/e/png6.html
pze7,Richard Zeckhauser,National Bureau of Economic Research (NBER),False,218,1839,https://ideas.repec.org/e/pze7.html
pmo9,Stephen Morris,Massachusetts Institute of Technology (MIT),False,219,322,https://ideas.repec.org/e/pmo9.html
pba92,William Baumol,,True,220,,https://ideas.repec.org/e/pba92.html
pbe27,Roland Benabou,,False,221,3315,https://ideas.repec.org/e/pbe27.html
pal266,Joseph G. Altonji,Yale University,False,222,2566,https://ideas.repec.org/f/pal266.html
ple92,Thomas Lemieux,University of British Columbia,False,223,1519,https://ideas.repec.org/e/ple92.html
pbr31,Markus K. Brunnermeier,Princeton University,False,224,245,https://ideas.repec.org/e/pbr31.html
pgr38,Michael Greenstone,University of Chicago,False,225,158,https://ideas.repec.org/e/pgr38.html
ple59,Steven Levitt,University of Chicago,False,226,,https://ideas.repec.org/e/ple59.html
ppe210,Giovanni Peri,University of California-Davis,False,227,159,https://ideas.repec.org/f/ppe210.html
pgr108,Sanford Jay Grossman,,False,228,,https://ideas.repec.org/e/pgr108.html
phe30,J. Vernon Henderson,London School of Economics (LSE),False,229,465,https://ideas.repec.org/e/phe30.html
pgn18,Uri Gneezy,University of California-San Diego (UCSD),False,230,480,https://ideas.repec.org/e/pgn18.html
par7,Kenneth J. Arrow,,True,231,,https://ideas.repec.org/e/par7.html
pwr2,Randall Wright,University of Wisconsin-Madison,False,232,713,https://ideas.repec.org/e/pwr2.html
pch205,Gary Charness,,True,233,382,https://ideas.repec.org/f/pch205.html
pdo31,Rüdiger Dornbusch,,True,234,,https://ideas.repec.org/e/pdo31.html
pfa48,Armin Falk,Rheinische Friedrich-Wilhelms-Universität Bonn,False,235,102,https://ideas.repec.org/e/pfa48.html
pro30,Julio Rotemberg,,True,236,,https://ideas.repec.org/e/pro30.html
pea1,William Easterly,National Bureau of Economic Research (NBER),False,237,,https://ideas.repec.org/e/pea1.html
pro131,Andrés Rodríguez-Pose,London School of Economics (LSE),False,238,51,https://ideas.repec.org/e/pro131.html
pdu117,Steven N. Durlauf,University of Chicago,False,239,2917,https://ideas.repec.org/e/pdu117.html
pot15,Gianmarco I.p. Ottaviano,Università Commerciale Luigi Bocconi,False,240,608,https://ideas.repec.org/e/pot15.html
pwo29,Ludger Woessmann,ifo Institut - Leibniz-Institut für Wirtschaftsforschung an der Universität München e.V.,False,241,290,https://ideas.repec.org/e/pwo29.html
pma443,Thierry Mayer,Sciences Po,False,242,294,https://ideas.repec.org/f/pma443.html
pve7,Anthony J. Venables,Oxford University,False,243,1733,https://ideas.repec.org/e/pve7.html
pmc4,Bennett T. McCallum,,True,244,,https://ideas.repec.org/e/pmc4.html
pst282,Robert F. Stambaugh,University of Pennsylvania,False,245,307,https://ideas.repec.org/f/pst282.html
pmo48,Robert Moffitt,Johns Hopkins University,False,246,914,https://ideas.repec.org/e/pmo48.html
pwr24,Mike Wright,,True,247,326,https://ideas.repec.org/e/pwr24.html
pbo243,Michael David Bordo,Rutgers University-New Brunswick,False,248,1042,https://ideas.repec.org/f/pbo243.html
pkl2,Pete Klenow,Stanford University,False,249,893,https://ideas.repec.org/e/pkl2.html
pzo17,Heng-fu Zou,Central University of Finance and Economics (CUFE),False,250,97,https://ideas.repec.org/e/pzo17.html
pha79,Bruce E. Hansen,University of Wisconsin-Madison,False,251,3335,https://ideas.repec.org/e/pha79.html
pvi69,W Kip Viscusi,Vanderbilt University,False,252,1264,https://ideas.repec.org/e/pvi69.html
pbe285,Jere Richard Behrman,University of Pennsylvania,False,253,1606,https://ideas.repec.org/f/pbe285.html
pro1047,Stephen A. Ross,,True,254,,https://ideas.repec.org/f/pro1047.html
pra660,Matthew Rabin,University of California-Berkeley,False,255,,https://ideas.repec.org/f/pra660.html
pea5,Jonathan Eaton,,True,256,3103,https://ideas.repec.org/e/pea5.html
pva185,Frederick,Oxford University,False,257,312,https://ideas.repec.org/e/pva185.html
peg11,Peter H. Egger,Eidgenössische Technische Hochschule Zürich (ETHZ),False,258,570,https://ideas.repec.org/e/peg11.html
ppe28,Torsten Persson,Centre for Economic Policy Research (CEPR),False,259,,https://ideas.repec.org/e/ppe28.html
pjo23,Dale Jorgenson,,True,260,,https://ideas.repec.org/e/pjo23.html
pau27,David B. Audretsch,Indiana University,False,261,,https://ideas.repec.org/e/pau27.html
pra388,Assaf Razin,,False,262,2986,https://ideas.repec.org/f/pra388.html
ppi130,Robert S. Pindyck,Massachusetts Institute of Technology (MIT),False,263,,https://ideas.repec.org/e/ppi130.html
pko44,Laurence Kotlikoff,Boston University,False,264,,https://ideas.repec.org/e/pko44.html
pco205,Olivier Coibion,University of Texas-Austin,False,265,15,https://ideas.repec.org/f/pco205.html
plu347,Annamaria Lusardi,Stanford University,False,266,504,https://ideas.repec.org/f/plu347.html
pos21,Andrew J. Oswald,University of Warwick,False,267,,https://ideas.repec.org/e/pos21.html
pra154,Valerie Ann Ramey,University of California-San Diego (UCSD),False,268,337,https://ideas.repec.org/e/pra154.html
ppe73,Pierre Pestieau,Université Catholique de Louvain,False,269,1840,https://ideas.repec.org/e/ppe73.html
psm33,Frank Rafael Smets,Bank for International Settlements (BIS),False,270,797,https://ideas.repec.org/e/psm33.html
pep2,Larry Epstein,McGill University,False,271,,https://ideas.repec.org/e/pep2.html
pzi13,Klaus F. Zimmermann,Global Labor Organization (GLO),False,272,2726,https://ideas.repec.org/e/pzi13.html
ple74,Lung-Fei Lee,Ohio State University,False,273,2628,https://ideas.repec.org/e/ple74.html
pat7,Orazio Attanasio,University College London (UCL),False,274,1112,https://ideas.repec.org/e/pat7.html
pve75,Thierry A. Verdier,Paris School of Economics,False,275,431,https://ideas.repec.org/e/pve75.html
pze5,Yves Zenou,Monash University,False,276,629,https://ideas.repec.org/e/pze5.html
phe33,David F. Hendry,Oxford University,False,277,1906,https://ideas.repec.org/e/phe33.html
pgr20,Jonathan Gruber,Massachusetts Institute of Technology (MIT),False,278,1826,https://ideas.repec.org/e/pgr20.html
pgr12,Jeremy Greenwood,University of Pennsylvania,False,279,1040,https://ideas.repec.org/e/pgr12.html
pdi80,Douglas W. Diamond,University of Chicago,False,280,,https://ideas.repec.org/e/pdi80.html
pmi73,Olivia S. Mitchell,National Bureau of Economic Research (NBER),False,281,561,https://ideas.repec.org/e/pmi73.html
pwi169,Jeffrey Gale Williamson,,True,282,,https://ideas.repec.org/e/pwi169.html
pnu17,Nathan Nunn,University of British Columbia,False,283,262,https://ideas.repec.org/e/pnu17.html
pba380,Mohsen Bahmani-Oskooee,University of Wisconsin,False,284,303,https://ideas.repec.org/f/pba380.html
pro57,Jean Charles Rochet,Toulouse School of Economics (TSE),False,285,,https://ideas.repec.org/e/pro57.html
pra6,Debraj Ray,New York University (NYU),False,286,575,https://ideas.repec.org/e/pra6.html
ppe174,Lasse Heje Pedersen,Copenhagen Business School,False,287,274,https://ideas.repec.org/e/ppe174.html
pme30,Enrique G. Mendoza,University of Pennsylvania,False,288,1889,https://ideas.repec.org/e/pme30.html
pti51,Sheridan Titman,University of Texas-Austin,False,289,,https://ideas.repec.org/e/pti51.html
pke127,William Kerr,Harvard University,False,290,573,https://ideas.repec.org/e/pke127.html
psh275,Carl Shapiro,University of California-Berkeley,False,291,3211,https://ideas.repec.org/f/psh275.html
pro120,David Malin Roodman,,False,292,1230,https://ideas.repec.org/e/pro120.html
pap95,Nicholas Apergis,,False,293,114,https://ideas.repec.org/e/pap95.html
pmc7,Daniel L. McFadden,University of Southern California,False,294,,https://ideas.repec.org/e/pmc7.html
pfr10,Milton Friedman,,True,295,,https://ideas.repec.org/e/pfr10.html
pma218,Alan Manning,London School of Economics (LSE),False,296,496,https://ideas.repec.org/f/pma218.html
ppa56,Marco Pagano,Centro Studi di Economia e Finanza (CSEF),False,297,736,https://ideas.repec.org/e/ppa56.html
pbe478,Andrew B. Bernard,Dartmouth College,False,298,1834,https://ideas.repec.org/f/pbe478.html
pka56,Dean Karlan,Northwestern University,False,299,366,https://ideas.repec.org/e/pka56.html
pne56,Richard R. Nelson,,True,300,,https://ideas.repec.org/e/pne56.html
psm12,Vernon L. Smith,Chapman University,False,301,,https://ideas.repec.org/e/psm12.html
pka41,Matthew Kahn,University of Southern California,False,302,242,https://ideas.repec.org/e/pka41.html
pmi415,Atif Mian,Princeton University,False,303,328,https://ideas.repec.org/f/pmi415.html
psa60,Gilles Saint-Paul,Paris School of Economics,False,304,3354,https://ideas.repec.org/e/psa60.html
psc26,Jose Scheinkman,Columbia University,False,305,,https://ideas.repec.org/e/psc26.html
pur9,Martin Uribe,National Bureau of Economic Research (NBER),False,306,3162,https://ideas.repec.org/e/pur9.html
psy13,Chad Syverson,University of Chicago,False,307,129,https://ideas.repec.org/e/psy13.html
pfi115,Urs Fischbacher,Universität Konstanz,False,308,,https://ideas.repec.org/e/pfi115.html
pde190,Jakob de Haan,Rijksuniversiteit Groningen,False,309,321,https://ideas.repec.org/e/pde190.html
pbe53,Jess Benhabib,New York University (NYU),False,310,975,https://ideas.repec.org/e/pbe53.html
pba9,Badi H. Baltagi,Syracuse University,False,311,864,https://ideas.repec.org/e/pba9.html
pth44,Anjan V. Thakor,Washington University in St. Louis,False,312,917,https://ideas.repec.org/e/pth44.html
ppi29,Jorn-Steffen Pischke,,False,313,3013,https://ideas.repec.org/e/ppi29.html
pde710,Stefano DellaVigna,University of California-Berkeley,False,314,104,https://ideas.repec.org/f/pde710.html
pmu108,Kevin M. Murphy,University of Chicago,False,315,,https://ideas.repec.org/e/pmu108.html
ple43,Arthur Lewbel,Boston College,False,316,860,https://ideas.repec.org/e/ple43.html
pba124,Richard Baldwin,International Institute for Management (IMD),False,317,1473,https://ideas.repec.org/e/pba124.html
pto99,Robert M. Townsend,University of Chicago,False,318,,https://ideas.repec.org/e/pto99.html
pan2,James Anderson,Boston College,False,319,2618,https://ideas.repec.org/e/pan2.html
pel10,Glenn Ellison,Massachusetts Institute of Technology (MIT),False,320,,https://ideas.repec.org/e/pel10.html
pdo10,Giovanni Dosi,Scuola Superiore Sant'Anna,False,321,324,https://ideas.repec.org/e/pdo10.html
pfu13,Clemens Fuest,ifo Institut - Leibniz-Institut für Wirtschaftsforschung an der Universität München e.V.,False,322,319,https://ideas.repec.org/e/pfu13.html
pru8,Ariel Rubinstein,,False,323,,https://ideas.repec.org/e/pru8.html
pal67,Franklin Allen,Imperial College,False,324,,https://ideas.repec.org/e/pal67.html
pca47,Colin Farrell Camerer,,False,325,820,https://ideas.repec.org/e/pca47.html
pwh8,John Whalley,University of Western Ontario,False,326,,https://ideas.repec.org/e/pwh8.html
pgi28,Simon Gilchrist,New York University (NYU),False,327,1552,https://ideas.repec.org/e/pgi28.html
pen14,Charles Engel,University of Wisconsin-Madison,False,328,1601,https://ideas.repec.org/e/pen14.html
pto286,Petra Elisabeth Todd,University of Pennsylvania,False,329,1517,https://ideas.repec.org/f/pto286.html
pla15,Philip Lane,,False,330,1558,https://ideas.repec.org/e/pla15.html
pka35,Anil Kashyap,University of Chicago,False,331,2038,https://ideas.repec.org/e/pka35.html
ppa276,Lubos Pastor,University of Chicago,False,332,240,https://ideas.repec.org/f/ppa276.html
pfa2,Marcel A Fafchamps,Stanford University,False,333,793,https://ideas.repec.org/e/pfa2.html
pzi8,David Zilberman,University of California-Berkeley,False,334,816,https://ideas.repec.org/e/pzi8.html
pba458,Christopher B. Barrett,Cornell University,False,335,373,https://ideas.repec.org/f/pba458.html
pdj4,Simeon Djankov,London School of Economics (LSE),False,336,2143,https://ideas.repec.org/e/pdj4.html
pka426,Steven Neil Kaplan,University of Chicago,False,337,,https://ideas.repec.org/f/pka426.html
pbo9,Stephen Roy Bond,Oxford University,False,338,,https://ideas.repec.org/e/pbo9.html
psh155,Martin Shubik,,True,339,,https://ideas.repec.org/e/psh155.html
pma562,Shunsuke Managi,Kyushu University,False,340,82,https://ideas.repec.org/f/pma562.html
pkr80,Aart Kraay,World Bank Group,False,341,,https://ideas.repec.org/e/pkr80.html
psp7,A. Michael Spence,New York University (NYU),False,342,,https://ideas.repec.org/e/psp7.html
pre73,Ricardo Reis,London School of Economics (LSE),False,343,236,https://ideas.repec.org/e/pre73.html
pde32,Michael B. Devereux,,False,344,734,https://ideas.repec.org/e/pde32.html
pma63,James MacKinnon,Queen's University,False,345,254,https://ideas.repec.org/e/pma63.html
pch377,Pierre Chiappori,Columbia University,False,346,,https://ideas.repec.org/f/pch377.html
pit3,Takatoshi Ito,,True,347,,https://ideas.repec.org/e/pit3.html
psm77,Russell Smyth,Monash University,False,348,91,https://ideas.repec.org/e/psm77.html
pka712,Ravi Kanbur,Cornell University,False,349,1229,https://ideas.repec.org/f/pka712.html
pbr142,William A. Brock,University of Wisconsin-Madison,False,350,,https://ideas.repec.org/e/pbr142.html
pru10,Glenn Rudebusch,Brookings Institution,False,351,1122,https://ideas.repec.org/e/pru10.html
pmo570,Magne Mogstad,University of Chicago,False,352,23,https://ideas.repec.org/f/pmo570.html
pkr102,Per Krusell,Stockholms Universitet,False,353,875,https://ideas.repec.org/e/pkr102.html
pge95,Nicola Gennaioli,Università Commerciale Luigi Bocconi,False,354,187,https://ideas.repec.org/e/pge95.html
plo51,George Loewenstein,Carnegie Mellon University,False,355,895,https://ideas.repec.org/e/plo51.html
pts139,Mike Tsionas,,True,356,263,https://ideas.repec.org/e/pts139.html
plu85,Brian M. Lucey,Trinity College Dublin,False,357,24,https://ideas.repec.org/e/plu85.html
pvi7,Giovanni Luca Violante,New York University (NYU),False,358,174,https://ideas.repec.org/e/pvi7.html
pcu64,David M. Cutler,,False,359,,https://ideas.repec.org/e/pcu64.html
pwe95,Ivo Welch,University of California-Los Angeles (UCLA),False,360,166,https://ideas.repec.org/e/pwe95.html
ppa222,Adrian Rodney Pagan,University of Sydney,False,361,,https://ideas.repec.org/f/ppa222.html
pca45,Christopher Carroll,Johns Hopkins University,False,362,,https://ideas.repec.org/e/pca45.html
pbu137,Willem Hendrik Buiter,,False,363,,https://ideas.repec.org/e/pbu137.html
pgo1,Pinelopi Koujianou Goldberg,,False,364,320,https://ideas.repec.org/e/pgo1.html
phe517,David A. Hensher,University of Sydney,False,365,479,https://ideas.repec.org/f/phe517.html
pdi117,Walter Erwin Diewert,University of British Columbia,False,366,1954,https://ideas.repec.org/e/pdi117.html
pga41,Douglas Gale,New York University (NYU),False,367,,https://ideas.repec.org/e/pga41.html
pan22,Kym Anderson,Adelaide University,False,368,1197,https://ideas.repec.org/e/pan22.html
psa510,Xavier Sala-i-Martin,Columbia University,False,369,,https://ideas.repec.org/f/psa510.html
pma528,James R. Markusen,University of Colorado,False,370,,https://ideas.repec.org/f/pma528.html
pcl8,Andrew Clark,Paris School of Economics,False,371,239,https://ideas.repec.org/e/pcl8.html
pme353,Allan H. Meltzer,,True,372,,https://ideas.repec.org/f/pme353.html
pju19,Kenneth L. Judd,Hoover Institution on War Revolution & Peace,False,373,,https://ideas.repec.org/e/pju19.html
pwr25,Jonathan Wright,Johns Hopkins University,False,374,891,https://ideas.repec.org/e/pwr25.html
pja11,Tullio Jappelli,Centro Studi di Economia e Finanza (CSEF),False,375,845,https://ideas.repec.org/e/pja11.html
phe156,Keith Head,University of British Columbia,False,376,1556,https://ideas.repec.org/e/phe156.html
pfi257,Raymond Fisman,Boston University,False,377,194,https://ideas.repec.org/f/pfi257.html
pkr393,Arvind Krishnamurthy,Stanford University,False,378,222,https://ideas.repec.org/f/pkr393.html
phu87,Erik Hurst,University of Chicago,False,379,283,https://ideas.repec.org/e/phu87.html
plo171,Andrew W. Lo,Massachusetts Institute of Technology (MIT),False,380,,https://ideas.repec.org/e/plo171.html
pga42,Joshua Gans,University of Toronto,False,381,59,https://ideas.repec.org/e/pga42.html
pcr111,John Creedy,Victoria University of Wellington,False,382,,https://ideas.repec.org/e/pcr111.html
pro72,Esteban Rossi-Hansberg,University of Chicago,False,383,142,https://ideas.repec.org/e/pro72.html
psh9,Robert Shimer,University of Chicago,False,384,932,https://ideas.repec.org/e/psh9.html
pco185,Giancarlo Corsetti,European University Institute,False,385,596,https://ideas.repec.org/e/pco185.html
pst24,George J. Stigler,,True,386,,https://ideas.repec.org/e/pst24.html
pko8,Gary Koop,University of Strathclyde,False,387,1149,https://ideas.repec.org/e/pko8.html
pol170,Benjamin Olken,Massachusetts Institute of Technology (MIT),False,388,409,https://ideas.repec.org/e/pol170.html
pre276,Pascual Restrepo,Yale University,False,389,9,https://ideas.repec.org/f/pre276.html
pba1,Christopher Baum,Boston College,False,390,1560,https://ideas.repec.org/e/pba1.html
pgo458,Gary Gorton,Yale University,False,391,,https://ideas.repec.org/f/pgo458.html
psc224,Peter Schmidt,Michigan State University,False,392,,https://ideas.repec.org/f/psc224.html
psh144,Matthew D. Shapiro,University of Michigan,False,393,967,https://ideas.repec.org/e/psh144.html
pkl131,Patrick Kline,University of California-Berkeley,False,394,124,https://ideas.repec.org/e/pkl131.html
pzi3,Fabrizio Zilibotti,Yale University,False,395,1424,https://ideas.repec.org/e/pzi3.html
pco34,Nicholas Cox,,False,396,800,https://ideas.repec.org/e/pco34.html
pdo78,David Dorn,Universität Zürich,False,397,109,https://ideas.repec.org/e/pdo78.html
phu97,Robert Glenn Hubbard,Columbia University,False,398,,https://ideas.repec.org/e/phu97.html
pdu48,Gilles Duranton,University of Pennsylvania,False,399,858,https://ideas.repec.org/e/pdu48.html
pta36,Mark P. Taylor,Washington University in St. Louis,False,400,,https://ideas.repec.org/e/pta36.html
pky2,Finn E. Kydland,University of California-Santa Barbara (UCSB),False,401,,https://ideas.repec.org/e/pky2.html
pgo327,Gita Gopinath,National Bureau of Economic Research (NBER),False,402,164,https://ideas.repec.org/f/pgo327.html
psa155,Paola Sapienza,Northwestern University,False,403,,https://ideas.repec.org/e/psa155.html
pwe127,Michael Steven Weisbach,Ohio State University,False,404,1967,https://ideas.repec.org/e/pwe127.html
pga68,Leonardo Gambacorta,Bank for International Settlements (BIS),False,405,77,https://ideas.repec.org/e/pga68.html
pan210,Torben G. Andersen,National Bureau of Economic Research (NBER),False,406,2361,https://ideas.repec.org/f/pan210.html
pwi45,David Wise,Harvard University,False,407,,https://ideas.repec.org/e/pwi45.html
pmo42,Dale T. Mortensen,,True,408,,https://ideas.repec.org/e/pmo42.html
pko74,Samuel Kortum,Yale University,False,409,,https://ideas.repec.org/e/pko74.html
pto4,James Tobin,,True,410,,https://ideas.repec.org/e/pto4.html
pgr107,Michael Grossman,,False,411,,https://ideas.repec.org/e/pgr107.html
pba605,Laurence Ball,Johns Hopkins University,False,412,1816,https://ideas.repec.org/f/pba605.html
pwa71,Gert G. Wagner,,True,413,2358,https://ideas.repec.org/e/pwa71.html
pbo544,Patrick Bolton,Columbia University,False,414,371,https://ideas.repec.org/f/pbo544.html
pca1139,Guglielmo Maria Caporale,Brunel University London,False,415,128,https://ideas.repec.org/f/pca1139.html
pbr221,Martin Browning,Oxford University,False,416,,https://ideas.repec.org/f/pbr221.html
pal1182,Edward I. Altman,New York University (NYU),False,417,,https://ideas.repec.org/f/pal1182.html
psa3,Kjell G Salvanes,Norges Handelshøyskole (NHH),False,418,219,https://ideas.repec.org/e/psa3.html
psh64,Jason Shogren,University of Wyoming,False,419,2974,https://ideas.repec.org/e/psh64.html
pre8,Helene Rey,London Business School (LBS),False,420,447,https://ideas.repec.org/e/pre8.html
pca565,Adrian Colin Cameron,University of California-Davis,False,421,,https://ideas.repec.org/f/pca565.html
pgo28,Pierre-Olivier Gourinchas,International Monetary Fund (IMF),False,422,120,https://ideas.repec.org/e/pgo28.html
pwi23,John C. Williams,Federal Reserve Bank of New York,False,423,1225,https://ideas.repec.org/e/pwi23.html
pgr81,William H Greene,New York University (NYU),False,424,,https://ideas.repec.org/e/pgr81.html
pkl5,Paul Klemperer,Oxford University,False,425,,https://ideas.repec.org/e/pkl5.html
pmo51,Dilip Mookherjee,Boston University,False,426,1076,https://ideas.repec.org/e/pmo51.html
ppa1164,Thomas R. Palfrey,California Institute of Technology,False,427,,https://ideas.repec.org/f/ppa1164.html
pna176,Stefan Nagel,University of Chicago,False,428,163,https://ideas.repec.org/e/pna176.html
pva368,Stijn Van Nieuwerburgh,Columbia University,False,429,42,https://ideas.repec.org/f/pva368.html
ppe42,Mitchell Petersen,Northwestern University,False,430,,https://ideas.repec.org/e/ppe42.html
psc313,Richard Schmalensee,,False,431,,https://ideas.repec.org/f/psc313.html
pha425,M. Kabir Hassan,University of New Orleans,False,432,98,https://ideas.repec.org/f/pha425.html
pbo225,François J. Bourguignon,Paris School of Economics,False,433,,https://ideas.repec.org/f/pbo225.html
pwi200,Oliver E. Williamson,,True,434,,https://ideas.repec.org/e/pwi200.html
pca108,Anne Case,,False,435,1863,https://ideas.repec.org/e/pca108.html
ppl81,Charles Raymond Plott,California Institute of Technology,False,436,,https://ideas.repec.org/e/ppl81.html
pan181,Pol Antras,Harvard University,False,437,635,https://ideas.repec.org/e/pan181.html
pfr34,Marcel Fratzscher,DIW Berlin (Deutsches Institut für Wirtschaftsforschung),False,438,2606,https://ideas.repec.org/e/pfr34.html
pbo134,Ron Boschma,Universiteit Utrecht,False,439,209,https://ideas.repec.org/e/pbo134.html
psc44,Stephanie Schmitt-Grohe,Columbia University,False,440,964,https://ideas.repec.org/e/psc44.html
ptr1,Kenneth Train,University of California-Berkeley,False,441,,https://ideas.repec.org/e/ptr1.html
pmy13,Roger B. Myerson,University of Chicago,False,442,,https://ideas.repec.org/e/pmy13.html
pbl22,David G. Blanchflower,Dartmouth College,False,443,484,https://ideas.repec.org/e/pbl22.html
pac17,Zoltan J. Acs,London School of Economics (LSE),False,444,728,https://ideas.repec.org/e/pac17.html
psw9,Johan Swinnen,International Food Policy Research Institute (IFPRI),False,445,1008,https://ideas.repec.org/e/psw9.html
pbr241,Jan K. Brueckner,University of California-Irvine,False,446,3184,https://ideas.repec.org/f/pbr241.html
psi735,Kenneth Singleton,Stanford University,False,447,,https://ideas.repec.org/f/psi735.html
pko25,Narayana Kocherlakota,University of Rochester,False,448,1201,https://ideas.repec.org/e/pko25.html
pbe18,Steven Titus Berry,Yale University,False,449,2186,https://ideas.repec.org/e/pbe18.html
psc19,Frank Schorfheide,University of Pennsylvania,False,450,874,https://ideas.repec.org/e/psc19.html
pad61,Tobias Adrian,International Monetary Fund (IMF),False,451,426,https://ideas.repec.org/e/pad61.html
pse308,Amit Seru,Stanford University,False,452,57,https://ideas.repec.org/f/pse308.html
pan143,George-Marios Angeletos,Northwestern University,False,453,176,https://ideas.repec.org/e/pan143.html
pwe34,David Weinstein,Columbia University,False,454,547,https://ideas.repec.org/e/pwe34.html
pkr138,David M. Kreps,Stanford University,False,455,,https://ideas.repec.org/e/pkr138.html
pma1397,Ulrike Malmendier,,False,456,1163,https://ideas.repec.org/f/pma1397.html
pgr70,Rachel Griffith,University of Manchester,False,457,1578,https://ideas.repec.org/e/pgr70.html
pch40,Varadarajan Chari,University of Minnesota,False,458,,https://ideas.repec.org/e/pch40.html
psc177,David Scharfstein,Harvard University,False,459,,https://ideas.repec.org/e/psc177.html
por35,Athanasios Orphanides,Massachusetts Institute of Technology (MIT),False,460,3578,https://ideas.repec.org/e/por35.html
pbo726,Claudio Borio,Bank for International Settlements (BIS),False,461,463,https://ideas.repec.org/f/pbo726.html
pwh6,Toni Whited,University of Michigan,False,462,1115,https://ideas.repec.org/e/pwh6.html
psc61,David Schmeidler,,True,463,,https://ideas.repec.org/e/psc61.html
pak203,Ufuk Akcigit,University of Chicago,False,464,55,https://ideas.repec.org/f/pak203.html
pne11,J. Peter Neary,,True,465,2949,https://ideas.repec.org/e/pne11.html
psm3,Bruce D. Smith,,True,466,,https://ideas.repec.org/e/psm3.html
pgo91,Christian Gollier,Toulouse School of Economics (TSE),False,467,1211,https://ideas.repec.org/e/pgo91.html
pmi28,Gian Maria Milesi-Ferretti,Brookings Institution,False,468,1270,https://ideas.repec.org/e/pmi28.html
pva5,Hal Varian,University of California-Berkeley,False,469,,https://ideas.repec.org/e/pva5.html
pgo301,Paul Alan Gompers,Harvard University,False,470,3314,https://ideas.repec.org/f/pgo301.html
pod33,Nicholas M. Odhiambo,University of South Africa (UNISA),False,471,35,https://ideas.repec.org/e/pod33.html
pca50,Fabio Canova,BI Handelshøyskolen,False,472,,https://ideas.repec.org/e/pca50.html
pwo79,Wing-Keung Wong,Asia University,False,473,267,https://ideas.repec.org/e/pwo79.html
pma114,Massimiliano Marcellino,Università Commerciale Luigi Bocconi,False,474,510,https://ideas.repec.org/e/pma114.html
psh70,Jesse Shapiro,Harvard University,False,475,188,https://ideas.repec.org/e/psh70.html
pbe98,Sascha O. Becker,University of Warwick,False,476,192,https://ideas.repec.org/e/pbe98.html
psa708,Todd Sandler,University of Texas-Dallas,False,477,1568,https://ideas.repec.org/f/psa708.html
ptr35,Manuel Trajtenberg,Tel Aviv University,False,478,,https://ideas.repec.org/e/ptr35.html
ppo36,Robert A. Pollak,Washington University in St. Louis,False,479,,https://ideas.repec.org/e/ppo36.html
pmo146,Randall Morck,University of Alberta,False,480,,https://ideas.repec.org/e/pmo146.html
pba1389,Brad M. Barber,University of California-Davis,False,481,2854,https://ideas.repec.org/f/pba1389.html
pch129,Menzie Chinn,,False,482,3068,https://ideas.repec.org/e/pch129.html
psc116,G. William Schwert,University of Rochester,False,483,,https://ideas.repec.org/e/psc116.html
psu6,Matthias Sutter,Max-Planck-Gesellschaft,False,484,556,https://ideas.repec.org/e/psu6.html
pfe14,Jesus Fernandez-Villaverde,University of Pennsylvania,False,485,144,https://ideas.repec.org/e/pfe14.html
pwe141,Iván Werning,Massachusetts Institute of Technology (MIT),False,486,115,https://ideas.repec.org/e/pwe141.html
pat52,Andrew Atkeson,University of California-Los Angeles (UCLA),False,487,363,https://ideas.repec.org/e/pat52.html
psa934,Bruce Sacerdote,Dartmouth College,False,488,,https://ideas.repec.org/f/psa934.html
pbo406,John Bound,University of Michigan,False,489,881,https://ideas.repec.org/f/pbo406.html
pmi179,Douglas Lee Miller,Cornell University,False,490,2494,https://ideas.repec.org/e/pmi179.html
pha322,Jens Hainmueller,,False,491,3610,https://ideas.repec.org/f/pha322.html
pmo265,John Moore,University of Edinburgh,False,492,,https://ideas.repec.org/f/pmo265.html
pro507,Richard Roll,University of California-Los Angeles (UCLA),False,493,,https://ideas.repec.org/f/pro507.html
pha552,Ricardo Hausmann,Harvard University,False,494,2253,https://ideas.repec.org/f/pha552.html
pab10,Andrew Abel,University of Pennsylvania,False,495,,https://ideas.repec.org/e/pab10.html
pge9,Hans Gersbach,,False,496,376,https://ideas.repec.org/e/pge9.html
ple440,Edward E. Leamer,,True,497,,https://ideas.repec.org/f/ple440.html
pbl92,Sandra E. Black,Columbia University,False,498,1439,https://ideas.repec.org/e/pbl92.html
pbe258,Dirk Bergemann,Yale University,False,499,146,https://ideas.repec.org/f/pbe258.html
pku48,Subal C. Kumbhakar,State University of New York-Binghamton (SUNY),False,500,849,https://ideas.repec.org/e/pku48.html
pla111,Victor Chaim Lavy,University of Warwick,False,501,788,https://ideas.repec.org/e/pla111.html
pst78,Henri Sterdyniak,Sciences Po,False,502,,https://ideas.repec.org/e/pst78.html
pfi264,Amy Finkelstein,Massachusetts Institute of Technology (MIT),False,503,400,https://ideas.repec.org/f/pfi264.html
pha248,Glenn W. Harrison,Georgia State University,False,504,,https://ideas.repec.org/f/pha248.html
pro554,John Roberts,,True,505,,https://ideas.repec.org/f/pro554.html
pri8,José-Víctor Ríos-Rull,University of Pennsylvania,False,506,886,https://ideas.repec.org/e/pri8.html
pro707,Scott Rozelle,Stanford University,False,507,1596,https://ideas.repec.org/f/pro707.html
plo190,Norman V. Loayza,World Bank Group,False,508,3576,https://ideas.repec.org/e/plo190.html
pme99,Andrew Metrick,Yale University,False,509,1289,https://ideas.repec.org/e/pme99.html
pna121,Emi Nakamura,University of California-Berkeley,False,510,151,https://ideas.repec.org/e/pna121.html
pal49,James Alm,Tulane University,False,511,647,https://ideas.repec.org/e/pal49.html
pne247,Charles R. Nelson,University of Washington,False,512,,https://ideas.repec.org/f/pne247.html
pam182,Yakov Amihud,New York University (NYU),False,513,,https://ideas.repec.org/e/pam182.html
pev23,Charles L. Evans,Federal Reserve Bank of Chicago,False,514,,https://ideas.repec.org/e/pev23.html
pro323,Jean-Marc Robin,Sciences Po,False,515,1248,https://ideas.repec.org/f/pro323.html
pca333,Pierre Cahuc,Sciences Po,False,516,1503,https://ideas.repec.org/f/pca333.html
pfr226,Philip Hans Franses,Erasmus Universiteit Rotterdam,False,517,2894,https://ideas.repec.org/f/pfr226.html
pka63,Lawrence Kahn,,False,518,,https://ideas.repec.org/e/pka63.html
pru7,Christopher Ruhm,University of Virginia,False,519,1280,https://ideas.repec.org/e/pru7.html
pti8,Allan Timmermann,,False,520,,https://ideas.repec.org/e/pti8.html
pjo46,Oscar Jorda,Federal Reserve Bank of San Francisco,False,521,261,https://ideas.repec.org/e/pjo46.html
pke16,Timothy J. Kehoe,University of Minnesota,False,522,2248,https://ideas.repec.org/e/pke16.html
pce99,Richard J. Cebula,University of Tennessee-Knoxville,False,523,3201,https://ideas.repec.org/e/pce99.html
pqu8,John Quiggin,University of Queensland,False,524,,https://ideas.repec.org/e/pqu8.html
pab175,John M. Abowd,Cornell University,False,525,1948,https://ideas.repec.org/e/pab175.html
pjo110,Paul Joskow,Massachusetts Institute of Technology (MIT),False,526,,https://ideas.repec.org/e/pjo110.html
pri69,Jay R. Ritter,University of Florida,False,527,,https://ideas.repec.org/e/pri69.html
pva387,Eric van Wincoop,University of Virginia,False,528,,https://ideas.repec.org/f/pva387.html
pst85,Robert W. Staiger,Dartmouth College,False,529,2182,https://ideas.repec.org/e/pst85.html
pkr7,Dirk Krueger,University of Pennsylvania,False,530,298,https://ideas.repec.org/e/pkr7.html
pco66,Stephen Coate,National Bureau of Economic Research (NBER),False,531,,https://ideas.repec.org/e/pco66.html
ple143,Andrew Theo Levin,Dartmouth College,False,532,3416,https://ideas.repec.org/e/ple143.html
pba409,Kyle Bagwell,Stanford University,False,533,,https://ideas.repec.org/f/pba409.html
pcu20,Alex Cukierman,,True,534,,https://ideas.repec.org/e/pcu20.html
psu51,Uwe Sunde,Ludwig-Maximilians-Universität München,False,535,250,https://ideas.repec.org/e/psu51.html
pst393,Oded Stark,Uniwersytet Warszawski,False,536,3077,https://ideas.repec.org/f/pst393.html
pma143,Kiminori Matsuyama,Northwestern University,False,537,1776,https://ideas.repec.org/e/pma143.html
pro55,Harvey Rosen,,False,538,,https://ideas.repec.org/e/pro55.html
pph81,Thomas Philippon,New York University (NYU),False,539,210,https://ideas.repec.org/e/pph81.html
psc136,Klaus M. Schmidt,Ludwig-Maximilians-Universität München,False,540,,https://ideas.repec.org/e/psc136.html
ple164,Jong-Wha Lee,Korea University,False,541,,https://ideas.repec.org/e/ple164.html
pfr60,Kenneth A. Froot,Harvard University,False,542,,https://ideas.repec.org/e/pfr60.html
pta61,George Tauchen,Duke University,False,543,,https://ideas.repec.org/e/pta61.html
pge43,Matthew Aaron Gentzkow,Stanford University,False,544,161,https://ideas.repec.org/e/pge43.html
phe657,Zhiguo He,Stanford University,False,545,141,https://ideas.repec.org/f/phe657.html
pva54,Jan van Ours,Erasmus Universiteit Rotterdam,False,546,3209,https://ideas.repec.org/e/pva54.html
ppa21,Jonathan A. Parker,Massachusetts Institute of Technology (MIT),False,547,462,https://ideas.repec.org/e/ppa21.html
pma1390,David Martimort,Toulouse School of Economics (TSE),False,548,1896,https://ideas.repec.org/f/pma1390.html
pbl79,David Bloom,Harvard University,False,549,,https://ideas.repec.org/e/pbl79.html
pkr29,Francis Kramarz,Collège de France,False,550,1626,https://ideas.repec.org/e/pkr29.html
ppa92,Ugo Gianluigi Panizza,The Graduate Institute of International and Development Studies,False,551,670,https://ideas.repec.org/e/ppa92.html
ple236,Hayne Ellis Leland,University of California-Berkeley,False,552,,https://ideas.repec.org/f/ple236.html
pho115,Robert James Hodrick,Columbia University,False,553,,https://ideas.repec.org/e/pho115.html
pgo144,Christian S. Gourieroux,University of Toronto,False,554,,https://ideas.repec.org/e/pgo144.html
pba284,Pranab K. Bardhan,University of California-Berkeley,False,555,,https://ideas.repec.org/f/pba284.html
pfl78,Marc Fleurbaey,Paris School of Economics,False,556,553,https://ideas.repec.org/e/pfl78.html
pst466,Doug Staiger,Dartmouth College,False,557,,https://ideas.repec.org/f/pst466.html
pwu8,Jeffrey Wurgler,New York University (NYU),False,558,1199,https://ideas.repec.org/e/pwu8.html
pri12,Roberto Rigobon,Massachusetts Institute of Technology (MIT),False,559,,https://ideas.repec.org/e/pri12.html
pwi97,Robert Butler Wilson,Stanford University,False,560,,https://ideas.repec.org/e/pwi97.html
plo153,Ngo Van Long,,True,561,2714,https://ideas.repec.org/e/plo153.html
pmc46,Ellen R. McGrattan,University of Minnesota,False,562,2435,https://ideas.repec.org/e/pmc46.html
pde423,Mathias Dewatripont,Université Libre de Bruxelles,False,563,,https://ideas.repec.org/f/pde423.html
pph34,Edmund S. Phelps,,True,564,,https://ideas.repec.org/e/pph34.html
pki97,Miles Spencer Kimball,University of Colorado,False,565,,https://ideas.repec.org/e/pki97.html
pga108,Simon Gächter,University of Nottingham,False,566,992,https://ideas.repec.org/e/pga108.html
psm143,V. Kerry Smith,Arizona State University,False,567,,https://ideas.repec.org/e/psm143.html
psa1158,Pedro H. C. Sant'Anna,Emory University,False,568,12,https://ideas.repec.org/f/psa1158.html
psu169,Robert Sugden,University of East Anglia,False,569,3378,https://ideas.repec.org/e/psu169.html
pme273,Bruce D. Meyer,,False,570,2812,https://ideas.repec.org/f/pme273.html
pgo256,Linda S. Goldberg,Federal Reserve Bank of New York,False,571,1032,https://ideas.repec.org/f/pgo256.html
psh10,Neil Shephard,Harvard University,False,572,,https://ideas.repec.org/e/psh10.html
pko51,Kai A. Konrad,Max-Planck-Gesellschaft,False,573,2638,https://ideas.repec.org/e/pko51.html
pba1441,Scott R. Baker,University of Wisconsin-Madison,False,574,99,https://ideas.repec.org/f/pba1441.html
pco940,Russell Cooper,Pennsylvania State University,False,575,,https://ideas.repec.org/f/pco940.html
pco144,George M. Constantinides,University of Chicago,False,576,,https://ideas.repec.org/e/pco144.html
pbr87,Erik Brynjolfsson,,False,577,108,https://ideas.repec.org/e/pbr87.html
ppr27,Lant Pritchett,Harvard University,False,578,,https://ideas.repec.org/e/ppr27.html
pcl69,Richard H. Clarida,Columbia University,False,579,,https://ideas.repec.org/e/pcl69.html
phe118,Martin F. Hellwig,Max-Planck-Gesellschaft,False,580,,https://ideas.repec.org/e/phe118.html
pma1319,Ronald Masulis,UNSW Sydney,False,581,2458,https://ideas.repec.org/f/pma1319.html
pan374,Andrew Ang,National Bureau of Economic Research (NBER),False,582,,https://ideas.repec.org/f/pan374.html
pna133,Paresh Kumar Narayan,Monash University,False,583,,https://ideas.repec.org/e/pna133.html
phi111,"James R. Hines, Jr.",University of Michigan,False,584,,https://ideas.repec.org/e/phi111.html
ppo86,Andrew Postlewaite,University of Pennsylvania,False,585,,https://ideas.repec.org/e/ppo86.html
psa95,Lucio Sarno,University of Cambridge,False,586,1763,https://ideas.repec.org/e/psa95.html
pcr2,Vincent P. Crawford,University of California-San Diego (UCSD),False,587,,https://ideas.repec.org/e/pcr2.html
pho408,Ali Hortacsu,University of Chicago,False,588,153,https://ideas.repec.org/f/pho408.html
psc180,Antoinette Schoar,,False,589,1300,https://ideas.repec.org/e/psc180.html
pre102,Lucrezia Reichlin,London Business School (LBS),False,590,3104,https://ideas.repec.org/e/pre102.html
pbl16,Francine Blau,Cornell University,False,591,,https://ideas.repec.org/e/pbl16.html
pzh80,Tao Zha,,False,592,1193,https://ideas.repec.org/e/pzh80.html
pdr9,Axel Dreher,Ruprecht-Karls-Universität Heidelberg,False,593,1434,https://ideas.repec.org/e/pdr9.html
paf1,Antonio Afonso,Universidade de Lisboa,False,594,258,https://ideas.repec.org/e/paf1.html
pro407,Christina Duckworth Romer,University of California-Berkeley,False,595,,https://ideas.repec.org/f/pro407.html
pdo8,Matthias Doepke,London School of Economics (LSE),False,596,253,https://ideas.repec.org/e/pdo8.html
pia2,Matteo Iacoviello,Federal Reserve Board (Board of Governors of the Federal Reserve System),False,597,111,https://ideas.repec.org/e/pia2.html
pva498,Dimitri Vayanos,London School of Economics (LSE),False,598,471,https://ideas.repec.org/f/pva498.html
pst16,Jan-Egbert Sturm,Eidgenössische Technische Hochschule Zürich (ETHZ),False,599,982,https://ideas.repec.org/e/pst16.html
pro372,Andres Rodriguez-Clare,,False,600,777,https://ideas.repec.org/f/pro372.html
ppi39,Luigi Pistaferri,Stanford University,False,601,3157,https://ideas.repec.org/e/ppi39.html
pgo1031,Andrew Goodman-Bacon,Federal Reserve Bank of Minneapolis,False,602,6,https://ideas.repec.org/f/pgo1031.html
por38,Philip Oreopoulos,University of Toronto,False,603,1056,https://ideas.repec.org/e/por38.html
pgi283,Robert Gibbons,Massachusetts Institute of Technology (MIT),False,604,,https://ideas.repec.org/f/pgi283.html
pmu109,John Muellbauer,Oxford University,False,605,3356,https://ideas.repec.org/e/pmu109.html
psw16,Eric T. Swanson,University of California-Irvine,False,606,199,https://ideas.repec.org/e/psw16.html
ple3,Eric M. Leeper,University of Virginia,False,607,,https://ideas.repec.org/e/ple3.html
pch1911,Gary Chamberlain,,True,608,,https://ideas.repec.org/f/pch1911.html
ppe66,Roberto Perotti,Università Commerciale Luigi Bocconi,False,609,,https://ideas.repec.org/e/ppe66.html
plu153,Sydney C. Ludvigson,New York University (NYU),False,610,,https://ideas.repec.org/e/plu153.html
pso215,Gary Solon,University of Arizona,False,611,2502,https://ideas.repec.org/f/pso215.html
pje75,J. Bradford Jensen,Georgetown University,False,612,,https://ideas.repec.org/e/pje75.html
pwo72,Raf Wouters,Nationale Bank van België/Banque national de Belqique (BNB),False,613,,https://ideas.repec.org/e/pwo72.html
peg7,Gauti B. Eggertsson,Brown University,False,614,265,https://ideas.repec.org/e/peg7.html
pja39,Robert A Jarrow,Cornell University,False,615,1142,https://ideas.repec.org/e/pja39.html
ppe202,Andreas Peichl,ifo Institut - Leibniz-Institut für Wirtschaftsforschung an der Universität München e.V.,False,616,301,https://ideas.repec.org/f/ppe202.html
pba464,Kaushik Basu,Cornell University,False,617,,https://ideas.repec.org/f/pba464.html
pbo80,Olympia Bover,Centro de Estudios Monetarios y Financieros (CEMFI),False,618,,https://ideas.repec.org/e/pbo80.html
pge136,John Geweke,University of Technology Sydney,False,619,,https://ideas.repec.org/e/pge136.html
pfo1,Kristin J Forbes,Massachusetts Institute of Technology (MIT),False,620,393,https://ideas.repec.org/e/pfo1.html
pka37,Sebnem Kalemli-Ozcan,Brown University,False,621,336,https://ideas.repec.org/e/pka37.html
pbr34,Timothy Bresnahan,,False,622,,https://ideas.repec.org/e/pbr34.html
pcu87,Douglas J. Cumming,Stevens Institute of Technology,False,623,235,https://ideas.repec.org/e/pcu87.html
pli551,Chen Lin,University of Hong Kong,False,624,135,https://ideas.repec.org/f/pli551.html
ppa503,Parag Pathak,Massachusetts Institute of Technology (MIT),False,625,186,https://ideas.repec.org/f/ppa503.html
pje7,Stephen Jenkins,London School of Economics (LSE),False,626,1681,https://ideas.repec.org/e/pje7.html
pce4,Stephen Cecchetti,Brandeis University,False,627,,https://ideas.repec.org/e/pce4.html
pga326,Sebastian Galiani,University of Maryland,False,628,488,https://ideas.repec.org/f/pga326.html
psc129,Moritz Schularick,Sciences Po,False,629,134,https://ideas.repec.org/e/psc129.html
pde18,André Jean-Louis de Palma,Université de Cergy-Pontoise,False,630,2154,https://ideas.repec.org/e/pde18.html
pha982,Christian Hansen,University of Chicago,False,631,314,https://ideas.repec.org/f/pha982.html
pka660,Greg Warren Kaplan,University of Chicago,False,632,93,https://ideas.repec.org/f/pka660.html
ppe481,Jose-Luis Peydro,Libera Università Internazionale degli Studi Sociali Guido Carli (LUISS),False,633,172,https://ideas.repec.org/f/ppe481.html
pal51,Yann Algan,HEC Paris (École des Hautes Études Commerciales),False,634,551,https://ideas.repec.org/e/pal51.html
pjo96,Magnus Johannesson,Stockholm School of Economics,False,635,679,https://ideas.repec.org/e/pjo96.html
pod60,Terrance Odean,University of California-Berkeley,False,636,,https://ideas.repec.org/e/pod60.html
pba451,Oriana Bandiera,London School of Economics (LSE),False,637,282,https://ideas.repec.org/f/pba451.html
pro46,John Roemer,Yale University,False,638,,https://ideas.repec.org/e/pro46.html
pai23,Yacine Ait-Sahalia,Princeton University,False,639,1976,https://ideas.repec.org/e/pai23.html
pja91,Ravi Jagannathan,Northwestern University,False,640,,https://ideas.repec.org/e/pja91.html
pne15,David M Newbery,University of Cambridge,False,641,1892,https://ideas.repec.org/e/pne15.html
pma156,W. Bentley Macleod,Yale University,False,642,2247,https://ideas.repec.org/e/pma156.html
pkl21,Stephan Klasen,,True,643,633,https://ideas.repec.org/e/pkl21.html
pha441,Ann E. Harrison,University of California-Berkeley,False,644,,https://ideas.repec.org/f/pha441.html
pho46,Caroline Hoxby,Stanford University,False,645,,https://ideas.repec.org/e/pho46.html
pmo321,Herve Moulin,University of Glasgow,False,646,,https://ideas.repec.org/f/pmo321.html
pyo20,Motohiro Yogo,Princeton University,False,647,802,https://ideas.repec.org/e/pyo20.html
pgi49,Domenico Giannone,Johns Hopkins University,False,648,372,https://ideas.repec.org/e/pgi49.html
pst167,Robert Norman Stavins,Harvard University,False,649,2447,https://ideas.repec.org/e/pst167.html
pra365,Imran Rasul,University College London (UCL),False,650,478,https://ideas.repec.org/f/pra365.html
psc98,Peter K. Schott,Yale University,False,651,1997,https://ideas.repec.org/e/psc98.html
pho256,Bernard Hoekman,European University Institute,False,652,593,https://ideas.repec.org/f/pho256.html
pse23,Amartya Sen,Harvard University,False,653,,https://ideas.repec.org/e/pse23.html
pwo4,Mark Wohar,University of Nebraska-Omaha,False,654,203,https://ideas.repec.org/e/pwo4.html
pud2,Christopher Udry,Northwestern University,False,655,785,https://ideas.repec.org/e/pud2.html
pst116,Eric Albert Strobl,Universität Bern,False,656,664,https://ideas.repec.org/e/pst116.html
pho200,Charles A. Holt,University of Virginia,False,657,,https://ideas.repec.org/e/pho200.html
pro180,Jesse Rothstein,,False,658,259,https://ideas.repec.org/e/pro180.html
par13,Richard Arnott,,True,659,,https://ideas.repec.org/e/par13.html
psi285,Leopold Simar,Université Catholique de Louvain,False,660,1190,https://ideas.repec.org/f/psi285.html
pfe28,Gabriel J Felbermayr,Österreichisches Institut für Wirtschaftsforschung (WIFO),False,661,299,https://ideas.repec.org/e/pfe28.html
pbe35,Paul Beaudry,University of British Columbia,False,662,2913,https://ideas.repec.org/e/pbe35.html
pte171,Silvana Tenreyro,London School of Economics (LSE),False,663,368,https://ideas.repec.org/e/pte171.html
pbo906,Elie I. Bouri,Lebanese American University,False,664,16,https://ideas.repec.org/f/pbo906.html
pdo43,Thomas Dohmen,Rheinische Friedrich-Wilhelms-Universität Bonn,False,665,355,https://ideas.repec.org/e/pdo43.html
pwa157,Joachim Wagner,Leuphana Universität Lüneburg,False,666,2884,https://ideas.repec.org/e/pwa157.html
ppr18,Giorgio Primiceri,Northwestern University,False,667,725,https://ideas.repec.org/e/ppr18.html
pst155,Jon Steinsson,University of California-Berkeley,False,668,357,https://ideas.repec.org/e/pst155.html
pca421,Charles W. Calomiris,,False,669,,https://ideas.repec.org/f/pca421.html
pyi43,Kamil Yilmaz,Koç Üniversitesi,False,670,3379,https://ideas.repec.org/e/pyi43.html
pka853,Edward J. Kane,,True,671,,https://ideas.repec.org/f/pka853.html
pwa67,Romain Wacziarg,University of California-Los Angeles (UCLA),False,672,1521,https://ideas.repec.org/e/pwa67.html
pmu64,Casey Mulligan,University of Chicago,False,673,,https://ideas.repec.org/e/pmu64.html
ppa335,Christina Paxson,Brown University,False,674,,https://ideas.repec.org/f/ppa335.html
pbr105,Alex Bryson,University College London (UCL),False,675,229,https://ideas.repec.org/e/pbr105.html
pva310,Gerard J. van den Berg,Rijksuniversiteit Groningen,False,676,,https://ideas.repec.org/f/pva310.html
pgi34,Itzhak Gilboa,Tel Aviv University,False,677,,https://ideas.repec.org/e/pgi34.html
pwe289,Joakim Westerlund,Lunds Universitet,False,678,1234,https://ideas.repec.org/f/pwe289.html
ppu14,Louis Putterman,Brown University,False,679,3630,https://ideas.repec.org/e/ppu14.html
pwe349,Michael Weber,Purdue University,False,680,20,https://ideas.repec.org/f/pwe349.html
pla83,Kevin Lang,Boston University,False,681,1409,https://ideas.repec.org/e/pla83.html
pka15,George Kapetanios,King's College London,False,682,1072,https://ideas.repec.org/e/pka15.html
pro20,Gérard Roland,University of California-Berkeley,False,683,,https://ideas.repec.org/e/pro20.html
psm73,Jeffrey Andrew Smith,University of Wisconsin-Madison,False,684,3295,https://ideas.repec.org/e/psm73.html
pma588,Philippe Martin,,True,685,1035,https://ideas.repec.org/f/pma588.html
ppo212,Niklas Potrafke,ifo Institut - Leibniz-Institut für Wirtschaftsforschung an der Universität München e.V.,False,686,152,https://ideas.repec.org/f/ppo212.html
pwe328,Yi-Ming Wei,Beijing Institute of Technology,False,687,148,https://ideas.repec.org/f/pwe328.html
pke22,Michael Keen,International Monetary Fund (IMF),False,688,3181,https://ideas.repec.org/e/pke22.html
ptr40,Francesco Trebbi,University of California-Berkeley,False,689,594,https://ideas.repec.org/e/ptr40.html
phe190,Thomas Warren Hertel,Purdue University,False,690,2412,https://ideas.repec.org/e/phe190.html
pse31,Apostolos Serletis,University of Calgary,False,691,1068,https://ideas.repec.org/e/pse31.html
pko65,Ayhan Kose,World Bank Group,False,692,769,https://ideas.repec.org/e/pko65.html
pka84,Graciela Laura Kaminsky,George Washington University,False,693,,https://ideas.repec.org/e/pka84.html
pfa35,Joseph Farrell,University of California-Berkeley,False,694,,https://ideas.repec.org/e/pfa35.html
pbo78,Severin Borenstein,University of California-Berkeley,False,695,3705,https://ideas.repec.org/e/pbo78.html
pei64,Liran Einav,Stanford University,False,696,293,https://ideas.repec.org/e/pei64.html
pma712,Jacques Mairesse,,False,697,,https://ideas.repec.org/f/pma712.html
pho21,Cars Hommes,Universiteit van Amsterdam,False,698,754,https://ideas.repec.org/e/pho21.html
pzu32,Gabriel Zucman,Paris School of Economics,False,699,41,https://ideas.repec.org/e/pzu32.html
phe1,Jonathan Heathcote,Federal Reserve Bank of Minneapolis,False,700,424,https://ideas.repec.org/e/phe1.html
pfu47,Davide Furceri,International Monetary Fund (IMF),False,701,103,https://ideas.repec.org/e/pfu47.html
ple223,Andrei A. Levchenko,University of Michigan,False,702,160,https://ideas.repec.org/f/ple223.html
pgo59,William Goetzmann,Yale University,False,703,,https://ideas.repec.org/e/pgo59.html
pba28,William Barnett,University of Kansas,False,704,,https://ideas.repec.org/e/pba28.html
pbe54,Giuseppe Bertola,Università degli Studi di Torino,False,705,,https://ideas.repec.org/e/pbe54.html
pqu1,John M. Quigley,,True,706,,https://ideas.repec.org/e/pqu1.html
pcl55,Todd Clark,Federal Reserve Bank of Cleveland,False,707,1075,https://ideas.repec.org/e/pcl55.html
pud9,Gregory Udell,Indiana University,False,708,,https://ideas.repec.org/e/pud9.html
pch1746,Xiaohong Chen,Yale University,False,709,,https://ideas.repec.org/f/pch1746.html
psu303,Amir Sufi,University of Chicago,False,710,1044,https://ideas.repec.org/f/psu303.html
pch91,Yeon-Koo Che,University of Wisconsin-Madison,False,711,663,https://ideas.repec.org/e/pch91.html
pma384,Brigitte C. Madrian,Brigham Young University,False,712,,https://ideas.repec.org/f/pma384.html
psa323,David E. M. Sappington,University of Florida,False,713,,https://ideas.repec.org/f/psa323.html
pco355,Arnaud Costinot,Massachusetts Institute of Technology (MIT),False,714,415,https://ideas.repec.org/f/pco355.html
pli332,Assar Lindbeck,,True,715,,https://ideas.repec.org/f/pli332.html
pch425,Barry R. Chiswick,George Washington University,False,716,,https://ideas.repec.org/f/pch425.html
plt2,Helmut Lütkepohl,DIW Berlin (Deutsches Institut für Wirtschaftsforschung),False,717,544,https://ideas.repec.org/e/plt2.html
pba735,Malcolm Baker,Harvard University,False,718,,https://ideas.repec.org/f/pba735.html
par85,Mark Armstrong,University College London (UCL),False,719,2016,https://ideas.repec.org/e/par85.html
pma549,Vojislav Maksimovic,University of Maryland,False,720,,https://ideas.repec.org/f/pma549.html
ppa34,Andrew Patton,Duke University,False,721,1574,https://ideas.repec.org/e/ppa34.html
ple259,Christian Leuz,University of Chicago,False,722,694,https://ideas.repec.org/f/ple259.html
phr5,Wolfgang Karl Härdle,Humboldt-Universität Berlin,False,723,856,https://ideas.repec.org/e/phr5.html
psi32,Donald S. Siegel,Arizona State University,False,724,2673,https://ideas.repec.org/e/psi32.html
pku75,Kenneth Neil Kuttner,Williams College,False,725,,https://ideas.repec.org/e/pku75.html
pca244,Mark Carhart,,False,726,,https://ideas.repec.org/f/pca244.html
pmi132,Roni Michaely,University of Hong Kong,False,727,500,https://ideas.repec.org/e/pmi132.html
pwi12,Stephen Williamson,University of Western Ontario,False,728,960,https://ideas.repec.org/e/pwi12.html
pst824,Stefanie Stantcheva,Harvard University,False,729,32,https://ideas.repec.org/f/pst824.html
psm83,Richard J. Smith,University of Cambridge,False,730,,https://ideas.repec.org/e/psm83.html
pra166,James E. Rauch,University of California-San Diego (UCSD),False,731,,https://ideas.repec.org/e/pra166.html
pzh71,Ekaterina Zhuravskaya,Paris School of Economics,False,732,243,https://ideas.repec.org/e/pzh71.html
ppu2,Diego Puga,Centro de Estudios Monetarios y Financieros (CEMFI),False,733,2598,https://ideas.repec.org/e/ppu2.html
pho390,Harrison Hong,,False,734,,https://ideas.repec.org/f/pho390.html
ppo9,Fabien Postel-Vinay,Southern Methodist University,False,735,1485,https://ideas.repec.org/e/ppo9.html
pwe40,Andrew Weiss,Boston University,False,736,,https://ideas.repec.org/e/pwe40.html
ppa611,Donghyun Park,Asian Development Bank,False,737,323,https://ideas.repec.org/f/ppa611.html
pca1233,Brantly Mercer Callaway Vi,University of Georgia,False,738,18,https://ideas.repec.org/f/pca1233.html
psk23,Jonathan Skinner,Dartmouth College,False,739,,https://ideas.repec.org/e/psk23.html
pfu10,Don Fullerton,National Bureau of Economic Research (NBER),False,740,3491,https://ideas.repec.org/e/pfu10.html
plo31,Lance Lochner,Purdue University,False,741,721,https://ideas.repec.org/e/plo31.html
pwo9,Justin Wolfers,,False,742,,https://ideas.repec.org/e/pwo9.html
pgu36,Guesnerie Roger,,True,743,,https://ideas.repec.org/e/pgu36.html
psm18,Ronald Smith,Birkbeck College,False,744,,https://ideas.repec.org/e/psm18.html
phs10,Cheng Hsiao,University of Southern California,False,745,3406,https://ideas.repec.org/e/phs10.html
pwi50,Frank Windmeijer,Oxford University,False,746,,https://ideas.repec.org/e/pwi50.html
pgi66,Paola Giuliano,,False,747,781,https://ideas.repec.org/e/pgi66.html
peh4,Michael Ehrmann,Frankfurt School of Finance and Management,False,748,658,https://ideas.repec.org/e/peh4.html
pgy3,Joseph Gyourko,University of Pennsylvania,False,749,2116,https://ideas.repec.org/e/pgy3.html
pco70,Harold Linh Cole,University of Pennsylvania,False,750,2255,https://ideas.repec.org/e/pco70.html
poz124,Peterson K. Ozili,Central Bank of Nigeria,False,751,40,https://ideas.repec.org/e/poz124.html
pra16,Morten Ravn,University College London (UCL),False,752,1522,https://ideas.repec.org/e/pra16.html
pbi148,Mark Joseph Bils,University of Rochester,False,753,2730,https://ideas.repec.org/e/pbi148.html
pte183,David J. Teece,University of California-Berkeley,False,754,,https://ideas.repec.org/e/pte183.html
ppr1,Eswar Prasad,Cornell University,False,755,,https://ideas.repec.org/e/ppr1.html
psm28,James P. Smith,,True,756,,https://ideas.repec.org/e/psm28.html
pbe100,Ansgar Belke,,True,757,1759,https://ideas.repec.org/e/pbe100.html
psc269,T. Paul Schultz,Yale University,False,758,,https://ideas.repec.org/f/psc269.html
pgr45,Holger Görg,Kiel Institut für Weltwirtschaft - Leibniz Zentrum zur Erforschung globaler ökonomischer Herausforderungen (IfW),False,759,,https://ideas.repec.org/e/pgr45.html
pai4,S. Rao Aiyagari,,True,760,,https://ideas.repec.org/e/pai4.html
pwe115,Enzo Weber,,False,761,136,https://ideas.repec.org/e/pwe115.html
pti9,Marcel Peter Timmer,Rijksuniversiteit Groningen,False,762,2929,https://ideas.repec.org/e/pti9.html
pka210,Michael L. Katz,University of California-Berkeley,False,763,,https://ideas.repec.org/f/pka210.html
pmc32,Randolph Preston Mcafee,,False,764,,https://ideas.repec.org/e/pmc32.html
pwh46,Michael Whinston,Massachusetts Institute of Technology (MIT),False,765,3124,https://ideas.repec.org/e/pwh46.html
pba99,Edward B. Barbier,Colorado State University,False,766,614,https://ideas.repec.org/e/pba99.html
pru209,Aldo Rustichini,University of Minnesota,False,767,,https://ideas.repec.org/f/pru209.html
pre7,Diego Restuccia,University of Toronto,False,768,223,https://ideas.repec.org/e/pre7.html
pha90,Nick Hanley,,False,769,857,https://ideas.repec.org/e/pha90.html
pst4,Kjetil Storesletten,University of Minnesota,False,770,1259,https://ideas.repec.org/e/pst4.html
pzw2,Josef Zweimüller,Universität Zürich,False,771,489,https://ideas.repec.org/e/pzw2.html
pgu59,Sergei Guriev,London Business School (LBS),False,772,76,https://ideas.repec.org/e/pgu59.html
pgi102,Victor A. Ginsburgh,,True,773,,https://ideas.repec.org/e/pgi102.html
pde40,Stefan Dercon,Oxford University,False,774,3285,https://ideas.repec.org/e/pde40.html
psp18,Mark M Spiegel,Federal Reserve Bank of San Francisco,False,775,1870,https://ideas.repec.org/e/psp18.html
pke8,Wolfgang Keller,,False,776,2334,https://ideas.repec.org/e/pke8.html
pha228,George E. Halkos,University of Thessaly,False,777,295,https://ideas.repec.org/f/pha228.html
pwa23,Carl Walsh,University of California-Santa Cruz (UCSC),False,778,,https://ideas.repec.org/e/pwa23.html
pca473,Matias D. Cattaneo,Princeton University,False,779,62,https://ideas.repec.org/f/pca473.html
ppe52,Fabrizio Perri,Federal Reserve Bank of Minneapolis,False,780,1308,https://ideas.repec.org/e/ppe52.html
ppa701,Elias Papaioannou,London Business School (LBS),False,781,156,https://ideas.repec.org/f/ppa701.html
pin77,Roman Inderst,Goethe Universität Frankfurt am Main,False,782,1330,https://ideas.repec.org/e/pin77.html
pfa338,Robert W. Fairlie,University of California-Los Angeles (UCLA),False,783,418,https://ideas.repec.org/f/pfa338.html
psh12,Shouyong Shi,Queen's University,False,784,,https://ideas.repec.org/e/psh12.html
pos23,Jonathan David Ostry,University of Toronto,False,785,412,https://ideas.repec.org/e/pos23.html
pca130,Pedro Carneiro,University College London (UCL),False,786,2151,https://ideas.repec.org/e/pca130.html
pjo400,Benjamin F. Jones,Northwestern University,False,787,585,https://ideas.repec.org/f/pjo400.html
ple131,Michael Lechner,Universität St. Gallen,False,788,1395,https://ideas.repec.org/e/ple131.html
pkh138,Amit Khandelwal,Yale University,False,789,257,https://ideas.repec.org/e/pkh138.html
pje59,Olivier Jeanne,Johns Hopkins University,False,790,,https://ideas.repec.org/e/pje59.html
pcr84,Nicholas Crafts,,True,791,1591,https://ideas.repec.org/e/pcr84.html
pwe97,Philippe Weil,Université Libre de Bruxelles,False,792,,https://ideas.repec.org/e/pwe97.html
pva270,Arthur van Soest,Universiteit van Tilburg,False,793,,https://ideas.repec.org/f/pva270.html
pma6,George J. Mailath,University of Pennsylvania,False,794,,https://ideas.repec.org/e/pma6.html
poh1,Lee Edward Ohanian,University of California-Los Angeles (UCLA),False,795,3069,https://ideas.repec.org/e/poh1.html
pba102,Marianne Baxter,Boston University,False,796,,https://ideas.repec.org/e/pba102.html
ped30,Alex Edmans,University of Pennsylvania,False,797,722,https://ideas.repec.org/e/ped30.html
pho217,Hugo A. Hopenhayn,University of California-Los Angeles (UCLA),False,798,,https://ideas.repec.org/f/pho217.html
plo268,C. A. Knox Lovell,,True,799,,https://ideas.repec.org/f/plo268.html
pkn35,Stephen Knack,,True,800,,https://ideas.repec.org/e/pkn35.html
pma337,Paolo Mauro,World Bank Group,False,801,,https://ideas.repec.org/f/pma337.html
poa3,Wallace E. Oates,,True,802,,https://ideas.repec.org/e/poa3.html
pva353,Jeroen C.j.m. van den Bergh,Barcelona School of Economics (BSE),False,803,747,https://ideas.repec.org/f/pva353.html
pch504,Thomas Chaney,University of Southern California,False,804,809,https://ideas.repec.org/f/pch504.html
plu63,Jayson L. Lusk,Oklahoma State University,False,805,674,https://ideas.repec.org/e/plu63.html
pcr113,Helmuth Cremer,Toulouse School of Economics (TSE),False,806,2322,https://ideas.repec.org/e/pcr113.html
pea15,David Easley,Cornell University,False,807,3116,https://ideas.repec.org/e/pea15.html
pdo54,David Dollar,,True,808,,https://ideas.repec.org/e/pdo54.html
pla208,Guy Laroque,University College London (UCL),False,809,,https://ideas.repec.org/f/pla208.html
pdr61,Jacques H. Dreze,,True,810,,https://ideas.repec.org/e/pdr61.html
plo185,Guido Lorenzoni,Northwestern University,False,811,205,https://ideas.repec.org/e/plo185.html
pam39,Mary Amiti,Federal Reserve Bank of New York,False,812,428,https://ideas.repec.org/e/pam39.html
par43,Philip Arestis,University of Cambridge,False,813,,https://ideas.repec.org/e/par43.html
pje39,Philippe Jehiel,Paris School of Economics,False,814,2354,https://ideas.repec.org/e/pje39.html
pev4,George William Evans,University of Oregon,False,815,,https://ideas.repec.org/e/pev4.html
pma235,Ronald MacDonald,University of Glasgow,False,816,,https://ideas.repec.org/f/pma235.html
pka445,Edi Karni,Johns Hopkins University,False,817,,https://ideas.repec.org/f/pka445.html
pva186,Wilbert H van der Klaauw,Federal Reserve Bank of New York,False,818,1530,https://ideas.repec.org/e/pva186.html
pel18,Graham Elliott,University of California-San Diego (UCSD),False,819,,https://ideas.repec.org/e/pel18.html
pde118,Eddie Dekel,Tel Aviv University,False,820,,https://ideas.repec.org/e/pde118.html
pfo9,Lionel Fontagné,Paris School of Economics,False,821,564,https://ideas.repec.org/e/pfo9.html
pha1189,Jinyong Hahn,University of California-Los Angeles (UCLA),False,822,,https://ideas.repec.org/f/pha1189.html
ple349,Charles M. C. Lee,Stanford University,False,823,2066,https://ideas.repec.org/f/ple349.html
pgu24,Fatih Guvenen,University of Minnesota,False,824,435,https://ideas.repec.org/e/pgu24.html
pwa46,Joel Waldfogel,,False,825,730,https://ideas.repec.org/e/pwa46.html
pka329,G. Andrew Karolyi,Cornell University,False,826,,https://ideas.repec.org/f/pka329.html
pla68,Eliana La Ferrara,,False,827,2715,https://ideas.repec.org/e/pla68.html
plo283,Francis A. Longstaff,University of California-Los Angeles (UCLA),False,828,,https://ideas.repec.org/f/plo283.html
pqu9,Danny Quah,London School of Economics (LSE),False,829,,https://ideas.repec.org/e/pqu9.html
ppa577,James E. Payne,Oklahoma State University,False,830,1943,https://ideas.repec.org/f/ppa577.html
pho278,Hilary Williamson Hoynes,University of California-Berkeley,False,831,1250,https://ideas.repec.org/f/pho278.html
pja78,Beata Smarzynska Javorcik,Oxford University,False,832,962,https://ideas.repec.org/e/pja78.html
pgo95,Roger H. Gordon,University of California-San Diego (UCSD),False,833,,https://ideas.repec.org/e/pgo95.html
pvo5,Hans-Joachim Voth,Universität Zürich,False,834,723,https://ideas.repec.org/e/pvo5.html
pep21,Dennis Epple,Carnegie Mellon University,False,835,,https://ideas.repec.org/e/pep21.html
pmi20,James A. Mirrlees,,True,836,,https://ideas.repec.org/e/pmi20.html
ppl11,Charles I. Plosser,,True,837,,https://ideas.repec.org/e/ppl11.html
pfa24,Ray Fair,Yale University,False,838,,https://ideas.repec.org/e/pfa24.html
pli161,Albert N. Link,University of North Carolina-Greensboro,False,839,491,https://ideas.repec.org/e/pli161.html
pda171,Russell Davidson,McGill University,False,840,,https://ideas.repec.org/e/pda171.html
pro86,Barbara Rossi,Barcelona School of Economics (BSE),False,841,543,https://ideas.repec.org/e/pro86.html
pgt1,Werner Güth,Libera Università Internazionale degli Studi Sociali Guido Carli (LUISS),False,842,,https://ideas.repec.org/e/pgt1.html
psh27,William F. Sharpe,Stanford University,False,843,,https://ideas.repec.org/e/psh27.html
pde449,Klaus W. Deininger,World Bank Group,False,844,,https://ideas.repec.org/f/pde449.html
pvi52,Marie Claire Villeval,Université de Lyon,False,845,861,https://ideas.repec.org/e/pvi52.html
pev28,William N. Evans,University of Notre Dame,False,846,1746,https://ideas.repec.org/e/pev28.html
phe40,Geoffrey Heal,Columbia University,False,847,2370,https://ideas.repec.org/e/phe40.html
pkl66,Leora F. Klapper,World Bank Group,False,848,1980,https://ideas.repec.org/e/pkl66.html
pbi10,Alberto Bisin,,False,849,1551,https://ideas.repec.org/e/pbi10.html
pfa127,Robert William Faff,University of Queensland,False,850,1381,https://ideas.repec.org/e/pfa127.html
ppu153,Manju Puri,Duke University,False,851,1352,https://ideas.repec.org/e/ppu153.html
pdh29,Xavier D'Haultfoeuille,Centre de Recherche en Économie et Statistique (CREST),False,852,27,https://ideas.repec.org/e/pdh29.html
pvi437,Annette Vissing-Jorgensen,Federal Reserve Board (Board of Governors of the Federal Reserve System),False,853,1699,https://ideas.repec.org/f/pvi437.html
pri130,Piet Rietveld,,True,854,,https://ideas.repec.org/e/pri130.html
pba274,Susanto Basu,Boston College,False,855,,https://ideas.repec.org/f/pba274.html
pde497,David Deming,Harvard University,False,856,168,https://ideas.repec.org/f/pde497.html
pbo24,Robin Boadway,Queen's University,False,857,,https://ideas.repec.org/e/pbo24.html
pka457,Marcin Kacperczyk,Imperial College,False,858,170,https://ideas.repec.org/f/pka457.html
phu45,David Huffman,Cornell University,False,859,396,https://ideas.repec.org/e/phu45.html
pma1422,Andreu Mas-Colell,Barcelona School of Economics (BSE),False,860,,https://ideas.repec.org/f/pma1422.html
pbe65,Dan Bernhardt,University of Illinois at Urbana-Champaign,False,861,1294,https://ideas.repec.org/e/pbe65.html
psc29,Myron S. Scholes,Stanford University,False,862,,https://ideas.repec.org/e/psc29.html
pgi12,John Gibson,University of Waikato,False,863,717,https://ideas.repec.org/e/pgi12.html
phu100,David L. Hummels,Purdue University,False,864,,https://ideas.repec.org/e/phu100.html
pvo15,Juergen von Hagen,,False,865,,https://ideas.repec.org/e/pvo15.html
pba242,David Backus,,True,866,,https://ideas.repec.org/f/pba242.html
pan676,B.w. Ang,National University of Singapore (NUS),False,867,1554,https://ideas.repec.org/f/pan676.html
poz20,Ilhan Ozturk,Nişantası Üniversitesi,False,868,155,https://ideas.repec.org/e/poz20.html
pla73,David Laidler,University of Western Ontario,False,869,,https://ideas.repec.org/e/pla73.html
pmc238,Ronald I. McKinnon,,True,870,,https://ideas.repec.org/f/pmc238.html
pbr44,Loren Brandt,University of Toronto,False,871,607,https://ideas.repec.org/e/pbr44.html
ppe484,Barbara Petrongolo,Oxford University,False,872,628,https://ideas.repec.org/f/ppe484.html
pde56,Alan V. Deardorff,University of Michigan,False,873,,https://ideas.repec.org/e/pde56.html
pth26,Roy Thurik,Montpellier Business School,False,874,2281,https://ideas.repec.org/e/pth26.html
psu108,Arvind Subramanian,Peter G. Peterson Institute for International Economics (IIE),False,875,,https://ideas.repec.org/e/psu108.html
phe59,Benjamin Hermalin,University of California-Berkeley,False,876,,https://ideas.repec.org/e/phe59.html
pee1,Jan Eeckhout,Barcelona School of Economics (BSE),False,877,63,https://ideas.repec.org/e/pee1.html
pde165,Jan K. De Loecker,KU Leuven,False,878,140,https://ideas.repec.org/e/pde165.html
pgr314,Joshua Graff Zivin,,False,879,876,https://ideas.repec.org/f/pgr314.html
pla354,Richard Layard,London School of Economics (LSE),False,880,3144,https://ideas.repec.org/f/pla354.html
pca205,Francesco Caselli,London School of Economics (LSE),False,881,,https://ideas.repec.org/f/pca205.html
png97,Duc Khuong Nguyen,University of Cambridge,False,882,359,https://ideas.repec.org/e/png97.html
pme67,Lukas Menkhoff,Kiel Institut für Weltwirtschaft - Leibniz Zentrum zur Erforschung globaler ökonomischer Herausforderungen (IfW),False,883,580,https://ideas.repec.org/e/pme67.html
pwe155,Yoram Weiss,Tel Aviv University,False,884,,https://ideas.repec.org/e/pwe155.html
ppa511,Nina Pavcnik,Dartmouth College,False,885,,https://ideas.repec.org/f/ppa511.html
pde187,Paul J. Devereux,University College Dublin,False,886,1074,https://ideas.repec.org/e/pde187.html
psi29,Herbert Simon,,True,887,,https://ideas.repec.org/e/psi29.html
pgi23,Mariassunta Giannetti,Stockholm School of Economics,False,888,335,https://ideas.repec.org/e/pgi23.html
pfa17,Hanming Fang,University of Pennsylvania,False,889,529,https://ideas.repec.org/e/pfa17.html
psr38,T. N. Srinivasan,,True,890,,https://ideas.repec.org/e/psr38.html
pke132,Philip Keefer,Inter-American Development Bank,False,891,,https://ideas.repec.org/e/pke132.html
pdy4,Philip H. Dybvig,Southwestern University of Finance and Economics (SWUFE),False,892,,https://ideas.repec.org/e/pdy4.html
pqu2,Vincenzo Quadrini,University of Southern California,False,893,,https://ideas.repec.org/e/pqu2.html
pko46,Siem Jan Koopman,Vrije Universiteit Amsterdam,False,894,2335,https://ideas.repec.org/e/pko46.html
pru25,Juan F Rubio-Ramirez,Emory University,False,895,1942,https://ideas.repec.org/e/pru25.html
pda76,Paul A. David,,True,896,,https://ideas.repec.org/e/pda76.html
ple351,Frank Levy,Massachusetts Institute of Technology (MIT),False,897,,https://ideas.repec.org/f/ple351.html
pgi18,Francesco Giavazzi,,False,898,,https://ideas.repec.org/e/pgi18.html
pde613,Alain de Janvry,University of California-Berkeley,False,899,2731,https://ideas.repec.org/f/pde613.html
psa843,Elisabeth Sadoulet,,True,900,1618,https://ideas.repec.org/f/psa843.html
pni95,Muriel Niederle,Stanford University,False,901,,https://ideas.repec.org/e/pni95.html
pru5,John Philip Rust,Georgetown University,False,902,,https://ideas.repec.org/e/pru5.html
pre160,Luc Renneboog,Universiteit van Tilburg,False,903,405,https://ideas.repec.org/e/pre160.html
pco561,Timothy Guy Conley,University of Western Ontario,False,904,,https://ideas.repec.org/f/pco561.html
pth258,David Thesmar,Massachusetts Institute of Technology (MIT),False,905,1125,https://ideas.repec.org/f/pth258.html
pzi83,Jonathan Zinman,Dartmouth College,False,906,1295,https://ideas.repec.org/e/pzi83.html
pre105,Reinhilde Veugelers,KU Leuven,False,907,1830,https://ideas.repec.org/e/pre105.html
phu352,Jikun Huang,Peking University,False,908,1274,https://ideas.repec.org/f/phu352.html
phu113,Harry P. Huizinga,Universiteit van Tilburg,False,909,,https://ideas.repec.org/e/phu113.html
ppo728,James L. Powell,University of Arizona,False,910,,https://ideas.repec.org/f/ppo728.html
phi209,Jack Hirshleifer,,True,911,,https://ideas.repec.org/f/phi209.html
pra576,Hillel Rapoport,Paris School of Economics,False,912,675,https://ideas.repec.org/f/pra576.html
pic3,Andrea Ichino,Alma Mater Studiorum - Università di Bologna,False,913,1588,https://ideas.repec.org/e/pic3.html
pmo37,Franco Modigliani,,True,914,,https://ideas.repec.org/e/pmo37.html
pst391,Johannes Stroebel,New York University (NYU),False,915,66,https://ideas.repec.org/f/pst391.html
pba670,Robert Barsky,Federal Reserve Bank of Chicago,False,916,,https://ideas.repec.org/f/pba670.html
ple572,Martin Lettau,University of California-Berkeley,False,917,1451,https://ideas.repec.org/f/ple572.html
pwi51,Sidney Graham Winter Jr.,University of Pennsylvania,False,918,,https://ideas.repec.org/e/pwi51.html
pfa3,Roger E. A. Farmer,,False,919,2269,https://ideas.repec.org/e/pfa3.html
pbo202,Tito Boeri,Università Commerciale Luigi Bocconi,False,920,1561,https://ideas.repec.org/f/pbo202.html
pde1077,Paul De Grauwe,London School of Economics (LSE),False,921,,https://ideas.repec.org/f/pde1077.html
pmi18,Merton H. Miller,,True,922,,https://ideas.repec.org/e/pmi18.html
pha777,Jarrad Harford,University of Washington,False,923,1325,https://ideas.repec.org/f/pha777.html
por7,Kevin Hjortshøj O'Rourke,Sciences Po,False,924,1810,https://ideas.repec.org/e/por7.html
pha4,Milton Harris,University of Chicago,False,925,,https://ideas.repec.org/e/pha4.html
ple318,Jonathan Levin,Stanford University,False,926,2798,https://ideas.repec.org/f/ple318.html
ple189,John Leahy,,True,927,1631,https://ideas.repec.org/e/ple189.html
pfe43,John Fernald,INSEAD,False,928,2517,https://ideas.repec.org/e/pfe43.html
pco35,Thomas Cooley,,True,929,,https://ideas.repec.org/e/pco35.html
pto111,Robert H. Topel,University of Chicago,False,930,,https://ideas.repec.org/e/pto111.html
pwo147,Asher Wolinsky,Northwestern University,False,931,,https://ideas.repec.org/e/pwo147.html
pph31,Gordon M. Phillips,Dartmouth College,False,932,1156,https://ideas.repec.org/e/pph31.html
pre34,Patrick Rey,Toulouse School of Economics (TSE),False,933,2007,https://ideas.repec.org/e/pre34.html
pgr65,Herschel I. Grossman,,True,934,,https://ideas.repec.org/e/pgr65.html
pza107,Basit Zafar,University of Michigan,False,935,582,https://ideas.repec.org/e/pza107.html
pag16,Pierre-Richard Agénor,University of Manchester,False,936,2997,https://ideas.repec.org/e/pag16.html
ple386,James Levinsohn,,False,937,,https://ideas.repec.org/f/ple386.html
pve25,Lise Vesterlund,University of Pittsburgh,False,938,1257,https://ideas.repec.org/e/pve25.html
pbr614,Michael Brennan,University of California-Los Angeles (UCLA),False,939,,https://ideas.repec.org/f/pbr614.html
ptr44,Daniel Trefler,University of Toronto,False,940,,https://ideas.repec.org/e/ptr44.html
pne27,Joseph Newhouse,,False,941,,https://ideas.repec.org/e/pne27.html
pse218,Henri Servaes,London Business School (LBS),False,942,408,https://ideas.repec.org/f/pse218.html
pea25,Richard A. Easterlin,,True,943,,https://ideas.repec.org/e/pea25.html
pfl34,Mark Jeffrey Flannery,,False,944,,https://ideas.repec.org/e/pfl34.html
plu82,Shelly Lundberg,University of California-Santa Barbara (UCSB),False,945,1009,https://ideas.repec.org/e/plu82.html
pst61,Alois Stutzer,Universität Basel,False,946,2028,https://ideas.repec.org/e/pst61.html
pha279,Andrew C. Harvey,University of Cambridge,False,947,,https://ideas.repec.org/f/pha279.html
pfe65,Lars P. Feld,Walter Eucken Institut,False,948,1438,https://ideas.repec.org/e/pfe65.html
psi57,Tayfun Sönmez,Boston College,False,949,1544,https://ideas.repec.org/e/psi57.html
pmu30,Kevin Murphy,University of Southern California,False,950,,https://ideas.repec.org/e/pmu30.html
pwi82,Paul W. Wilson,,False,951,2422,https://ideas.repec.org/e/pwi82.html
psc165,Christoph M. Schmidt,RWI - Leibniz-Institut für Wirtschaftsforschung,False,952,3587,https://ideas.repec.org/e/psc165.html
pir1,Peter Ireland,Boston College,False,953,,https://ideas.repec.org/e/pir1.html
pne85,Brent Neiman,University of Chicago,False,954,61,https://ideas.repec.org/e/pne85.html
pli259,Robert E. Lipsey,,True,955,,https://ideas.repec.org/f/pli259.html
pde44,David de la Croix,Université Catholique de Louvain,False,956,1185,https://ideas.repec.org/e/pde44.html
pec27,Catherine C Eckel,Texas A&M University,False,957,3535,https://ideas.repec.org/e/pec27.html
pcu47,Flavio Cunha,Rice University,False,958,,https://ideas.repec.org/e/pcu47.html
phu137,Michael D. Hurd,RAND,False,959,,https://ideas.repec.org/e/phu137.html
pha83,Fumio Hayashi,National Graduate Institute for Policy Studies (GRIPS),False,960,,https://ideas.repec.org/e/pha83.html
psv22,Jakob Svensson,Stockholms Universitet,False,961,1858,https://ideas.repec.org/e/psv22.html
ppe145,Bruce Clayton Petersen,Washington University in St. Louis,False,962,,https://ideas.repec.org/e/ppe145.html
pgr476,Jerry Green,Harvard University,False,963,,https://ideas.repec.org/f/pgr476.html
pmc60,John McMillan,,True,964,,https://ideas.repec.org/e/pmc60.html
pau21,Robert J. Aumann,Hebrew University of Jerusalem,False,965,,https://ideas.repec.org/e/pau21.html
pja203,Joao Tovar Jalles,Universidade de Lisboa,False,966,139,https://ideas.repec.org/f/pja203.html
pde1353,Clément de Chaisemartin,Sciences Po,False,967,29,https://ideas.repec.org/f/pde1353.html
plj2,Alexander Ljungqvist,Stockholm School of Economics,False,968,,https://ideas.repec.org/e/plj2.html
pst95,Holger Strulik,Georg-August-Universität Göttingen,False,969,454,https://ideas.repec.org/e/pst95.html
pvi114,John Vickers,Oxford University,False,970,3591,https://ideas.repec.org/e/pvi114.html
pda455,Gordon B. Dahl,University of California-San Diego (UCSD),False,971,394,https://ideas.repec.org/f/pda455.html
pdo103,Juan J. Dolado,Universidad Carlos III de Madrid,False,972,2189,https://ideas.repec.org/e/pdo103.html
pbu20,Craig Burnside,Duke University,False,973,,https://ideas.repec.org/e/pbu20.html
pno11,Douglass C. North,,True,974,,https://ideas.repec.org/e/pno11.html
ppr174,Andrea Prat,Columbia University,False,975,587,https://ideas.repec.org/e/ppr174.html
pma25,Jorge Martinez-Vazquez,Georgia State University,False,976,1509,https://ideas.repec.org/e/pma25.html
pka406,Arie Kapteyn,University of Southern California,False,977,,https://ideas.repec.org/f/pka406.html
pma2363,Alexandre Mas,Princeton University,False,978,352,https://ideas.repec.org/f/pma2363.html
pwe483,Finis Welch,,True,979,,https://ideas.repec.org/f/pwe483.html
psc146,Andrew Schotter,New York University (NYU),False,980,,https://ideas.repec.org/e/psc146.html
pca77,Andrew Caplin,New York University (NYU),False,981,2526,https://ideas.repec.org/e/pca77.html
pka270,John Kagel,,True,982,,https://ideas.repec.org/f/pka270.html
pva299,Eric van Damme,Universiteit van Tilburg,False,983,,https://ideas.repec.org/f/pva299.html
pco358,Dora L. Costa,University of California-Los Angeles (UCLA),False,984,,https://ideas.repec.org/f/pco358.html
pbe259,Leonardo Becchetti,"Università degli Studi di Roma ""Tor Vergata""",False,985,1664,https://ideas.repec.org/f/pbe259.html
par274,Costas Arkolakis,Yale University,False,986,518,https://ideas.repec.org/f/par274.html
pda66,Michael Darby,University of California-Los Angeles (UCLA),False,987,,https://ideas.repec.org/e/pda66.html
pmc79,Philip McCann,University of Manchester,False,988,955,https://ideas.repec.org/e/pmc79.html
poc7,Axel Ockenfels,Universität zu Köln,False,989,1787,https://ideas.repec.org/e/poc7.html
pfi4,Jonas Fisher,Federal Reserve Bank of Chicago,False,990,,https://ideas.repec.org/e/pfi4.html
pbi43,Bruno R Biais,HEC Paris (École des Hautes Études Commerciales),False,991,1864,https://ideas.repec.org/e/pbi43.html
pbe56,Ted Bergstrom,University of California-Santa Barbara (UCSB),False,992,,https://ideas.repec.org/e/pbe56.html
pde392,James Bradford DeLong,University of California-Berkeley,False,993,,https://ideas.repec.org/f/pde392.html
pdi128,Rafael Di Tella,Harvard University,False,994,,https://ideas.repec.org/e/pdi128.html
pko590,Botond Koszegi,Rheinische Friedrich-Wilhelms-Universität Bonn,False,995,1150,https://ideas.repec.org/f/pko590.html
pfu8,Jeffrey C. Fuhrer,Harvard University,False,996,,https://ideas.repec.org/e/pfu8.html
pwa205,Peter P. Wakker,Erasmus Universiteit Rotterdam,False,997,,https://ideas.repec.org/f/pwa205.html
pcr18,Rachel Toni Algaze Croson,University of Minnesota,False,998,,https://ideas.repec.org/e/pcr18.html
psi78,Pierre Siklos,,False,999,1326,https://ideas.repec.org/e/psi78.html
pdu104,Pascaline Dupas,Princeton University,False,1000,714,https://ideas.repec.org/e/pdu104.html
pde173,Jaime de Melo,Fondation pour les études et recherches sur le développment international (FERDI),False,1001,,https://ideas.repec.org/e/pde173.html
ple258,Loet Leydesdorff,,True,1002,2398,https://ideas.repec.org/f/ple258.html
pch261,Yin-Wong Cheung,University of California-Santa Cruz (UCSC),False,1003,2587,https://ideas.repec.org/f/pch261.html
pro190,Mark J. Roberts,Pennsylvania State University,False,1004,,https://ideas.repec.org/e/pro190.html
plu27,Erzo F.p. Luttmer,Dartmouth College,False,1005,,https://ideas.repec.org/e/plu27.html
pos55,Elinor Ostrom,,True,1006,,https://ideas.repec.org/e/pos55.html
pve34,Carlos Vegh,Johns Hopkins University,False,1007,,https://ideas.repec.org/e/pve34.html
pbu16,James M. Buchanan,,True,1008,,https://ideas.repec.org/e/pbu16.html
pfa220,Mara Faccio,Purdue University,False,1009,,https://ideas.repec.org/f/pfa220.html
pbo47,Alison Lee Booth,Australian National University,False,1010,,https://ideas.repec.org/e/pbo47.html
pdi178,John Enrico DiNardo,,True,1011,,https://ideas.repec.org/e/pdi178.html
pxi88,Wei Xiong,Princeton University,False,1012,2676,https://ideas.repec.org/e/pxi88.html
pal64,Laura Alfaro,Harvard University,False,1013,338,https://ideas.repec.org/e/pal64.html
pja86,Seema Jayachandran,Princeton University,False,1014,232,https://ideas.repec.org/e/pja86.html
pma507,Massimo Marinacci,Università Commerciale Luigi Bocconi,False,1015,3421,https://ideas.repec.org/f/pma507.html
pwe359,Martin Weber,,False,1016,2450,https://ideas.repec.org/f/pwe359.html
psu644,Liyang Sun,Centro de Estudios Monetarios y Financieros (CEMFI),False,1017,22,https://ideas.repec.org/f/psu644.html
pko61,Jozef Konings,KU Leuven,False,1018,946,https://ideas.repec.org/e/pko61.html
pme66,Gilbert Metcalf,Tufts University,False,1019,1012,https://ideas.repec.org/e/pme66.html
pgh108,Maitreesh Ghatak,London School of Economics (LSE),False,1020,1043,https://ideas.repec.org/e/pgh108.html
pst365,Nancy Stokey,University of Chicago,False,1021,,https://ideas.repec.org/f/pst365.html
pdo36,Frédéric Docquier,Luxembourg Institute of Socio-Economic Research (LISER),False,1022,1431,https://ideas.repec.org/e/pdo36.html
pje46,Glenn Paul Jenkins,Queen's University,False,1023,2241,https://ideas.repec.org/e/pje46.html
pho4,V. Joseph Hotz,Duke University,False,1024,3426,https://ideas.repec.org/e/pho4.html
pic1,Hidehiko Ichimura,University of Arizona,False,1025,,https://ideas.repec.org/e/pic1.html
pli76,Frank Lichtenberg,Columbia University,False,1026,,https://ideas.repec.org/e/pli76.html
pan42,Simon Anderson,University of Virginia,False,1027,,https://ideas.repec.org/e/pan42.html
pod31,Ted O'Donoghue,Cornell University,False,1028,,https://ideas.repec.org/e/pod31.html
pto104,Petia Topalova,International Monetary Fund (IMF),False,1029,2169,https://ideas.repec.org/e/pto104.html
pde1,Michael P. Devereux,Oxford University,False,1030,,https://ideas.repec.org/e/pde1.html
pno182,Matthew J. Notowidigdo,Northwestern University,False,1031,177,https://ideas.repec.org/e/pno182.html
pwe185,Jörgen W. Weibull,Stockholm School of Economics,False,1032,,https://ideas.repec.org/e/pwe185.html
pca21,Marco Caliendo,Universität Potsdam,False,1033,1393,https://ideas.repec.org/e/pca21.html
pgr231,Mark Grinblatt,University of California-Los Angeles (UCLA),False,1034,,https://ideas.repec.org/f/pgr231.html
pha1102,Michael Hanemann,Arizona State University,False,1035,3424,https://ideas.repec.org/f/pha1102.html
pba76,Timothy J. Bartik,W.E. Upjohn Institute for Employment Research,False,1036,2939,https://ideas.repec.org/e/pba76.html
pth20,Duncan Thomas,Duke University,False,1037,,https://ideas.repec.org/e/pth20.html
pgo200,Mikhail Golosov,University of Chicago,False,1038,1033,https://ideas.repec.org/e/pgo200.html
pro248,John H. Rogers,Fudan University,False,1039,1212,https://ideas.repec.org/f/pro248.html
pna255,"Rodolfo M. Nayga, Jr.",Texas A&M University,False,1040,936,https://ideas.repec.org/f/pna255.html
pde131,Harold Demsetz,,True,1041,,https://ideas.repec.org/e/pde131.html
pwi238,L. Alan Winters,University of Sussex,False,1042,,https://ideas.repec.org/f/pwi238.html
pde650,Peter M. DeMarzo,Stanford University,False,1043,1254,https://ideas.repec.org/f/pde650.html
pwe334,Barry R. Weingast,,False,1044,,https://ideas.repec.org/f/pwe334.html
phu9,Jennifer Hunt,Rutgers University-New Brunswick,False,1045,3188,https://ideas.repec.org/e/phu9.html
pwa40,Michael Waldman,Cornell University,False,1046,,https://ideas.repec.org/e/pwa40.html
psc69,Martin Schneider,,False,1047,,https://ideas.repec.org/e/psc69.html
pmu87,Richard J. Murnane,National Bureau of Economic Research (NBER),False,1048,,https://ideas.repec.org/e/pmu87.html
pbe151,Hendrik Bessembinder,Arizona State University,False,1049,1744,https://ideas.repec.org/e/pbe151.html
pag47,Sumit Agarwal,National University of Singapore (NUS),False,1050,,https://ideas.repec.org/e/pag47.html
psh42,Steven M. Shavell,National Bureau of Economic Research (NBER),False,1051,,https://ideas.repec.org/e/psh42.html
pco206,Pierre-Philippe Combes,Sciences Po,False,1052,2000,https://ideas.repec.org/f/pco206.html
pva412,Sweder van Wijnbergen,Universiteit van Amsterdam,False,1053,3113,https://ideas.repec.org/f/pva412.html
pja604,Xavier Jaravel,London School of Economics (LSE),False,1054,25,https://ideas.repec.org/f/pja604.html
pye37,Stephen Ross Yeaple,National Bureau of Economic Research (NBER),False,1055,,https://ideas.repec.org/e/pye37.html
pbl56,Rebecca M. Blank,,True,1056,,https://ideas.repec.org/e/pbl56.html
pci47,Antonio Ciccone,Barcelona School of Economics (BSE),False,1057,,https://ideas.repec.org/e/pci47.html
pzh45,Xiaobo Zhang,International Food Policy Research Institute (IFPRI),False,1058,772,https://ideas.repec.org/e/pzh45.html
pho12,Seppo Mikko Sakari Honkapohja,Aalto-yliopisto,False,1059,,https://ideas.repec.org/e/pho12.html
pfr95,Michael Fritsch,Friedrich-Schiller-Universität Jena,False,1060,918,https://ideas.repec.org/e/pfr95.html
pho272,John Hoddinott,Cornell University,False,1061,1627,https://ideas.repec.org/f/pho272.html
ppo21,Michael Gerald Pollitt,University of Cambridge,False,1062,755,https://ideas.repec.org/e/ppo21.html
pta125,Finn Tarp,Københavns Universitet,False,1063,1187,https://ideas.repec.org/e/pta125.html
pdu558,Martin Dufwenberg,Purdue University,False,1064,3202,https://ideas.repec.org/f/pdu558.html
pka119,Charles Milton Kahn,University of Illinois at Urbana-Champaign,False,1065,,https://ideas.repec.org/e/pka119.html
pit14,Oleg Itskhoki,University of California-Los Angeles (UCLA),False,1066,268,https://ideas.repec.org/e/pit14.html
psc64,Sergio Schmukler,World Bank Group,False,1067,1958,https://ideas.repec.org/e/psc64.html
pla18,Ricardo Lagos,New York University (NYU),False,1068,1315,https://ideas.repec.org/e/pla18.html
pde83,Giovanni Dell'ariccia,International Monetary Fund (IMF),False,1069,1358,https://ideas.repec.org/e/pde83.html
pir25,Douglas A. Irwin,Dartmouth College,False,1070,2923,https://ideas.repec.org/e/pir25.html
pbu78,Claudia M. Buch,European Central Bank,False,1071,2728,https://ideas.repec.org/e/pbu78.html
pst178,William C. Strange,University of Toronto,False,1072,,https://ideas.repec.org/e/pst178.html
psa605,Andre Sapir,Université Libre de Bruxelles,False,1073,,https://ideas.repec.org/f/psa605.html
pwe10,Laurent Weill,Université de Strasbourg,False,1074,903,https://ideas.repec.org/e/pwe10.html
pba722,Mehmet Balcilar,University of New Haven,False,1075,178,https://ideas.repec.org/f/pba722.html
pka365,Peter Karadi,European Central Bank,False,1076,226,https://ideas.repec.org/f/pka365.html
pgi162,Stefano Giglio,Yale University,False,1077,112,https://ideas.repec.org/e/pgi162.html
pwi9,Volker Wieland,Goethe Universität Frankfurt am Main,False,1078,,https://ideas.repec.org/e/pwi9.html
ppa636,Thomas I. Palley,Hans Böckler Stiftung,False,1079,1155,https://ideas.repec.org/f/ppa636.html
pkl19,Steven Klepper,,True,1080,,https://ideas.repec.org/e/pkl19.html
pka669,Jonathan Mark Karpoff,University of Washington,False,1081,1466,https://ideas.repec.org/f/pka669.html
pwa73,Etienne Wasmer,New York University Abu Dhabi,False,1082,,https://ideas.repec.org/e/pwa73.html
psc174,Jürgen Schupp,DIW Berlin (Deutsches Institut für Wirtschaftsforschung),False,1083,2212,https://ideas.repec.org/e/psc174.html
pla194,Robert John LaLonde,,True,1084,,https://ideas.repec.org/e/pla194.html
pro746,Stuart S. Rosenthal,Syracuse University,False,1085,3294,https://ideas.repec.org/f/pro746.html
pba505,Ray Ball,University of Chicago,False,1086,,https://ideas.repec.org/f/pba505.html
phe368,John F. Helliwell,University of British Columbia,False,1087,,https://ideas.repec.org/f/phe368.html
psa51,João M.c. Santos Silva,University of Surrey,False,1088,672,https://ideas.repec.org/e/psa51.html
pfr22,Daniel Friedman,University of California-Santa Cruz (UCSC),False,1089,,https://ideas.repec.org/e/pfr22.html
pdi189,Georges Dionne,HEC Montréal (École des Hautes Études Commerciales),False,1090,,https://ideas.repec.org/e/pdi189.html
pgu93,Refet S. Gürkaynak,Bilkent Üniversitesi,False,1091,854,https://ideas.repec.org/e/pgu93.html
pli184,Jeffrey B. Liebman,Harvard University,False,1092,,https://ideas.repec.org/e/pli184.html
pbe203,Pierpaolo Benigno,Universität Bern,False,1093,963,https://ideas.repec.org/f/pbe203.html
pgr127,David Greenaway,University of Nottingham,False,1094,,https://ideas.repec.org/e/pgr127.html
plo26,J. David Lopez-Salido,Centre for Economic Policy Research (CEPR),False,1095,,https://ideas.repec.org/e/plo26.html
psc367,Susanne Schennach,Brown University,False,1096,2524,https://ideas.repec.org/f/psc367.html
pga77,Luis Garicano,London School of Economics (LSE),False,1097,,https://ideas.repec.org/e/pga77.html
pch567,Jean-Paul Chavas,University of Wisconsin-Madison,False,1098,,https://ideas.repec.org/f/pch567.html
pha418,Tomas Havranek,Univerzita Karlova v Praze,False,1099,455,https://ideas.repec.org/f/pha418.html
pgr24,Avner Greif,Stanford University,False,1100,,https://ideas.repec.org/e/pgr24.html
pgo19,Marvin Goodfriend,,True,1101,,https://ideas.repec.org/e/pgo19.html
pmo131,John Morgan,,True,1102,,https://ideas.repec.org/e/pmo131.html
pju57,Bruno Jullien,Toulouse School of Economics (TSE),False,1103,1818,https://ideas.repec.org/e/pju57.html
pma73,Harry M. Markowitz,,True,1104,,https://ideas.repec.org/e/pma73.html
pti17,Clement Tisdell,,True,1105,,https://ideas.repec.org/e/pti17.html
psh874,Syed Jawad Hussain Shahzad,Montpellier Business School,False,1106,34,https://ideas.repec.org/f/psh874.html
pma174,Roberto S. Mariano,,True,1107,,https://ideas.repec.org/e/pma174.html
pge194,Paul Gertler,University of California-Berkeley,False,1108,2134,https://ideas.repec.org/e/pge194.html
pme136,Loretta J. Mester,University of Pennsylvania,False,1109,,https://ideas.repec.org/e/pme136.html
pfr18,Paul Frijters,London School of Economics (LSE),False,1110,2493,https://ideas.repec.org/e/pfr18.html
pli54,Justin Yifu Lin,Peking University,False,1111,,https://ideas.repec.org/e/pli54.html
pst75,David I. Stern,Australian National University,False,1112,2935,https://ideas.repec.org/e/pst75.html
pmi103,Jianjun Miao,Zhejiang University,False,1113,739,https://ideas.repec.org/e/pmi103.html
pco40,Ronald H. Coase,,True,1114,,https://ideas.repec.org/e/pco40.html
pde418,Hans Degryse,KU Leuven,False,1115,1004,https://ideas.repec.org/f/pde418.html
pwe32,Andrea Weber,Central European University,False,1116,2019,https://ideas.repec.org/e/pwe32.html
pha305,Timothy James Hatton,Australian National University,False,1117,2773,https://ideas.repec.org/f/pha305.html
pdu24,Jean-Marie Dufour,McGill University,False,1118,,https://ideas.repec.org/e/pdu24.html
pji183,Qiang Ji,Chinese Academy of Sciences,False,1119,26,https://ideas.repec.org/e/pji183.html
pne29,Richard Newell,Resources for the Future (RFF),False,1120,2027,https://ideas.repec.org/e/pne29.html
pbo45,A.L.Bovenberg,Universiteit van Tilburg,False,1121,,https://ideas.repec.org/e/pbo45.html
pol63,Claudia Olivetti,Dartmouth College,False,1122,619,https://ideas.repec.org/e/pol63.html
phe429,Patric H. Hendershott,DePaul University,False,1123,,https://ideas.repec.org/f/phe429.html
ppa261,Ian Parry,International Monetary Fund (IMF),False,1124,2261,https://ideas.repec.org/f/ppa261.html
plu550,Jens Ludwig,University of Chicago,False,1125,451,https://ideas.repec.org/f/plu550.html
pfa165,Jianqing Fan,Princeton University,False,1126,1386,https://ideas.repec.org/e/pfa165.html
pwo89,Klaus Wohlrabe,ifo Institut - Leibniz-Institut für Wirtschaftsforschung an der Universität München e.V.,False,1127,473,https://ideas.repec.org/e/pwo89.html
pge238,Jonah B. Gelbach,,False,1128,,https://ideas.repec.org/f/pge238.html
pcr1,Peter Cramton,Universität zu Köln,False,1129,,https://ideas.repec.org/e/pcr1.html
pfa12,Carlo Favero,Università Commerciale Luigi Bocconi,False,1130,2696,https://ideas.repec.org/e/pfa12.html
pka21,Daniel Kaufmann,Brookings Institution,False,1131,,https://ideas.repec.org/e/pka21.html
pbo25,Henning Bohn,University of California-Santa Barbara (UCSB),False,1132,,https://ideas.repec.org/e/pbo25.html
pja709,Christopher M James,University of Florida,False,1133,,https://ideas.repec.org/f/pja709.html
pro222,Peter M. Robinson,London School of Economics (LSE),False,1134,,https://ideas.repec.org/f/pro222.html
pra1195,Roy Radner,,True,1135,,https://ideas.repec.org/f/pra1195.html
pbr268,Stephen J. Brown,New York University (NYU),False,1136,2721,https://ideas.repec.org/f/pbr268.html
pgl14,Paul William Glewwe,University of Minnesota-St. Paul,False,1137,,https://ideas.repec.org/e/pgl14.html
pab32,Katharine Abraham,University of Maryland,False,1138,970,https://ideas.repec.org/e/pab32.html
pta60,M. Scott Taylor,University of Calgary,False,1139,,https://ideas.repec.org/e/pta60.html
pca46,Timothy Neal Cason,Purdue University,False,1140,2249,https://ideas.repec.org/e/pca46.html
psa1748,Agnar Sandmo,,True,1141,,https://ideas.repec.org/f/psa1748.html
pbu155,Erwin Bulte,Wageningen Universiteit en Researchcentrum,False,1142,2002,https://ideas.repec.org/e/pbu155.html
pde1433,Melissa Dell,Harvard University,False,1143,990,https://ideas.repec.org/f/pde1433.html
pno50,Charles Noussair,Georgia State University,False,1144,2800,https://ideas.repec.org/e/pno50.html
pka357,Loukas Karabarbounis,University of Minnesota,False,1145,437,https://ideas.repec.org/f/pka357.html
pza207,Egon Zakrajšek,Federal Reserve Bank of Boston,False,1146,1636,https://ideas.repec.org/f/pza207.html
pha63,Peter Hansen,University of North Carolina-Chapel-Hill,False,1147,,https://ideas.repec.org/e/pha63.html
pad89,Anat Admati,Stanford University,False,1148,,https://ideas.repec.org/e/pad89.html
pve137,Frank Verboven,KU Leuven,False,1149,1050,https://ideas.repec.org/e/pve137.html
pdu3,John Duffy,University of California-Irvine,False,1150,1651,https://ideas.repec.org/e/pdu3.html
pbr264,Jeffrey Robert Brown,University of Illinois at Urbana-Champaign,False,1151,,https://ideas.repec.org/f/pbr264.html
pph37,Tomas Philipson,University of Southern California,False,1152,,https://ideas.repec.org/e/pph37.html
pmu563,Michael Louis Mussa,,True,1153,,https://ideas.repec.org/f/pmu563.html
pth54,William Thomson,University of Rochester,False,1154,,https://ideas.repec.org/e/pth54.html
pbe209,Roel Maria Wilhelmus Jozef Beetsma,Universiteit van Amsterdam,False,1155,2078,https://ideas.repec.org/f/pbe209.html
pno49,Ilan Noy,Gran Sasso Science Institute (GSSI),False,1156,921,https://ideas.repec.org/e/pno49.html
pgo53,Avi Goldfarb,University of Toronto,False,1157,356,https://ideas.repec.org/e/pgo53.html
pde80,Jose De Gregorio,Universidad de Chile,False,1158,,https://ideas.repec.org/e/pde80.html
pst378,Frank Peter Stafford,,False,1159,,https://ideas.repec.org/f/pst378.html
pma412,Jakob B. Madsen,University of Western Australia,False,1160,1474,https://ideas.repec.org/f/pma412.html
pag57,Mark Aguiar,University of Rochester,False,1161,2560,https://ideas.repec.org/e/pag57.html
plo65,Ben Lockwood,University of Warwick,False,1162,,https://ideas.repec.org/e/plo65.html
pwo165,Christopher Woodruff,Oxford University,False,1163,,https://ideas.repec.org/e/pwo165.html
pve40,Laura Veldkamp,Columbia University,False,1164,1637,https://ideas.repec.org/e/pve40.html
pmo661,Benjamin Moll,London School of Economics (LSE),False,1165,343,https://ideas.repec.org/f/pmo661.html
pal938,Douglas Almond,Columbia University,False,1166,935,https://ideas.repec.org/f/pal938.html
pde51,Mariacristina De Nardi,University of Minnesota,False,1167,546,https://ideas.repec.org/e/pde51.html
pso277,Jae Song,Government of the United States,False,1168,828,https://ideas.repec.org/f/pso277.html
pho54,Bart Hobijn,Arizona State University,False,1169,2811,https://ideas.repec.org/e/pho54.html
pfi57,David Figlio,University of Rochester,False,1170,683,https://ideas.repec.org/e/pfi57.html
psp13,Daniel F. Spulber,Northwestern University,False,1171,3659,https://ideas.repec.org/e/psp13.html
pva219,Tommaso Valletti,Imperial College,False,1172,761,https://ideas.repec.org/f/pva219.html
pqi25,Nancy Qian,Northwestern University,False,1173,1082,https://ideas.repec.org/e/pqi25.html
pch1494,Gabriel Isaac Chodorow-Reich,Harvard University,False,1174,123,https://ideas.repec.org/f/pch1494.html
pke151,Melissa Schettini Kearney,University of Notre Dame,False,1175,1025,https://ideas.repec.org/e/pke151.html
pne58,Edward Nelson,Federal Reserve Board (Board of Governors of the Federal Reserve System),False,1176,,https://ideas.repec.org/e/pne58.html
pba111,Philippe Bacchetta,,False,1177,2579,https://ideas.repec.org/e/pba111.html
pbr203,Giorgio Brunello,Università degli Studi di Padova,False,1178,1428,https://ideas.repec.org/f/pbr203.html
pro477,Sherman Robinson,International Food Policy Research Institute (IFPRI),False,1179,,https://ideas.repec.org/f/pro477.html
poa2,Ronald L. Oaxaca,Luxembourg Institute of Socio-Economic Research (LISER),False,1180,,https://ideas.repec.org/e/poa2.html
pfr203,Eric Baird French,University College London (UCL),False,1181,1348,https://ideas.repec.org/f/pfr203.html
pba366,Tamim A Bayoumi,King's College London,False,1182,,https://ideas.repec.org/f/pba366.html
pec3,Zvi Eckstein,Interdisciplinary Center (IDC),False,1183,,https://ideas.repec.org/e/pec3.html
ppe413,Gert Peersman,Universiteit Gent,False,1184,1231,https://ideas.repec.org/f/ppe413.html
pla338,Marc Lavoie,Université d'Ottawa,False,1185,2047,https://ideas.repec.org/f/pla338.html
pte111,Linda L. Tesar,University of Michigan,False,1186,,https://ideas.repec.org/e/pte111.html
pya75,Dean Yang,University of Michigan,False,1187,1301,https://ideas.repec.org/e/pya75.html
pku30,Ali M. Kutan,Southern Illinois University,False,1188,1138,https://ideas.repec.org/e/pku30.html
pch343,Peter F. Christoffersen,,True,1190,,https://ideas.repec.org/f/pch343.html
pba170,Marco Battaglini,Cornell University,False,1191,481,https://ideas.repec.org/e/pba170.html
pte4,Jonathan Temple,,True,1192,,https://ideas.repec.org/e/pte4.html
pne133,Aviv Nevo,Northwestern University,False,1193,,https://ideas.repec.org/e/pne133.html
pro1226,Christopher Roth,Universität zu Köln,False,1194,30,https://ideas.repec.org/f/pro1226.html
pco55,Diego Comin,Dartmouth College,False,1195,3257,https://ideas.repec.org/e/pco55.html
pye21,Janet L. Yellen,University of California-Berkeley,False,1196,,https://ideas.repec.org/e/pye21.html
pjo72,Philippe Jorion,,True,1197,,https://ideas.repec.org/e/pjo72.html
pde35,Marco Del Negro,Federal Reserve Bank of New York,False,1198,1001,https://ideas.repec.org/e/pde35.html
psc8,Fabio Schiantarelli,Boston College,False,1199,,https://ideas.repec.org/e/psc8.html
peh1,Isaac Ehrlich,,False,1200,,https://ideas.repec.org/e/peh1.html
pch323,James Jinwoo Choi,Yale University,False,1201,823,https://ideas.repec.org/f/pch323.html
pze2,Stephen P. Zeldes,Columbia University,False,1202,,https://ideas.repec.org/e/pze2.html
pbe72,Lucian Bebchuk,Centre for Economic Policy Research (CEPR),False,1203,,https://ideas.repec.org/e/pbe72.html
pma470,Inmaculada Martínez-Zarzoso,Universitat Jaume I,False,1204,640,https://ideas.repec.org/f/pma470.html
pli1032,Qi Li,Texas A&M University,False,1205,,https://ideas.repec.org/f/pli1032.html
ppo25,Richard A. Posner,,False,1206,,https://ideas.repec.org/e/ppo25.html
pba1135,Robert E. Baldwin,,True,1207,,https://ideas.repec.org/f/pba1135.html
pco132,Frank Alan Cowell,London School of Economics (LSE),False,1208,3624,https://ideas.repec.org/e/pco132.html
pre44,Jennifer Reinganum,Vanderbilt University,False,1209,,https://ideas.repec.org/e/pre44.html
pnu52,Peter Nunnenkamp,Kiel Institut für Weltwirtschaft - Leibniz Zentrum zur Erforschung globaler ökonomischer Herausforderungen (IfW),False,1210,,https://ideas.repec.org/e/pnu52.html
pky6,Albert S. Kyle,University of Maryland,False,1211,,https://ideas.repec.org/e/pky6.html
pfe454,Miguel A. Ferreira,Universidade Nova de Lisboa,False,1212,1096,https://ideas.repec.org/f/pfe454.html
pgr781,Shawna Grosskopf,Oregon State University,False,1213,,https://ideas.repec.org/f/pgr781.html
pwa33,Neil Wallace,Pennsylvania State University,False,1214,,https://ideas.repec.org/e/pwa33.html
phu74,Andrew Hughes Hallett,,True,1215,,https://ideas.repec.org/e/phu74.html
pfr119,John N. Friedman,Brown University,False,1216,591,https://ideas.repec.org/e/pfr119.html
pmi156,Virgiliu Midrigan,New York University (NYU),False,1217,808,https://ideas.repec.org/e/pmi156.html
pmo298,Alain Monfort,Centre de Recherche en Économie et Statistique (CREST),False,1218,,https://ideas.repec.org/f/pmo298.html
pbo95,Arnoud Boot,Universiteit van Amsterdam,False,1219,,https://ideas.repec.org/e/pbo95.html
pvy2,Edward Vytlacil,Yale University,False,1220,,https://ideas.repec.org/e/pvy2.html
pma2176,Matteo Maggiori,Stanford University,False,1221,145,https://ideas.repec.org/f/pma2176.html
pbr341,CharlesBrown,University of Michigan,False,1222,,https://ideas.repec.org/f/pbr341.html
pjo442,Ronald W. Jones,,True,1223,,https://ideas.repec.org/f/pjo442.html
pki305,Nicholas M. Kiefer,,True,1224,,https://ideas.repec.org/f/pki305.html
psh109,Eytan Sheshinski,Hebrew University of Jerusalem,False,1225,,https://ideas.repec.org/e/psh109.html
pwa253,Andrew M. Warner,International Monetary Fund (IMF),False,1226,340,https://ideas.repec.org/f/pwa253.html
pre193,Thomas Reardon,Michigan State University,False,1227,1977,https://ideas.repec.org/e/pre193.html
pio6,Yannis M. Ioannides,Tufts University,False,1228,,https://ideas.repec.org/e/pio6.html
peh2,Ronald Ehrenberg,,False,1229,,https://ideas.repec.org/e/peh2.html
pma319,Robert Andrew Margo,Boston University,False,1230,,https://ideas.repec.org/f/pma319.html
ppr36,Carol Propper,Imperial College,False,1231,2233,https://ideas.repec.org/e/ppr36.html
ple135,Arik Levinson,Georgetown University,False,1232,1777,https://ideas.repec.org/e/ple135.html
pbr168,James A. Brander,University of British Columbia,False,1233,,https://ideas.repec.org/e/pbr168.html
ppi37,Monika Piazzesi,National Bureau of Economic Research (NBER),False,1234,,https://ideas.repec.org/e/ppi37.html
pvi41,Marco Vivarelli,Università Cattolica del Sacro Cuore,False,1235,1275,https://ideas.repec.org/e/pvi41.html
pwy2,Charles Wyplosz,The Graduate Institute of International and Development Studies,False,1236,,https://ideas.repec.org/e/pwy2.html
pch362,Thomas J Chemmanur,Boston College,False,1237,1612,https://ideas.repec.org/f/pch362.html
pma186,Nelson Mark,University of Notre Dame,False,1238,,https://ideas.repec.org/e/pma186.html
pfo101,Nicole M. Fortin,University of British Columbia,False,1239,,https://ideas.repec.org/e/pfo101.html
ppo114,William Poole,Cato Institute,False,1240,,https://ideas.repec.org/e/ppo114.html
pte1,Timo Teräsvirta,Aarhus Universitet,False,1241,3117,https://ideas.repec.org/e/pte1.html
pba2106,Patrick L. Bajari,,True,1242,,https://ideas.repec.org/f/pba2106.html
pyi12,Shlomo Yitzhaki,,True,1243,,https://ideas.repec.org/e/pyi12.html
pli62,Francesco Lippi,Istituto Einaudi per l'Economia e la Finanza (EIEF),False,1244,411,https://ideas.repec.org/e/pli62.html
pta27,Robert Taylor,University of Bath,False,1245,2571,https://ideas.repec.org/e/pta27.html
pzh420,Guofu Zhou,Washington University in St. Louis,False,1246,2860,https://ideas.repec.org/f/pzh420.html
pty13,James R. Tybout,National Bureau of Economic Research (NBER),False,1247,,https://ideas.repec.org/e/pty13.html
poo5,Hessel Oosterbeek,Universiteit van Amsterdam,False,1248,,https://ideas.repec.org/e/poo5.html
pha276,Dietmar Harhoff,Max-Planck-Gesellschaft,False,1249,3106,https://ideas.repec.org/f/pha276.html
pka42,Robert Kaestner,University of Chicago,False,1250,1489,https://ideas.repec.org/e/pka42.html
pdu263,Arindrajit Dube,University of Massachusetts-Amherst,False,1251,126,https://ideas.repec.org/f/pdu263.html
pfu157,Victor R. Fuchs,,True,1252,,https://ideas.repec.org/e/pfu157.html
pco248,Alex Coad,Waseda University,False,1253,662,https://ideas.repec.org/f/pco248.html
pla4,Rafael Lalive,Université de Lausanne,False,1254,783,https://ideas.repec.org/e/pla4.html
pse18,Roberto Serrano,Brown University,False,1255,,https://ideas.repec.org/e/pse18.html
pma551,Will J Martin,International Food Policy Research Institute (IFPRI),False,1256,2722,https://ideas.repec.org/f/pma551.html
ptr10,Pravin Trivedi,,False,1257,,https://ideas.repec.org/e/ptr10.html
pgi285,Richard J. Gilbert,University of California-Berkeley,False,1258,,https://ideas.repec.org/f/pgi285.html
pfr26,Joseph Francois,Universität Bern,False,1259,,https://ideas.repec.org/e/pfr26.html
pfe17,Raquel Fernandez,,False,1260,,https://ideas.repec.org/e/pfe17.html
pst21,Thanasis Stengos,University of Guelph,False,1261,840,https://ideas.repec.org/e/pst21.html
pwa22,Ping Wang,Washington University in St. Louis,False,1262,2464,https://ideas.repec.org/e/pwa22.html
pgo22,Douglas Gollin,Tufts University,False,1263,2003,https://ideas.repec.org/e/pgo22.html
pch86,Alberto Chong,Georgia State University,False,1264,,https://ideas.repec.org/e/pch86.html
psc82,Fabiano Schivardi,Istituto Einaudi per l'Economia e la Finanza (EIEF),False,1265,813,https://ideas.repec.org/e/psc82.html
pcl20,Michael A. Clemens,Johns Hopkins University,False,1266,557,https://ideas.repec.org/e/pcl20.html
pgr125,Jeffrey T. Grogger,,False,1267,,https://ideas.repec.org/e/pgr125.html
pho691,Yongmiao Hong,University of Chinese Academy of Sciences,False,1268,2363,https://ideas.repec.org/f/pho691.html
psi31,John J. Siegfried,Vanderbilt University,False,1269,,https://ideas.repec.org/e/psi31.html
pfo139,Thierry Foucault,HEC Paris (École des Hautes Études Commerciales),False,1270,1412,https://ideas.repec.org/e/pfo139.html
pre196,Philip J. Reny,University of Chicago,False,1271,2313,https://ideas.repec.org/e/pre196.html
pad1,Klaus Adam,Universität Mannheim,False,1272,1321,https://ideas.repec.org/e/pad1.html
pzi46,Stanley E. Zin,,False,1273,,https://ideas.repec.org/e/pzi46.html
psu32,Paolo Surico,London Business School (LBS),False,1274,384,https://ideas.repec.org/e/psu32.html
pja54,Ron S. Jarmin,Government of the United States,False,1275,719,https://ideas.repec.org/e/pja54.html
pva139,Johannes Van Biesebroeck,KU Leuven,False,1276,,https://ideas.repec.org/e/pva139.html
pko142,Anton Korinek,University of Virginia,False,1277,284,https://ideas.repec.org/e/pko142.html
phe60,Magnus Henrekson,Institutet för Näringslivsforskning (IFN),False,1278,1258,https://ideas.repec.org/e/phe60.html
pwh49,Lawrence J. White,New York University (NYU),False,1279,,https://ideas.repec.org/e/pwh49.html
pch151,Judith Chevalier,National Bureau of Economic Research (NBER),False,1280,2678,https://ideas.repec.org/e/pch151.html
pov5,Henry G. Overman,London School of Economics (LSE),False,1281,2267,https://ideas.repec.org/e/pov5.html
pve269,Francisco Venegas-Martínez,Instituto Politécnico Nacional,False,1282,1028,https://ideas.repec.org/f/pve269.html
psh114,Jay Shanken,National Bureau of Economic Research (NBER),False,1283,,https://ideas.repec.org/e/psh114.html
pst130,Nicholas H. Stern,Government of the United Kingdom,False,1284,,https://ideas.repec.org/e/pst130.html
ppa81,Chris Papageorgiou,International Monetary Fund (IMF),False,1285,577,https://ideas.repec.org/e/ppa81.html
pwi7,Rudolf Winter-Ebmer,Johannes-Kepler-Universität Linz,False,1286,,https://ideas.repec.org/e/pwi7.html
pve27,Bart Verspagen,United Nations University-Maastricht Economic Research Institute of Innovation and Technology (UNU-MERIT),False,1287,,https://ideas.repec.org/e/pve27.html
pdu194,Mark Duggan,Stanford University,False,1288,2895,https://ideas.repec.org/e/pdu194.html
pne3,Christopher J. Neely,Federal Reserve Bank of St. Louis,False,1289,2931,https://ideas.repec.org/e/pne3.html
pgu40,Nezih Guner,Centro de Estudios Monetarios y Financieros (CEMFI),False,1290,1206,https://ideas.repec.org/e/pgu40.html
pkn5,Christopher R. Knittel,Massachusetts Institute of Technology (MIT),False,1291,1218,https://ideas.repec.org/e/pkn5.html
pba832,Christiane Baumeister,University of Notre Dame,False,1292,238,https://ideas.repec.org/f/pba832.html
pyo93,Yoto V. Yotov,Drexel University,False,1293,127,https://ideas.repec.org/e/pyo93.html
ple99,Eduardo Levy Yeyati,Universidad Torcuato Di Tella,False,1294,,https://ideas.repec.org/e/ple99.html
pst106,Robert Stehrer,Wiener Institut für Internationale Wirtschaftsvergleiche (WIIW),False,1295,1957,https://ideas.repec.org/e/pst106.html
ppo193,Simon Potter,Peter G. Peterson Institute for International Economics (IIE),False,1296,,https://ideas.repec.org/e/ppo193.html
psc538,Anna Jacobson Schwartz,,True,1297,,https://ideas.repec.org/f/psc538.html
pme221,Robert Owen Mendelsohn,Yale University,False,1298,,https://ideas.repec.org/f/pme221.html
ppe635,Peter Pedroni,Williams College,False,1299,,https://ideas.repec.org/f/ppe635.html
plu17,Hanno Lustig,University of California-Los Angeles (UCLA),False,1300,1709,https://ideas.repec.org/e/plu17.html
pla366,Mario Larch,Universität Bayreuth,False,1301,450,https://ideas.repec.org/f/pla366.html
pro48,Michael Rothschild,Princeton University,False,1302,,https://ideas.repec.org/e/pro48.html
pha110,Stephen George Hall,Leicester University,False,1303,,https://ideas.repec.org/e/pha110.html
ppe135,Martin Peitz,Universität Mannheim,False,1304,641,https://ideas.repec.org/e/ppe135.html
pzh151,张 卫彬,Ritsumeikan Asia Pacific University,False,1305,981,https://ideas.repec.org/e/pzh151.html
pbe138,Jeffrey H. Bergstrand,University of Notre Dame,False,1306,,https://ideas.repec.org/e/pbe138.html
psa123,Aysegul Sahin,Princeton University,False,1307,525,https://ideas.repec.org/e/psa123.html
pbo31,Michele Boldrin,Washington University in St. Louis,False,1308,,https://ideas.repec.org/e/pbo31.html
pne362,Matthew Neidell,Columbia University,False,1309,,https://ideas.repec.org/f/pne362.html
pgh7,Eric Ghysels,University of North Carolina-Chapel-Hill,False,1310,,https://ideas.repec.org/e/pgh7.html
pni42,Morten Ørregaard Nielsen,Aarhus Universitet,False,1311,378,https://ideas.repec.org/e/pni42.html
pno89,Edward C. Norton,University of Michigan,False,1312,2102,https://ideas.repec.org/e/pno89.html
pkn49,Alexander Knobel,Russian Presidential Academy of National Economy and Public Administration (RANEPA),False,1313,260,https://ideas.repec.org/e/pkn49.html
pdr1,John Driscoll,Federal Reserve Board (Board of Governors of the Federal Reserve System),False,1314,,https://ideas.repec.org/e/pdr1.html
pmo75,Jonathan Morduch,New York University (NYU),False,1315,,https://ideas.repec.org/e/pmo75.html
pga696,A. Ronald Gallant,Pennsylvania State University,False,1316,,https://ideas.repec.org/f/pga696.html
pfa87,Steven Mark Fazzari,Washington University in St. Louis,False,1317,,https://ideas.repec.org/e/pfa87.html
pll45,Adriana Lleras-Muney,University of California-Los Angeles (UCLA),False,1318,3544,https://ideas.repec.org/e/pll45.html
pgo34,Peter Gottschalk,,True,1319,,https://ideas.repec.org/e/pgo34.html
pwr20,L. Randall Wray,,False,1320,,https://ideas.repec.org/e/pwr20.html
pfu92,Andreas Fuster,École Polytechnique Fédérale de Lausanne (EPFL),False,1321,202,https://ideas.repec.org/e/pfu92.html
pti96,Xavier Timbeau,Sciences Po,False,1322,698,https://ideas.repec.org/e/pti96.html
ple553,Phillip B. Levine,Brookings Institution,False,1323,,https://ideas.repec.org/f/ple553.html
pse120,Willi Semmler,,False,1324,1607,https://ideas.repec.org/e/pse120.html
pma232,Keith E. Maskus,University of Colorado,False,1325,,https://ideas.repec.org/f/pma232.html
pgr376,Philip J. Grossman,Monash University,False,1326,,https://ideas.repec.org/f/pgr376.html
pda367,Lucas W. Davis,University of California-Berkeley,False,1327,1367,https://ideas.repec.org/f/pda367.html
pbl165,Bruce A. Blonigen,University of Oregon,False,1328,,https://ideas.repec.org/e/pbl165.html
pth113,Mathias Thoenig,Université de Lausanne,False,1329,791,https://ideas.repec.org/e/pth113.html
psi296,Robin C. Sickles,Rice University,False,1330,2570,https://ideas.repec.org/f/psi296.html
pmi16,Stephen M. Miller,University of Nevada-Las Vegas,False,1331,,https://ideas.repec.org/e/pmi16.html
pra230,Gordon C. Rausser,University of California-Berkeley,False,1332,,https://ideas.repec.org/f/pra230.html
pin18,Atsushi Inoue,Vanderbilt University,False,1333,1481,https://ideas.repec.org/e/pin18.html
pro227,Peter E. Rossi,University of California-Los Angeles (UCLA),False,1334,,https://ideas.repec.org/f/pro227.html
pwo100,Edward Nathan Wolff,,False,1335,,https://ideas.repec.org/e/pwo100.html
pml7,Gernot J. Müller,Eberhard-Karls-Universität Tübingen,False,1336,390,https://ideas.repec.org/e/pml7.html
pje4,Urban Joseph Jermann,University of Pennsylvania,False,1337,2971,https://ideas.repec.org/e/pje4.html
pmo316,Philip Molyneux,,True,1338,1907,https://ideas.repec.org/f/pmo316.html
pad158,Renee Adams,Oxford University,False,1339,,https://ideas.repec.org/e/pad158.html
pma372,Ronald Leonard Martin,,False,1340,,https://ideas.repec.org/f/pma372.html
pfl40,Jason Fletcher,University of Wisconsin-Madison,False,1341,665,https://ideas.repec.org/e/pfl40.html
pne1,Eric Neumayer,London School of Economics (LSE),False,1342,,https://ideas.repec.org/e/pne1.html
pst41,Kevin Stiroh,Federal Reserve Bank of New York,False,1343,,https://ideas.repec.org/e/pst41.html
ppe7,Wolfgang Pesendorfer,Princeton University,False,1344,,https://ideas.repec.org/e/ppe7.html
pbl23,Dan Black,University of Chicago,False,1345,,https://ideas.repec.org/e/pbl23.html
pla465,Camille Landais,London School of Economics (LSE),False,1346,81,https://ideas.repec.org/f/pla465.html
pzh29,Lu Zhang,Ohio State University,False,1347,,https://ideas.repec.org/e/pzh29.html
pma885,Aaditya Mattoo,World Bank Group,False,1348,920,https://ideas.repec.org/f/pma885.html
pna472,Vikram Nanda,University of Texas-Dallas,False,1349,2503,https://ideas.repec.org/f/pna472.html
pli302,Jesper Lindé,Sveriges Riksbank,False,1350,1351,https://ideas.repec.org/f/pli302.html
pbu180,Richard V. Burkhauser,Cornell University,False,1351,3657,https://ideas.repec.org/e/pbu180.html
pra44,Tarun Ramadorai,,False,1352,609,https://ideas.repec.org/e/pra44.html
pza30,William R. Zame,University of California-Los Angeles (UCLA),False,1353,,https://ideas.repec.org/e/pza30.html
ptr76,Alain Trannoy,Aix-Marseille Université,False,1354,,https://ideas.repec.org/e/ptr76.html
pts51,Aleh Tsyvinski,,False,1355,2686,https://ideas.repec.org/e/pts51.html
pro1069,David Roubaud,Montpellier Business School,False,1356,33,https://ideas.repec.org/f/pro1069.html
pba400,Michael Baker,University of Toronto,False,1357,3275,https://ideas.repec.org/f/pba400.html
psm84,Kenneth A. Small,University of California-Irvine,False,1358,,https://ideas.repec.org/e/psm84.html
pst94,Alan C. Stockman,,True,1359,,https://ideas.repec.org/e/pst94.html
pev9,David Evans,,False,1360,,https://ideas.repec.org/e/pev9.html
psw10,Norman R. Swanson,Rutgers University-New Brunswick,False,1361,,https://ideas.repec.org/e/psw10.html
pmo32,Tommaso Monacelli,Università Commerciale Luigi Bocconi,False,1362,,https://ideas.repec.org/e/pmo32.html
pla299,Larry H. P. Lang,Chinese University of Hong Kong,False,1363,,https://ideas.repec.org/f/pla299.html
pro64,Peter Rousseau,Vanderbilt University,False,1364,2473,https://ideas.repec.org/e/pro64.html
pkl126,Jeffrey Richard Kling,National Bureau of Economic Research (NBER),False,1365,,https://ideas.repec.org/e/pkl126.html
psc49,Suzanne Scotchmer,,True,1366,,https://ideas.repec.org/e/psc49.html
pcl24,Michael Peter Clements,University of Reading,False,1367,2194,https://ideas.repec.org/e/pcl24.html
pha148,Sergiu Hart,Hebrew University of Jerusalem,False,1368,,https://ideas.repec.org/e/pha148.html
pmi137,A. Patrick L. Minford,Cardiff University,False,1369,1960,https://ideas.repec.org/e/pmi137.html
pbu123,Michael Christopher Burda,Humboldt-Universität Berlin,False,1370,,https://ideas.repec.org/e/pbu123.html
pju54,Katarina Juselius,Københavns Universitet,False,1371,,https://ideas.repec.org/e/pju54.html
phu141,Steffen Huck,Wissenschaftszentrum Berlin für Sozialforschung (WZB),False,1372,3437,https://ideas.repec.org/e/phu141.html
pmi185,Javier Miranda,Leibniz-Institut für Wirtschaftsforschung Halle (IWH),False,1373,624,https://ideas.repec.org/e/pmi185.html
per53,Christopher John Erceg,International Monetary Fund (IMF),False,1374,,https://ideas.repec.org/e/per53.html
pwe42,Rafał Weron,Politechnika Wrocławska,False,1375,536,https://ideas.repec.org/e/pwe42.html
pca193,Luis M B Cabral,New York University (NYU),False,1376,2518,https://ideas.repec.org/e/pca193.html
pmi14,Kevin Milligan,University of British Columbia,False,1377,1768,https://ideas.repec.org/e/pmi14.html
pca6,John Cawley,,False,1378,2165,https://ideas.repec.org/e/pca6.html
phe103,Almas Heshmati,University of Economics Ho Chi Minh City,False,1379,2539,https://ideas.repec.org/e/phe103.html
pmo645,Massimo Morelli,Università Commerciale Luigi Bocconi,False,1380,644,https://ideas.repec.org/f/pmo645.html
plo223,Inessa Love,University of Hawaii-Manoa,False,1381,,https://ideas.repec.org/f/plo223.html
psp27,Enrico Spolaore,Tufts University,False,1382,3595,https://ideas.repec.org/e/psp27.html
phe157,Thomas Hellmann,Oxford University,False,1383,,https://ideas.repec.org/e/phe157.html
pte64,Siew Hong Teoh,University of California-Los Angeles (UCLA),False,1384,,https://ideas.repec.org/e/pte64.html
pkn6,Richard Anthony Kneller,University of Nottingham,False,1385,,https://ideas.repec.org/e/pkn6.html
pco39,Timothy Cogley,New York University (NYU),False,1386,,https://ideas.repec.org/e/pco39.html
pbl13,David Blau,Ohio State University,False,1387,,https://ideas.repec.org/e/pbl13.html
pgo308,Rajeev K. Goel,FLAME University,False,1388,495,https://ideas.repec.org/f/pgo308.html
pki52,Alan Kirman,École des Hautes Études en Sciences Sociales (EHESS),False,1389,,https://ideas.repec.org/e/pki52.html
pko20,Wojciech Kopczuk,Columbia University,False,1390,,https://ideas.repec.org/e/pko20.html
pri143,John Graham Riley,University of California-Los Angeles (UCLA),False,1391,,https://ideas.repec.org/e/pri143.html
plo21,Prakash Loungani,International Monetary Fund (IMF),False,1392,880,https://ideas.repec.org/e/plo21.html
psu39,Shyam Sunder,Yale University,False,1393,,https://ideas.repec.org/e/psu39.html
pco192,Deborah A. Cobb-Clark,University of Sydney,False,1394,2610,https://ideas.repec.org/e/pco192.html
pkl31,Frank Kleibergen,Universiteit van Amsterdam,False,1395,,https://ideas.repec.org/e/pkl31.html
pet6,Wilfred John Ethier,University of Pennsylvania,False,1396,,https://ideas.repec.org/e/pet6.html
pjo98,Andrew Michael Jones,University of York,False,1397,1720,https://ideas.repec.org/e/pjo98.html
pro88,Eric Rosengren,Federal Reserve Bank of Boston,False,1398,,https://ideas.repec.org/e/pro88.html
pwi3,David Wildasin,University of Kentucky,False,1399,,https://ideas.repec.org/e/pwi3.html
ple107,Sokbae,Columbia University,False,1400,889,https://ideas.repec.org/e/ple107.html
pha52,Gary Hansen,University of California-Los Angeles (UCLA),False,1401,,https://ideas.repec.org/e/pha52.html
pes90,Antonio Estache,Université Libre de Bruxelles,False,1402,,https://ideas.repec.org/e/pes90.html
ppr2,Ian Peter Preston,University College London (UCL),False,1403,,https://ideas.repec.org/e/ppr2.html
ppo97,Robert H. Porter,Northwestern University,False,1404,,https://ideas.repec.org/e/ppo97.html
pgo49,Austan Goolsbee,National Bureau of Economic Research (NBER),False,1405,1003,https://ideas.repec.org/e/pgo49.html
pku26,Peter Kuhn,,False,1406,,https://ideas.repec.org/e/pku26.html
pde227,Enrica Detragiache,International Monetary Fund (IMF),False,1407,,https://ideas.repec.org/f/pde227.html
psc340,Uta Schoenberg,University College London (UCL),False,1408,1175,https://ideas.repec.org/f/psc340.html
pku10,Simon Kuznets,,True,1409,,https://ideas.repec.org/e/pku10.html
ptu3,Matthew Turner,Brown University,False,1410,1133,https://ideas.repec.org/e/ptu3.html
pju70,Richard E. Just,University of Maryland,False,1411,,https://ideas.repec.org/e/pju70.html
pma1341,Bhashkar Mazumder,University of California-Irvine,False,1412,997,https://ideas.repec.org/f/pma1341.html
pmo1560,Joel Mokyr,Northwestern University,False,1413,1296,https://ideas.repec.org/f/pmo1560.html
ple1119,Karen Kay Lewis,University of Pennsylvania,False,1414,,https://ideas.repec.org/f/ple1119.html
pho162,Harry J. Holzer,Georgetown University,False,1415,,https://ideas.repec.org/e/pho162.html
pbi159,Javier Bianchi,Federal Reserve Bank of Minneapolis,False,1416,190,https://ideas.repec.org/e/pbi159.html
pst279,Hans R. Stoll,,True,1417,,https://ideas.repec.org/f/pst279.html
pzh194,Junsen Zhang,Zhejiang University,False,1418,,https://ideas.repec.org/e/pzh194.html
pka143,Larry S. Karp,University of California-Berkeley,False,1419,,https://ideas.repec.org/e/pka143.html
pha161,Jonathan E. Haskel,Imperial College,False,1420,3389,https://ideas.repec.org/e/pha161.html
pha351,Stephane Hallegatte,World Bank Group,False,1421,729,https://ideas.repec.org/f/pha351.html
pba592,Ole E. Barndorff-Nielsen,,True,1422,,https://ideas.repec.org/f/pba592.html
pfi13,Price Vanmeter Fishback,University of Arizona,False,1423,1660,https://ideas.repec.org/e/pfi13.html
pde570,Antoine Dechezleprêtre,Organisation de Coopération et de Développement Économiques (OCDE),False,1424,289,https://ideas.repec.org/f/pde570.html
pfo74,Lucia Smith Foster,Government of the United States,False,1425,782,https://ideas.repec.org/e/pfo74.html
psa110,Albert Saiz,,False,1426,,https://ideas.repec.org/e/psa110.html
ppa900,Rohini Pande,Yale University,False,1427,,https://ideas.repec.org/f/ppa900.html
ppe234,Sam Peltzman,University of Chicago,False,1428,,https://ideas.repec.org/f/ppe234.html
pfo95,Mario Forni,Università degli Studi di Modena e Reggio Emilia,False,1429,2609,https://ideas.repec.org/e/pfo95.html
pte231,Peter Temin,,True,1430,,https://ideas.repec.org/f/pte231.html
pbu12,Robin Burgess,London School of Economics (LSE),False,1431,,https://ideas.repec.org/e/pbu12.html
pan105,Michael L. Anderson,University of California-Berkeley,False,1432,,https://ideas.repec.org/e/pan105.html
paz5,Costas Azariadis,Washington University in St. Louis,False,1433,,https://ideas.repec.org/e/paz5.html
pma173,Albert Marcet,Barcelona School of Economics (BSE),False,1434,3062,https://ideas.repec.org/e/pma173.html
pal282,Harold Alderman,International Food Policy Research Institute (IFPRI),False,1435,,https://ideas.repec.org/f/pal282.html
pso113,Bent E. Sorensen,University of Houston,False,1436,,https://ideas.repec.org/e/pso113.html
pso40,Joel Sobel,University of California-San Diego (UCSD),False,1437,,https://ideas.repec.org/e/pso40.html
psu257,Daniel G. Sullivan,Federal Reserve Bank of Chicago,False,1438,,https://ideas.repec.org/f/psu257.html
pal165,Robert Carson Allen,New York University Abu Dhabi,False,1439,1502,https://ideas.repec.org/e/pal165.html
pch73,Jay Pil Choi,Michigan State University,False,1440,2011,https://ideas.repec.org/e/pch73.html
pev5,Martin Evans,Georgetown University,False,1441,,https://ideas.repec.org/e/pev5.html
phu36,Brad Humphreys,West Virginia University,False,1442,1239,https://ideas.repec.org/e/phu36.html
pgi6,Herbert Gintis,,True,1443,,https://ideas.repec.org/e/pgi6.html
pbe619,Itzhak Ben-David,Ohio State University,False,1444,464,https://ideas.repec.org/f/pbe619.html
pch34,Satyajit Chatterjee,Federal Reserve Bank of Philadelphia,False,1445,2652,https://ideas.repec.org/e/pch34.html
psu241,Liangjun Su,Tsinghua University,False,1446,688,https://ideas.repec.org/f/psu241.html
ppo132,Richard Portes,London Business School (LBS),False,1447,,https://ideas.repec.org/e/ppo132.html
pel76,Tore Ellingsen,Stockholm School of Economics,False,1448,,https://ideas.repec.org/e/pel76.html
pwi192,Robert J. Willis,University of Michigan,False,1449,,https://ideas.repec.org/e/pwi192.html
pha489,Tarek Alexander Hassan,Boston University,False,1450,119,https://ideas.repec.org/f/pha489.html
pst92,Engelbert Stockhammer,King's College London,False,1451,743,https://ideas.repec.org/e/pst92.html
pfe232,Chaim Fershtman,Tel Aviv University,False,1452,,https://ideas.repec.org/f/pfe232.html
ppa463,Dimitris Papanikolaou,Northwestern University,False,1453,494,https://ideas.repec.org/f/ppa463.html
pvi157,S Viswanathan,Duke University,False,1454,,https://ideas.repec.org/e/pvi157.html
pla423,Augustin Landier,HEC Paris (École des Hautes Études Commerciales),False,1455,1113,https://ideas.repec.org/f/pla423.html
pmo6,Pierre Mohnen,United Nations University-Maastricht Economic Research Institute of Innovation and Technology (UNU-MERIT),False,1456,3242,https://ideas.repec.org/e/pmo6.html
pmu269,Kaivan Munshi,Brown University,False,1457,,https://ideas.repec.org/f/pmu269.html
pvo196,Till Marco von Wachter,University of California-Los Angeles (UCLA),False,1458,846,https://ideas.repec.org/e/pvo196.html
pjo287,Kose John,New York University (NYU),False,1459,,https://ideas.repec.org/f/pjo287.html
phe460,Geoffrey J. D. Hewings,Universidad de Oviedo,False,1460,1728,https://ideas.repec.org/f/phe460.html
pfe104,Ivan Fernandez-Val,Boston University,False,1461,986,https://ideas.repec.org/e/pfe104.html
pgo456,Giray Gözgör,University of Bradford,False,1462,64,https://ideas.repec.org/f/pgo456.html
pfl8,Christopher Flinn,New York University (NYU),False,1463,3645,https://ideas.repec.org/e/pfl8.html
ple417,Tracy R. Lewis,,True,1464,,https://ideas.repec.org/f/ple417.html
pei5,Sylvester Eijffinger,Universiteit van Tilburg,False,1465,,https://ideas.repec.org/e/pei5.html
pzh411,Dayong Zhang,Southwestern University of Finance and Economics (SWUFE),False,1466,39,https://ideas.repec.org/f/pzh411.html
pda33,Donald R. Davis,Columbia University,False,1467,,https://ideas.repec.org/e/pda33.html
pst124,Steven Stillman,Libera Università di Bolzano / Freie Universität Bozen,False,1468,,https://ideas.repec.org/e/pst124.html
pwe54,Guglielmo Weber,Università degli Studi di Padova,False,1469,,https://ideas.repec.org/e/pwe54.html
pad14,John Addison,University of South Carolina,False,1470,,https://ideas.repec.org/e/pad14.html
pgl13,Reuven Glick,Federal Reserve Bank of San Francisco,False,1471,,https://ideas.repec.org/e/pgl13.html
pyi44,Kei-Mu Yi,Federal Reserve Bank of Dallas,False,1472,3498,https://ideas.repec.org/e/pyi44.html
pbh106,Christoph Böhringer,Carl von Ossietzky Universität Oldenburg,False,1473,1310,https://ideas.repec.org/e/pbh106.html
pme850,Klaus E. Meyer,University of Western Ontario,False,1474,892,https://ideas.repec.org/f/pme850.html
pbu242,Francisco Javier Buera,Washington University in St. Louis,False,1475,2546,https://ideas.repec.org/f/pbu242.html
ptr108,Christoph Trebesch,Kiel Institut für Weltwirtschaft - Leibniz Zentrum zur Erforschung globaler ökonomischer Herausforderungen (IfW),False,1476,309,https://ideas.repec.org/e/ptr108.html
pma172,James Malcomson,Oxford University,False,1477,,https://ideas.repec.org/e/pma172.html
pbu44,Simon Burgess,University of Bristol,False,1478,,https://ideas.repec.org/e/pbu44.html
pho91,Geoffrey M. Hodgson,Loughborough University,False,1479,,https://ideas.repec.org/e/pho91.html
pba636,Patrick Bayer,Duke University,False,1480,,https://ideas.repec.org/f/pba636.html
pgo329,Sanjeev Goyal,University of Cambridge,False,1481,1992,https://ideas.repec.org/f/pgo329.html
pwa284,Adam Wagstaff,,True,1482,,https://ideas.repec.org/f/pwa284.html
pfr37,Koen Frenken,Universiteit Utrecht,False,1483,1989,https://ideas.repec.org/e/pfr37.html
pch2349,Siddhartha Chib,Washington University in St. Louis,False,1484,,https://ideas.repec.org/f/pch2349.html
psv8,Jan Svejnar,,False,1485,,https://ideas.repec.org/e/psv8.html
pli1280,Karl V. Lins,University of Utah,False,1486,221,https://ideas.repec.org/f/pli1280.html
pgr293,Daniel Gros,Centre for European Policy Studies (CEPS),False,1487,3605,https://ideas.repec.org/f/pgr293.html
pdu519,Bernard Dumas,INSEAD,False,1488,,https://ideas.repec.org/f/pdu519.html
psc789,Philipp Schnabl,New York University (NYU),False,1489,818,https://ideas.repec.org/f/psc789.html
pke85,Claudia Kemfert,DIW Berlin (Deutsches Institut für Wirtschaftsforschung),False,1490,1734,https://ideas.repec.org/e/pke85.html
pjo88,Larry E. Jones,University of Minnesota,False,1491,,https://ideas.repec.org/e/pjo88.html
pgr43,Ben Greiner,WU Wirtschaftsuniversität Wien,False,1492,,https://ideas.repec.org/e/pgr43.html
ppe90,Joe Peek,Federal Reserve Bank of Boston,False,1493,,https://ideas.repec.org/e/ppe90.html
pcr77,Maureen L. Cropper,University of Maryland,False,1494,,https://ideas.repec.org/e/pcr77.html
pki187,Gary King,Harvard University,False,1495,1547,https://ideas.repec.org/e/pki187.html
pro962,Nathan Rosenberg,,True,1496,,https://ideas.repec.org/f/pro962.html
pba190,Olivier Bargain,Université de Bordeaux,False,1497,692,https://ideas.repec.org/e/pba190.html
pyu5,Jun Yu,University of Macau,False,1498,1937,https://ideas.repec.org/e/pyu5.html
pgu101,Massimo Guidolin,Università Commerciale Luigi Bocconi,False,1499,1397,https://ideas.repec.org/e/pgu101.html
pse24,Reinhard Selten,,True,1500,,https://ideas.repec.org/e/pse24.html
pmi314,Stelios Michalopoulos,Brown University,False,1501,890,https://ideas.repec.org/f/pmi314.html
pgu73,Faruk Gul,Princeton University,False,1502,,https://ideas.repec.org/e/pgu73.html
pze9,Arnold Zellner,,True,1503,,https://ideas.repec.org/e/pze9.html
pot22,Keijiro Otsuka,Asian Development Bank,False,1504,3225,https://ideas.repec.org/e/pot22.html
pbu249,Leonardo Bursztyn,University of Chicago,False,1505,342,https://ideas.repec.org/f/pbu249.html
pze3,Joseph Zeira,Hebrew University of Jerusalem,False,1506,,https://ideas.repec.org/e/pze3.html
psm1,Lones Smith,University of Wisconsin-Madison,False,1507,1968,https://ideas.repec.org/e/psm1.html
pjo446,Charles M. Jones,,True,1508,3422,https://ideas.repec.org/f/pjo446.html
pch756,Mikhail Chernov,University of California-Los Angeles (UCLA),False,1509,1047,https://ideas.repec.org/f/pch756.html
pxe1,Anastasios Xepapadeas,Alma Mater Studiorum - Università di Bologna,False,1510,2040,https://ideas.repec.org/e/pxe1.html
pca340,David Canning,Harvard University,False,1511,,https://ideas.repec.org/f/pca340.html
pfu109,Masahisa Fujita,Kyoto University,False,1512,,https://ideas.repec.org/e/pfu109.html
pla600,Owen A. Lamont,Harvard University,False,1513,,https://ideas.repec.org/f/pla600.html
pbo372,Stéphane Bonhomme,University of Chicago,False,1514,804,https://ideas.repec.org/f/pbo372.html
pho502,Richard Hornbeck,University of Chicago,False,1515,2822,https://ideas.repec.org/f/pho502.html
pch17,Andrew Chesher,University College London (UCL),False,1516,,https://ideas.repec.org/e/pch17.html
pde468,Olivier Deschenes,University of California-Santa Barbara (UCSB),False,1517,522,https://ideas.repec.org/f/pde468.html
pca969,Michael R. Carter,University of California-Davis,False,1518,,https://ideas.repec.org/f/pca969.html
pbo555,Chad P. Bown,Peter G. Peterson Institute for International Economics (IIE),False,1519,661,https://ideas.repec.org/f/pbo555.html
pwa884,Paul Wachtel,New York University (NYU),False,1520,,https://ideas.repec.org/f/pwa884.html
pme280,Karel Mertens,Federal Reserve Bank of Dallas,False,1521,498,https://ideas.repec.org/f/pme280.html
pwe11,Yi Wen,Shanghai Jiao Tong University,False,1522,2534,https://ideas.repec.org/e/pwe11.html
pbl17,Hoyt Bleakley,University of Michigan,False,1523,,https://ideas.repec.org/e/pbl17.html
pbe459,Efraim Benmelech,Northwestern University,False,1524,588,https://ideas.repec.org/f/pbe459.html
pfr88,Marco Francesconi,University of Essex,False,1525,2910,https://ideas.repec.org/e/pfr88.html
pha87,Justus Haucap,Heinriche-Heine-Universität Düsseldorf,False,1526,1385,https://ideas.repec.org/e/pha87.html
pfa89,Jan Ernst Fagerberg,Universitetet i Oslo,False,1527,2864,https://ideas.repec.org/e/pfa89.html
pmo62,Omer Moav,University of Warwick,False,1528,,https://ideas.repec.org/e/pmo62.html
pgr453,Richard C. Green,,True,1529,,https://ideas.repec.org/f/pgr453.html
ppa82,Arvind Panagariya,Columbia University,False,1530,,https://ideas.repec.org/e/ppa82.html
ppe143,David A. Peel,Lancaster University,False,1531,,https://ideas.repec.org/e/ppe143.html
phe97,Eckhard Hein,Hochschule für Wirtschaft und Recht,False,1532,938,https://ideas.repec.org/e/phe97.html
plu192,Yi Lu,Tsinghua University,False,1533,269,https://ideas.repec.org/e/plu192.html
pko143,Robert Kollmann,Université Libre de Bruxelles,False,1534,,https://ideas.repec.org/e/pko143.html
pca134,Richard T. Carson,University of California-San Diego (UCSD),False,1535,,https://ideas.repec.org/e/pca134.html
pto149,Giorgio Topa,,False,1536,1399,https://ideas.repec.org/e/pto149.html
pga109,Mauro Gallegati,Università Politecnica delle Marche,False,1537,2128,https://ideas.repec.org/e/pga109.html
pvi31,Luis M. Viceira,,False,1538,,https://ideas.repec.org/e/pvi31.html
ppi123,Christian Pierdzioch,Helmut Schmidt Universität Hamburg,False,1539,521,https://ideas.repec.org/e/ppi123.html
pma212,Christopher Mayer,Columbia University,False,1540,,https://ideas.repec.org/f/pma212.html
pho45,Thomas Holmes,University of Minnesota,False,1541,,https://ideas.repec.org/e/pho45.html
pgo37,Jacob K Goeree,UNSW Sydney,False,1542,,https://ideas.repec.org/e/pgo37.html
pko29,Martin Georg Kocher,Oesterreichische Nationalbank,False,1543,2315,https://ideas.repec.org/e/pko29.html
pso47,Konstantin Sonin,University of Chicago,False,1544,708,https://ideas.repec.org/e/pso47.html
psc874,Diane Whitmore Schanzenbach,Georgetown University,False,1545,2372,https://ideas.repec.org/f/psc874.html
pma855,Maria Soledad Martinez Peria,International Monetary Fund (IMF),False,1546,,https://ideas.repec.org/f/pma855.html
pxu2,Lixin Colin Xu,Cheung Kong Graduate School of Business,False,1547,3107,https://ideas.repec.org/e/pxu2.html
psa116,Bernard Salanié,Columbia University,False,1548,1868,https://ideas.repec.org/e/psa116.html
pwa807,Francis Warnock,University of Virginia,False,1549,,https://ideas.repec.org/f/pwa807.html
pcr29,Jerome Creel,Sciences Po,False,1550,1742,https://ideas.repec.org/e/pcr29.html
pch1293,Sudheer Chava,Georgia Institute of Technology,False,1551,2135,https://ideas.repec.org/f/pch1293.html
psa385,Raffaella Sadun,,False,1552,954,https://ideas.repec.org/f/psa385.html
ppa1004,Jun Pan,Shanghai Jiao Tong University,False,1553,,https://ideas.repec.org/f/ppa1004.html
psc30,Stefano Scarpetta,Organisation de Coopération et de Développement Économiques (OCDE),False,1554,,https://ideas.repec.org/e/psc30.html
pbo84,Raouf Boucekkine,Aix-Marseille Université,False,1555,3297,https://ideas.repec.org/e/pbo84.html
pra338,Garey Ramey,,False,1556,,https://ideas.repec.org/f/pra338.html
plj7,Lars Ljungqvist,Stockholm School of Economics,False,1557,,https://ideas.repec.org/e/plj7.html
pro347,David T. Robinson,Duke University,False,1558,2611,https://ideas.repec.org/f/pro347.html
pam311,Takeshi Amemiya,,True,1559,,https://ideas.repec.org/f/pam311.html
pbi78,Florin O. Bilbiie,University of Cambridge,False,1560,305,https://ideas.repec.org/e/pbi78.html
pli18,Zheng Liu,Federal Reserve Bank of San Francisco,False,1561,1194,https://ideas.repec.org/e/pli18.html
pse39,Enrique Sentana,Centro de Estudios Monetarios y Financieros (CEMFI),False,1562,1857,https://ideas.repec.org/e/pse39.html
pwe503,Russell Wermers,University of Maryland,False,1563,3676,https://ideas.repec.org/f/pwe503.html
pma2520,Kalina Manova,University College London (UCL),False,1564,1387,https://ideas.repec.org/f/pma2520.html
pne74,Marc Nerlove,,True,1565,,https://ideas.repec.org/e/pne74.html
phe10,P. Jean-Jacques Herings,Universiteit van Tilburg,False,1566,2675,https://ideas.repec.org/e/phe10.html
pbu202,Kenneth Burdett,University of Pennsylvania,False,1567,,https://ideas.repec.org/f/pbu202.html
ptr71,Mathias Trabandt,Goethe Universität Frankfurt am Main,False,1568,349,https://ideas.repec.org/e/ptr71.html
pad105,Wiktor Adamowicz,University of Alberta,False,1569,1536,https://ideas.repec.org/e/pad105.html
ppr355,Ingmar R. Prucha,University of Maryland,False,1570,,https://ideas.repec.org/f/ppr355.html
pku653,Satish Kumar,Indian Institute of Management Nagpur,False,1571,67,https://ideas.repec.org/f/pku653.html
pco20,Joan Costa-i-Font,London School of Economics (LSE),False,1572,459,https://ideas.repec.org/e/pco20.html
psh20,Michael Shields,Monash University,False,1573,,https://ideas.repec.org/e/psh20.html
psm20,Anthony A. Smith,Yale University,False,1574,,https://ideas.repec.org/e/psm20.html
pmc14,Warwick Mckibbin,Australian National University,False,1575,1180,https://ideas.repec.org/e/pmc14.html
ple369,Robert Lensink,Rijksuniversiteit Groningen,False,1576,3653,https://ideas.repec.org/f/ple369.html
ppa652,Mark D. Partridge,,False,1577,,https://ideas.repec.org/f/ppa652.html
pgo420,Barry Kent Goodwin,North Carolina State University,False,1578,,https://ideas.repec.org/f/pgo420.html
pro361,Michael R. Roberts,University of Pennsylvania,False,1579,,https://ideas.repec.org/f/pro361.html
pkr26,Kala Krishna,Pennsylvania State University,False,1580,,https://ideas.repec.org/e/pkr26.html
psa604,Stephen Walter Salant,University of Michigan,False,1581,,https://ideas.repec.org/f/psa604.html
pgr134,Shane Mitchell Greenstein,Harvard University,False,1582,,https://ideas.repec.org/e/pgr134.html
ple338,Paul Levine,University of Surrey,False,1583,,https://ideas.repec.org/f/ple338.html
psl6,Margaret Slade,University of British Columbia,False,1584,,https://ideas.repec.org/e/psl6.html
pfr190,Xavier Freixas,Barcelona School of Economics (BSE),False,1585,,https://ideas.repec.org/e/pfr190.html
phe316,Eric Heyer,Sciences Po,False,1586,562,https://ideas.repec.org/f/phe316.html
pwo206,Michael Wolf,Universität Zürich,False,1587,2941,https://ideas.repec.org/f/pwo206.html
pbh37,Sudipto Bhattacharya,,True,1588,,https://ideas.repec.org/e/pbh37.html
pbo138,Gary E. Bolton,Pennsylvania State University,False,1589,,https://ideas.repec.org/e/pbo138.html
pmi205,Philippe Michel,,True,1590,,https://ideas.repec.org/f/pmi205.html
ppe335,John Pencavel,,False,1591,,https://ideas.repec.org/f/ppe335.html
psh1006,Joseph S. Shapiro,,False,1592,116,https://ideas.repec.org/f/psh1006.html
pec5,Federico Echenique,University of California-Berkeley,False,1593,855,https://ideas.repec.org/e/pec5.html
pwe237,Roberto A. Weber,Universität Zürich,False,1594,,https://ideas.repec.org/f/pwe237.html
psh47,Matthew Shum,California Institute of Technology,False,1595,2630,https://ideas.repec.org/e/psh47.html
pta370,Alireza Tahbaz-Salehi,Northwestern University,False,1596,649,https://ideas.repec.org/f/pta370.html
pki4,Michael T Kiley,Federal Reserve Board (Board of Governors of the Federal Reserve System),False,1597,1227,https://ideas.repec.org/e/pki4.html
pro145,Nouriel Roubini,New York University (NYU),False,1598,,https://ideas.repec.org/e/pro145.html
pli72,Hongbin Li,Stanford University,False,1599,,https://ideas.repec.org/e/pli72.html
pcz8,Dirk Czarnitzki,,False,1600,1555,https://ideas.repec.org/e/pcz8.html
pqa33,Matin Qaim,Rheinische Friedrich-Wilhelms-Universität Bonn,False,1601,691,https://ideas.repec.org/e/pqa33.html
pgo419,Amit Goyal,Université de Lausanne,False,1602,180,https://ideas.repec.org/f/pgo419.html
phe121,Zvi Hercowitz,Tel Aviv University,False,1603,,https://ideas.repec.org/e/phe121.html
pco353,Paul Collier,Oxford University,False,1604,,https://ideas.repec.org/f/pco353.html
pkn11,John Knight,,True,1605,,https://ideas.repec.org/e/pkn11.html
pim10,Jean M. Imbs,New York University Abu Dhabi,False,1606,,https://ideas.repec.org/e/pim10.html
pko146,Roger Koenker,University of Illinois at Urbana-Champaign,False,1607,,https://ideas.repec.org/e/pko146.html
par15,Ashish Arora,Duke University,False,1608,1778,https://ideas.repec.org/e/par15.html
pkl37,Benjamin Klein,University of California-Los Angeles (UCLA),False,1609,,https://ideas.repec.org/e/pkl37.html
psa191,Kamal Saggi,Vanderbilt University,False,1610,2898,https://ideas.repec.org/e/psa191.html
pma1315,Giovanni Maggi,Yale University,False,1611,,https://ideas.repec.org/f/pma1315.html
pca582,Laurent E. Calvet,SKEMA Business School,False,1612,3065,https://ideas.repec.org/f/pca582.html
pma618,Ananth Madhavan,University of California-Berkeley,False,1613,,https://ideas.repec.org/f/pma618.html
pko198,János Kornai,,True,1614,,https://ideas.repec.org/e/pko198.html
pba742,David Baqaee,University of California-Los Angeles (UCLA),False,1615,36,https://ideas.repec.org/f/pba742.html
pxi68,Dacheng Xiu,University of Chicago,False,1616,138,https://ideas.repec.org/e/pxi68.html
pdo274,Chris Doucouliagos,Deakin University,False,1617,1186,https://ideas.repec.org/f/pdo274.html
pbl4,Lawrence Blume,Cornell University,False,1618,,https://ideas.repec.org/e/pbl4.html
pma44,Thierry Magnac,Toulouse School of Economics (TSE),False,1619,,https://ideas.repec.org/e/pma44.html
pmo12,Benny Moldovanu,Rheinische Friedrich-Wilhelms-Universität Bonn,False,1620,3400,https://ideas.repec.org/e/pmo12.html
ppa367,Alessandro Pavan,Northwestern University,False,1621,1760,https://ideas.repec.org/f/ppa367.html
pca1563,Peter P. Carr,,True,1622,,https://ideas.repec.org/f/pca1563.html
pli716,Kai Li,University of British Columbia,False,1623,1065,https://ideas.repec.org/f/pli716.html
pco389,Daniel Cohen,,True,1624,,https://ideas.repec.org/f/pco389.html
pgo279,Laurent Gobillon,Paris School of Economics,False,1625,3517,https://ideas.repec.org/f/pgo279.html
pwe107,Birger Wernerfelt,Massachusetts Institute of Technology (MIT),False,1626,,https://ideas.repec.org/e/pwe107.html
pta314,Steven Tadelis,University of California-Berkeley,False,1627,2056,https://ideas.repec.org/f/pta314.html
pka175,Joseph P. Kaboski,University of Notre Dame,False,1628,2273,https://ideas.repec.org/e/pka175.html
pma182,Eric Maurin,Paris School of Economics,False,1629,1979,https://ideas.repec.org/e/pma182.html
pdu397,Greg John Duncan,,False,1630,,https://ideas.repec.org/f/pdu397.html
psc51,Mark Schaffer,Heriot-Watt University,False,1631,,https://ideas.repec.org/e/psc51.html
pda995,Kent Daniel,Columbia University,False,1632,3224,https://ideas.repec.org/f/pda995.html
pme246,Guido Menzio,New York University (NYU),False,1633,700,https://ideas.repec.org/f/pme246.html
pde116,Klaus Desmet,Southern Methodist University,False,1634,1021,https://ideas.repec.org/e/pde116.html
pdi67,Julian Di Giovanni,Federal Reserve Bank of New York,False,1635,474,https://ideas.repec.org/e/pdi67.html
pmu116,Haroon Mumtaz,Queen Mary University of London,False,1636,1346,https://ideas.repec.org/e/pmu116.html
pre488,Juan Carlos Reboredo,Universidade de Santiago de Compostela,False,1637,286,https://ideas.repec.org/f/pre488.html
ptu166,Gordon Tullock,,True,1638,,https://ideas.repec.org/e/ptu166.html
psa1535,Jesús Saurina,Banco de España,False,1639,,https://ideas.repec.org/f/psa1535.html
phe120,Rebecca M. Henderson,Massachusetts Institute of Technology (MIT),False,1640,,https://ideas.repec.org/e/phe120.html
pba412,Carlos Pestana Barros,,True,1641,,https://ideas.repec.org/f/pba412.html
pch99,Daniele Checchi,Università degli Studi di Milano,False,1642,,https://ideas.repec.org/e/pch99.html
pko155,Phoebe Koundouri,Athens University of Economics and Business (AUEB),False,1643,1691,https://ideas.repec.org/e/pko155.html
ppi108,William A. Pizer,Resources for the Future (RFF),False,1644,1635,https://ideas.repec.org/e/ppi108.html
pho107,Takeo Hoshi,University of Tokyo,False,1645,,https://ideas.repec.org/e/pho107.html
pch240,Carl Chiarella,,True,1646,,https://ideas.repec.org/f/pch240.html
pre63,Rafael Repullo,Centro de Estudios Monetarios y Financieros (CEMFI),False,1647,,https://ideas.repec.org/e/pre63.html
pbe188,Eli Berman,University of California-San Diego (UCSD),False,1648,1548,https://ideas.repec.org/e/pbe188.html
pse75,Luis Servén,Centro de Estudios Monetarios y Financieros (CEMFI),False,1649,,https://ideas.repec.org/e/pse75.html
pto157,Aaron Tornell,University of California-Los Angeles (UCLA),False,1650,,https://ideas.repec.org/e/pto157.html
psz8,Stefan Szymanski,,False,1651,,https://ideas.repec.org/e/psz8.html
pzh164,Peng Zhou,China University of Petroleum,False,1652,506,https://ideas.repec.org/e/pzh164.html
pja325,Nir Jaimovich,Universität Zürich,False,1653,,https://ideas.repec.org/f/pja325.html
ptu94,Bertil Tungodden,Norges Handelshøyskole (NHH),False,1654,703,https://ideas.repec.org/e/ptu94.html
pre313,Eric Michel Renault,,False,1655,,https://ideas.repec.org/f/pre313.html
pdu86,Timothy Dunne,University of Notre Dame,False,1656,,https://ideas.repec.org/e/pdu86.html
pad119,Jerome Adda,Università Commerciale Luigi Bocconi,False,1657,1179,https://ideas.repec.org/e/pad119.html
pmi3,Daniel L. Millimet,Southern Methodist University,False,1658,,https://ideas.repec.org/e/pmi3.html
pma1417,Rosa Liliana Matzkin,University of California-Los Angeles (UCLA),False,1659,,https://ideas.repec.org/f/pma1417.html
pde12,Wouter Denhaan,London School of Economics (LSE),False,1660,,https://ideas.repec.org/e/pde12.html
pha320,Shigeyuki Hamori,Yamato University,False,1661,433,https://ideas.repec.org/f/pha320.html
pde139,Harris Dellas,Universität Bern,False,1662,2085,https://ideas.repec.org/e/pde139.html
pga40,William Glenn Gale,Brookings Institution,False,1663,,https://ideas.repec.org/e/pga40.html
pso104,Nicholas S Souleles,University of Pennsylvania,False,1664,,https://ideas.repec.org/e/pso104.html
pve68,Eric Verhoogen,Columbia University,False,1665,1923,https://ideas.repec.org/e/pve68.html
pme56,Rajnish Mehra,Arizona State University,False,1666,,https://ideas.repec.org/e/pme56.html
pce45,Gilbert Cette,Neoma Business School,False,1667,1638,https://ideas.repec.org/e/pce45.html
pmc81,Michael McCracken,Federal Reserve Bank of St. Louis,False,1668,2685,https://ideas.repec.org/e/pmc81.html
pco94,P. Dean Corbae,University of Wisconsin-Madison,False,1669,1629,https://ideas.repec.org/e/pco94.html
phe64,John Hey,University of York,False,1670,,https://ideas.repec.org/e/phe64.html
pkn42,Jack Knetsch,,True,1671,,https://ideas.repec.org/e/pkn42.html
psp83,Ran Spiegler,University College London (UCL),False,1672,1678,https://ideas.repec.org/e/psp83.html
pfo195,James E. Foster,George Washington University,False,1673,,https://ideas.repec.org/e/pfo195.html
pga124,Peter M. Garber,,False,1674,,https://ideas.repec.org/e/pga124.html
ple119,Andrew Leigh,,False,1675,,https://ideas.repec.org/e/ple119.html
psa250,Joao Santos,Federal Reserve Bank of New York,False,1676,878,https://ideas.repec.org/f/psa250.html
pup16,Raman Uppal,Groupe EDHEC (École de Hautes Études Commerciales du Nord),False,1677,,https://ideas.repec.org/e/pup16.html
pmo492,Ashoka Mody,International Monetary Fund (IMF),False,1678,,https://ideas.repec.org/f/pmo492.html
pba891,Suleyman Basak,London Business School (LBS),False,1679,3398,https://ideas.repec.org/f/pba891.html
pba4,Luc Bauwens,Université Catholique de Louvain,False,1680,,https://ideas.repec.org/e/pba4.html
pwi70,Clifford M. Winston,Brookings Institution,False,1681,,https://ideas.repec.org/e/pwi70.html
pbj3,Christian Bjørnskov,Aarhus Universitet,False,1682,1104,https://ideas.repec.org/e/pbj3.html
pgi36,Marc P. Giannoni,,False,1683,1165,https://ideas.repec.org/e/pgi36.html
ple111,Sylvain Leduc,Federal Reserve Bank of San Francisco,False,1684,1969,https://ideas.repec.org/e/ple111.html
pco1135,Warner Max Corden,,True,1685,,https://ideas.repec.org/f/pco1135.html
pko58,Evžen Kočenda,Univerzita Karlova v Praze,False,1686,974,https://ideas.repec.org/e/pko58.html
pch127,Laurens Cherchye,KU Leuven,False,1687,2391,https://ideas.repec.org/e/pch127.html
pco51,Brian R. Copeland,University of British Columbia,False,1688,,https://ideas.repec.org/e/pco51.html
pca5,Antonio Cabrales,Universidad Carlos III de Madrid,False,1689,2413,https://ideas.repec.org/e/pca5.html
pch80,Roberto Chang,Rutgers University-New Brunswick,False,1690,,https://ideas.repec.org/e/pch80.html
pco745,James C. Cox,Georgia State University,False,1691,,https://ideas.repec.org/f/pco745.html
pmi460,Tapan Mitra,,True,1692,,https://ideas.repec.org/f/pmi460.html
pmu102,Karthik Muralidharan,University of California-San Diego (UCSD),False,1693,374,https://ideas.repec.org/e/pmu102.html
pok13,Efe Ok,New York University (NYU),False,1694,,https://ideas.repec.org/e/pok13.html
pmi44,Branko Milanovic,World Bank Group,False,1695,,https://ideas.repec.org/e/pmi44.html
plo162,Michael F. Lovenheim,Cornell University,False,1696,1714,https://ideas.repec.org/e/plo162.html
ppr57,Andrea Filippo Presbitero,International Monetary Fund (IMF),False,1697,625,https://ideas.repec.org/e/ppr57.html
pin7,Robert Inklaar,Rijksuniversiteit Groningen,False,1698,2286,https://ideas.repec.org/e/pin7.html
peb3,Janice Eberly,Northwestern University,False,1699,1200,https://ideas.repec.org/e/peb3.html
pcl48,Gregory Clark,Syddansk Universitet,False,1700,,https://ideas.repec.org/e/pcl48.html
psi394,Daniel Sichel,Wellesley College,False,1701,,https://ideas.repec.org/f/psi394.html
ple80,David Levine,University of California-Berkeley,False,1702,,https://ideas.repec.org/e/ple80.html
pbe272,Michel Beine,Université du Luxembourg,False,1703,3446,https://ideas.repec.org/f/pbe272.html
pja111,Thomas S. Jayne,Michigan State University,False,1704,2076,https://ideas.repec.org/e/pja111.html
psa958,Pentti Saikkonen,,False,1705,,https://ideas.repec.org/f/psa958.html
pal356,Fernando Alvarez,University of Chicago,False,1706,,https://ideas.repec.org/f/pal356.html
psz25,Adam Szeidl,Central European University,False,1707,1797,https://ideas.repec.org/e/psz25.html
pwo132,François-Charles Wolff,Université de Nantes,False,1708,,https://ideas.repec.org/e/pwo132.html
psc133,Patrick W. Schmitz,Universität zu Köln,False,1709,3194,https://ideas.repec.org/e/psc133.html
pya107,Pierre Yared,Columbia University,False,1710,449,https://ideas.repec.org/e/pya107.html
pru68,Yona Rubinstein,,False,1711,,https://ideas.repec.org/e/pru68.html
pro264,Guillaume Rocheteau,University of California-Irvine,False,1712,,https://ideas.repec.org/f/pro264.html
pwr4,Julian Wright,National University of Singapore (NUS),False,1713,1312,https://ideas.repec.org/e/pwr4.html
psu123,Jens Suedekum,Heinriche-Heine-Universität Düsseldorf,False,1714,526,https://ideas.repec.org/e/psu123.html
pmu50,יאיר מונדלק,,True,1715,,https://ideas.repec.org/e/pmu50.html
pwo47,Barbara L. Wolfe,University of Wisconsin-Madison,False,1716,,https://ideas.repec.org/e/pwo47.html
pkh176,Mohsin Khan,,False,1717,,https://ideas.repec.org/e/pkh176.html
phu149,Michael Mercier Hutchison,University of California-Santa Cruz (UCSC),False,1718,,https://ideas.repec.org/e/phu149.html
pbu13,James Bullard,Purdue University,False,1719,,https://ideas.repec.org/e/pbu13.html
pka141,Ehud Kalai,Northwestern University,False,1720,,https://ideas.repec.org/e/pka141.html
pri96,John Ries,University of British Columbia,False,1721,,https://ideas.repec.org/e/pri96.html
pgr285,David A. Green,University of British Columbia,False,1722,,https://ideas.repec.org/f/pgr285.html
pko150,Dan Kovenock,Chapman University,False,1723,,https://ideas.repec.org/e/pko150.html
pam50,Manuel Amador,Federal Reserve Bank of Minneapolis,False,1724,803,https://ideas.repec.org/e/pam50.html
pha368,Marc Hallin,Université Libre de Bruxelles,False,1725,2825,https://ideas.repec.org/f/pha368.html
pmo232,Ahmed Mushfiq Mobarak,Yale University,False,1726,541,https://ideas.repec.org/f/pmo232.html
pde69,Ralph De Haas,European Bank for Reconstruction and Development (EBRD),False,1727,887,https://ideas.repec.org/e/pde69.html
ple601,Dan Levin,Ohio State University,False,1728,,https://ideas.repec.org/f/ple601.html
psi60,Nirvikar Singh,University of California-Santa Cruz (UCSC),False,1729,,https://ideas.repec.org/e/psi60.html
pdr25,Allan Drazen,University of Maryland,False,1730,,https://ideas.repec.org/e/pdr25.html
phi17,Barry Hirsch,Georgia State University,False,1731,,https://ideas.repec.org/e/phi17.html
pna187,Ramana Nanda,Imperial College,False,1732,1970,https://ideas.repec.org/e/pna187.html
pst122,Livio Stracca,European Central Bank,False,1733,789,https://ideas.repec.org/e/pst122.html
pfi105,Carolyn Fischer,World Bank Group,False,1734,1630,https://ideas.repec.org/e/pfi105.html
pti137,Xuan Tian,Tsinghua University,False,1735,684,https://ideas.repec.org/e/pti137.html
pac11,Daniel Ackerberg,University of Texas-Austin,False,1736,,https://ideas.repec.org/e/pac11.html
pma206,Colin Mayer,Oxford University,False,1737,,https://ideas.repec.org/f/pma206.html
plu94,Deborah Lucas,Massachusetts Institute of Technology (MIT),False,1738,,https://ideas.repec.org/e/plu94.html
pga74,Jean Gabszewicz,Université Catholique de Louvain,False,1739,,https://ideas.repec.org/e/pga74.html
pil21,Ethan Ilzetzki,London School of Economics (LSE),False,1740,86,https://ideas.repec.org/e/pil21.html
pra175,Jeffrey Scott Racine,McMaster University,False,1741,,https://ideas.repec.org/e/pra175.html
pmi428,Guy Michaels,London School of Economics (LSE),False,1742,2542,https://ideas.repec.org/f/pmi428.html
pmi133,Marcus Miller,University of Warwick,False,1743,,https://ideas.repec.org/e/pmi133.html
pwa36,Joel Watson,University of California-San Diego (UCSD),False,1744,,https://ideas.repec.org/e/pwa36.html
pco326,Günter Coenen,European Central Bank,False,1745,1944,https://ideas.repec.org/f/pco326.html
pgh16,Atish Ghosh,International Monetary Fund (IMF),False,1746,,https://ideas.repec.org/e/pgh16.html
pba818,Ravi Bansal,Duke University,False,1747,,https://ideas.repec.org/f/pba818.html
phu98,Gur Huberman,Columbia University,False,1748,3488,https://ideas.repec.org/e/phu98.html
pwi239,Heidi L. Williams,Dartmouth College,False,1749,281,https://ideas.repec.org/f/pwi239.html
pan130,Cristiano Antonelli,Università degli Studi di Torino,False,1750,2198,https://ideas.repec.org/e/pan130.html
phu366,Peter Hull,Brown University,False,1751,58,https://ideas.repec.org/f/phu366.html
pkr410,Kory Kroft,University of Toronto,False,1752,2037,https://ideas.repec.org/f/pkr410.html
ppa255,Karen Palmer,Resources for the Future (RFF),False,1753,,https://ideas.repec.org/f/ppa255.html
pch94,Bob Chirinko,University of Illinois at Chicago,False,1754,,https://ideas.repec.org/e/pch94.html
ppr114,Stef Proost,KU Leuven,False,1755,1825,https://ideas.repec.org/e/ppr114.html
pch420,Yongmin Chen,University of Colorado,False,1756,3334,https://ideas.repec.org/f/pch420.html
pgh2,Fabio Ghironi,University of Washington,False,1757,3204,https://ideas.repec.org/e/pgh2.html
psa395,Andrew Samwick,Dartmouth College,False,1758,,https://ideas.repec.org/f/psa395.html
ptr23,Joseph Tracy,Purdue University,False,1759,,https://ideas.repec.org/e/ptr23.html
pka1111,John Forrest Kain,,True,1760,,https://ideas.repec.org/f/pka1111.html
pga1,Martin Gaynor,Carnegie Mellon University,False,1761,2948,https://ideas.repec.org/e/pga1.html
pma135,Paul Robert Masson,University of Toronto,False,1762,,https://ideas.repec.org/e/pma135.html
pkn7,Brian G. Knight,Brown University,False,1763,,https://ideas.repec.org/e/pkn7.html
pde179,Rajeev Dehejia,New York University (NYU),False,1764,,https://ideas.repec.org/e/pde179.html
pde619,Thomas Dee,,False,1765,,https://ideas.repec.org/f/pde619.html
pwa356,William Wascher,Federal Reserve Board (Board of Governors of the Federal Reserve System),False,1766,,https://ideas.repec.org/f/pwa356.html
pps2,George Psacharopoulos,,False,1767,3391,https://ideas.repec.org/e/pps2.html
pyo43,H. Peyton Young,Government of the United States,False,1768,,https://ideas.repec.org/e/pyo43.html
pel319,Sadok El Ghoul,,False,1769,246,https://ideas.repec.org/f/pel319.html
pwa204,James Marvin Walker,Indiana University,False,1770,,https://ideas.repec.org/f/pwa204.html
pli177,Alessandro Lizzeri,New York University (NYU),False,1771,,https://ideas.repec.org/e/pli177.html
pha1258,Samuel G. Hanson,Harvard University,False,1772,1608,https://ideas.repec.org/f/pha1258.html
ppo31,Panu Poutvaara,ifo Institut - Leibniz-Institut für Wirtschaftsforschung an der Universität München e.V.,False,1773,919,https://ideas.repec.org/e/ppo31.html
phu6,Mark Huggett,Georgetown University,False,1774,,https://ideas.repec.org/e/phu6.html
pva106,Eddy K.a. Van Doorslaer,Erasmus Universiteit Rotterdam,False,1775,,https://ideas.repec.org/e/pva106.html
pan9,David Andolfatto,University of Miami,False,1776,1304,https://ideas.repec.org/e/pan9.html
pha313,Harald Hau,,False,1777,2118,https://ideas.repec.org/f/pha313.html
pud12,Gazi Salah Uddin,Linköpings Universitet,False,1778,105,https://ideas.repec.org/e/pud12.html
pve121,Erik Teodoor Verhoef,,False,1779,,https://ideas.repec.org/e/pve121.html
pxu119,Yi Daniel Xu,Duke University,False,1780,508,https://ideas.repec.org/e/pxu119.html
pmi86,Valérie Mignon,Université Paris-Nanterre (Paris X),False,1781,2284,https://ideas.repec.org/e/pmi86.html
pcr47,Thomas Crossley,University of Michigan,False,1782,2218,https://ideas.repec.org/e/pcr47.html
pen3,Eduardo M.r.a. Engel,Universidad de Chile,False,1783,,https://ideas.repec.org/e/pen3.html
pmo129,Hyungsik Roger Moon,University of Southern California,False,1784,,https://ideas.repec.org/e/pmo129.html
pca393,Jose Manuel Campa,Universidad de Navarra,False,1785,,https://ideas.repec.org/f/pca393.html
phy3,Rob J Hyndman,Monash University,False,1786,959,https://ideas.repec.org/e/phy3.html
pag38,Ajay K. Agrawal,University of Toronto,False,1787,568,https://ideas.repec.org/e/pag38.html
pur49,Sergio Urzua,University of Maryland,False,1788,,https://ideas.repec.org/e/pur49.html
pca56,Vasco Marques de Carvalho,University of Cambridge,False,1789,926,https://ideas.repec.org/e/pca56.html
pdr66,Anna Dreber,Stockholm School of Economics,False,1790,870,https://ideas.repec.org/e/pdr66.html
pva27,Dick van Dijk,Erasmus Universiteit Rotterdam,False,1791,3114,https://ideas.repec.org/e/pva27.html
pba248,"Gilbert W. Bassett, Jr.",University of Illinois at Chicago,False,1792,,https://ideas.repec.org/f/pba248.html
ped63,Ottmar Edenhofer,,False,1793,601,https://ideas.repec.org/e/ped63.html
phe369,Dale William Henderson,,False,1794,,https://ideas.repec.org/f/phe369.html
plu10,Andre Lucas,Vrije Universiteit Amsterdam,False,1795,2770,https://ideas.repec.org/e/plu10.html
pro69,Stephen Ross,University of Connecticut,False,1796,3541,https://ideas.repec.org/e/pro69.html
pbo332,Leah Platt Boustan,Princeton University,False,1797,759,https://ideas.repec.org/f/pbo332.html
pco85,David Colander,,True,1798,,https://ideas.repec.org/e/pco85.html
psh2,Karl Shell,Cornell University,False,1799,,https://ideas.repec.org/e/psh2.html
pca4,Fredrik Carlsson,Göteborgs Universitet,False,1800,2304,https://ideas.repec.org/e/pca4.html
pti260,Rocio Titiunik,,False,1801,346,https://ideas.repec.org/f/pti260.html
phe163,John S. Heywood,University of Wisconsin,False,1802,2541,https://ideas.repec.org/e/phe163.html
pfr135,Caroline Freund,University of California-San Diego (UCSD),False,1803,,https://ideas.repec.org/e/pfr135.html
pwi26,Daniel Wilson,Federal Reserve Bank of San Francisco,False,1804,941,https://ideas.repec.org/e/pwi26.html
pwa390,Neng Wang,,False,1805,1745,https://ideas.repec.org/f/pwa390.html
pbl61,Joern H. Block,Universität Trier,False,1806,362,https://ideas.repec.org/e/pbl61.html
psh162,Kathryn Shaw,Stanford University,False,1807,,https://ideas.repec.org/e/psh162.html
pha310,Robert H. Haveman,,True,1808,,https://ideas.repec.org/f/pha310.html
pro566,Rafael Robb,,False,1809,,https://ideas.repec.org/f/pro566.html
pbo666,Barry P. Bosworth,,True,1810,,https://ideas.repec.org/f/pbo666.html
pat44,Prema-chandra Athukorala,Australian National University,False,1811,,https://ideas.repec.org/e/pat44.html
pca14,Dennis W. Carlton,University of Chicago,False,1812,,https://ideas.repec.org/e/pca14.html
ppr99,Ricardo Perez-Truglia,University of California-Los Angeles (UCLA),False,1813,184,https://ideas.repec.org/e/ppr99.html
pit4,Hiro Ito,Portland State University,False,1814,1916,https://ideas.repec.org/e/pit4.html
pho504,Boris Hofmann,Bank for International Settlements (BIS),False,1815,535,https://ideas.repec.org/f/pho504.html
pro93,Arthur Robson,Simon Fraser University,False,1816,,https://ideas.repec.org/e/pro93.html
plo117,Glenn Cartman Loury,Brown University,False,1817,,https://ideas.repec.org/e/plo117.html
pfa22,Ester Faia,Goethe Universität Frankfurt am Main,False,1818,1453,https://ideas.repec.org/e/pfa22.html
pty1,Jean-Robert Tyran,Universität Wien,False,1819,,https://ideas.repec.org/e/pty1.html
pri41,Arno Riedl,Maastricht University,False,1820,2862,https://ideas.repec.org/e/pri41.html
pbo295,Sabri Boubaker,École de Management de Normandie,False,1821,150,https://ideas.repec.org/f/pbo295.html
pbo43,Jean Boivin,,False,1822,,https://ideas.repec.org/e/pbo43.html
pel11,Robert J R Elliott,University of Birmingham,False,1823,965,https://ideas.repec.org/e/pel11.html
pfi17,Gary S. Fields,,False,1824,,https://ideas.repec.org/e/pfi17.html
pvo47,Võ Xuân Vinh,University of Economics Ho Chi Minh City,False,1825,80,https://ideas.repec.org/e/pvo47.html
psa997,Afees Adebare Salisu,Centre for Econometrics and Applied Research,False,1826,100,https://ideas.repec.org/f/psa997.html
ple113,Stephen Leybourne,University of Nottingham,False,1827,,https://ideas.repec.org/e/ple113.html
pte114,Michele Tertilt,Universität Mannheim,False,1828,523,https://ideas.repec.org/e/pte114.html
pbr469,Jordi Brandts,Barcelona School of Economics (BSE),False,1829,,https://ideas.repec.org/f/pbr469.html
pbe134,Helmut Bester,Freie Universität Berlin,False,1830,,https://ideas.repec.org/e/pbe134.html
pfe188,Gershon Feder,World Bank Group,False,1831,,https://ideas.repec.org/e/pfe188.html
pgo624,Paul Goldsmith-Pinkham,Yale University,False,1832,85,https://ideas.repec.org/f/pgo624.html
ppo41,Nattavudh Powdthavee,Nanyang Technological University,False,1833,1131,https://ideas.repec.org/e/ppo41.html
pec26,Bjørn Espen Eckbo,Dartmouth College,False,1834,,https://ideas.repec.org/e/pec26.html
pba669,Martha J. Bailey,University of California-Los Angeles (UCLA),False,1835,666,https://ideas.repec.org/f/pba669.html
pli22,Nuno M. Limão,Georgetown University,False,1836,499,https://ideas.repec.org/e/pli22.html
pfo3,Andrew Foster,Brown University,False,1837,,https://ideas.repec.org/e/pfo3.html
pen67,Walter Enders,University of Alabama-Tuscaloosa,False,1838,,https://ideas.repec.org/e/pen67.html
pka44,Louis Kaplow,National Bureau of Economic Research (NBER),False,1839,,https://ideas.repec.org/e/pka44.html
pju154,Alejandro Justiniano,,True,1840,,https://ideas.repec.org/e/pju154.html
pto21,Robert Tollison,,True,1841,,https://ideas.repec.org/e/pto21.html
pst2,Mark Florimond Steel,University of Warwick,False,1842,2641,https://ideas.repec.org/e/pst2.html
pke13,John Kennan,University of Wisconsin-Madison,False,1843,,https://ideas.repec.org/e/pke13.html
pku361,Adriana Kugler,Georgetown University,False,1844,,https://ideas.repec.org/f/pku361.html
pma1243,Rodolfo E. Manuelli,Washington University in St. Louis,False,1845,,https://ideas.repec.org/f/pma1243.html
pze41,Josef Zechner,WU Wirtschaftsuniversität Wien,False,1846,1927,https://ideas.repec.org/e/pze41.html
pro1247,Jonathan Roth,Brown University,False,1847,73,https://ideas.repec.org/f/pro1247.html
pho41,Charles Yuji Horioka,Kobe University,False,1848,3306,https://ideas.repec.org/e/pho41.html
pmo86,Giuseppe Moscarini,Yale University,False,1849,3638,https://ideas.repec.org/e/pmo86.html
psk11,Andrzej Skrzypacz,Stanford University,False,1850,2764,https://ideas.repec.org/e/psk11.html
ppo244,Alexander Popov,European Central Bank,False,1851,622,https://ideas.repec.org/f/ppo244.html
pra457,Christian Rammer,Leibniz-Zentrum für Europäische Wirtschaftsforschung (ZEW),False,1852,669,https://ideas.repec.org/f/pra457.html
pco166,Iain M. Cockburn,Boston University,False,1853,,https://ideas.repec.org/e/pco166.html
pya140,Eiji Yamamura,Seinan Gakuin University,False,1854,1848,https://ideas.repec.org/e/pya140.html
pwi498,Robert D. Willig,,True,1855,,https://ideas.repec.org/f/pwi498.html
pka453,Lisa B. Kahn,University of Rochester,False,1856,436,https://ideas.repec.org/f/pka453.html
pbi114,Sushil Bikhchandani,University of California-Los Angeles (UCLA),False,1857,,https://ideas.repec.org/e/pbi114.html
pal293,Rob Alessie,Rijksuniversiteit Groningen,False,1858,,https://ideas.repec.org/f/pal293.html
pge60,Paul A. Geroski,,True,1859,,https://ideas.repec.org/e/pge60.html
pfe146,Francisco H. G. Ferreira,London School of Economics (LSE),False,1860,,https://ideas.repec.org/e/pfe146.html
pwa410,W. Reed Walker,,False,1861,930,https://ideas.repec.org/f/pwa410.html
pas4,Guido Ascari,Università degli Studi di Pavia,False,1862,943,https://ideas.repec.org/e/pas4.html
pba509,James Banks,,False,1863,,https://ideas.repec.org/f/pba509.html
psi336,Eric Sims,University of Notre Dame,False,1864,1256,https://ideas.repec.org/f/psi336.html
pbi171,Francesco Bianchi,Johns Hopkins University,False,1865,247,https://ideas.repec.org/e/pbi171.html
pca683,Dario Caldara,Federal Reserve Board (Board of Governors of the Federal Reserve System),False,1866,154,https://ideas.repec.org/f/pca683.html
plu40,Asger Lunde,Aarhus Universitet,False,1867,,https://ideas.repec.org/e/plu40.html
pbh22,Sonia Bhalotra,University of Warwick,False,1868,512,https://ideas.repec.org/e/pbh22.html
pha49,Bernd Hayo,Philipps-Universität Marburg,False,1869,2052,https://ideas.repec.org/e/pha49.html
pdu249,Greg Duffee,Johns Hopkins University,False,1870,,https://ideas.repec.org/f/pdu249.html
paa13,Daniel Aaronson,Federal Reserve Bank of Chicago,False,1871,2293,https://ideas.repec.org/e/paa13.html
pco548,Jeffrey L. Coles,University of Utah,False,1872,,https://ideas.repec.org/f/pco548.html
ple147,Ronald Demos Lee,University of California-Berkeley,False,1873,,https://ideas.repec.org/e/ple147.html
pba34,Amitrajeet A Batabyal,Rochester Institute of Technology,False,1874,1811,https://ideas.repec.org/e/pba34.html
pec1,Nicholas S. Economides,New York University (NYU),False,1875,,https://ideas.repec.org/e/pec1.html
pme346,Albert J. Menkveld,,False,1876,865,https://ideas.repec.org/f/pme346.html
pfu6,Timothy S. Fuerst,,True,1877,,https://ideas.repec.org/e/pfu6.html
pdo13,Michael Dooley,University of California-Santa Cruz (UCSC),False,1878,,https://ideas.repec.org/e/pdo13.html
par65,J. Scott Armstrong,,True,1879,,https://ideas.repec.org/e/par65.html
pwu111,Jing Cynthia Wu,University of Illinois at Urbana-Champaign,False,1880,1472,https://ideas.repec.org/e/pwu111.html
pya275,Constantine Nicholas Yannelis,University of Chicago,False,1881,133,https://ideas.repec.org/f/pya275.html
pch177,Christophe Hurlin,Université d'Orléans,False,1882,1341,https://ideas.repec.org/e/pch177.html
pba80,Pierpaolo Battigalli,Università Commerciale Luigi Bocconi,False,1883,2032,https://ideas.repec.org/e/pba80.html
psc205,Riccardo Scarpa,Durham University,False,1884,1307,https://ideas.repec.org/f/psc205.html
poy2,Paul Oyer,,False,1885,,https://ideas.repec.org/e/poy2.html
pth51,Anthony Thirlwall,,True,1886,,https://ideas.repec.org/e/pth51.html
pmo197,Massimo Motta,Barcelona School of Economics (BSE),False,1887,,https://ideas.repec.org/e/pmo197.html
pbe108,Kristian Behrens,Université du Québec à Montréal (UQAM),False,1888,1947,https://ideas.repec.org/e/pbe108.html
pwa346,Jessica A. Wachter,University of Pennsylvania,False,1889,,https://ideas.repec.org/f/pwa346.html
pba1477,James R. Barth,,True,1890,,https://ideas.repec.org/f/pba1477.html
pwi165,David W. Wilcox,,False,1891,,https://ideas.repec.org/e/pwi165.html
pmo70,Brent R. Moulton,,False,1892,,https://ideas.repec.org/e/pmo70.html
pne71,Karsten Neuhoff,DIW Berlin (Deutsches Institut für Wirtschaftsforschung),False,1893,2548,https://ideas.repec.org/e/pne71.html
pau28,Raphael Auer,Bank for International Settlements (BIS),False,1894,270,https://ideas.repec.org/e/pau28.html
psk27,Stergios Skaperdas,University of California-Irvine,False,1895,,https://ideas.repec.org/e/psk27.html
plu143,Nora Claudia Lustig,Tulane University,False,1896,2567,https://ideas.repec.org/e/plu143.html
plu185,Christian Lundblad,University of North Carolina-Chapel-Hill,False,1897,,https://ideas.repec.org/e/plu185.html
pgo192,Jesus Gonzalo,Universidad Carlos III de Madrid,False,1898,3585,https://ideas.repec.org/e/pgo192.html
pal597,Armen A. Alchian,,True,1899,,https://ideas.repec.org/f/pal597.html
pce70,Nicola Cetorelli,Federal Reserve Bank of New York,False,1900,,https://ideas.repec.org/e/pce70.html
psa1486,Pedro Santa-Clara,Universidade Nova de Lisboa,False,1901,,https://ideas.repec.org/f/psa1486.html
pag15,Victor Aguirregabiria,University of Toronto,False,1902,1897,https://ideas.repec.org/e/pag15.html
pho42,Patrick Honohan,Trinity College Dublin,False,1903,,https://ideas.repec.org/e/pho42.html
pwh23,Karl T. Whelan,University College Dublin,False,1904,3648,https://ideas.repec.org/e/pwh23.html
pla387,Kajal Lahiri,University at Albany,False,1905,,https://ideas.repec.org/f/pla387.html
pko698,Leonid Kogan,Massachusetts Institute of Technology (MIT),False,1906,3543,https://ideas.repec.org/f/pko698.html
pho55,Roman Horvath,Univerzita Karlova v Praze,False,1907,1526,https://ideas.repec.org/e/pho55.html
pfo64,Bernard Fortin,,False,1908,,https://ideas.repec.org/e/pfo64.html
pgi270,Stephen Gibbons,,False,1909,3338,https://ideas.repec.org/f/pgi270.html
pmu32,Ram Mudambi,Temple University,False,1910,1127,https://ideas.repec.org/e/pmu32.html
psh190,Oz Shy,Federal Reserve Bank of Atlanta,False,1911,2190,https://ideas.repec.org/e/psh190.html
pco44,Fabrice Collard,Toulouse School of Economics (TSE),False,1912,2405,https://ideas.repec.org/e/pco44.html
pde313,Manthos D. Delis,Audencia Nantes École de Management,False,1913,1215,https://ideas.repec.org/f/pde313.html
pcu60,Robert Cull,World Bank Group,False,1914,,https://ideas.repec.org/e/pcu60.html
pdy1,Susan Dynarski,,False,1915,,https://ideas.repec.org/e/pdy1.html
psn9,Dennis Snower,,False,1916,,https://ideas.repec.org/e/psn9.html
pye42,David Larry Yermack,New York University (NYU),False,1917,,https://ideas.repec.org/e/pye42.html
pto24,Ragnar Torvik,Norges teknisk-naturvitenskaplige universitet (NTNU),False,1918,,https://ideas.repec.org/e/pto24.html
pta825,Lance Taylor,,True,1919,,https://ideas.repec.org/f/pta825.html
pso229,Hugo F. Sonnenschein,,True,1920,,https://ideas.repec.org/f/pso229.html
pgo158,Francois Gourio,Federal Reserve Bank of Chicago,False,1921,1442,https://ideas.repec.org/e/pgo158.html
pvo70,Timothy Vogelsang,Michigan State University,False,1922,,https://ideas.repec.org/e/pvo70.html
pch1037,Tsangyao Chang,Feng Chia University,False,1923,873,https://ideas.repec.org/f/pch1037.html
pfa153,Oliver Falck,ifo Institut - Leibniz-Institut für Wirtschaftsforschung an der Universität München e.V.,False,1924,3158,https://ideas.repec.org/e/pfa153.html
ppo61,Solomon William Polachek,State University of New York-Binghamton (SUNY),False,1925,,https://ideas.repec.org/e/ppo61.html
pqu66,Agnes Reynes Quisumbing,International Food Policy Research Institute (IFPRI),False,1926,,https://ideas.repec.org/e/pqu66.html
pva325,Herman K. van Dijk,,True,1927,,https://ideas.repec.org/f/pva325.html
pes64,Joan Esteban,Barcelona School of Economics (BSE),False,1928,,https://ideas.repec.org/e/pes64.html
pwa298,Ian Walker,Luxembourg Institute of Socio-Economic Research (LISER),False,1929,,https://ideas.repec.org/f/pwa298.html
pcr27,Jesus Crespo Cuaresma,WU Wirtschaftsuniversität Wien,False,1930,3165,https://ideas.repec.org/e/pcr27.html
pfi50,Sergio Firpo,Insper,False,1931,1468,https://ideas.repec.org/e/pfi50.html
pum41,Muhammad Umar,Lebanese American University,False,1932,43,https://ideas.repec.org/e/pum41.html
psc349,Andreas Schrimpf,Bank for International Settlements (BIS),False,1933,331,https://ideas.repec.org/f/psc349.html
ppo66,Pedro Portugal,Banco de Portugal,False,1934,,https://ideas.repec.org/e/ppo66.html
pke311,Benjamin J. Keys,University of Pennsylvania,False,1935,934,https://ideas.repec.org/f/pke311.html
ppa73,David Papell,University of Houston,False,1936,,https://ideas.repec.org/e/ppa73.html
pai26,Toke S Aidt,University of Cambridge,False,1937,,https://ideas.repec.org/e/pai26.html
pso51,Rodrigo R. Soares,Insper,False,1938,1594,https://ideas.repec.org/e/pso51.html
ppa393,Eleonora Patacchini,Istituto Einaudi per l'Economia e la Finanza (EIEF),False,1939,3393,https://ideas.repec.org/f/ppa393.html
pki156,Georg Kirchsteiger,Université Libre de Bruxelles,False,1940,,https://ideas.repec.org/e/pki156.html
pha113,Dermot Hayes,Iowa State University,False,1941,,https://ideas.repec.org/e/pha113.html
pba751,Ruediger Bachmann,University of Michigan,False,1942,1854,https://ideas.repec.org/f/pba751.html
pba253,Eric J. Bartelsman,Vrije Universiteit Amsterdam,False,1943,,https://ideas.repec.org/f/pba253.html
pdo525,Kangyin Dong,University of International Business and Economics (UIBE),False,1944,47,https://ideas.repec.org/f/pdo525.html
pwo6,Myrna Wooders,Vanderbilt University,False,1945,,https://ideas.repec.org/e/pwo6.html
pwe79,Pierre-Olivier Weill,,False,1946,1198,https://ideas.repec.org/e/pwe79.html
pba423,Richard T. Baillie,Michigan State University,False,1947,,https://ideas.repec.org/f/pba423.html
pso437,Isaac Sorkin,Stanford University,False,1948,53,https://ideas.repec.org/f/pso437.html
pro188,Andrea Roventini,Scuola Superiore Sant'Anna,False,1949,419,https://ideas.repec.org/e/pro188.html
pmi190,Paul W. Miller,,True,1950,,https://ideas.repec.org/e/pmi190.html
psc344,Johannes F. Schmieder,Boston University,False,1951,621,https://ideas.repec.org/f/psc344.html
pch787,Davin Chor,Dartmouth College,False,1952,758,https://ideas.repec.org/f/pch787.html
pno13,Thomas H. Noe,Oxford University,False,1953,,https://ideas.repec.org/e/pno13.html
pwi246,Matthew James Wiswall,Johns Hopkins University,False,1954,1293,https://ideas.repec.org/f/pwi246.html
pka338,d'Artis Kancs,European Commission,False,1955,,https://ideas.repec.org/f/pka338.html
pwa1023,Christopher Ross Walters,University of California-Berkeley,False,1956,125,https://ideas.repec.org/f/pwa1023.html
pam57,Catalina Amuedo-Dorantes,University of California-Merced,False,1957,1852,https://ideas.repec.org/e/pam57.html
pca260,Matthew Buford Canzoneri,,False,1958,,https://ideas.repec.org/f/pca260.html
par171,Cristina Arellano,Federal Reserve Bank of Minneapolis,False,1959,2314,https://ideas.repec.org/e/par171.html
ppe431,Pietro F. Peretto,Duke University,False,1960,3176,https://ideas.repec.org/f/ppe431.html
pca270,Carlo Carraro,Università Ca' Foscari Venezia,False,1961,,https://ideas.repec.org/f/pca270.html
pca537,Lorenzo Caliendo,Yale University,False,1962,1314,https://ideas.repec.org/f/pca537.html
pla110,Saul Lach,Hebrew University of Jerusalem,False,1963,,https://ideas.repec.org/e/pla110.html
pki84,Chang-Jin Kim,Korea University,False,1964,,https://ideas.repec.org/e/pki84.html
psc56,Olivier Scaillet,,False,1965,3066,https://ideas.repec.org/e/psc56.html
pul22,Aman Ullah,University of California-Riverside,False,1966,,https://ideas.repec.org/e/pul22.html
pog2,Cormac Ó Gráda,University College Dublin,False,1967,,https://ideas.repec.org/e/pog2.html
pla608,Robert Zachary Lawrence,,False,1968,,https://ideas.repec.org/f/pla608.html
pni197,Kazuo Nishimura,Kobe University,False,1969,,https://ideas.repec.org/e/pni197.html
pki184,Philipp Albert Theodor Kircher,Cornell University,False,1970,877,https://ideas.repec.org/e/pki184.html
pco188,Timothy James Coelli,University of Queensland,False,1971,,https://ideas.repec.org/e/pco188.html
pma705,William F. Maloney,World Bank Group,False,1972,,https://ideas.repec.org/f/pma705.html
pwh4,David Wheelock,Federal Reserve Bank of St. Louis,False,1973,,https://ideas.repec.org/e/pwh4.html
pja142,Tooraj Jamasb,Copenhagen Business School,False,1974,676,https://ideas.repec.org/e/pja142.html
pbi95,Graham Bird,Claremont Graduate University,False,1975,,https://ideas.repec.org/e/pbi95.html
pwi6,Rainer Winkelmann,Universität Zürich,False,1976,,https://ideas.repec.org/e/pwi6.html
pst198,John Strauss,University of Southern California,False,1977,,https://ideas.repec.org/e/pst198.html
pha48,John C. Harsanyi,,True,1978,,https://ideas.repec.org/e/pha48.html
pot2,Christopher Otrok,Federal Reserve Bank of Dallas,False,1979,,https://ideas.repec.org/e/pot2.html
pbr269,Markus Brueckner,Australian National University,False,1980,2486,https://ideas.repec.org/f/pbr269.html
pme29,Antonio Merlo,New York University (NYU),False,1981,,https://ideas.repec.org/e/pme29.html
pka371,Chihwa Kao,University of Connecticut,False,1982,,https://ideas.repec.org/f/pka371.html
pgi147,Kenneth Thomas Gillingham,,False,1983,461,https://ideas.repec.org/e/pgi147.html
pch972,Alexander Chudik,Federal Reserve Bank of Dallas,False,1984,2069,https://ideas.repec.org/f/pch972.html
pbl21,Charles Blackorby,University of Warwick,False,1985,,https://ideas.repec.org/e/pbl21.html
pmo126,Patricia Lyon Mokhtarian,,False,1986,2909,https://ideas.repec.org/e/pmo126.html
pha974,Arnold C. Harberger,University of California-Los Angeles (UCLA),False,1987,,https://ideas.repec.org/f/pha974.html
pmo43,Benoit Mojon,Bank for International Settlements (BIS),False,1988,1599,https://ideas.repec.org/e/pmo43.html
par34,S. Boragan Aruoba,University of Maryland,False,1989,2981,https://ideas.repec.org/e/par34.html
pva218,Bruno van Pottelsberghe de la Potterie,Budapesti Corvinus Egyetem,False,1990,,https://ideas.repec.org/f/pva218.html
pve215,Francis Vella,Georgetown University,False,1991,,https://ideas.repec.org/f/pve215.html
phi15,Arye L. Hillman,Bar Ilan University,False,1992,,https://ideas.repec.org/e/phi15.html
psh65,Steven Sharpe,Federal Reserve Board (Board of Governors of the Federal Reserve System),False,1993,,https://ideas.repec.org/e/psh65.html
pwa224,Robert Waldmann,,True,1994,,https://ideas.repec.org/f/pwa224.html
ppa539,Marianne Elizabeth Page,University of California-Davis,False,1995,,https://ideas.repec.org/f/ppa539.html
pvi9,William S. Vickrey,,True,1996,,https://ideas.repec.org/e/pvi9.html
pen132,Joseph Engelberg,University of California-San Diego (UCSD),False,1997,,https://ideas.repec.org/e/pen132.html
pma225,Ralf Martin,London School of Economics (LSE),False,1998,1688,https://ideas.repec.org/f/pma225.html
pst261,Richard Startz,University of California-Santa Barbara (UCSB),False,1999,,https://ideas.repec.org/f/pst261.html
pst3,Roland Strausz,Humboldt-Universität Berlin,False,2000,1457,https://ideas.repec.org/e/pst3.html
ppe255,Gabriel Perez Quiros,Banco de España,False,2001,,https://ideas.repec.org/f/ppe255.html
pca42,Charles Carlstrom,,True,2002,,https://ideas.repec.org/e/pca42.html
ppe58,Enrico Perotti,Universiteit van Amsterdam,False,2003,,https://ideas.repec.org/e/ppe58.html
pca67,Jeffrey Carpenter,Middlebury College,False,2004,,https://ideas.repec.org/e/pca67.html
plo422,Graham Loomes,,False,2005,,https://ideas.repec.org/f/plo422.html
pta912,Lowell Taylor,Carnegie Mellon University,False,2006,,https://ideas.repec.org/f/pta912.html
ppo171,Jan Potters,Universiteit van Tilburg,False,2007,,https://ideas.repec.org/e/ppo171.html
phe527,Nathaniel Hendren,Harvard University,False,2008,,https://ideas.repec.org/f/phe527.html
pkl9,Michael W. Klein,Tufts University,False,2009,,https://ideas.repec.org/e/pkl9.html
ply9,Richard K. Lyons,University of California-Berkeley,False,2010,,https://ideas.repec.org/e/ply9.html
pca484,Karl E. Case,,True,2011,,https://ideas.repec.org/f/pca484.html
pfi133,Massimo Filippini,Universitá della Svizzera Italiana (USI),False,2012,2942,https://ideas.repec.org/e/pfi133.html
pma336,Ioana Elena Marinescu,,False,2013,315,https://ideas.repec.org/f/pma336.html
pwa65,Christopher Waller,Federal Reserve Board (Board of Governors of the Federal Reserve System),False,2014,,https://ideas.repec.org/e/pwa65.html
pga245,Cecilia Garcia-Penalosa,Aix-Marseille Université,False,2015,2645,https://ideas.repec.org/f/pga245.html
pho151,Teck-Hua Ho,National University of Singapore (NUS),False,2016,,https://ideas.repec.org/e/pho151.html
pok11,Toshihiro Okubo,Keio University,False,2017,1505,https://ideas.repec.org/e/pok11.html
pre6,Alessandro Rebucci,Johns Hopkins University,False,2018,1140,https://ideas.repec.org/e/pre6.html
pna56,Tommaso Nannicini,Università Commerciale Luigi Bocconi,False,2019,,https://ideas.repec.org/e/pna56.html
pma513,Alberto Martin,Barcelona School of Economics (BSE),False,2020,1066,https://ideas.repec.org/f/pma513.html
pla224,Fabian Lange,McGill University,False,2021,827,https://ideas.repec.org/f/pla224.html
pli391,Marco Lippi,Istituto Einaudi per l'Economia e la Finanza (EIEF),False,2022,,https://ideas.repec.org/f/pli391.html
pol64,Marcelo Olarreaga,Université de Genève,False,2023,,https://ideas.repec.org/e/pol64.html
png19,Yew-Kwang Ng,Monash University,False,2024,,https://ideas.repec.org/e/png19.html
pch519,Pradeep K. Chintagunta,University of Chicago,False,2025,2662,https://ideas.repec.org/f/pch519.html
pst389,Thomas Sterner,Göteborgs Universitet,False,2026,1860,https://ideas.repec.org/f/pst389.html
pba824,Michael Dominic Bauer,Federal Reserve Bank of San Francisco,False,2027,277,https://ideas.repec.org/f/pba824.html
psh497,Jay C. Shambaugh,George Washington University,False,2028,,https://ideas.repec.org/f/psh497.html
ppa681,Joon Y. Park,Indiana University,False,2029,,https://ideas.repec.org/f/ppa681.html
pha804,Justine S. Hastings,University of Washington,False,2030,2123,https://ideas.repec.org/f/pha804.html
pch595,Julien Chevallier,Université Paris-Saint-Denis (Paris VIII),False,2031,697,https://ideas.repec.org/f/pch595.html
pgi71,Sourafel Girma,University of Nottingham,False,2032,,https://ideas.repec.org/e/pgi71.html
pja222,C. Kirabo Jackson,Northwestern University,False,2033,1707,https://ideas.repec.org/f/pja222.html
pel109,Todd Elder,Michigan State University,False,2034,,https://ideas.repec.org/e/pel109.html
pbi197,Hans Peter Binswanger-Mkhize,,True,2035,,https://ideas.repec.org/e/pbi197.html
pku6,Felix Kubler,Universität Zürich,False,2036,,https://ideas.repec.org/e/pku6.html
pwi356,Colin C. Williams,University of Sheffield,False,2037,1291,https://ideas.repec.org/f/pwi356.html
pri248,Jean-Francois Richard,University of Pittsburgh,False,2038,,https://ideas.repec.org/f/pri248.html
pge41,Stefan Gerlach,,False,2039,,https://ideas.repec.org/e/pge41.html
pst274,T. D. Stanley,Deakin University,False,2040,1648,https://ideas.repec.org/f/pst274.html
plo13,Bart Los,Rijksuniversiteit Groningen,False,2041,,https://ideas.repec.org/e/plo13.html
pma547,Bartosz Maćkowiak,European Central Bank,False,2042,1238,https://ideas.repec.org/f/pma547.html
pko254,Dimitris Korobilis,University of Glasgow,False,2043,814,https://ideas.repec.org/f/pko254.html
pgo428,Morris Goldstein,Peter G. Peterson Institute for International Economics (IIE),False,2044,,https://ideas.repec.org/f/pgo428.html
pya337,Hai Yang,,False,2045,994,https://ideas.repec.org/f/pya337.html
pwi1,Joachim Winter,Ludwig-Maximilians-Universität München,False,2046,,https://ideas.repec.org/e/pwi1.html
pcr53,Chiara Criscuolo,London School of Economics (LSE),False,2047,773,https://ideas.repec.org/e/pcr53.html
pwa169,Pengfei Wang,Peking University,False,2048,863,https://ideas.repec.org/e/pwa169.html
pro229,Dominic Rohner,The Graduate Institute of International and Development Studies,False,2049,706,https://ideas.repec.org/f/pro229.html
pga447,René Garcia,Université de Montréal,False,2050,,https://ideas.repec.org/f/pga447.html
pal171,Hunt Allcott,Harvard University,False,2051,200,https://ideas.repec.org/e/pal171.html
pgi131,Xavier Gine,World Bank Group,False,2052,,https://ideas.repec.org/e/pgi131.html
pji212,Gabriel Jimenez,Banco de España,False,2053,3221,https://ideas.repec.org/f/pji212.html
pki18,Soyoung Kim,Seoul National University,False,2054,2521,https://ideas.repec.org/e/pki18.html
pai9,Anna Aizer,Brown University,False,2055,,https://ideas.repec.org/e/pai9.html
pba129,Gadi Barlevy,Federal Reserve Bank of Chicago,False,2056,,https://ideas.repec.org/e/pba129.html
phe470,David Hemous,Universität Zürich,False,2057,2519,https://ideas.repec.org/f/phe470.html
pfi93,Jean-Paul Fitoussi,,True,2058,,https://ideas.repec.org/e/pfi93.html
pge21,Balázs Égert,Organisation de Coopération et de Développement Économiques (OCDE),False,2059,2754,https://ideas.repec.org/e/pge21.html
pst527,"Dale O. Stahl, II",University of Texas-Austin,False,2060,,https://ideas.repec.org/f/pst527.html
pba599,Nathaniel Baum-Snow,University of Toronto,False,2061,756,https://ideas.repec.org/f/pba599.html
psl34,Frank Allen Sloan,Duke University,False,2062,,https://ideas.repec.org/e/psl34.html
pzh156,Li-An Zhou,Peking University,False,2063,1540,https://ideas.repec.org/e/pzh156.html
pba283,Salvador Barberà,Barcelona School of Economics (BSE),False,2064,,https://ideas.repec.org/f/pba283.html
pde305,Bram De Rock,Université Libre de Bruxelles,False,2065,1824,https://ideas.repec.org/f/pde305.html
pvi23,Jacob Vigdor,University of Washington,False,2066,,https://ideas.repec.org/e/pvi23.html
pga472,Luca Gambetti,Barcelona School of Economics (BSE),False,2067,1164,https://ideas.repec.org/f/pga472.html
pbe206,Gianluca D. Benigno,Université de Lausanne,False,2068,1378,https://ideas.repec.org/f/pbe206.html
pca74,Efrem Castelnuovo,Università degli Studi di Padova,False,2069,444,https://ideas.repec.org/e/pca74.html
pkl8,Lawrence R. Klein,,True,2070,,https://ideas.repec.org/e/pkl8.html
phe315,Garth Heutel,Georgia State University,False,2071,1058,https://ideas.repec.org/f/phe315.html
pmc17,Robert Neil Mccauley,Boston University,False,2072,871,https://ideas.repec.org/e/pmc17.html
pve11,Gustavo Jaime Ventura,Arizona State University,False,2073,,https://ideas.repec.org/e/pve11.html
pox4,Les Oxley,University of Waikato,False,2074,1959,https://ideas.repec.org/e/pox4.html
pch1446,Yan Chen,University of Michigan,False,2075,2209,https://ideas.repec.org/f/pch1446.html
ple6,Keun Lee,Chung-Ang University,False,2076,744,https://ideas.repec.org/e/ple6.html
pgl23,Amihai Glazer,University of California-Irvine,False,2077,,https://ideas.repec.org/e/pgl23.html
pko589,Ralph Koijen,London Business School (LBS),False,2078,643,https://ideas.repec.org/f/pko589.html
pfe73,James D. Fearon,,False,2079,,https://ideas.repec.org/e/pfe73.html
ple337,Michele Lenza,European Central Bank,False,2080,599,https://ideas.repec.org/f/ple337.html
pma158,Iourii Manovskii,University of Pennsylvania,False,2081,3133,https://ideas.repec.org/e/pma158.html
pow3,Michael T. Owyang,Federal Reserve Bank of St. Louis,False,2082,,https://ideas.repec.org/e/pow3.html
pna12,James M. Nason,Australian National University,False,2083,,https://ideas.repec.org/e/pna12.html
pfo48,Alessandra Fogli,Federal Reserve Bank of Minneapolis,False,2084,,https://ideas.repec.org/e/pfo48.html
pco725,Shaen Corbet,Dublin City University,False,2085,68,https://ideas.repec.org/f/pco725.html
pfi199,Frederico Finan,University of California-Berkeley,False,2086,,https://ideas.repec.org/e/pfi199.html
pdr111,David Dranove,Northwestern University,False,2087,,https://ideas.repec.org/e/pdr111.html
pme152,Richard A. Meese,University of California-Berkeley,False,2088,,https://ideas.repec.org/e/pme152.html
psu92,Javier Suárez,Centro de Estudios Monetarios y Financieros (CEMFI),False,2089,2987,https://ideas.repec.org/e/psu92.html
pmi139,Leonard Jay Mirman,,True,2090,,https://ideas.repec.org/e/pmi139.html
pun2,M. Utku Ünver,Boston College,False,2091,2446,https://ideas.repec.org/e/pun2.html
pgy1,Thorvaldur Gylfason,,False,2092,,https://ideas.repec.org/e/pgy1.html
pmc26,Margaret Mcmillan,Tufts University,False,2093,2070,https://ideas.repec.org/e/pmc26.html
plu38,Thomas Lubik,Federal Reserve Bank of Richmond,False,2094,,https://ideas.repec.org/e/plu38.html
pmo697,José Alberto Molina,Universidad de Zaragoza,False,2095,524,https://ideas.repec.org/f/pmo697.html
pta193,George S. Tavlas,Bank of Greece,False,2096,3300,https://ideas.repec.org/e/pta193.html
pca97,Ana Rute Cardoso,Barcelona School of Economics (BSE),False,2097,569,https://ideas.repec.org/e/pca97.html
pwi242,John Harold Williamson,,True,2098,,https://ideas.repec.org/f/pwi242.html
pki2,Jan Frederik Kiviet,Universiteit van Amsterdam,False,2099,,https://ideas.repec.org/e/pki2.html
pal73,Carlo Altavilla,European Central Bank,False,2100,351,https://ideas.repec.org/e/pal73.html
pch386,Graciela Chichilnisky,Columbia University,False,2101,,https://ideas.repec.org/f/pch386.html
pri51,Regina Therese Riphahn,Friedrich-Alexander-Universität Erlangen-Nürnberg,False,2102,,https://ideas.repec.org/e/pri51.html
pbr467,Abel Brodeur,Université d'Ottawa,False,2103,214,https://ideas.repec.org/f/pbr467.html
pca439,Scott E. Carrell,University of Texas-Austin,False,2104,2657,https://ideas.repec.org/f/pca439.html
pla255,Thomas Laubach,,True,2105,,https://ideas.repec.org/f/pla255.html
pca519,"Gerard Caprio, Jr.",Williams College,False,2106,,https://ideas.repec.org/f/pca519.html
pha378,Kevin Allen Hassett,Hoover Institution on War Revolution & Peace,False,2107,,https://ideas.repec.org/f/pha378.html
pst255,Todd R. Stinebrickner,University of Western Ontario,False,2108,2509,https://ideas.repec.org/f/pst255.html
pzh588,Xiaoyan Zhang,Tsinghua University,False,2109,3539,https://ideas.repec.org/f/pzh588.html
pfo220,Duncan K. Foley,The New School,False,2110,,https://ideas.repec.org/f/pfo220.html
pat68,David Atkin,Massachusetts Institute of Technology (MIT),False,2111,425,https://ideas.repec.org/e/pat68.html
pan132,James B. Ang,Nanyang Technological University,False,2112,3606,https://ideas.repec.org/e/pan132.html
ppo94,A. Mitchell Polinsky,Stanford University,False,2113,,https://ideas.repec.org/e/ppo94.html
pca475,David Cass,,True,2114,,https://ideas.repec.org/f/pca475.html
pst145,Betsey Stevenson,University of Michigan,False,2115,,https://ideas.repec.org/e/pst145.html
pde113,Gabrielle Demange,Paris School of Economics,False,2116,,https://ideas.repec.org/e/pde113.html
ple284,Hooi Hooi Lean,i-CATS University College,False,2117,1071,https://ideas.repec.org/f/ple284.html
pma874,Erin T. Mansur,Dartmouth College,False,2118,2952,https://ideas.repec.org/f/pma874.html
pwu69,JunJie Wu,North Carolina State University,False,2119,2305,https://ideas.repec.org/e/pwu69.html
pvi304,Vikrant Vig,London Business School (LBS),False,2120,,https://ideas.repec.org/f/pvi304.html
pwo109,Quentin Wodon,,False,2121,,https://ideas.repec.org/e/pwo109.html
pth2,Daniel Thornton,,True,2122,,https://ideas.repec.org/e/pth2.html
phu263,Wallace E. Huffman,,True,2123,,https://ideas.repec.org/f/phu263.html
psc42,Klaus Schmidt-Hebbel,Universidad del Desarrollo,False,2124,,https://ideas.repec.org/e/psc42.html
pot1,Marco Ottaviani,Università Commerciale Luigi Bocconi,False,2125,3704,https://ideas.repec.org/e/pot1.html
ppl107,Mikkel Plagborg-Moller,University of Chicago,False,2126,122,https://ideas.repec.org/e/ppl107.html
pma1059,Robert Marquez,University of California-Davis,False,2127,,https://ideas.repec.org/f/pma1059.html
pha1028,John Christopher Ham,New York University Abu Dhabi,False,2128,,https://ideas.repec.org/f/pha1028.html
pwa234,Michael E. Waugh,Federal Reserve Bank of Minneapolis,False,2129,1242,https://ideas.repec.org/f/pwa234.html
phe137,Friedrich Heinemann,Leibniz-Zentrum für Europäische Wirtschaftsforschung (ZEW),False,2130,3640,https://ideas.repec.org/e/phe137.html
pma385,David N. Margolis,Paris School of Economics,False,2131,,https://ideas.repec.org/f/pma385.html
pma753,Jan R. Magnus,Vrije Universiteit Amsterdam,False,2132,,https://ideas.repec.org/f/pma753.html
pst139,Michael Storper,London School of Economics (LSE),False,2133,1719,https://ideas.repec.org/e/pst139.html
pbo182,Walter Bossert,Université de Montréal,False,2134,,https://ideas.repec.org/e/pbo182.html
pdo605,Will Dobbie,Harvard University,False,2135,383,https://ideas.repec.org/f/pdo605.html
pyu185,Noam Yuchtman,London School of Economics (LSE),False,2136,422,https://ideas.repec.org/e/pyu185.html
pni5,Giuseppe Nicoletti,Organisation de Coopération et de Développement Économiques (OCDE),False,2137,,https://ideas.repec.org/e/pni5.html
pfl25,Robert P. Flood,International Monetary Fund (IMF),False,2138,,https://ideas.repec.org/e/pfl25.html
pfa4,Giorgio Fagiolo,Scuola Superiore Sant'Anna,False,2139,,https://ideas.repec.org/e/pfa4.html
pme170,Xin Meng,Australian National University,False,2140,,https://ideas.repec.org/e/pme170.html
pdo313,Stephen Geoffrey Donald,University of Texas-Austin,False,2141,,https://ideas.repec.org/f/pdo313.html
pra52,Romain Rancière,University of Southern California,False,2142,,https://ideas.repec.org/e/pra52.html
pbo190,Lex Borghans,Maastricht University,False,2143,,https://ideas.repec.org/e/pbo190.html
ppa461,Franz C. Palm,Maastricht University,False,2144,,https://ideas.repec.org/f/ppa461.html
pgr8,Henri L.f. de Groot,Vrije Universiteit Amsterdam,False,2145,,https://ideas.repec.org/e/pgr8.html
pal240,Julian M. Alston,University of California-Davis,False,2146,,https://ideas.repec.org/f/pal240.html
pgu220,Veronica Guerrieri,University of Chicago,False,2147,678,https://ideas.repec.org/f/pgu220.html
pma1118,Sugata Marjit,Indian Institute of Foreign Trade (IIFT),False,2148,3349,https://ideas.repec.org/f/pma1118.html
pde225,Casper G. de Vries,Erasmus Universiteit Rotterdam,False,2149,,https://ideas.repec.org/f/pde225.html
ppe67,Jeffrey Perloff,University of California-Berkeley,False,2150,,https://ideas.repec.org/e/ppe67.html
pma2031,Abul Mansur Mohammed Masih,Universiti Kuala Lumpur,False,2151,1527,https://ideas.repec.org/f/pma2031.html
pco636,Giacomo Corneo,Freie Universität Berlin,False,2152,,https://ideas.repec.org/f/pco636.html
pma119,Antoine Martin,Federal Reserve Bank of New York,False,2153,,https://ideas.repec.org/e/pma119.html
pno17,Volker Nocke,Universität Mannheim,False,2154,1172,https://ideas.repec.org/e/pno17.html
phr34,Johannes Hörner,Toulouse School of Economics (TSE),False,2155,,https://ideas.repec.org/e/phr34.html
ppe152,Paolo A. Pesenti,Federal Reserve Bank of New York,False,2156,,https://ideas.repec.org/e/ppe152.html
pal153,James Albrecht,Georgetown University,False,2157,,https://ideas.repec.org/e/pal153.html
pwa27,Kenneth F. Wallis,University of Warwick,False,2158,,https://ideas.repec.org/e/pwa27.html
psh256,Azeem M. Shaikh,University of Chicago,False,2159,1126,https://ideas.repec.org/f/psh256.html
ple543,Erik E. Lehmann,Universität Augsburg,False,2160,1255,https://ideas.repec.org/f/ple543.html
pva496,Rossen Valkanov,University of California-San Diego (UCSD),False,2161,,https://ideas.repec.org/f/pva496.html
ppo12,Franck Portier,University College London (UCL),False,2162,,https://ideas.repec.org/e/ppo12.html
pne138,Derek Neal,University of Chicago,False,2163,,https://ideas.repec.org/e/pne138.html
pba229,Scott L. Baier,Clemson University,False,2164,,https://ideas.repec.org/f/pba229.html
pbo10,Marcel Boyer,Université de Montréal,False,2165,,https://ideas.repec.org/e/pbo10.html
pde1414,Jerome Detemple,Boston University,False,2166,,https://ideas.repec.org/f/pde1414.html
ppa153,Leslie E. Papke,Michigan State University,False,2167,,https://ideas.repec.org/e/ppa153.html
pju101,F. Thomas Juster,,True,2168,,https://ideas.repec.org/e/pju101.html
pja188,Hanan Jacoby,World Bank Group,False,2169,,https://ideas.repec.org/e/pja188.html
phe224,Stephan Heblich,University of Toronto,False,2170,642,https://ideas.repec.org/f/phe224.html
pzi120,James P. Ziliak,University of Kentucky,False,2171,1158,https://ideas.repec.org/e/pzi120.html
pti5,Cédric Tille,The Graduate Institute of International and Development Studies,False,2172,,https://ideas.repec.org/e/pti5.html
ppe207,Loriana Pelizzon,Leibniz-Institut für Finanzmarktforschung SAFE (Sustainable Architecture for Finance in Europe),False,2173,801,https://ideas.repec.org/f/ppe207.html
pkr252,Vijay Krishna,Pennsylvania State University,False,2174,,https://ideas.repec.org/f/pkr252.html
pwa928,Yudong Wang,Nanjing University of Science and Technology,False,2175,230,https://ideas.repec.org/f/pwa928.html
pla492,David Lagakos,Boston University,False,2176,493,https://ideas.repec.org/f/pla492.html
pro377,Jonathan Robinson,University of California-Santa Cruz (UCSC),False,2177,2239,https://ideas.repec.org/f/pro377.html
pbr58,Josef C. Brada,Arizona State University,False,2178,,https://ideas.repec.org/e/pbr58.html
pmo414,Emanuel Moench,Frankfurt School of Finance and Management,False,2179,1893,https://ideas.repec.org/f/pmo414.html
pga362,Jiti Gao,Monash University,False,2180,1101,https://ideas.repec.org/f/pga362.html
pgr439,Alan Greenspan,,True,2181,,https://ideas.repec.org/f/pgr439.html
pel36,J.Paul Elhorst,Rijksuniversiteit Groningen,False,2182,,https://ideas.repec.org/e/pel36.html
pla170,Sanjaya Lall,,True,2183,,https://ideas.repec.org/e/pla170.html
pna157,Wim Naudé,Rheinisch-Westfälische Technische Hochschule Aachen,False,2184,1098,https://ideas.repec.org/e/pna157.html
psa80,Larry Samuelson,Yale University,False,2185,,https://ideas.repec.org/e/psa80.html
ptr222,Pavel Trunin,Gaidar Institute for Economic Policy,False,2186,467,https://ideas.repec.org/f/ptr222.html
ptr38,Kenneth R. Troske,University of Kentucky,False,2187,,https://ideas.repec.org/e/ptr38.html
pta51,Andrea Tambalotti,,False,2188,904,https://ideas.repec.org/e/pta51.html
pbe5,Samuel Bentolila,Centro de Estudios Monetarios y Financieros (CEMFI),False,2189,,https://ideas.repec.org/e/pbe5.html
pai18,Chunrong Ai,University of Florida,False,2190,,https://ideas.repec.org/e/pai18.html
pfe163,Fernando V. Ferreira,University of Pennsylvania,False,2191,,https://ideas.repec.org/e/pfe163.html
pwa463,Daniel F. Waggoner,Federal Reserve Bank of Atlanta,False,2192,1580,https://ideas.repec.org/f/pwa463.html
pst59,Chris Starmer,University of Nottingham,False,2193,,https://ideas.repec.org/e/pst59.html
pve80,Adrien Verdelhan,Massachusetts Institute of Technology (MIT),False,2194,1614,https://ideas.repec.org/e/pve80.html
pma134,Esfandiar Maasoumi,Emory University,False,2195,,https://ideas.repec.org/e/pma134.html
pri30,Geert Ridder,University of Southern California,False,2196,,https://ideas.repec.org/e/pri30.html
pcr3,Mario John Crucini,Purdue University,False,2197,,https://ideas.repec.org/e/pcr3.html
pne64,Andrew F. Newman,Boston University,False,2198,,https://ideas.repec.org/e/pne64.html
pee3,Louis Eeckhoudt,Lille Économie et Management (LEM),False,2199,,https://ideas.repec.org/e/pee3.html
par79,Michael John Artis,,True,2200,,https://ideas.repec.org/e/par79.html
pzu31,Sarah Zubairy,Texas A&M University,False,2201,1437,https://ideas.repec.org/e/pzu31.html
pra33,B Ravikumar,Federal Reserve Bank of St. Louis,False,2202,,https://ideas.repec.org/e/pra33.html
pph1,Christopher Phelan,University of Minnesota,False,2203,,https://ideas.repec.org/e/pph1.html
pcr107,Richard K. Crump,Federal Reserve Bank of New York,False,2204,1410,https://ideas.repec.org/e/pcr107.html
pbr526,Jörg Breitung,Universität zu Köln,False,2205,,https://ideas.repec.org/f/pbr526.html
pya208,Takashi Yamagata,University of York,False,2206,,https://ideas.repec.org/f/pya208.html
pbl45,Francis Bloch,Paris School of Economics,False,2207,,https://ideas.repec.org/e/pbl45.html
pmo263,Karl Ove Moene,Universitetet i Oslo,False,2208,,https://ideas.repec.org/f/pmo263.html
pls1,Andreas Löschel,Ruhr-Universität Bochum,False,2209,1079,https://ideas.repec.org/e/pls1.html
pde117,Daniela Del Boca,Università degli Studi di Torino,False,2210,2054,https://ideas.repec.org/e/pde117.html
pha154,Kjell Hausken,Universitetet i Stavanger,False,2211,2039,https://ideas.repec.org/e/pha154.html
pfe181,Ada Ferrer-i-Carbonell,Barcelona School of Economics (BSE),False,2212,,https://ideas.repec.org/e/pfe181.html
pso397,Kenneth Sokoloff,,True,2213,,https://ideas.repec.org/f/pso397.html
phi113,Cesar A. Hidalgo,Toulouse School of Economics (TSE),False,2214,1464,https://ideas.repec.org/e/phi113.html
pma1336,Benoît B. Mandelbrot,,True,2215,,https://ideas.repec.org/f/pma1336.html
pgr26,Reint Gropp,Leibniz-Institut für Wirtschaftsforschung Halle (IWH),False,2216,,https://ideas.repec.org/e/pgr26.html
pya634,Larisa Yarovaya,University of Southampton,False,2217,60,https://ideas.repec.org/f/pya634.html
pbl268,Han Bleichrodt,Universidad de Alicante,False,2218,3269,https://ideas.repec.org/f/pbl268.html
pge209,Dimitris Georgarakos,European Central Bank,False,2219,341,https://ideas.repec.org/f/pge209.html
pha883,Rema Hanna,Harvard University,False,2220,2137,https://ideas.repec.org/f/pha883.html
pma413,Sushanta K. Mallick,Queen Mary University of London,False,2221,507,https://ideas.repec.org/f/pma413.html
pco98,Miles Corak,City University of New York (CUNY),False,2222,,https://ideas.repec.org/e/pco98.html
pcl99,Jeffrey P. Clemens,University of California-San Diego (UCSD),False,2223,385,https://ideas.repec.org/e/pcl99.html
pca392,Sebastian Calonico,Columbia University,False,2224,533,https://ideas.repec.org/f/pca392.html
pja19,Michael Jansson,University of California-Berkeley,False,2225,528,https://ideas.repec.org/e/pja19.html
pru237,Elisabet Rutstrom,Georgia State University,False,2226,,https://ideas.repec.org/f/pru237.html
pda64,Ronald Davies,University College Dublin,False,2227,2331,https://ideas.repec.org/e/pda64.html
pva480,Joseph Vavra,University of Chicago,False,2228,407,https://ideas.repec.org/f/pva480.html
pbl88,Magnus Blomstrom,Stockholm School of Economics,False,2229,,https://ideas.repec.org/e/pbl88.html
pwi122,John Douglas Wilson,Michigan State University,False,2230,,https://ideas.repec.org/e/pwi122.html
pni159,Juan Pablo Nicolini,Federal Reserve Bank of Minneapolis,False,2231,1941,https://ideas.repec.org/e/pni159.html
pda222,William Alexander Darity,Duke University,False,2232,3434,https://ideas.repec.org/f/pda222.html
pkh256,Asim Ijaz Khwaja,Harvard University,False,2233,,https://ideas.repec.org/f/pkh256.html
pmc174,John Edward McLaren,University of Virginia,False,2234,,https://ideas.repec.org/e/pmc174.html
pgr130,Allan W. Gregory,Queen's University,False,2235,,https://ideas.repec.org/e/pgr130.html
pme62,Stephan Meier,Federal Reserve Bank of Boston,False,2236,,https://ideas.repec.org/e/pme62.html
pma1138,Peter Martinsson,Università degli Studi di Torino,False,2237,3031,https://ideas.repec.org/f/pma1138.html
pdh6,Dhammika Dharmapala,,False,2238,,https://ideas.repec.org/e/pdh6.html
pst501,Ernesto Stein,Instituto Tecnológico y de Estudios Superiores de Monterrey (ITESM),False,2239,,https://ideas.repec.org/f/pst501.html
pmu110,Dennis C. Mueller,Universität Wien,False,2240,,https://ideas.repec.org/e/pmu110.html
pro223,Richard Evans Romano,University of Florida,False,2241,,https://ideas.repec.org/f/pro223.html
pfa13,Shenggen Fan,China Agricultural University,False,2242,,https://ideas.repec.org/e/pfa13.html
pbo515,Pedro Bordalo,Royal Holloway,False,2243,600,https://ideas.repec.org/f/pbo515.html
pya379,Danny Yagan,University of California-Berkeley,False,2244,360,https://ideas.repec.org/f/pya379.html
pwi457,Paul S. Willen,Federal Reserve Bank of Boston,False,2245,2967,https://ideas.repec.org/f/pwi457.html
pst89,Erik Stam,Universiteit Utrecht,False,2246,485,https://ideas.repec.org/e/pst89.html
pge353,Mark Gersovitz,Johns Hopkins University,False,2247,,https://ideas.repec.org/f/pge353.html
pcr135,Bruno Crépon,Centre de Recherche en Économie et Statistique (CREST),False,2248,,https://ideas.repec.org/e/pcr135.html
pma929,Reinhard Madlener,Rheinisch-Westfälische Technische Hochschule Aachen,False,2249,1885,https://ideas.repec.org/f/pma929.html
pgu126,Jonathan Guryan,Northwestern University,False,2250,,https://ideas.repec.org/e/pgu126.html
pbl229,Michael Bleaney,University of Nottingham,False,2251,,https://ideas.repec.org/f/pbl229.html
pva16,Bernard M.s. van Praag,,False,2252,,https://ideas.repec.org/e/pva16.html
pla306,Douglas Laxton,,False,2253,,https://ideas.repec.org/f/pla306.html
pis15,R. Mark Isaac,Florida State University,False,2254,,https://ideas.repec.org/e/pis15.html
pji14,Juan F Jimeno,Banco de España,False,2255,,https://ideas.repec.org/e/pji14.html
pri265,Steven G. Rivkin,University of Illinois at Chicago,False,2256,,https://ideas.repec.org/f/pri265.html
pgr216,Edward M. Gramlich,,True,2257,,https://ideas.repec.org/f/pgr216.html
pmi250,Jeffrey A Miron,Harvard University,False,2258,,https://ideas.repec.org/f/pmi250.html
pma1585,Ian Martin,London School of Economics (LSE),False,2259,630,https://ideas.repec.org/f/pma1585.html
pst591,Robert M. Stern,,True,2260,,https://ideas.repec.org/f/pst591.html
pwu3,Liuren Wu,City University of New York (CUNY),False,2261,,https://ideas.repec.org/e/pwu3.html
pca496,Alessandra Casella,,False,2262,,https://ideas.repec.org/f/pca496.html
pbo856,Lutz Bornmann,,False,2263,1007,https://ideas.repec.org/f/pbo856.html
pst689,David Strömberg,Stockholms Universitet,False,2264,,https://ideas.repec.org/f/pst689.html
pla288,Luca Lambertini,Alma Mater Studiorum - Università di Bologna,False,2265,,https://ideas.repec.org/f/pla288.html
pbo1012,Kirill Borusyak,University College London (UCL),False,2266,106,https://ideas.repec.org/f/pbo1012.html
por6,Peter Francis Orazem,Iowa State University,False,2267,,https://ideas.repec.org/e/por6.html
pal30,Stefania Albanesi,University of Miami,False,2268,1005,https://ideas.repec.org/e/pal30.html
pmo270,Naci H. Mocan,Louisiana State University,False,2269,,https://ideas.repec.org/f/pmo270.html
pre66,Knut Røed,Universitetet i Oslo,False,2270,1921,https://ideas.repec.org/e/pre66.html
pst180,Ann Huff Stevens,University of Colorado,False,2271,,https://ideas.repec.org/e/pst180.html
pwi55,Eyal Winter,Lancaster University,False,2272,,https://ideas.repec.org/e/pwi55.html
pgr247,Paul Gregg,,False,2273,,https://ideas.repec.org/f/pgr247.html
pes29,Arturo Estrella,Rensselaer Polytechnic Institute,False,2274,,https://ideas.repec.org/e/pes29.html
pho173,Anke Hoeffler,,False,2275,,https://ideas.repec.org/e/pho173.html
pho27,Daniel Houser,George Mason University,False,2276,2955,https://ideas.repec.org/e/pho27.html
pfa201,J. Doyne Farmer,Oxford University,False,2277,1532,https://ideas.repec.org/f/pfa201.html
pdr53,Mathias Drehmann,Bank for International Settlements (BIS),False,2278,2080,https://ideas.repec.org/e/pdr53.html
pke88,Murray C. Kemp,,True,2279,,https://ideas.repec.org/e/pke88.html
pbe183,Bo Becker,Stockholm School of Economics,False,2280,1894,https://ideas.repec.org/e/pbe183.html
ppa129,M. Daniele Paserman,Boston University,False,2281,,https://ideas.repec.org/e/ppa129.html
pas75,David Aschauer,,True,2282,,https://ideas.repec.org/e/pas75.html
pgu29,Timothy Guinnane,Yale University,False,2283,,https://ideas.repec.org/e/pgu29.html
pgo236,Lorenz Goette,Université de Lausanne,False,2284,,https://ideas.repec.org/f/pgo236.html
pni105,Shmuel Nitzan,Bar Ilan University,False,2285,,https://ideas.repec.org/e/pni105.html
pbe413,Eric P. Bettinger,Stanford University,False,2286,3692,https://ideas.repec.org/f/pbe413.html
psc225,Bert Scholtens,Rijksuniversiteit Groningen,False,2287,1644,https://ideas.repec.org/f/psc225.html
pwe7,John Allan Weymark,Vanderbilt University,False,2288,,https://ideas.repec.org/e/pwe7.html
pmc138,Alisdair McKay,Federal Reserve Bank of Minneapolis,False,2289,842,https://ideas.repec.org/e/pmc138.html
pmo473,Ruud A. de Mooij,International Monetary Fund (IMF),False,2290,,https://ideas.repec.org/f/pmo473.html
pse40,Uzi Segal,Boston College,False,2291,,https://ideas.repec.org/e/pse40.html
pga26,Pietro Garibaldi,,False,2292,,https://ideas.repec.org/e/pga26.html
pmo351,Catherine J. Morrison Paul,,True,2293,,https://ideas.repec.org/f/pmo351.html
pzh43,Xiaodong Zhu,University of Hong Kong,False,2294,2804,https://ideas.repec.org/e/pzh43.html
pos39,Emily Oster,Brown University,False,2295,,https://ideas.repec.org/e/pos39.html
pco678,Alma Cohen,,False,2296,,https://ideas.repec.org/f/pco678.html
pjo135,John Bailey Jones,Federal Reserve Bank of Richmond,False,2297,1687,https://ideas.repec.org/e/pjo135.html
pmc38,Peter McAdam,European Central Bank,False,2298,3087,https://ideas.repec.org/e/pmc38.html
pru142,Thomas F. Rutherford,University of Wisconsin-Madison,False,2299,,https://ideas.repec.org/e/pru142.html
pte2,Leigh Tesfatsion,Iowa State University,False,2300,,https://ideas.repec.org/e/pte2.html
ppe19,Franco Peracchi,Istituto Einaudi per l'Economia e la Finanza (EIEF),False,2301,2343,https://ideas.repec.org/e/ppe19.html
pta111,Benjamin Miranda Tabak,Fundação Getúlio Vargas (FGV),False,2302,1902,https://ideas.repec.org/e/pta111.html
pgu327,Alan L. Gustman,Dartmouth College,False,2303,,https://ideas.repec.org/f/pgu327.html
pni171,Wolfgang Nierhaus,ifo Institut - Leibniz-Institut für Wirtschaftsforschung an der Universität München e.V.,False,2304,,https://ideas.repec.org/e/pni171.html
pet16,Federico Etro,Università degli Studi di Firenze,False,2305,1444,https://ideas.repec.org/e/pet16.html
pla809,Jean Olson Lanjouw,,True,2306,,https://ideas.repec.org/f/pla809.html
pka128,Eugene Kandel,Hebrew University of Jerusalem,False,2307,,https://ideas.repec.org/e/pka128.html
pkh243,M. Ali Khan,Johns Hopkins University,False,2308,,https://ideas.repec.org/f/pkh243.html
pta65,Oleksandr Talavera,University of Birmingham,False,2309,693,https://ideas.repec.org/e/pta65.html
pla219,Siong Hook Law,Universiti Putra Malaysia (UPM),False,2310,1368,https://ideas.repec.org/f/pla219.html
pwe74,Bruce A. Weinberg,Ohio State University,False,2311,1650,https://ideas.repec.org/e/pwe74.html
psk75,Emmanuel Skoufias,World Bank Group,False,2312,,https://ideas.repec.org/e/psk75.html
pge82,Thomas P. Gehrig,Universität Wien,False,2313,3248,https://ideas.repec.org/e/pge82.html
pha381,Philip A. Haile,,False,2314,,https://ideas.repec.org/f/pha381.html
pha444,Kazunobu Hayakawa,Government of Japan,False,2315,598,https://ideas.repec.org/f/pha444.html
pwr23,Brian Davern Wright,University of California-Berkeley,False,2316,,https://ideas.repec.org/e/pwr23.html
pvo43,Stefan Voigt,Universität Hamburg,False,2317,2382,https://ideas.repec.org/e/pvo43.html
pse334,Martin Sefton,University of Nottingham,False,2318,,https://ideas.repec.org/f/pse334.html
ppr159,Klaus Prettner,WU Wirtschaftsuniversität Wien,False,2319,414,https://ideas.repec.org/e/ppr159.html
pam56,Rabah Amir,University of Iowa,False,2320,,https://ideas.repec.org/e/pam56.html
pst825,Federico Sturzenegger,Universidad de San Andrés,False,2321,,https://ideas.repec.org/f/pst825.html
pmi131,Ilian Mihov,INSEAD,False,2322,,https://ideas.repec.org/e/pmi131.html
pho142,Andreas Hornstein,Federal Reserve Bank of Richmond,False,2323,,https://ideas.repec.org/e/pho142.html
pca309,Roberta Capello,,False,2324,2704,https://ideas.repec.org/f/pca309.html
pmc78,Daniel McMillen,University of Illinois at Urbana-Champaign,False,2325,,https://ideas.repec.org/e/pmc78.html
psp34,Pablo T. Spiller,University of California-Berkeley,False,2326,,https://ideas.repec.org/e/psp34.html
psu42,Donggyu Sul,University of Texas-Dallas,False,2327,,https://ideas.repec.org/e/psu42.html
pst237,Tomasz Strzalecki,Harvard University,False,2328,,https://ideas.repec.org/f/pst237.html
pmi1108,Prachi Mishra,Ashoka University,False,2329,1290,https://ideas.repec.org/f/pmi1108.html
pel126,Michael Elsby,University of Edinburgh,False,2330,3609,https://ideas.repec.org/e/pel126.html
pmo418,Donald P. Morgan,Federal Reserve Bank of New York,False,2331,,https://ideas.repec.org/f/pmo418.html
pdu26,Pierre Dubois,Toulouse School of Economics (TSE),False,2332,1566,https://ideas.repec.org/e/pdu26.html
pra93,D.s. Prasada Rao,University of Queensland,False,2333,,https://ideas.repec.org/e/pra93.html
pfl14,Raymond J.g.m. Florax,,True,2334,,https://ideas.repec.org/e/pfl14.html
pro875,Dan-Olof Rooth,Stockholms Universitet,False,2335,1741,https://ideas.repec.org/f/pro875.html
poc37,Jose Antonio Ocampo,Banco de la Republica de Colombia,False,2336,,https://ideas.repec.org/e/poc37.html
pyi32,Hakan Yilmazkuday,Florida International University,False,2337,275,https://ideas.repec.org/e/pyi32.html
pra615,Ronald A. Ratti,University of Missouri,False,2338,,https://ideas.repec.org/f/pra615.html
pen106,Benjamin Enke,Harvard University,False,2339,75,https://ideas.repec.org/e/pen106.html
pkr231,Claus Thustrup Kreiner,,False,2340,2368,https://ideas.repec.org/f/pkr231.html
pru3,Francisco J. Ruge-Murcia,McGill University,False,2341,,https://ideas.repec.org/e/pru3.html
pga953,David Gabauer,Lincoln University,False,2342,52,https://ideas.repec.org/f/pga953.html
pwh13,Charles H. Whiteman,Pennsylvania State University,False,2343,,https://ideas.repec.org/e/pwh13.html
ple321,Daniel Lederman,Texas A&M University,False,2344,,https://ideas.repec.org/f/ple321.html
phe219,Berthold Herrendorf,,True,2345,2287,https://ideas.repec.org/f/phe219.html
pfa31,Giovanni Facchini,University of Nottingham,False,2346,1752,https://ideas.repec.org/e/pfa31.html
pbe63,John Beghin,University of Nebraska,False,2347,,https://ideas.repec.org/e/pbe63.html
pmc28,Kevin McCabe,George Mason University,False,2348,,https://ideas.repec.org/e/pmc28.html
pme156,Jacques Melitz,,True,2349,,https://ideas.repec.org/e/pme156.html
pco156,Matthew A. Cole,University of Birmingham,False,2350,,https://ideas.repec.org/e/pco156.html
psb1,Argia Sbordone,Federal Reserve Bank of New York,False,2351,,https://ideas.repec.org/e/psb1.html
pbr854,Lee G. Branstetter,Carnegie Mellon University,False,2352,,https://ideas.repec.org/f/pbr854.html
pos1,Martin J. Osborne,University of Toronto,False,2353,,https://ideas.repec.org/e/pos1.html
pan244,Nikolaos Antonakakis,University of Nicosia,False,2354,228,https://ideas.repec.org/f/pan244.html
psr34,David Alexandre Sraer,University of California-Berkeley,False,2355,2816,https://ideas.repec.org/e/psr34.html
pca89,Jeffrey Campbell,University of Notre Dame,False,2356,,https://ideas.repec.org/e/pca89.html
pda295,Claude d'Aspremont,Université Catholique de Louvain,False,2357,,https://ideas.repec.org/f/pda295.html
pyo3,Eric R. Young,University of Virginia,False,2358,1583,https://ideas.repec.org/e/pyo3.html
pwe284,Heinz Welsch,,True,2359,,https://ideas.repec.org/f/pwe284.html
pxi26,Zhijie Xiao,Boston College,False,2360,,https://ideas.repec.org/e/pxi26.html
psc107,"Arthur Jan Hendricus Christoffel Schram, Jr.",,False,2361,2278,https://ideas.repec.org/e/psc107.html
pru113,Michele Ruta,International Monetary Fund (IMF),False,2362,432,https://ideas.repec.org/e/pru113.html
pgi20,Raffaella Giacomini,University College London (UCL),False,2363,3450,https://ideas.repec.org/e/pgi20.html
por40,Guillermo L. Ordonez,University of Pennsylvania,False,2364,701,https://ideas.repec.org/e/por40.html
ple252,James P. LeSage,University of Toledo,False,2365,3696,https://ideas.repec.org/f/ple252.html
pma1262,Massimiliano Mazzanti,Sustainability Environmental Economics and Dynamics Studies (SEEDS),False,2366,1821,https://ideas.repec.org/f/pma1262.html
pmo364,Michel Moreaux,,True,2367,,https://ideas.repec.org/f/pmo364.html
pst44,Thomas Stratmann,George Mason University,False,2368,,https://ideas.repec.org/e/pst44.html
pfr43,Roland Fryer,Harvard University,False,2369,,https://ideas.repec.org/e/pfr43.html
pdu147,Bhaskar Dutta,Ashoka University,False,2370,,https://ideas.repec.org/e/pdu147.html
pca561,Alexander Wright Cappelen,Norges Handelshøyskole (NHH),False,2371,799,https://ideas.repec.org/f/pca561.html
pnt7,Collins G. Ntim,University of Southampton,False,2372,195,https://ideas.repec.org/e/pnt7.html
pbj6,Anders Bjorklund,Stockholms Universitet,False,2373,,https://ideas.repec.org/e/pbj6.html
pgr508,Jean-Michel Grandmont,Centre de Recherche en Économie et Statistique (CREST),False,2374,,https://ideas.repec.org/f/pgr508.html
pho549,Michael Olaf Hoel,Universitetet i Oslo,False,2375,,https://ideas.repec.org/f/pho549.html
pre371,David Reiley,,False,2376,,https://ideas.repec.org/f/pre371.html
ppa1068,Christopher Parmeter,University of Miami,False,2377,1576,https://ideas.repec.org/f/ppa1068.html
pca428,Filipe Campante,Johns Hopkins University,False,2378,1354,https://ideas.repec.org/f/pca428.html
pde20,Gianni De Fraja,University of Nottingham,False,2379,,https://ideas.repec.org/e/pde20.html
pca168,Antoni Calvó-Armengol,,True,2380,,https://ideas.repec.org/e/pca168.html
pbo305,Eric W. Bond,Vanderbilt University,False,2381,,https://ideas.repec.org/f/pbo305.html
pla570,Susan K. Laury,Georgia State University,False,2382,,https://ideas.repec.org/f/pla570.html
pfe231,Thiemo Fetzer,University of Warwick,False,2383,149,https://ideas.repec.org/f/pfe231.html
pba894,Anindya Banerjee,University of Birmingham,False,2384,,https://ideas.repec.org/f/pba894.html
pso60,Ricardo Jorge Magalhães de Abreu Santos Sousa,Universidade do Minho,False,2385,1793,https://ideas.repec.org/e/pso60.html
pki15,Gebhard Kirchgässner,,True,2386,,https://ideas.repec.org/e/pki15.html
plo34,Hamish Low,Oxford University,False,2387,1986,https://ideas.repec.org/e/plo34.html
pmo593,Peter J. Montiel,Williams College,False,2388,,https://ideas.repec.org/f/pmo593.html
pma140,John G. Matsusaka,University of Southern California,False,2389,,https://ideas.repec.org/e/pma140.html
ppo702,Devin Pope,University of Chicago,False,2390,3493,https://ideas.repec.org/f/ppo702.html
pru241,Vernon W. Ruttan,,True,2391,,https://ideas.repec.org/f/pru241.html
pto34,Maximo Torero,United Nations,False,2392,,https://ideas.repec.org/e/pto34.html
psp16,Antonio Spilimbergo,,False,2393,,https://ideas.repec.org/e/psp16.html
ppa5,Stephen Parente,University of Illinois at Urbana-Champaign,False,2394,,https://ideas.repec.org/e/ppa5.html
plu199,Erzo G.j. Luttmer,University of Minnesota,False,2395,,https://ideas.repec.org/e/plu199.html
pca1469,Mark Casson,University of Reading,False,2396,,https://ideas.repec.org/f/pca1469.html
pth3,Jonathan Thomas,University of Edinburgh,False,2397,,https://ideas.repec.org/e/pth3.html
pke44,Donald S. Kenkel,Cornell University,False,2398,,https://ideas.repec.org/e/pke44.html
pbu181,James Bushnell,University of California-Davis,False,2399,1716,https://ideas.repec.org/e/pbu181.html
psq3,Lyn Squire,,False,2400,,https://ideas.repec.org/e/psq3.html
ppf1,Michael Pfaffermayr,Leopold-Franzens-Universität Innsbruck,False,2401,,https://ideas.repec.org/e/ppf1.html
pha10,Nikolaus Hautsch,Universität Wien,False,2402,,https://ideas.repec.org/e/pha10.html
ple206,Peter T. Leeson,George Mason University,False,2403,,https://ideas.repec.org/f/ple206.html
pdu64,Romain Duval,International Monetary Fund (IMF),False,2404,1162,https://ideas.repec.org/e/pdu64.html
pha227,Timothy H. Hannan,Federal Reserve Board (Board of Governors of the Federal Reserve System),False,2405,,https://ideas.repec.org/f/pha227.html
pma178,Mark Machina,University of California-San Diego (UCSD),False,2406,,https://ideas.repec.org/e/pma178.html
pte49,Marco E. Terrones,Universidad del Pacífico,False,2407,,https://ideas.repec.org/e/pte49.html
pzo41,Gylfi Zoega,Háskóla Íslands,False,2408,,https://ideas.repec.org/e/pzo41.html
pst380,Adam Storeygard,Tufts University,False,2409,1518,https://ideas.repec.org/f/pst380.html
pfa388,Ruediger Fahlenbrach,École Polytechnique Fédérale de Lausanne (EPFL),False,2410,1405,https://ideas.repec.org/f/pfa388.html
psc169,Ludger Schuknecht,Asian Infrastructure Investment Bank,False,2411,,https://ideas.repec.org/e/psc169.html
pst458,Paula E. Stephan,Georgia State University,False,2412,,https://ideas.repec.org/f/pst458.html
ppr38,Mirjam van Praag,Vrije Universiteit Amsterdam,False,2413,,https://ideas.repec.org/e/ppr38.html
psa30,Pierre Daniel Sarte,Federal Reserve Bank of Richmond,False,2414,2224,https://ideas.repec.org/e/psa30.html
psh307,Roman M. Sheremeta,Case Western Reserve University,False,2415,,https://ideas.repec.org/f/psh307.html
pru83,Alan M. Rugman,,True,2416,,https://ideas.repec.org/e/pru83.html
pch1518,Inkoo Cho,Emory University,False,2417,,https://ideas.repec.org/f/pch1518.html
pkh17,Konstantin Kholodilin,DIW Berlin (Deutsches Institut für Wirtschaftsforschung),False,2418,1102,https://ideas.repec.org/e/pkh17.html
pia22,Simona Iammarino,Gran Sasso Science Institute (GSSI),False,2419,757,https://ideas.repec.org/e/pia22.html
pya156,Amir Yaron,University of Pennsylvania,False,2420,,https://ideas.repec.org/e/pya156.html
pha247,Bard Harstad,Stanford University,False,2421,952,https://ideas.repec.org/f/pha247.html
ple714,Stephen F. LeRoy,University of California-Santa Barbara (UCSB),False,2422,,https://ideas.repec.org/f/ple714.html
pra180,Robert H. Rasche,,True,2423,,https://ideas.repec.org/e/pra180.html
pbu91,Dallas Burtraw,Resources for the Future (RFF),False,2424,,https://ideas.repec.org/e/pbu91.html
pdu98,John V. Duca,Oberlin College,False,2425,3486,https://ideas.repec.org/e/pdu98.html
pde627,Gaaitzen J. de Vries,Rijksuniversiteit Groningen,False,2426,2461,https://ideas.repec.org/f/pde627.html
pna134,Rosemarie Chariklia Nagel,Barcelona School of Economics (BSE),False,2427,,https://ideas.repec.org/e/pna134.html
ple65,Edwin Leuven,Universitetet i Oslo,False,2428,,https://ideas.repec.org/e/ple65.html
psp2,Barbara Judith Spencer,University of British Columbia,False,2429,,https://ideas.repec.org/e/psp2.html
pli213,Mikael Lindahl,Göteborgs Universitet,False,2430,,https://ideas.repec.org/f/pli213.html
pga415,Joseph E. Gagnon,Peter G. Peterson Institute for International Economics (IIE),False,2431,,https://ideas.repec.org/f/pga415.html
phu202,Martin Huber,Université de Fribourg - Universität Freiburg,False,2432,634,https://ideas.repec.org/f/phu202.html
pha151,James Harrigan,University of Virginia,False,2433,,https://ideas.repec.org/e/pha151.html
pwe195,Martin Robert Weale,King's College London,False,2434,,https://ideas.repec.org/e/pwe195.html
pha6,Peter Hammond,University of Warwick,False,2435,,https://ideas.repec.org/e/pha6.html
pwa151,Alexander F. Wagner,,False,2436,520,https://ideas.repec.org/e/pwa151.html
pto82,Farid Toubal,Université Paris-Dauphine (Paris IX),False,2437,2904,https://ideas.repec.org/e/pto82.html
pdi467,Rebecca Diamond,Stanford University,False,2438,505,https://ideas.repec.org/f/pdi467.html
pfi15,Ronald Findlay,,True,2439,,https://ideas.repec.org/e/pfi15.html
pfa1,Antonio Fatas,,False,2440,,https://ideas.repec.org/e/pfa1.html
pba280,Ian J. Bateman,University of Exeter,False,2441,,https://ideas.repec.org/f/pba280.html
pbe105,Agnès Bénassy-Quéré,Paris School of Economics,False,2442,,https://ideas.repec.org/e/pbe105.html
pya366,David Yanagizawa-Drott,Universität Zürich,False,2443,540,https://ideas.repec.org/f/pya366.html
pfu45,Michael Funke,Universität Hamburg,False,2444,,https://ideas.repec.org/e/pfu45.html
pal199,Sabina Alkire,Oxford University,False,2445,2226,https://ideas.repec.org/e/pal199.html
pno88,Brian Thomas Nolan,Oxford University,False,2446,2982,https://ideas.repec.org/e/pno88.html
pzh370,张跃军,Hunan University,False,2447,311,https://ideas.repec.org/f/pzh370.html
ppa91,Harry Anthony Patrinos,,False,2448,1146,https://ideas.repec.org/e/ppa91.html
pba542,Régis Barnichon,Federal Reserve Bank of San Francisco,False,2449,503,https://ideas.repec.org/f/pba542.html
pca605,Alberto Felipe Cavallo,Harvard University,False,2450,746,https://ideas.repec.org/f/pca605.html
pgr309,Denis Gromb,,True,2451,,https://ideas.repec.org/f/pgr309.html
ppo168,Sandra Poncet,Centre d'études prospectives et d'informations internationales (CEPII),False,2452,,https://ideas.repec.org/e/ppo168.html
ptr286,Daniel Treisman,,False,2453,,https://ideas.repec.org/f/ptr286.html
pce135,Eugenio Martin Cerutti,International Monetary Fund (IMF),False,2454,1084,https://ideas.repec.org/e/pce135.html
ple705,John O. Ledyard,California Institute of Technology,False,2455,,https://ideas.repec.org/f/ple705.html
pcu15,John Cummins,Temple University,False,2456,,https://ideas.repec.org/e/pcu15.html
pgr95,Bryan S. Graham,University of California-Berkeley,False,2457,1723,https://ideas.repec.org/e/pgr95.html
psa492,Efraim Sadka,Tel Aviv University,False,2458,,https://ideas.repec.org/f/psa492.html
pka189,Navin Kartik,Yale University,False,2459,898,https://ideas.repec.org/e/pka189.html
pli57,Barton Lipman,Boston University,False,2460,,https://ideas.repec.org/e/pli57.html
pli374,Robert Litterman,,False,2461,,https://ideas.repec.org/f/pli374.html
pba328,Spencer Banzhaf,North Carolina State University,False,2462,1303,https://ideas.repec.org/f/pba328.html
pan114,Steffen Andersen,Danmarks Nationalbank,False,2463,2815,https://ideas.repec.org/e/pan114.html
pde134,David de Meza,London School of Economics (LSE),False,2464,,https://ideas.repec.org/e/pde134.html
psc309,John Karl Scholz,University of Oregon,False,2465,,https://ideas.repec.org/f/psc309.html
png37,Liwa Rachel Ngai,London School of Economics (LSE),False,2466,2600,https://ideas.repec.org/e/png37.html
pdr2,Christian Dreger,,True,2467,,https://ideas.repec.org/e/pdr2.html
pka612,Michihiro Kandori,University of Tokyo,False,2468,,https://ideas.repec.org/f/pka612.html
psa2182,Seth Gary Sanders,Cornell University,False,2469,,https://ideas.repec.org/f/psa2182.html
pko2,Robert Korajczyk,Northwestern University,False,2470,,https://ideas.repec.org/e/pko2.html
pbu107,Ariel Tomas Burstein,University of California-Los Angeles (UCLA),False,2471,,https://ideas.repec.org/e/pbu107.html
pja61,Ben Jann,,False,2472,2109,https://ideas.repec.org/e/pja61.html
pvo82,Nico Voigtländer,University of California-Los Angeles (UCLA),False,2473,2643,https://ideas.repec.org/e/pvo82.html
pmo81,Andrew Mountford,Royal Holloway,False,2474,,https://ideas.repec.org/e/pmo81.html
pha354,"Joseph E. Harrington, Jr.",Johns Hopkins University,False,2475,,https://ideas.repec.org/f/pha354.html
ppa228,Simon C. Parker,University of Western Ontario,False,2476,,https://ideas.repec.org/f/ppa228.html
ppe479,George G. Pennacchi,University of Illinois at Urbana-Champaign,False,2477,,https://ideas.repec.org/f/ppe479.html
pmi38,Paul Mizen,King's College London,False,2478,1070,https://ideas.repec.org/e/pmi38.html
pta479,Farhad Taghizadeh-hesary,,False,2479,113,https://ideas.repec.org/f/pta479.html
ple364,Jacques Le Cacheux,Université de Pau et des Pays de l'Adour,False,2480,,https://ideas.repec.org/f/ple364.html
pba961,Samuel Bazzi,Boston University,False,2481,509,https://ideas.repec.org/f/pba961.html
ple192,Patrick Legros,Université Libre de Bruxelles,False,2482,,https://ideas.repec.org/e/ple192.html
pim5,Ayse Imrohoroglu,University of Southern California,False,2483,,https://ideas.repec.org/e/pim5.html
pca55,Cesar A. Calderon,World Bank Group,False,2484,,https://ideas.repec.org/e/pca55.html
pah63,Gabriel M. Ahlfeldt,London School of Economics (LSE),False,2485,1106,https://ideas.repec.org/e/pah63.html
pda67,Paul Davidson,,True,2486,,https://ideas.repec.org/e/pda67.html
pbe249,Paul Bergin,University of California-Davis,False,2487,,https://ideas.repec.org/f/pbe249.html
ppa494,Richard Paap,Erasmus Universiteit Rotterdam,False,2488,,https://ideas.repec.org/f/ppa494.html
pho493,Kate Ho,,True,2489,1804,https://ideas.repec.org/f/pho493.html
pzh243,ZhongXiang Zhang,Hong Kong University of Science and Technology (HKUST),False,2490,,https://ideas.repec.org/f/pzh243.html
pcr20,Guillermo Cruces,Universidad de San Andrés,False,2491,1645,https://ideas.repec.org/e/pcr20.html
ppa683,Fernando Parro,Pennsylvania State University,False,2492,1658,https://ideas.repec.org/f/ppa683.html
pva83,Maarten van Rooij,de Nederlandsche Bank,False,2493,1128,https://ideas.repec.org/e/pva83.html
pbr129,Martin Brown,Studienzentrum Gerzensee,False,2494,,https://ideas.repec.org/e/pbr129.html
psc28,Theodore W. Schultz,,True,2495,,https://ideas.repec.org/e/psc28.html
pau84,Adrien Auclert,Stanford University,False,2496,69,https://ideas.repec.org/e/pau84.html
pas34,Geir B. Asheim,Universitetet i Oslo,False,2497,,https://ideas.repec.org/e/pas34.html
pbr127,Stephen Broadberry,Oxford University,False,2498,3350,https://ideas.repec.org/e/pbr127.html
plu193,Petter Lundborg,Lunds Universitet,False,2499,973,https://ideas.repec.org/e/plu193.html
pch1190,In Choi,Sogang University,False,2500,,https://ideas.repec.org/f/pch1190.html
psp64,Giancarlo Spagnolo,"Università degli Studi di Roma ""Tor Vergata""",False,2501,,https://ideas.repec.org/e/psp64.html
pca441,Massimiliano Caporin,,False,2502,1067,https://ideas.repec.org/f/pca441.html
pfa9,Jon Faust,Federal Reserve Board (Board of Governors of the Federal Reserve System),False,2503,,https://ideas.repec.org/e/pfa9.html
pba317,Dirk Baur,Kühne Logistics University,False,2504,,https://ideas.repec.org/f/pba317.html
pso320,Joep Sonnemans,Universiteit van Amsterdam,False,2505,,https://ideas.repec.org/f/pso320.html
pga233,Firouz Gahvari,University of Illinois at Urbana-Champaign,False,2506,,https://ideas.repec.org/f/pga233.html
pfi118,Deon Filmer,World Bank Group,False,2507,3177,https://ideas.repec.org/e/pfi118.html
pbu314,Moshe Buchinsky,Sciences Po,False,2508,,https://ideas.repec.org/f/pbu314.html
phu151,Gregory W. Huffman,Vanderbilt University,False,2509,,https://ideas.repec.org/e/phu151.html
par32,Mohamed Arouri,Université Côte d'Azur,False,2510,3014,https://ideas.repec.org/e/par32.html
pru22,Kim Ruhl,University of Wisconsin-Madison,False,2511,1497,https://ideas.repec.org/e/pru22.html
psc769,Scott Schuh,Federal Reserve Bank of Boston,False,2512,,https://ideas.repec.org/f/psc769.html
pbe977,David Berger,Duke University,False,2513,308,https://ideas.repec.org/f/pbe977.html
pmu153,Arijit Mukherjee,University of Nottingham,False,2514,3529,https://ideas.repec.org/e/pmu153.html
pfo39,Denis Fougere,Sciences Po,False,2515,,https://ideas.repec.org/e/pfo39.html
pro267,Robert W. Rosenthal,,True,2516,,https://ideas.repec.org/f/pro267.html
pba568,Jeffrey Scot Banks,,True,2517,,https://ideas.repec.org/f/pba568.html
psh383,Yongseok Shin,Washington University in St. Louis,False,2518,1467,https://ideas.repec.org/f/psh383.html
pko37,John Komlos,Ludwig-Maximilians-Universität München,False,2519,3073,https://ideas.repec.org/e/pko37.html
pbr146,Yann Bramoullé,Aix-Marseille Université,False,2520,3474,https://ideas.repec.org/e/pbr146.html
pku60,Michael Kumhof,Bank of England,False,2521,3037,https://ideas.repec.org/e/pku60.html
pbe186,Charles Richard Bean,London School of Economics (LSE),False,2522,,https://ideas.repec.org/e/pbe186.html
plo30,Michael Lokshin,World Bank Group,False,2523,,https://ideas.repec.org/e/plo30.html
per54,John Ermisch,Centre for Household,False,2524,,https://ideas.repec.org/e/per54.html
psp114,Yves Sprumont,Deakin University,False,2525,,https://ideas.repec.org/e/psp114.html
pkl29,Catherine Louise Kling,Cornell University,False,2526,,https://ideas.repec.org/e/pkl29.html
pvr5,Susan Vroman,Georgetown University,False,2527,,https://ideas.repec.org/e/pvr5.html
pba128,Jean-Marie Baland,Université de Namur,False,2528,,https://ideas.repec.org/e/pba128.html
pga128,Javier Gardeazabal,Universidad del País Vasco - Euskal Herriko Unibertsitatea,False,2529,,https://ideas.repec.org/e/pga128.html
plo357,John Loomis,Colorado State University,False,2530,,https://ideas.repec.org/f/plo357.html
pfr260,Robert H. Frank,,False,2531,,https://ideas.repec.org/f/pfr260.html
pwe522,Scott J. Weisbenner,,True,2532,,https://ideas.repec.org/f/pwe522.html
pfi241,Bernd Fitzenberger,Institut für Arbeitsmarkt- und Berufsforschung (IAB),False,2533,,https://ideas.repec.org/f/pfi241.html
pmo240,GianCarlo Moschini,Iowa State University,False,2534,,https://ideas.repec.org/f/pmo240.html
pbu118,Matthieu Bussière,Banque de France,False,2535,2484,https://ideas.repec.org/e/pbu118.html
ple85,Julie Le Gallo,Institut National de Recherche pour l'Agriculture,False,2536,2259,https://ideas.repec.org/e/ple85.html
pcu115,Robert E. Cumby,Georgetown University,False,2537,,https://ideas.repec.org/e/pcu115.html
pla112,Sajal Lahiri,Southern Illinois University,False,2538,,https://ideas.repec.org/e/pla112.html
ppr134,Bruce Preston,UNSW Sydney,False,2539,1841,https://ideas.repec.org/e/ppr134.html
pma505,Anna Maria Mayda,,False,2540,,https://ideas.repec.org/f/pma505.html
pba2,Söhnke M. Bartram,University of Warwick,False,2541,1281,https://ideas.repec.org/e/pba2.html
pgu174,Pablo A. Guerron,Boston College,False,2542,1918,https://ideas.repec.org/e/pgu174.html
ppe83,Sari Pekkala Kerr,Wellesley College,False,2543,993,https://ideas.repec.org/e/ppe83.html
psc22,Gunther Schnabl,Universität Leipzig,False,2544,,https://ideas.repec.org/e/psc22.html
pca164,Murillo Campello,University of Illinois at Urbana-Champaign,False,2545,,https://ideas.repec.org/e/pca164.html
pfa264,Luciano Fanti,Università degli Studi di Pisa,False,2546,1973,https://ideas.repec.org/f/pfa264.html
pco324,Melvyn Glyn Coles,University of Essex,False,2547,,https://ideas.repec.org/f/pco324.html
pgo64,David B. Gordon,University of Rochester,False,2548,,https://ideas.repec.org/e/pgo64.html
pgu2,M. Carmen Guisan,Universidade de Santiago de Compostela,False,2549,1722,https://ideas.repec.org/e/pgu2.html
pmu44,Peter Murrell,University of Maryland,False,2550,,https://ideas.repec.org/e/pmu44.html
pmi112,Alexander Michaelides,Imperial College,False,2551,,https://ideas.repec.org/e/pmi112.html
pry5,Francois Rycx,,False,2552,2082,https://ideas.repec.org/e/pry5.html
pha298,John M. Hartwick,Queen's University,False,2553,,https://ideas.repec.org/f/pha298.html
pry32,Stephen P. Ryan,Washington University in St. Louis,False,2554,,https://ideas.repec.org/e/pry32.html
pzi26,Daniel John Zizzo,University of Queensland,False,2555,,https://ideas.repec.org/e/pzi26.html
pmi456,Ashok K. Mishra,Arizona State University,False,2556,3179,https://ideas.repec.org/f/pmi456.html
pgo188,Joshua D. Gottlieb,University of Chicago,False,2557,2050,https://ideas.repec.org/e/pgo188.html
pin31,Robert Innes,University of California-Merced,False,2558,,https://ideas.repec.org/e/pin31.html
pgu852,Huseyin Gulen,Purdue University,False,2559,1677,https://ideas.repec.org/f/pgu852.html
psn39,"James M. Snyder, Jr.",Massachusetts Institute of Technology (MIT),False,2560,,https://ideas.repec.org/e/psn39.html
pbe515,Hamid Beladi,University of Texas-San Antonio,False,2561,2544,https://ideas.repec.org/f/pbe515.html
pcl6,George Clarke,Texas A&M International University,False,2562,,https://ideas.repec.org/e/pcl6.html
ple240,Hervé Le Bihan,Banque de France,False,2563,3635,https://ideas.repec.org/f/ple240.html
pra423,Adriano A. Rampini,Duke University,False,2564,1570,https://ideas.repec.org/f/pra423.html
pgr109,Francis Green,,False,2565,,https://ideas.repec.org/e/pgr109.html
pvo2,Rajiv Vohra,Brown University,False,2566,,https://ideas.repec.org/e/pvo2.html
pma2008,Toshihiro Matsumura,University of Tokyo,False,2567,1418,https://ideas.repec.org/f/pma2008.html
pne173,Stefano Neri,Banca d'Italia,False,2568,,https://ideas.repec.org/e/pne173.html
pas40,Quamrul H. Ashraf,Williams College,False,2569,,https://ideas.repec.org/e/pas40.html
pva2,Bas van der Klaauw,Vrije Universiteit Amsterdam,False,2570,3192,https://ideas.repec.org/e/pva2.html
pbe959,Daniel Jacob Benjamin,University of Southern California,False,2571,2481,https://ideas.repec.org/f/pbe959.html
pko133,Charles D. Kolstad,,False,2572,,https://ideas.repec.org/e/pko133.html
pdo227,Kathryn M. E. Dominguez,University of Michigan,False,2573,,https://ideas.repec.org/f/pdo227.html
pmo433,Francesca Molinari,,False,2574,953,https://ideas.repec.org/f/pmo433.html
pli466,Peter H. Lindert,University of California-Davis,False,2575,,https://ideas.repec.org/f/pli466.html
pwo172,Alexander Wolitzky,Massachusetts Institute of Technology (MIT),False,2576,375,https://ideas.repec.org/e/pwo172.html
pjo146,Robert Christopher Johnson,University of Notre Dame,False,2577,,https://ideas.repec.org/e/pjo146.html
pma142,Simone Manganelli,European Central Bank,False,2578,,https://ideas.repec.org/e/pma142.html
psi689,Horst Siebert,,True,2579,,https://ideas.repec.org/f/psi689.html
pha224,Steven J. Haider,Michigan State University,False,2580,,https://ideas.repec.org/f/pha224.html
pbr231,B Wade Brorsen,Oklahoma State University,False,2581,,https://ideas.repec.org/f/pbr231.html
pko215,Michael Koetter,Leibniz-Institut für Wirtschaftsforschung Halle (IWH),False,2582,1679,https://ideas.repec.org/f/pko215.html
pgr144,Markus M. Grabka,DIW Berlin (Deutsches Institut für Wirtschaftsforschung),False,2583,1282,https://ideas.repec.org/e/pgr144.html
pbl129,David Blake,City St George's,False,2584,3684,https://ideas.repec.org/e/pbl129.html
poi6,Walter Oi,,True,2585,,https://ideas.repec.org/e/poi6.html
pbr267,Miriam Bruhn,World Bank Group,False,2586,,https://ideas.repec.org/f/pbr267.html
pgr141,Hugh Gravelle,University of York,False,2587,,https://ideas.repec.org/e/pgr141.html
pzi75,Itzhak Zilcha,Tel Aviv University,False,2588,,https://ideas.repec.org/e/pzi75.html
pgo104,Eric D. Gould,Hebrew University of Jerusalem,False,2589,,https://ideas.repec.org/e/pgo104.html
pve110,Jaume Ventura,Barcelona School of Economics (BSE),False,2590,,https://ideas.repec.org/e/pve110.html
pji114,Panle Jia Barwick,University of Wisconsin-Madison,False,2591,584,https://ideas.repec.org/e/pji114.html
pma403,Steven A. Matthews,University of Pennsylvania,False,2592,,https://ideas.repec.org/f/pma403.html
pbr256,Chris Brooks,University of Reading,False,2593,3447,https://ideas.repec.org/f/pbr256.html
pko35,Hideo Konishi,Boston College,False,2594,,https://ideas.repec.org/e/pko35.html
pal158,Joseph E. Aldy,Harvard University,False,2595,,https://ideas.repec.org/e/pal158.html
pog9,Masao Ogaki,Doshisha University,False,2596,,https://ideas.repec.org/e/pog9.html
psc151,Carsten Schröder,DIW Berlin (Deutsches Institut für Wirtschaftsforschung),False,2597,632,https://ideas.repec.org/e/psc151.html
pvo58,Jonathan E. Vogel,National Bureau of Economic Research (NBER),False,2598,966,https://ideas.repec.org/e/pvo58.html
pna205,Barry Nalebuff,Yale University,False,2599,,https://ideas.repec.org/f/pna205.html
pwa118,Jonathan Wadsworth,Royal Holloway,False,2600,,https://ideas.repec.org/e/pwa118.html
phe77,David A. Hennessy,Iowa State University,False,2601,,https://ideas.repec.org/e/phe77.html
pca133,Nauro F. Campos,University College London (UCL),False,2602,2511,https://ideas.repec.org/e/pca133.html
pgo21,Piero Gottardi,University of Essex,False,2603,2769,https://ideas.repec.org/e/pgo21.html
pre86,W. Robert Reed,University of Canterbury,False,2604,2647,https://ideas.repec.org/e/pre86.html
pth283,Marie Currie Thursby,,True,2605,,https://ideas.repec.org/f/pth283.html
ppa618,Mårten Palme,Stockholms Universitet,False,2606,2820,https://ideas.repec.org/f/ppa618.html
pki134,Sagiri Kitao,National Graduate Institute for Policy Studies (GRIPS),False,2607,,https://ideas.repec.org/e/pki134.html
psi13,Aloysius Siow,University of Toronto,False,2608,,https://ideas.repec.org/e/psi13.html
pst400,"Melvin Stephens, Jr.",University of Michigan,False,2609,,https://ideas.repec.org/f/pst400.html
pmi365,Jack M. Mintz,University of Calgary,False,2610,,https://ideas.repec.org/f/pmi365.html
pma305,Robert MacCulloch,University of Auckland,False,2611,,https://ideas.repec.org/f/pma305.html
pta756,Dmitry Taubinsky,University of California-Berkeley,False,2612,364,https://ideas.repec.org/f/pta756.html
pba279,Michael R. Baye,Indiana University,False,2613,,https://ideas.repec.org/f/pba279.html
pla92,Francine Lafontaine,University of Michigan,False,2614,,https://ideas.repec.org/e/pla92.html
pmi418,Kurt Mitman,Stockholms Universitet,False,2615,468,https://ideas.repec.org/f/pmi418.html
psi59,Clemens Sialm,University of Texas-Austin,False,2616,2595,https://ideas.repec.org/e/psi59.html
psh141,Sherrill Shaffer,University of Wyoming,False,2617,,https://ideas.repec.org/e/psh141.html
pfo15,Robert W. Fogel,,True,2618,,https://ideas.repec.org/e/pfo15.html
pve70,Theo Vermaelen,INSEAD,False,2619,,https://ideas.repec.org/e/pve70.html
pjo240,Koen Jochmans,Toulouse School of Economics (TSE),False,2620,1511,https://ideas.repec.org/f/pjo240.html
pno75,Dennis Novy,University of Warwick,False,2621,617,https://ideas.repec.org/e/pno75.html
pgu134,Luca Guerrieri,Federal Reserve Board (Board of Governors of the Federal Reserve System),False,2622,,https://ideas.repec.org/e/pgu134.html
pri109,Michael H. Riordan,Columbia University,False,2623,,https://ideas.repec.org/e/pri109.html
pfr24,Patrick Francois,University of British Columbia,False,2624,,https://ideas.repec.org/e/pfr24.html
poo11,Frank van Oort,Erasmus Universiteit Rotterdam,False,2625,,https://ideas.repec.org/e/poo11.html
pda13,Jean-Pierre Danthine,Paris School of Economics,False,2626,,https://ideas.repec.org/e/pda13.html
pfu14,Kyoji Fukao,Research Institute of Economy,False,2627,,https://ideas.repec.org/e/pfu14.html
pko239,Peter Kort,Universiteit van Tilburg,False,2628,2537,https://ideas.repec.org/f/pko239.html
pmi904,Mark Mitchell,University of Chicago,False,2629,,https://ideas.repec.org/f/pmi904.html
pba151,Thomas K. Bauer,RWI - Leibniz-Institut für Wirtschaftsforschung,False,2630,,https://ideas.repec.org/e/pba151.html
pha76,Barton Hamilton,Washington University in St. Louis,False,2631,,https://ideas.repec.org/e/pha76.html
psc295,Norbert Schady,World Bank Group,False,2632,,https://ideas.repec.org/f/psc295.html
pra60,Xavier Ragot,Sciences Po,False,2633,812,https://ideas.repec.org/e/pra60.html
pli35,Francesco Lissoni,Université de Bordeaux,False,2634,2988,https://ideas.repec.org/e/pli35.html
pje78,Remi Jedwab,George Washington University,False,2635,741,https://ideas.repec.org/e/pje78.html
par8,Wiji Arulampalam,University of Warwick,False,2636,,https://ideas.repec.org/e/par8.html
pdo567,Anthony Downs,,True,2637,,https://ideas.repec.org/f/pdo567.html
pha1042,Andrew George Haldane,Bank of England,False,2638,2417,https://ideas.repec.org/f/pha1042.html
pse237,Mark Setterfield,The New School,False,2639,2644,https://ideas.repec.org/f/pse237.html
pfi186,George Filis,Panteion University of Social and Political Sciences,False,2640,475,https://ideas.repec.org/e/pfi186.html
pdo89,Mark E. Doms,,False,2641,,https://ideas.repec.org/e/pdo89.html
pga574,Lata Gangadharan,Monash University,False,2642,2797,https://ideas.repec.org/f/pga574.html
pga222,Esther Gal-Or,University of Pittsburgh,False,2643,,https://ideas.repec.org/f/pga222.html
pre75,Vincent Raymond Reinhart,American Enterprise Institute,False,2644,,https://ideas.repec.org/e/pre75.html
pva668,Jules Hans van Binsbergen,,False,2645,,https://ideas.repec.org/f/pva668.html
pha672,Shawkat Hammoudeh,Drexel University,False,2646,,https://ideas.repec.org/f/pha672.html
pbr656,William Hoban Branson,,True,2647,,https://ideas.repec.org/f/pbr656.html
pha1238,David I. Harvey,University of Nottingham,False,2648,,https://ideas.repec.org/f/pha1238.html
pcl34,Charles T. Clotfelter,Duke University,False,2649,,https://ideas.repec.org/e/pcl34.html
pst68,Mark Stewart,University of Warwick,False,2650,,https://ideas.repec.org/e/pst68.html
pco481,Nicolas Coeurdacier,Sciences Po,False,2651,,https://ideas.repec.org/f/pco481.html
pco852,Monica Costa Dias,Institute for Fiscal Studies (IFS),False,2652,1758,https://ideas.repec.org/f/pco852.html
pba1945,Ray Barrell,Brunel University London,False,2653,,https://ideas.repec.org/f/pba1945.html
pca680,Bruno Cassiman,KU Leuven,False,2654,,https://ideas.repec.org/f/pca680.html
pfl35,Michael J. Fleming,Federal Reserve Bank of New York,False,2655,3155,https://ideas.repec.org/e/pfl35.html
pku226,Keith Kuester,Rheinische Friedrich-Wilhelms-Universität Bonn,False,2656,,https://ideas.repec.org/f/pku226.html
pha8,Michael Haliassos,Goethe Universität Frankfurt am Main,False,2657,,https://ideas.repec.org/e/pha8.html
pwo44,Guntram Wolff,Université Libre de Bruxelles,False,2658,2196,https://ideas.repec.org/e/pwo44.html
pbr257,David F. Bradford,,True,2659,,https://ideas.repec.org/f/pbr257.html
pdu4,Jean-Yves Duclos,Centre de Recherche sur les Risques,False,2660,,https://ideas.repec.org/e/pdu4.html
pva147,Robert G. Valletta,Federal Reserve Bank of San Francisco,False,2661,,https://ideas.repec.org/e/pva147.html
pfr64,Peter Fredriksson,Uppsala Universitet,False,2662,,https://ideas.repec.org/e/pfr64.html
pry6,Marc Rysman,Boston University,False,2663,,https://ideas.repec.org/e/pry6.html
pla158,Helen F. Ladd,Duke University,False,2664,,https://ideas.repec.org/e/pla158.html
pbi55,Monica Billio,Università Ca' Foscari Venezia,False,2665,3002,https://ideas.repec.org/e/pbi55.html
pko289,Anna Kovner,Federal Reserve Bank of Richmond,False,2666,1584,https://ideas.repec.org/f/pko289.html
pba175,Christian Bayer,Rheinische Friedrich-Wilhelms-Universität Bonn,False,2667,848,https://ideas.repec.org/e/pba175.html
ptr17,Antonella Trigari,,False,2668,,https://ideas.repec.org/e/ptr17.html
pib6,Rustam Ibragimov,New Economic School (NES),False,2669,,https://ideas.repec.org/e/pib6.html
pha558,Joop Hartog,,False,2670,,https://ideas.repec.org/f/pha558.html
pha107,Joseph Haubrich,Federal Reserve Bank of Cleveland,False,2671,,https://ideas.repec.org/e/pha107.html
pfa323,Frank J. Fabozzi,,False,2672,,https://ideas.repec.org/f/pfa323.html
ppr89,Michael K. Price,University of Alabama-Tuscaloosa,False,2673,3311,https://ideas.repec.org/e/ppr89.html
pbe260,Marc F. Bellemare,University of Minnesota-St. Paul,False,2674,502,https://ideas.repec.org/f/pbe260.html
pko326,Matthew Jason Kotchen,National Bureau of Economic Research (NBER),False,2675,,https://ideas.repec.org/f/pko326.html
pba685,Jozef Baruník,Univerzita Karlova v Praze,False,2676,2603,https://ideas.repec.org/f/pba685.html
pmu40,Toshihiko Mukoyama,Georgetown University,False,2677,3018,https://ideas.repec.org/e/pmu40.html
pga29,Vincenzo Galasso,Università Commerciale Luigi Bocconi,False,2678,3686,https://ideas.repec.org/e/pga29.html
pfr218,Jon Frost,Bank for International Settlements,False,2679,333,https://ideas.repec.org/f/pfr218.html
pbr825,Valentina Bruno,American University,False,2680,2557,https://ideas.repec.org/f/pbr825.html
pje16,Tim Jenkinson,Oxford University,False,2681,,https://ideas.repec.org/e/pje16.html
pko394,Scott Duke Kominers,Harvard University,False,2682,380,https://ideas.repec.org/f/pko394.html
pke165,Donald B. Keim,University of Pennsylvania,False,2683,,https://ideas.repec.org/e/pke165.html
pta173,Robert F Tamura,Clemson University,False,2684,,https://ideas.repec.org/e/pta173.html
pai25,Karl Aiginger,Europaplattfrom Wien-Brüssel,False,2685,,https://ideas.repec.org/e/pai25.html
pde5,Panicos Demetriades,Leicester University,False,2686,,https://ideas.repec.org/e/pde5.html
pwa898,Zhi Wang,Tsinghua University,False,2687,2323,https://ideas.repec.org/f/pwa898.html
pcr36,Riccardo Crescenzi,London School of Economics (LSE),False,2688,1356,https://ideas.repec.org/e/pcr36.html
piw9,Ichiro Iwasaki,Okinawa University,False,2689,1031,https://ideas.repec.org/e/piw9.html
psc293,Margit Schratzenstaller,Österreichisches Institut für Wirtschaftsforschung (WIFO),False,2690,2725,https://ideas.repec.org/f/psc293.html
pha129,Eduardo Amaral Haddad,Universidade de São Paulo,False,2691,2112,https://ideas.repec.org/e/pha129.html
pla295,Darius Lakdawalla,University of Southern California,False,2692,,https://ideas.repec.org/f/pla295.html
pjo288,Niels Johannesen,Københavns Universitet,False,2693,251,https://ideas.repec.org/f/pjo288.html
pch20,Yongsung Chang,Seoul National University,False,2694,,https://ideas.repec.org/e/pch20.html
pfr73,Per G. Fredriksson,University of Louisville,False,2695,,https://ideas.repec.org/e/pfr73.html
pst479,Lars A Stole,University of Chicago,False,2696,,https://ideas.repec.org/f/pst479.html
pbr121,Christian T. Brownlees,Barcelona School of Economics (BSE),False,2697,805,https://ideas.repec.org/e/pbr121.html
psp176,Charles David Sprenger,University of California-San Diego (UCSD),False,2698,,https://ideas.repec.org/e/psp176.html
pvi147,David Vines,Australian National University,False,2699,,https://ideas.repec.org/e/pvi147.html
pho182,Henrik Horn,Institutet för Näringslivsforskning (IFN),False,2700,,https://ideas.repec.org/e/pho182.html
pco141,Rebel A. Cole,Florida Atlantic University,False,2701,,https://ideas.repec.org/e/pco141.html
ppe433,Hans J.m. Peters,Maastricht University,False,2702,,https://ideas.repec.org/f/ppe433.html
pra161,Angelo Ranaldo,Swiss Finance Institute,False,2703,1311,https://ideas.repec.org/e/pra161.html
pso287,Olav Sorenson,University of California-Los Angeles (UCLA),False,2704,2976,https://ideas.repec.org/f/pso287.html
pba77,Marco Bassetto,Federal Reserve Bank of Minneapolis,False,2705,843,https://ideas.repec.org/e/pba77.html
pfi106,Jarko Fidrmuc,Zeppelin Universität,False,2706,3495,https://ideas.repec.org/e/pfi106.html
pha652,James K. Hammitt,Harvard University,False,2707,3252,https://ideas.repec.org/f/pha652.html
pch837,Luc Christiaensen,World Bank Group,False,2708,2041,https://ideas.repec.org/f/pch837.html
pho156,Kevin D. Hoover,University of California-Davis,False,2709,,https://ideas.repec.org/e/pho156.html
pur103,Andrew Urquhart,University of Birmingham,False,2710,213,https://ideas.repec.org/e/pur103.html
pke42,Christian Keuschnigg,,False,2711,,https://ideas.repec.org/e/pke42.html
por44,Emanuel Ornelas,Fundação Getúlio Vargas (FGV),False,2712,3096,https://ideas.repec.org/e/por44.html
pbr76,Steven J. Brams,,False,2713,,https://ideas.repec.org/e/pbr76.html
pkr176,Rachel Kranton,Duke University,False,2714,,https://ideas.repec.org/e/pkr176.html
pla25,Kevin J. Lansing,Federal Reserve Bank of San Francisco,False,2715,3683,https://ideas.repec.org/e/pla25.html
pah103,Kenneth R. Ahern,University of Southern California,False,2716,,https://ideas.repec.org/e/pah103.html
pda143,James Byron Davies,University of Western Ontario,False,2717,,https://ideas.repec.org/e/pda143.html
pro136,Frederic Robert-Nicoud,Université de Genève,False,2718,,https://ideas.repec.org/e/pro136.html
pci158,Pavel Ciaian,European Commission,False,2719,1871,https://ideas.repec.org/e/pci158.html
plu177,Alexander Ludwig,Goethe Universität Frankfurt am Main,False,2720,,https://ideas.repec.org/e/plu177.html
psc73,Til Schuermann,,False,2721,,https://ideas.repec.org/e/psc73.html
pse604,Ahmet Sensoy,Bilkent Üniversitesi,False,2722,189,https://ideas.repec.org/f/pse604.html
pso138,Ugur Soytas,Danmarks Tekniske Universitet,False,2723,1189,https://ideas.repec.org/e/pso138.html
pra328,Claudio Enrique Raddatz,Universidad de Chile,False,2724,,https://ideas.repec.org/f/pra328.html
ppa763,Jessica Pan,National University of Singapore (NUS),False,2725,798,https://ideas.repec.org/f/ppa763.html
pbu95,Gary Thomas Burtless,Brookings Institution,False,2726,,https://ideas.repec.org/e/pbu95.html
pma427,Franco Malerba,Università Commerciale Luigi Bocconi,False,2727,,https://ideas.repec.org/f/pma427.html
phe112,Anthony Giles Heyes,Université d'Ottawa,False,2728,603,https://ideas.repec.org/e/phe112.html
pse325,Kunal Sen,University of Manchester,False,2729,1406,https://ideas.repec.org/f/pse325.html
pfl10,Massimo Florio,Università degli Studi di Milano,False,2730,,https://ideas.repec.org/e/pfl10.html
pge34,Norman Gemmell,Victoria University of Wellington,False,2731,,https://ideas.repec.org/e/pge34.html
pva137,Frans A.a.m. van Winden,Centre for Economic Policy Research (CEPR),False,2732,,https://ideas.repec.org/e/pva137.html
pse56,Claudia Senik,Paris School of Economics,False,2733,,https://ideas.repec.org/e/pse56.html
ptu41,Henry Tulkens,Université Catholique de Louvain,False,2734,,https://ideas.repec.org/e/ptu41.html
psc240,Erik Schokkaert,KU Leuven,False,2735,,https://ideas.repec.org/f/psc240.html
pfr54,Andrea Frazzini,Yale University,False,2736,,https://ideas.repec.org/e/pfr54.html
pga75,Rodney John Garratt,University of California-Santa Barbara (UCSB),False,2737,1376,https://ideas.repec.org/e/pga75.html
psm60,Gregor W. Smith,Queen's University,False,2738,,https://ideas.repec.org/e/psm60.html
pst291,Erik Stafford,Harvard University,False,2739,,https://ideas.repec.org/f/pst291.html
pri20,W. Craig Riddell,University of British Columbia,False,2740,,https://ideas.repec.org/e/pri20.html
pmu176,Andreas Mueller,Universität Zürich,False,2741,939,https://ideas.repec.org/e/pmu176.html
pha382,Robert W. Hahn,Georgetown University,False,2742,,https://ideas.repec.org/f/pha382.html
pho188,Mark J. Holmes,University of Waikato,False,2743,,https://ideas.repec.org/e/pho188.html
ppo238,Christopher Keith Polk,London School of Economics (LSE),False,2744,,https://ideas.repec.org/f/ppo238.html
pmi87,Raoul Minetti,Michigan State University,False,2745,2390,https://ideas.repec.org/e/pmi87.html
psa1990,Thomas Sampson,London School of Economics (LSE),False,2746,548,https://ideas.repec.org/f/psa1990.html
pbe364,Andrew Gouinlock Berg,International Monetary Fund (IMF),False,2747,2757,https://ideas.repec.org/f/pbe364.html
png36,Nguyen Viet Cuong,Mekong Development Research Institute,False,2748,1073,https://ideas.repec.org/e/png36.html
ptu36,Catherine Tucker,Massachusetts Institute of Technology (MIT),False,2749,1888,https://ideas.repec.org/e/ptu36.html
pta247,David Gerald Tarr,Tbilisi State University,False,2750,,https://ideas.repec.org/f/pta247.html
pza79,Jean-Michel Zakoian,Centre de Recherche en Économie et Statistique (CREST),False,2751,,https://ideas.repec.org/e/pza79.html
pzh134,Hao Zhou,Tsinghua University,False,2752,,https://ideas.repec.org/e/pzh134.html
pgr13,Edward Green,,True,2753,,https://ideas.repec.org/e/pgr13.html
pir36,Nagore Iriberri,Universidad del País Vasco - Euskal Herriko Unibertsitatea,False,2754,1535,https://ideas.repec.org/e/pir36.html
pna30,Rajneesh Narula,University of Reading,False,2755,1260,https://ideas.repec.org/e/pna30.html
pfr84,Michele Fratianni,,False,2756,,https://ideas.repec.org/e/pfr84.html
pse146,Khalid Sekkat,Université Libre de Bruxelles,False,2757,,https://ideas.repec.org/e/pse146.html
pho155,Bertil Holmlund,,True,2758,,https://ideas.repec.org/e/pho155.html
pal184,Sule Alan,European University Institute,False,2759,410,https://ideas.repec.org/e/pal184.html
pnu99,Jeffrey B. Nugent,University of Southern California,False,2760,,https://ideas.repec.org/e/pnu99.html
pgu11,Paulo Guimaraes,Banco de Portugal,False,2761,1475,https://ideas.repec.org/e/pgu11.html
ppe198,David W. Pearce,,True,2762,,https://ideas.repec.org/e/ppe198.html
pla153,Harvey E. Lapan,Iowa State University,False,2763,,https://ideas.repec.org/e/pla153.html
pco32,Donald Cox,Boston College,False,2764,,https://ideas.repec.org/e/pco32.html
pso16,Paul Söderlind,Universität St. Gallen,False,2765,,https://ideas.repec.org/e/pso16.html
phe110,Christian Hellwig,Toulouse School of Economics (TSE),False,2766,,https://ideas.repec.org/e/phe110.html
pfo236,Robert E. Forsythe,Wayne State University,False,2767,,https://ideas.repec.org/f/pfo236.html
pmi161,Devashish Mitra,Syracuse University,False,2768,,https://ideas.repec.org/e/pmi161.html
pwo59,Alan Donald Woodland,UNSW Sydney,False,2769,,https://ideas.repec.org/e/pwo59.html
pbu390,Kenneth John Button,George Mason University,False,2770,,https://ideas.repec.org/f/pbu390.html
ppl16,Werner Ploberger,Washington University in St. Louis,False,2771,,https://ideas.repec.org/e/ppl16.html
pde41,Luca Dedola,European Central Bank,False,2772,,https://ideas.repec.org/e/pde41.html
pwo284,Christian K. Wolf,Massachusetts Institute of Technology (MIT),False,2773,130,https://ideas.repec.org/f/pwo284.html
pma1913,Marco Manacorda,Queen Mary University of London,False,2774,,https://ideas.repec.org/f/pma1913.html
pen22,Christoph Engel,Max-Planck-Gesellschaft,False,2775,3321,https://ideas.repec.org/e/pen22.html
pme196,Robert D Metcalfe,Columbia University,False,2776,707,https://ideas.repec.org/e/pme196.html
pih2,Keith Ihlanfeldt,Florida State University,False,2777,,https://ideas.repec.org/e/pih2.html
pfi110,Manfred M. Fischer,WU Wirtschaftsuniversität Wien,False,2778,,https://ideas.repec.org/e/pfi110.html
pli288,Joshua Linn,University of Maryland,False,2779,3168,https://ideas.repec.org/f/pli288.html
pla429,Chi Keung Marco Lau,Hang Seng University of Hong Kong,False,2780,185,https://ideas.repec.org/f/pla429.html
pbu38,Thiess Büttner,Friedrich-Alexander-Universität Erlangen-Nürnberg,False,2781,3344,https://ideas.repec.org/e/pbu38.html
pla938,Tony Lancaster,,True,2782,,https://ideas.repec.org/f/pla938.html
pco508,David Jacob Cooper,Florida State University,False,2783,,https://ideas.repec.org/f/pco508.html
pke59,Peter B. Kenen,,True,2784,,https://ideas.repec.org/e/pke59.html
pjo76,Lars Jonung,Lunds Universitet,False,2785,,https://ideas.repec.org/e/pjo76.html
pte12,Erdal Tekin,American University,False,2786,3083,https://ideas.repec.org/e/pte12.html
pva277,Neeltje Van Horen,Universiteit van Amsterdam,False,2787,,https://ideas.repec.org/f/pva277.html
per17,Neil R. Ericsson,George Washington University,False,2788,,https://ideas.repec.org/e/per17.html
pyi101,John Yinger,,False,2789,,https://ideas.repec.org/e/pyi101.html
pab179,Awudu Abdulai,,False,2790,2181,https://ideas.repec.org/e/pab179.html
par153,Rabah Arezki,Université Clermont Auvergne,False,2791,2307,https://ideas.repec.org/e/par153.html
pda31,Carl-Johan Dalgaard,Københavns Universitet,False,2792,,https://ideas.repec.org/e/pda31.html
pzi23,Eric Zitzewitz,Dartmouth College,False,2793,,https://ideas.repec.org/e/pzi23.html
pch893,Amitabh Chandra,Harvard University,False,2794,,https://ideas.repec.org/f/pch893.html
psc175,Dorothea Schäfer,DIW Berlin (Deutsches Institut für Wirtschaftsforschung),False,2795,,https://ideas.repec.org/e/psc175.html
pma1637,Markus Marterbauer,Kammer für Arbeiter und Angestellte für Wien,False,2796,,https://ideas.repec.org/f/pma1637.html
pbe904,Antonin Bergeaud,HEC Paris (École des Hautes Études Commerciales),False,2797,310,https://ideas.repec.org/f/pbe904.html
pma447,Ching-to Albert Ma,Boston University,False,2798,,https://ideas.repec.org/f/pma447.html
pco73,John Coleman,Duke University,False,2799,,https://ideas.repec.org/e/pco73.html
pbo275,Valentina Bosetti,Università Commerciale Luigi Bocconi,False,2800,1506,https://ideas.repec.org/f/pbo275.html
psm68,Sjak Smulders,Universiteit van Tilburg,False,2801,,https://ideas.repec.org/e/psm68.html
pdi273,Behzad T. Diba,Georgetown University,False,2802,,https://ideas.repec.org/f/pdi273.html
pme276,Hamid Mehran,Federal Reserve Bank of New York,False,2803,,https://ideas.repec.org/f/pme276.html
pwi109,Cees Withagen,Vrije Universiteit Amsterdam,False,2804,,https://ideas.repec.org/e/pwi109.html
pmu188,Oliver Musshoff,Georg-August-Universität Göttingen,False,2805,763,https://ideas.repec.org/e/pmu188.html
pca549,Davide Cantoni,Ludwig-Maximilians-Universität München,False,2806,942,https://ideas.repec.org/f/pca549.html
pwo357,Johannes Wohlfart,Universität zu Köln,False,2807,198,https://ideas.repec.org/f/pwo357.html
pdi76,Claude Diebolt,Bureau d'Économie Théorique et Appliquée (BETA),False,2808,2658,https://ideas.repec.org/e/pdi76.html
psa394,J. Denis Sargan,,True,2809,,https://ideas.repec.org/f/psa394.html
pao12,Masahiko Aoki,,True,2810,,https://ideas.repec.org/e/pao12.html
psa150,Juan M. Sanchez,Federal Reserve Bank of St. Louis,False,2811,1011,https://ideas.repec.org/e/psa150.html
pst18,Per Stromberg,,False,2812,,https://ideas.repec.org/e/pst18.html
ppa381,Evi Pappa,Centre for Economic Policy Research (CEPR),False,2813,2650,https://ideas.repec.org/f/ppa381.html
pdo106,James Dow,London Business School (LBS),False,2814,,https://ideas.repec.org/e/pdo106.html
pfi48,Bernard Fingleton,University of Cambridge,False,2815,,https://ideas.repec.org/e/pfi48.html
phe281,Jean-Francois Hennart,Universiteit van Tilburg,False,2816,,https://ideas.repec.org/f/phe281.html
pbe22,Aleksander Berentsen,Federal Reserve Bank of St. Louis,False,2817,,https://ideas.repec.org/e/pbe22.html
pme283,Leonardo Melosi,University of Warwick,False,2818,539,https://ideas.repec.org/f/pme283.html
pca459,Gerald A. Carlino,Federal Reserve Bank of Philadelphia,False,2819,,https://ideas.repec.org/f/pca459.html
pho353,Han Hong,Stanford University,False,2820,,https://ideas.repec.org/f/pho353.html
pbl37,Christopher Blattman,University of Chicago,False,2821,3613,https://ideas.repec.org/e/pbl37.html
ppo594,David Powell,University of Pennsylvania,False,2822,365,https://ideas.repec.org/f/ppo594.html
pyu120,Vivian Zhanwei Yue,Emory University,False,2823,2805,https://ideas.repec.org/e/pyu120.html
pxi126,Yuhang Xing,Shanghai Jiao Tong University,False,2824,,https://ideas.repec.org/e/pxi126.html
psu126,Kotaro Suzumura,,True,2825,,https://ideas.repec.org/e/psu126.html
pbr280,Geoffrey Brennan,,True,2826,,https://ideas.repec.org/f/pbr280.html
pdi145,Erik Dietzenbacher,Chinese Academy of Sciences,False,2827,,https://ideas.repec.org/e/pdi145.html
ple579,Ethan G. Lewis,Dartmouth College,False,2828,3272,https://ideas.repec.org/f/ple579.html
pro260,Thomas Wayne Ross,University of British Columbia,False,2829,,https://ideas.repec.org/f/pro260.html
pca27,Gabriele Camera,Chapman University,False,2830,,https://ideas.repec.org/e/pca27.html
pca140,Olivier Cadot,,True,2831,,https://ideas.repec.org/e/pca140.html
pwa152,Ross Leslie Watts,Massachusetts Institute of Technology (MIT),False,2832,,https://ideas.repec.org/e/pwa152.html
pri43,Raymond G. Riezman,,False,2833,,https://ideas.repec.org/e/pri43.html
pna236,Seema Narayan,,False,2834,2528,https://ideas.repec.org/f/pna236.html
ppu96,Amiyatosh Purnanandam,University of Texas-Austin,False,2835,,https://ideas.repec.org/e/ppu96.html
pbe357,Stelios Bekiros,Athens University of Economics and Business (AUEB),False,2836,552,https://ideas.repec.org/f/pbe357.html
pca117,Lorenzo Cappellari,Università Cattolica del Sacro Cuore,False,2837,3332,https://ideas.repec.org/e/pca117.html
pma763,Ramon Marimon,,False,2838,,https://ideas.repec.org/f/pma763.html
psu5,Yixiao Sun,University of California-San Diego (UCSD),False,2839,,https://ideas.repec.org/e/psu5.html
pca136,John Cantwell,Rutgers University-Newark,False,2840,,https://ideas.repec.org/e/pca136.html
pke17,Todd Keister,Rutgers University-New Brunswick,False,2841,1932,https://ideas.repec.org/e/pke17.html
phi98,Lorin Moultrie Hitt,University of Pennsylvania,False,2842,,https://ideas.repec.org/e/phi98.html
pme529,Jonathan Meer,Texas A&M University,False,2843,1545,https://ideas.repec.org/f/pme529.html
pvo28,Ernst-Ludwig von Thadden,Universität Mannheim,False,2844,,https://ideas.repec.org/e/pvo28.html
plo115,Ramon Lopez,Universidad de Chile,False,2845,,https://ideas.repec.org/e/plo115.html
pha269,Colm P. Harmon,Edith Cowan University,False,2846,,https://ideas.repec.org/f/pha269.html
pbi26,Richard M. Bird,,True,2847,,https://ideas.repec.org/e/pbi26.html
pka18,James A Kahn,Yeshiva University,False,2848,,https://ideas.repec.org/e/pka18.html
pal70,George Alessandria,University of Rochester,False,2849,1729,https://ideas.repec.org/e/pal70.html
pbe303,Nicolas Berman,Aix-Marseille Université,False,2850,,https://ideas.repec.org/f/pbe303.html
pma10,Yue Ma 马跃,City University,False,2851,,https://ideas.repec.org/e/pma10.html
pve136,Steven Venti,Dartmouth College,False,2852,,https://ideas.repec.org/e/pve136.html
pta303,Takatoshi Tabuchi,Chuo University,False,2853,,https://ideas.repec.org/f/pta303.html
ple589,Junsoo Lee,University of Alabama-Tuscaloosa,False,2854,,https://ideas.repec.org/f/ple589.html
pbo131,Jan Boone,Universiteit van Tilburg,False,2855,,https://ideas.repec.org/e/pbo131.html
pco464,Carol A. Corrado,Georgetown University,False,2856,3190,https://ideas.repec.org/f/pco464.html
pda225,Carl Davidson,Michigan State University,False,2857,,https://ideas.repec.org/f/pda225.html
pig12,Deniz Igan,International Monetary Fund (IMF),False,2858,2400,https://ideas.repec.org/e/pig12.html
pic10,Casey Ichniowski,,True,2859,,https://ideas.repec.org/e/pic10.html
phe168,Emeric Henry,Sciences Po,False,2860,466,https://ideas.repec.org/e/phe168.html
psy2,Constantinos Syropoulos,Drexel University,False,2861,1266,https://ideas.repec.org/e/psy2.html
pfa184,Thibault Fally,University of California-Berkeley,False,2862,1445,https://ideas.repec.org/e/pfa184.html
pmi52,Pierre-Carl Michaud,HEC Montréal (École des Hautes Études Commerciales),False,2863,1847,https://ideas.repec.org/e/pmi52.html
plo1,Jose A. Lopez,Federal Reserve Bank of San Francisco,False,2864,,https://ideas.repec.org/e/plo1.html
pde254,Maria De Paola,Università degli Studi della Calabria,False,2865,2021,https://ideas.repec.org/f/pde254.html
pwa470,Peter George Warr,Australian National University,False,2866,,https://ideas.repec.org/f/pwa470.html
psi260,Luigi Siciliani,University of York,False,2867,1919,https://ideas.repec.org/f/psi260.html
pmu359,John Mullahy,University of Wisconsin-Madison,False,2868,,https://ideas.repec.org/f/pmu359.html
pde887,Tatyana Deryugina,University of Illinois at Urbana-Champaign,False,2869,710,https://ideas.repec.org/f/pde887.html
pge30,David Genesove,Hebrew University of Jerusalem,False,2870,,https://ideas.repec.org/e/pge30.html
pha77,Christian Matthias Hafner,Université Catholique de Louvain,False,2871,2204,https://ideas.repec.org/e/pha77.html
pvo37,George M. von Furstenberg,,True,2872,,https://ideas.repec.org/e/pvo37.html
plo518,Michelle Lowry,Drexel University,False,2873,1553,https://ideas.repec.org/f/plo518.html
pba202,Bruce Alan Babcock,University of California-Riverside,False,2874,,https://ideas.repec.org/f/pba202.html
pha2,John Hassler,Stockholms Universitet,False,2875,,https://ideas.repec.org/e/pha2.html
pch496,Christopher P. Chambers,Georgetown University,False,2876,1478,https://ideas.repec.org/f/pch496.html
pgu198,Alessandra Guariglia,University of Birmingham,False,2877,,https://ideas.repec.org/e/pgu198.html
pst443,Daniel M. Sturm,,False,2878,,https://ideas.repec.org/f/pst443.html
pmc264,Kathleen M McGarry,University of California-Los Angeles (UCLA),False,2879,,https://ideas.repec.org/f/pmc264.html
pos5,Denise Osborn,University of Manchester,False,2880,,https://ideas.repec.org/e/pos5.html
pha89,Galina Hale,University of California-Santa Cruz (UCSC),False,2881,2297,https://ideas.repec.org/e/pha89.html
pha333,Kyle L. Handley,University of California-San Diego (UCSD),False,2882,434,https://ideas.repec.org/f/pha333.html
ple114,Daniel Levy,Bar Ilan University,False,2883,,https://ideas.repec.org/e/ple114.html
pge201,Ulf-G. Gerdtham,Lunds Universitet,False,2884,,https://ideas.repec.org/f/pge201.html
ple392,Lars Lefgren,Brigham Young University,False,2885,,https://ideas.repec.org/f/ple392.html
pcr25,Jacques Crémer,Toulouse School of Economics (TSE),False,2886,,https://ideas.repec.org/e/pcr25.html
pca757,Elizabeth U. Cascio,Dartmouth College,False,2887,,https://ideas.repec.org/f/pca757.html
pva293,Jos van Ommeren,Vrije Universiteit Amsterdam,False,2888,,https://ideas.repec.org/f/pva293.html
pca106,Carlos Carvalho,Pontifícia Universidade Católica do Rio de Janeiro,False,2889,1817,https://ideas.repec.org/e/pca106.html
pra409,Michael R Ransom,Brigham Young University,False,2890,,https://ideas.repec.org/f/pra409.html
pmo629,James Morley,University of Sydney,False,2891,2168,https://ideas.repec.org/f/pmo629.html
pda245,Dhaval M. Dave,National Bureau of Economic Research (NBER),False,2892,753,https://ideas.repec.org/f/pda245.html
pja165,Marek Jarociński,European Central Bank,False,2893,252,https://ideas.repec.org/e/pja165.html
pwa395,Guanghua Wan万广华,Fudan University,False,2894,2513,https://ideas.repec.org/f/pwa395.html
pow7,Ann L. Owen,Hamilton College,False,2895,,https://ideas.repec.org/e/pow7.html
pdi81,David A. Dickey,North Carolina State University,False,2896,,https://ideas.repec.org/e/pdi81.html
pas35,Adam B. Ashcraft,Federal Reserve Bank of New York,False,2897,,https://ideas.repec.org/e/pas35.html
pro355,Nikolai Roussanov,University of Pennsylvania,False,2898,3150,https://ideas.repec.org/f/pro355.html
pta345,Amine Tarazi,Université de Limoges,False,2899,1247,https://ideas.repec.org/f/pta345.html
pfe139,James Feyrer,Dartmouth College,False,2900,,https://ideas.repec.org/e/pfe139.html
pwo18,Alexander L. Wolman,Federal Reserve Bank of Richmond,False,2901,,https://ideas.repec.org/e/pwo18.html
pwe163,Warren E. Weber,,False,2902,,https://ideas.repec.org/e/pwe163.html
psi753,Avik Sinha,Gnanam School of Business,False,2903,90,https://ideas.repec.org/f/psi753.html
pmu162,Alicia Munnell,Boston College,False,2904,,https://ideas.repec.org/e/pmu162.html
pwr19,Gavin Wright,Stanford University,False,2905,,https://ideas.repec.org/e/pwr19.html
pmu63,Marc-Andreas Muendler,University of California-San Diego (UCSD),False,2906,,https://ideas.repec.org/e/pmu63.html
pra1,Raghavendra Rau,University of Cambridge,False,2907,1110,https://ideas.repec.org/e/pra1.html
pbu112,Mike Burkart,London School of Economics (LSE),False,2908,,https://ideas.repec.org/e/pbu112.html
ple1172,Cheng Few Lee,Rutgers University-Newark,False,2909,,https://ideas.repec.org/f/ple1172.html
pme64,Halvor Mehlum,Universitetet i Oslo,False,2910,,https://ideas.repec.org/e/pme64.html
psi181,Dan Silverman,Arizona State University,False,2911,,https://ideas.repec.org/e/psi181.html
pku86,Maurice Kugler,George Mason University,False,2912,,https://ideas.repec.org/e/pku86.html
pob33,Ezra Oberfield,Cornell University,False,2913,397,https://ideas.repec.org/e/pob33.html
pse207,Suresh P. Sethi,University of Texas-Dallas,False,2914,998,https://ideas.repec.org/f/pse207.html
pch800,Kenneth Chay,Brown University,False,2915,,https://ideas.repec.org/f/pch800.html
pla169,Sébastien Laurent,Aix-Marseille Université,False,2916,,https://ideas.repec.org/e/pla169.html
pbr527,Mihaela Simionescu,Universitatea din Bucureşti,False,2917,1287,https://ideas.repec.org/f/pbr527.html
pjo99,William R. Johnson,University of Virginia,False,2918,,https://ideas.repec.org/e/pjo99.html
pca1266,Elena Carletti,Università Commerciale Luigi Bocconi,False,2919,,https://ideas.repec.org/f/pca1266.html
pkn21,Thomas J. Kniesner,Claremont Graduate University,False,2920,,https://ideas.repec.org/e/pkn21.html
pch840,Joshua C.c. Chan,Purdue University,False,2921,780,https://ideas.repec.org/f/pch840.html
pka1052,Ron Kaniel,University of Rochester,False,2922,,https://ideas.repec.org/f/pka1052.html
pwa222,Randall Phillip Walsh,University of Pittsburgh,False,2923,,https://ideas.repec.org/f/pwa222.html
poe1,Jörg Oechssler,Ruprecht-Karls-Universität Heidelberg,False,2924,,https://ideas.repec.org/e/poe1.html
pfr15,James W Friedman,,True,2925,,https://ideas.repec.org/e/pfr15.html
pwu130,Guojun Wu,Shanghai Jiao Tong University,False,2926,,https://ideas.repec.org/e/pwu130.html
pga644,Neil Gandal,Tel Aviv University,False,2927,3455,https://ideas.repec.org/f/pga644.html
ped1,Hali Edison,International Monetary Fund (IMF),False,2928,,https://ideas.repec.org/e/ped1.html
pse753,Aner Sela,Ben Gurion University of the Negev,False,2929,3532,https://ideas.repec.org/f/pse753.html
pva126,Akos Valentinyi,University of Manchester,False,2930,,https://ideas.repec.org/e/pva126.html
pmc59,James Joseph McAndrews,University of Pennsylvania,False,2931,,https://ideas.repec.org/e/pmc59.html
pca351,Eduardo Alfredo Cavallo,Inter-American Development Bank,False,2932,,https://ideas.repec.org/f/pca351.html
ppi138,Pierre M. Picard,Université du Luxembourg,False,2933,3549,https://ideas.repec.org/e/ppi138.html
pca195,Giuseppe Cavaliere,Alma Mater Studiorum - Università di Bologna,False,2934,2668,https://ideas.repec.org/e/pca195.html
pfe373,Paul J Ferraro,Johns Hopkins University,False,2935,2855,https://ideas.repec.org/f/pfe373.html
pbo573,Nina Boyarchenko,Federal Reserve Bank of New York,False,2936,572,https://ideas.repec.org/f/pbo573.html
pcr86,Dean Croushore,University of Richmond,False,2937,,https://ideas.repec.org/e/pcr86.html
psi314,Kosali Ilayperuma Simon,Cornell University,False,2938,718,https://ideas.repec.org/f/psi314.html
pra49,Christophe Rault,Université d'Orléans,False,2939,,https://ideas.repec.org/e/pra49.html
ppr249,Thomas J. Prusa,Rutgers University-New Brunswick,False,2940,,https://ideas.repec.org/f/ppr249.html
por100,Francesc Ortega,University of Notre Dame,False,2941,2238,https://ideas.repec.org/e/por100.html
psa895,David Ezra Sahn,Cornell University,False,2942,,https://ideas.repec.org/f/psa895.html
psc219,Claus Schnabel,Friedrich-Alexander-Universität Erlangen-Nürnberg,False,2943,3695,https://ideas.repec.org/f/psc219.html
pan162,Luc Anselin,Arizona State University,False,2944,,https://ideas.repec.org/e/pan162.html
plu197,Robert E.b. Lucas,Boston University,False,2945,,https://ideas.repec.org/e/plu197.html
pan256,Siwan Anderson,University of British Columbia,False,2946,,https://ideas.repec.org/f/pan256.html
ple1,Blake Lebaron,Brandeis University,False,2947,,https://ideas.repec.org/e/ple1.html
pga173,Alessandro Gavazza,London School of Economics (LSE),False,2948,1491,https://ideas.repec.org/e/pga173.html
psp48,Katharina Christa Spiess,DIW Berlin (Deutsches Institut für Wirtschaftsforschung),False,2949,3197,https://ideas.repec.org/e/psp48.html
pco1085,Lin William Cong,Cornell University,False,2950,225,https://ideas.repec.org/f/pco1085.html
psu591,Bin Su,National University of Singapore (NUS),False,2951,348,https://ideas.repec.org/f/psu591.html
pzi11,Eric Zivot,University of Washington,False,2952,,https://ideas.repec.org/e/pzi11.html
pre653,Ray Rees,,True,2953,,https://ideas.repec.org/f/pre653.html
pmi900,Franklin G. Mixon Jr.,Columbus State University,False,2954,2874,https://ideas.repec.org/f/pmi900.html
pfe55,Joao Matos Ferreira,Universidade da Beira Interior,False,2955,313,https://ideas.repec.org/e/pfe55.html
pdu7,Mardi Dungey,,True,2956,3522,https://ideas.repec.org/e/pdu7.html
pst425,Jan Leonard Stuhler,Universidad Carlos III de Madrid,False,2957,555,https://ideas.repec.org/f/pst425.html
pte104,Francis John Teal,Oxford University,False,2958,,https://ideas.repec.org/e/pte104.html
pvi152,James Vickery,Federal Reserve Bank of Philadelphia,False,2959,1443,https://ideas.repec.org/e/pvi152.html
pme301,Jean-François Mertens,,True,2960,,https://ideas.repec.org/f/pme301.html
pha949,Marcus Hagedorn,,True,2961,2944,https://ideas.repec.org/f/pha949.html
pli628,Shi Li,Zhejiang University,False,2962,,https://ideas.repec.org/f/pli628.html
pmc111,Bruce A. McCarl,Texas A&M University,False,2963,,https://ideas.repec.org/e/pmc111.html
pdu275,Bill Dupor,Federal Reserve Bank of St. Louis,False,2964,,https://ideas.repec.org/f/pdu275.html
pli630,Richard George Lipsey,,False,2965,,https://ideas.repec.org/f/pli630.html
pga968,Harry Garretsen,Rijksuniversiteit Groningen,False,2966,,https://ideas.repec.org/f/pga968.html
pmo334,Espen R. Moen,BI Handelshøyskolen,False,2967,,https://ideas.repec.org/f/pmo334.html
pha225,Lawrence Haddad,University of Sussex,False,2968,,https://ideas.repec.org/f/pha225.html
paz11,Marina Azzimonti,Federal Reserve Bank of Richmond,False,2969,1671,https://ideas.repec.org/e/paz11.html
pse5,Rajiv Sethi,Columbia University,False,2970,,https://ideas.repec.org/e/pse5.html
psm105,Sarah Smith,University of Bristol,False,2971,3459,https://ideas.repec.org/e/psm105.html
pma276,Francois Paul Maniquet,Université Catholique de Louvain,False,2972,2716,https://ideas.repec.org/f/pma276.html
pma680,Anil Markandya,Basque Centre for Climate Change (BC3),False,2973,,https://ideas.repec.org/f/pma680.html
pwa149,Marcus Wagner,Universität Augsburg,False,2974,,https://ideas.repec.org/e/pwa149.html
pbo471,Benjamin Born,Rheinische Friedrich-Wilhelms-Universität Bonn,False,2975,668,https://ideas.repec.org/f/pbo471.html
ppi1,Mark M. Pitt,Brown University,False,2976,,https://ideas.repec.org/e/ppi1.html
pdi298,Elroy Dimson,University of Cambridge,False,2977,,https://ideas.repec.org/f/pdi298.html
psu33,Wing Suen,University of Hong Kong,False,2978,2771,https://ideas.repec.org/e/psu33.html
pba132,Joerg Baten,Eberhard-Karls-Universität Tübingen,False,2979,,https://ideas.repec.org/e/pba132.html
pma380,David Marques-Ibanez,European Central Bank,False,2980,,https://ideas.repec.org/f/pma380.html
pma50,Pedro Silva Martins,Universidade Nova de Lisboa,False,2981,2490,https://ideas.repec.org/e/pma50.html
ppo117,Jacques Poot,University of Waikato,False,2982,,https://ideas.repec.org/e/ppo117.html
pbe573,Luca Benati,,False,2983,,https://ideas.repec.org/f/pbe573.html
ppe16,Michael Peters,University of British Columbia,False,2984,,https://ideas.repec.org/e/ppe16.html
pch608,陈少华,Xiamen University,False,2985,,https://ideas.repec.org/f/pch608.html
pda416,Ernesto Dal Bó,University of California-Berkeley,False,2986,2454,https://ideas.repec.org/f/pda416.html
pal422,Yener Altunbas,,False,2987,1646,https://ideas.repec.org/f/pal422.html
pba460,Andrea Bassanini,Organisation de Coopération et de Développement Économiques (OCDE),False,2988,,https://ideas.repec.org/f/pba460.html
pbe425,Rene Belderbos,KU Leuven,False,2989,2288,https://ideas.repec.org/f/pbe425.html
psn35,Christopher Mark Snyder,Dartmouth College,False,2990,3515,https://ideas.repec.org/e/psn35.html
pta279,Elie Tamer,Northwestern University,False,2991,,https://ideas.repec.org/f/pta279.html
pka646,Shmuel Kandel,,True,2992,,https://ideas.repec.org/f/pka646.html
phu175,Peter Huber,Österreichisches Institut für Wirtschaftsforschung (WIFO),False,2993,,https://ideas.repec.org/e/phu175.html
pch236,"Frank Joseph Chaloupka, IV",University of Illinois at Chicago,False,2994,,https://ideas.repec.org/f/pch236.html
ple285,David Matthew Levinson,,False,2995,3600,https://ideas.repec.org/f/ple285.html
pbi12,Marianne P. Bitler,University of California-Davis,False,2996,,https://ideas.repec.org/e/pbi12.html
pza69,Alberto Zazzaro,Centro Studi di Economia e Finanza (CSEF),False,2997,2905,https://ideas.repec.org/e/pza69.html
pga66,Nuno Garoupa,George Mason University,False,2998,,https://ideas.repec.org/e/pga66.html
phi86,Hal Hill,Australian National University,False,2999,,https://ideas.repec.org/e/phi86.html
pqu49,John K.-h. Quah,National University of Singapore (NUS),False,3000,,https://ideas.repec.org/e/pqu49.html
pdo118,Peter John Dolton,University of Sussex,False,3001,,https://ideas.repec.org/e/pdo118.html
ppa1363,Theodore Panagiotidis,University of Macedonia,False,3002,1111,https://ideas.repec.org/f/ppa1363.html
pgo190,Vidhan K. Goyal,Hong Kong University of Science and Technology (HKUST),False,3003,,https://ideas.repec.org/e/pgo190.html
pzi50,Nicolas Robert Ziebarth,Leibniz-Zentrum für Europäische Wirtschaftsforschung (ZEW),False,3004,764,https://ideas.repec.org/e/pzi50.html
pfi2,David Fielding,University of Otago,False,3005,,https://ideas.repec.org/e/pfi2.html
pga16,Pieter Gautier,Vrije Universiteit Amsterdam,False,3006,,https://ideas.repec.org/e/pga16.html
pho209,Roland Hodler,Universität St. Gallen,False,3007,2772,https://ideas.repec.org/f/pho209.html
pro146,K. Geert Rouwenhorst,Yale University,False,3008,,https://ideas.repec.org/e/pro146.html
pdu391,Pradeep Dubey,Stony Brook University - SUNY,False,3009,,https://ideas.repec.org/f/pdu391.html
ppe258,Bezalel Peleg,,True,3010,,https://ideas.repec.org/f/ppe258.html
psc60,Monika Schnitzer,Ludwig-Maximilians-Universität München,False,3011,,https://ideas.repec.org/e/psc60.html
pli10,Omar Licandro,Leicester University,False,3012,,https://ideas.repec.org/e/pli10.html
pmo438,Enrique Moral-Benito,Banco de España,False,3013,1207,https://ideas.repec.org/f/pmo438.html
pkr130,Philipp Krueger,Université de Genève,False,3014,327,https://ideas.repec.org/e/pkr130.html
pse116,Enrico Sette,Banca d'Italia,False,3015,951,https://ideas.repec.org/e/pse116.html
pmo380,Gabriel Montes-Rojas,Universidad de Buenos Aires,False,3016,1706,https://ideas.repec.org/f/pmo380.html
psc184,Ulrich Schmidt,,False,3017,,https://ideas.repec.org/e/psc184.html
pla724,Morten Igel Lau,Copenhagen Business School,False,3018,,https://ideas.repec.org/f/pla724.html
phi7,John R. Hicks,,True,3019,,https://ideas.repec.org/e/phi7.html
phu114,Daniel M. Hungerman,University of Notre Dame,False,3020,2892,https://ideas.repec.org/e/phu114.html
pro423,Heather North Royer,University of California-Santa Barbara (UCSB),False,3021,1782,https://ideas.repec.org/f/pro423.html
pza33,Madeline Zavodny,University of North Florida,False,3022,,https://ideas.repec.org/e/pza33.html
pst581,Jerome L. Stein,,True,3023,,https://ideas.repec.org/f/pst581.html
phe161,Dierk Herzer,Helmut Schmidt Universität Hamburg,False,3024,,https://ideas.repec.org/e/phe161.html
pni115,Theo Nijman,,False,3025,,https://ideas.repec.org/e/pni115.html
pmi286,Giordano Mion,ESSEC Business School,False,3026,3082,https://ideas.repec.org/f/pmi286.html
pbi192,Alexander Bick,Federal Reserve Bank of St. Louis,False,3027,616,https://ideas.repec.org/e/pbi192.html
pod4,Cathal O'donoghue,National University of Ireland,False,3028,,https://ideas.repec.org/e/pod4.html
pro303,John M. Roberts,,False,3029,3146,https://ideas.repec.org/f/pro303.html
pgr40,Theodore Groves,University of California-San Diego (UCSD),False,3030,,https://ideas.repec.org/e/pgr40.html
pli669,Lee A. Lillard,,True,3031,,https://ideas.repec.org/f/pli669.html
pfo80,Francoise Forges,Université Paris-Dauphine (Paris IX),False,3032,,https://ideas.repec.org/e/pfo80.html
pfo165,Rikard Forslid,Stockholms Universitet,False,3033,,https://ideas.repec.org/e/pfo165.html
pei27,Andrea L. Eisfeldt,University of California-Los Angeles (UCLA),False,3034,,https://ideas.repec.org/e/pei27.html
pfe32,Wayne Ferson,Boston College,False,3035,,https://ideas.repec.org/e/pfe32.html
pge1,R. Gaston Gelos,Bank for International Settlements (BIS),False,3036,1781,https://ideas.repec.org/e/pge1.html
phs8,Po-Hsuan Hsu,National Tsing Hua University,False,3037,950,https://ideas.repec.org/e/phs8.html
pfr211,W Scott Frame,,False,3038,,https://ideas.repec.org/f/pfr211.html
pde668,Riza Demirer,Southern Illinois University,False,3039,300,https://ideas.repec.org/f/pde668.html
psc854,Armin Schwienbacher,SKEMA Business School,False,3040,653,https://ideas.repec.org/f/psc854.html
pyo133,Naoyuki Yoshino,Keio University,False,3041,388,https://ideas.repec.org/e/pyo133.html
pdi12,Huw David Dixon,Cardiff University,False,3042,,https://ideas.repec.org/e/pdi12.html
pga142,Marzio Galeotti,,False,3043,,https://ideas.repec.org/e/pga142.html
pda284,Jishnu Das,Georgetown University,False,3044,2857,https://ideas.repec.org/f/pda284.html
pra851,Christopher Rauh,University of Cambridge,False,3045,181,https://ideas.repec.org/f/pra851.html
ppe159,George L. Perry,Brookings Institution,False,3046,,https://ideas.repec.org/e/ppe159.html
pki214,Fukunari Kimura,Government of Japan,False,3047,2950,https://ideas.repec.org/f/pki214.html
pte85,C. N. Teulings,,False,3048,,https://ideas.repec.org/e/pte85.html
pch389,Christophe Chamley,Boston University,False,3049,,https://ideas.repec.org/f/pch389.html
psh379,施训鹏,University of Technology Sydney,False,3050,183,https://ideas.repec.org/f/psh379.html
psc92,Vincenzo Scoppa,Università degli Studi della Calabria,False,3051,2433,https://ideas.repec.org/e/psc92.html
pke264,Matti Keloharju,Aalto-yliopisto,False,3052,,https://ideas.repec.org/f/pke264.html
pca171,Juan-camilo Cardenas,Universidad de los Andes (Colombia),False,3053,,https://ideas.repec.org/e/pca171.html
pwa115,Michael Waterson,University of Warwick,False,3054,,https://ideas.repec.org/e/pwa115.html
pdo56,David Donaldson,University of British Columbia,False,3055,,https://ideas.repec.org/e/pdo56.html
pbr162,Fernando Broner,Barcelona School of Economics (BSE),False,3056,,https://ideas.repec.org/e/pbr162.html
prh14,Paul W. Rhode,University of Michigan,False,3057,1900,https://ideas.repec.org/e/prh14.html
psc65,Andrew Scott,Centre for Economic Policy Research (CEPR),False,3058,,https://ideas.repec.org/e/psc65.html
pbi63,Herman J. Bierens,Pennsylvania State University,False,3059,,https://ideas.repec.org/e/pbi63.html
pwi93,Mirko Wiederholt,Sciences Po,False,3060,,https://ideas.repec.org/e/pwi93.html
pmi419,Amalia Rebecca Miller,University of Virginia,False,3061,3367,https://ideas.repec.org/f/pmi419.html
psp199,Johannes Spinnewijn,London School of Economics (LSE),False,3062,727,https://ideas.repec.org/e/psp199.html
pan228,Ignazio Angeloni,Harvard University,False,3063,,https://ideas.repec.org/f/pan228.html
pco163,Fabrizio Coricelli,Paris School of Economics,False,3064,,https://ideas.repec.org/e/pco163.html
pwa1211,Qiang Wang,,False,3065,334,https://ideas.repec.org/f/pwa1211.html
psk25,Oskar Nordström Skans,Uppsala Universitet,False,3066,3385,https://ideas.repec.org/e/psk25.html
pon27,Alexei Onatski,University of Cambridge,False,3067,,https://ideas.repec.org/e/pon27.html
pwh15,John C. Whitehead,Appalachian State University,False,3068,3429,https://ideas.repec.org/e/pwh15.html
pbh84,Utpal Bhattacharya,Hong Kong University of Science and Technology (HKUST),False,3069,,https://ideas.repec.org/e/pbh84.html
pro107,Massimo Rostagno,European Central Bank,False,3070,,https://ideas.repec.org/e/pro107.html
pbr126,Marius Brülhart,Université de Lausanne,False,3071,,https://ideas.repec.org/e/pbr126.html
pko101,Michael Kosfeld,Goethe Universität Frankfurt am Main,False,3072,,https://ideas.repec.org/e/pko101.html
pbl164,Sören Blomquist,Uppsala Universitet,False,3073,,https://ideas.repec.org/e/pbl164.html
psa1068,Anya Savikhin Samek,University of Southern California,False,3074,1329,https://ideas.repec.org/f/psa1068.html
pth368,Erik Thorbecke,Cornell University,False,3075,,https://ideas.repec.org/f/pth368.html
pst8,Odd Rune Straume,Universidade do Minho,False,3076,3129,https://ideas.repec.org/e/pst8.html
phu177,Yingyao Hu,Johns Hopkins University,False,3077,2959,https://ideas.repec.org/e/phu177.html
pmo72,Marcelo J. Moreira,Fundação Getúlio Vargas (FGV),False,3078,,https://ideas.repec.org/e/pmo72.html
pvi38,Sofia Villas-Boas,University of California-Berkeley,False,3079,,https://ideas.repec.org/e/pvi38.html
pwe114,Beatrice Weder Di Mauro,The Graduate Institute of International and Development Studies,False,3080,,https://ideas.repec.org/e/pwe114.html
pte102,Chris Telmer,Carnegie Mellon University,False,3081,,https://ideas.repec.org/e/pte102.html
psa494,Yasuyuki Sawada,University of Tokyo,False,3082,3247,https://ideas.repec.org/f/psa494.html
pho613,Mark Hoekstra,University of Texas-Austin,False,3083,1903,https://ideas.repec.org/f/pho613.html
pmo288,Cyril Monnet,Bank for International Settlements (BIS),False,3084,1338,https://ideas.repec.org/f/pmo288.html
pta706,J. Edward Taylor,University of California-Davis,False,3085,,https://ideas.repec.org/f/pta706.html
pmo237,Claude Montmarquette,,True,3086,,https://ideas.repec.org/f/pmo237.html
phi146,Gilles Hilary,Georgetown University,False,3087,,https://ideas.repec.org/e/phi146.html
phu734,Khaled Hussainey,Bangor University,False,3088,537,https://ideas.repec.org/f/phu734.html
pdi339,Peter Bishop Dixon,Victoria University,False,3089,,https://ideas.repec.org/f/pdi339.html
pba288,Hrabrin Ianouchev Bachev,Institute of Agricultural Economics (IAE),False,3090,1020,https://ideas.repec.org/f/pba288.html
pno108,Roger G. Noll,,False,3091,,https://ideas.repec.org/e/pno108.html
pbh25,V Bhaskar,University of Texas-Austin,False,3092,,https://ideas.repec.org/e/pbh25.html
ppi14,Jeremy Piger,University of Oregon,False,3093,,https://ideas.repec.org/e/ppi14.html
ppa130,Harry J Paarsch,University of Central Florida,False,3094,,https://ideas.repec.org/e/ppa130.html
ppo485,Stephen Polasky,University of Minnesota-St. Paul,False,3095,,https://ideas.repec.org/f/ppo485.html
pca504,Hongbin Cai,Peking University,False,3096,,https://ideas.repec.org/f/pca504.html
ppa250,Stavros Panageas,University of Chicago,False,3097,2172,https://ideas.repec.org/f/ppa250.html
pbe91,Jean-Pascal Benassy,,True,3098,,https://ideas.repec.org/e/pbe91.html
pwo94,Nikolaus Wolf,Humboldt-Universität Berlin,False,3099,,https://ideas.repec.org/e/pwo94.html
pha477,Yujiro Hayami,,True,3100,,https://ideas.repec.org/f/pha477.html
pku579,Praveen Kumar,University of Houston,False,3101,,https://ideas.repec.org/f/pku579.html
pzi93,Owen Zidar,Princeton University,False,3102,292,https://ideas.repec.org/e/pzi93.html
pwi107,Noah Williams,University of Miami,False,3103,,https://ideas.repec.org/e/pwi107.html
phe114,Derek Dewey Headey,International Food Policy Research Institute (IFPRI),False,3104,3599,https://ideas.repec.org/e/phe114.html
pdi45,Ed Diener,,True,3105,,https://ideas.repec.org/e/pdi45.html
psc70,James Schmitz,Federal Reserve Bank of Minneapolis,False,3106,,https://ideas.repec.org/e/psc70.html
pku210,Marianna Kudlyak,Federal Reserve Bank of San Francisco,False,3107,1059,https://ideas.repec.org/f/pku210.html
ptu103,Sarah Elizabeth Turner,,False,3108,,https://ideas.repec.org/e/ptu103.html
pst179,Mark Stabile,INSEAD,False,3109,,https://ideas.repec.org/e/pst179.html
pmo274,Pierre-Guillaume Méon,Université Libre de Bruxelles,False,3110,,https://ideas.repec.org/f/pmo274.html
pma722,Rocco Macchiavello,London School of Economics (LSE),False,3111,280,https://ideas.repec.org/f/pma722.html
pgo87,Libertad Gonzalez,Barcelona School of Economics (BSE),False,3112,1139,https://ideas.repec.org/e/pgo87.html
pjo75,Ronald John Johnston,,True,3113,,https://ideas.repec.org/e/pjo75.html
pth73,Marcel P. Thum,Technische Universität Dresden,False,3114,3463,https://ideas.repec.org/e/pth73.html
pwa360,Fabian Waldinger,Ludwig-Maximilians-Universität München,False,3115,1343,https://ideas.repec.org/f/pwa360.html
pea6,John Earle,George Mason University,False,3116,,https://ideas.repec.org/e/pea6.html
pqu42,Francesco Quatraro,Università degli Studi di Torino,False,3117,909,https://ideas.repec.org/e/pqu42.html
pla49,Francois Langot,Paris School of Economics,False,3118,,https://ideas.repec.org/e/pla49.html
pde597,Luiz de Mello,Organisation de Coopération et de Développement Économiques (OCDE),False,3119,,https://ideas.repec.org/f/pde597.html
ppe241,Krishna Pendakur,Simon Fraser University,False,3120,3136,https://ideas.repec.org/f/ppe241.html
pha91,Jan Hanousek,Mendelova Univerzita v Brnĕ,False,3121,,https://ideas.repec.org/e/pha91.html
pbo323,Peter Borm,Universiteit van Tilburg,False,3122,,https://ideas.repec.org/f/pbo323.html
pro189,Philip Kenneth Robins,University of Miami,False,3123,,https://ideas.repec.org/e/pro189.html
pch395,Terence Tai Leung Chong,Chinese University of Hong Kong,False,3124,,https://ideas.repec.org/f/pch395.html
ppa164,Ignacio Palacios-Huerta,London School of Economics (LSE),False,3125,,https://ideas.repec.org/e/ppa164.html
pfr219,Alexia Fürnkranz-Prskawetz,Technische Universität Wien,False,3126,,https://ideas.repec.org/f/pfr219.html
pro457,Martín A Rossi,Universidad de San Andrés,False,3127,2830,https://ideas.repec.org/f/pro457.html
pda201,Leo Paul Dana,McGill University,False,3128,673,https://ideas.repec.org/f/pda201.html
pca264,Uwe Cantner,Friedrich-Schiller-Universität Jena,False,3129,,https://ideas.repec.org/f/pca264.html
pgr111,Wayne B. Gray,Clark University,False,3130,,https://ideas.repec.org/e/pgr111.html
psh131,Kwanho Shin,Korea University,False,3131,3362,https://ideas.repec.org/e/psh131.html
pos32,Michael Ostrovsky,Stanford University,False,3132,,https://ideas.repec.org/e/pos32.html
pbo128,Ekkehart Boehmer,Groupe EDHEC (École de Hautes Études Commerciales du Nord),False,3133,,https://ideas.repec.org/e/pbo128.html
phu183,Paul Hubert,Banque de France,False,3134,566,https://ideas.repec.org/e/phu183.html
ppu13,Stephen Pudney,University of Essex,False,3135,,https://ideas.repec.org/e/ppu13.html
pho90,Randall G. Holcombe,Florida State University,False,3136,,https://ideas.repec.org/e/pho90.html
pca219,Eve Caroli,Université Paris-Dauphine (Paris IX),False,3137,,https://ideas.repec.org/f/pca219.html
pme45,Christopher M. Meissner,University of California-Davis,False,3138,,https://ideas.repec.org/e/pme45.html
pko5,Ari Kokko,Copenhagen Business School,False,3139,,https://ideas.repec.org/e/pko5.html
pha176,Kevin F. Hallock,University of Richmond,False,3140,,https://ideas.repec.org/e/pha176.html
pru6,Peter Rupert,University of California-Santa Barbara (UCSB),False,3141,,https://ideas.repec.org/e/pru6.html
pma757,Willard G. Manning,,True,3142,,https://ideas.repec.org/f/pma757.html
pst944,Ludwig Straub,Harvard University,False,3143,132,https://ideas.repec.org/f/pst944.html
pde483,Giacomo De Giorgi,Université de Genève,False,3144,2891,https://ideas.repec.org/f/pde483.html
pja312,Eckhard Janeba,Universität Mannheim,False,3145,,https://ideas.repec.org/f/pja312.html
pbe122,Marcus Berliant,Washington University in St. Louis,False,3146,,https://ideas.repec.org/e/pbe122.html
pha836,Frank H. Hahn,,True,3147,,https://ideas.repec.org/f/pha836.html
pco15,Juan Carlos Conesa,Stony Brook University - SUNY,False,3148,,https://ideas.repec.org/e/pco15.html
pno26,Hans-Theo Normann,Heinriche-Heine-Universität Düsseldorf,False,3149,,https://ideas.repec.org/e/pno26.html
pcl82,William R. Cline,Peter G. Peterson Institute for International Economics (IIE),False,3150,,https://ideas.repec.org/e/pcl82.html
pme693,James L. Medoff,,True,3151,,https://ideas.repec.org/f/pme693.html
pha860,G.c. Harcourt,,True,3152,,https://ideas.repec.org/f/pha860.html
pva171,Gerrit Cornelis van Kooten,University of Victoria,False,3153,,https://ideas.repec.org/e/pva171.html
pra205,Ranjan Ray,Monash University,False,3154,,https://ideas.repec.org/f/pra205.html
pbr791,Jonathan Brogaard,University of Utah,False,3155,837,https://ideas.repec.org/f/pbr791.html
pma1190,Charles F. Mason,University of Wyoming,False,3156,,https://ideas.repec.org/f/pma1190.html
pst352,Richard H. Steckel,,True,3157,,https://ideas.repec.org/f/pst352.html
pmc216,Patrick M. McGuire,Bank for International Settlements (BIS),False,3158,1413,https://ideas.repec.org/f/pmc216.html
pma1291,Filip Matejka,Center for Economic Research and Graduate Education and Economics Institute (CERGE-EI),False,3159,1109,https://ideas.repec.org/f/pma1291.html
pbo569,Zvi Bodie,,False,3160,,https://ideas.repec.org/f/pbo569.html
ppe155,Joel Peress,INSEAD,False,3161,,https://ideas.repec.org/e/ppe155.html
pfl22,Marc Flandreau,,False,3162,,https://ideas.repec.org/e/pfl22.html
ppl8,Erik Plug,Universiteit van Amsterdam,False,3163,3531,https://ideas.repec.org/e/ppl8.html
plh1,Yannick L'Horty,Université Paris-Est,False,3164,,https://ideas.repec.org/e/plh1.html
pbe431,David Besanko,Northwestern University,False,3165,,https://ideas.repec.org/f/pbe431.html
pst48,Steven Stern,Stony Brook University - SUNY,False,3166,,https://ideas.repec.org/e/pst48.html
ppr58,Leandro Prados de la Escosura,Universidad Carlos III de Madrid,False,3167,3127,https://ideas.repec.org/e/ppr58.html
ppa285,Daniel Parent,HEC Montréal (École des Hautes Études Commerciales),False,3168,,https://ideas.repec.org/f/ppa285.html
pve103,Carlos Velasco,Universidad Carlos III de Madrid,False,3169,,https://ideas.repec.org/e/pve103.html
pel167,Martin Eling,Universität St. Gallen,False,3170,2098,https://ideas.repec.org/e/pel167.html
pen41,Ruben Enikolopov,Barcelona School of Economics (BSE),False,3171,2385,https://ideas.repec.org/e/pen41.html
pco341,Richard Cornes,,True,3172,,https://ideas.repec.org/f/pco341.html
pfr109,Christian Francq,Centre de Recherche en Économie et Statistique (CREST),False,3173,2919,https://ideas.repec.org/e/pfr109.html
pde704,Aureo de Paula,University College London (UCL),False,3174,1208,https://ideas.repec.org/f/pde704.html
pdi21,Giovanni Di Bartolomeo,"""Sapienza"" Università di Roma",False,3175,2124,https://ideas.repec.org/e/pdi21.html
pha1002,Bing Han,University of Toronto,False,3176,2522,https://ideas.repec.org/f/pha1002.html
pti63,Govinda R. Timilsina,World Bank Group,False,3177,2058,https://ideas.repec.org/e/pti63.html
pzh690,Ning Zhang,Yonsei University,False,3178,420,https://ideas.repec.org/f/pzh690.html
pch1832,Ioannis Chatziantoniou,Hellenic Mediterranean University,False,3179,162,https://ideas.repec.org/f/pch1832.html
pri33,David Ribar,University of Melbourne,False,3180,,https://ideas.repec.org/e/pri33.html
pvi18,Robert John Vigfusson,,False,3181,,https://ideas.repec.org/e/pvi18.html
pgu538,Adam Guren,Boston University,False,3182,586,https://ideas.repec.org/f/pgu538.html
pve144,Fernando Vega-Redondo,Università Commerciale Luigi Bocconi,False,3183,,https://ideas.repec.org/e/pve144.html
pco350,Guido Cozzi,Universität St. Gallen,False,3184,3667,https://ideas.repec.org/f/pco350.html
pmi45,Thomas Miceli,University of Connecticut,False,3185,,https://ideas.repec.org/e/pmi45.html
pra65,Vijayendra Rao,,False,3186,,https://ideas.repec.org/e/pra65.html
pca105,Andrea Carriero,Queen Mary University of London,False,3187,1480,https://ideas.repec.org/e/pca105.html
pdi592,Rafael Dix-Carneiro,Duke University,False,3188,1147,https://ideas.repec.org/f/pdi592.html
pkr60,Tobias Kretschmer,Ludwig-Maximilians-Universität München,False,3189,2119,https://ideas.repec.org/e/pkr60.html
pja17,David Jaeger,University of St. Andrews,False,3190,1794,https://ideas.repec.org/e/pja17.html
pma1072,Giovanni Marin,Sustainability Environmental Economics and Dynamics Studies (SEEDS),False,3191,631,https://ideas.repec.org/f/pma1072.html
pga8,Ira N. Gang,,True,3192,,https://ideas.repec.org/e/pga8.html
pde792,Ender Demir,Háskólinn í Reykjavík,False,3193,169,https://ideas.repec.org/f/pde792.html
pma488,José Mata,Copenhagen Business School,False,3194,,https://ideas.repec.org/f/pma488.html
pku116,Guido M. Kuersteiner,University of Maryland,False,3195,,https://ideas.repec.org/e/pku116.html
pro118,William Roberds,Federal Reserve Bank of Atlanta,False,3196,,https://ideas.repec.org/e/pro118.html
ple108,Miguel Leon-Ledesma,University of Exeter,False,3197,,https://ideas.repec.org/e/ple108.html
pda51,Morris Davis,Rutgers University-Newark,False,3198,,https://ideas.repec.org/e/pda51.html
pca72,Trudy Ann Cameron,University of Oregon,False,3199,3550,https://ideas.repec.org/e/pca72.html
pbe109,Michèle Belot,,False,3200,2649,https://ideas.repec.org/e/pbe109.html
pkh185,Shahidur Rahman Khandker,International Food Policy Research Institute (IFPRI),False,3201,,https://ideas.repec.org/e/pkh185.html
pse46,Paul Segerstrom,Stockholm School of Economics,False,3202,,https://ideas.repec.org/e/pse46.html
pca304,Lisa Cameron,University of Melbourne,False,3203,,https://ideas.repec.org/f/pca304.html
pba341,Uschi Backes-Gellner,Universität Zürich,False,3204,2406,https://ideas.repec.org/f/pba341.html
pba1112,Stijn Baert,Universiteit Gent,False,3205,740,https://ideas.repec.org/f/pba1112.html
psz11,Ariane Szafarz,Université Libre de Bruxelles,False,3206,,https://ideas.repec.org/e/psz11.html
pim3,Selahattin Imrohoroglu,University of Southern California,False,3207,,https://ideas.repec.org/e/pim3.html
psu35,Alan Sutherland,Centre for Economic Policy Research (CEPR),False,3208,,https://ideas.repec.org/e/psu35.html
pad11,James Adams,Rensselaer Polytechnic Institute,False,3209,,https://ideas.repec.org/e/pad11.html
pda34,James Davidson,University of Exeter,False,3210,,https://ideas.repec.org/e/pda34.html
pwi163,Michael R. Wickens,,False,3211,,https://ideas.repec.org/e/pwi163.html
pca1184,Juan D. Carrillo,University of Southern California,False,3212,3702,https://ideas.repec.org/f/pca1184.html
pch288,Anusha Chari,,False,3213,709,https://ideas.repec.org/f/pch288.html
pdo145,Brian Edward Dollery,University of New England,False,3214,,https://ideas.repec.org/e/pdo145.html
pro786,Nancy Lin Rose,Massachusetts Institute of Technology (MIT),False,3215,,https://ideas.repec.org/f/pro786.html
pne96,Christopher A. Neilson,Yale University,False,3216,501,https://ideas.repec.org/e/pne96.html
pze33,Valentin Zelenyuk,University of Queensland,False,3217,1277,https://ideas.repec.org/e/pze33.html
pma1163,Donato Masciandaro,Università Commerciale Luigi Bocconi,False,3218,2271,https://ideas.repec.org/f/pma1163.html
pkl51,Tor Jakob Klette,,True,3219,,https://ideas.repec.org/e/pkl51.html
psm6,Michael Smart,University of Toronto,False,3220,,https://ideas.repec.org/e/psm6.html
pmc284,John F. McDonald,University of Illinois at Chicago,False,3221,,https://ideas.repec.org/f/pmc284.html
pbi299,Carola Conces Binder,University of Texas-Austin,False,3222,197,https://ideas.repec.org/f/pbi299.html
pce28,David Cesarini,New York University (NYU),False,3223,2347,https://ideas.repec.org/e/pce28.html
pge26,Garance Genicot,Georgetown University,False,3224,2174,https://ideas.repec.org/e/pge26.html
pba622,John Russel Baldwin,,False,3225,,https://ideas.repec.org/f/pba622.html
paz74,Ghazala Azmat,,True,3226,1357,https://ideas.repec.org/e/paz74.html
pla260,Markku Lanne,Helsingin Yliopisto,False,3227,,https://ideas.repec.org/f/pla260.html
pla36,Julia Lane,New York University (NYU),False,3228,,https://ideas.repec.org/e/pla36.html
pla302,Peter Frederik Lanjouw,Vrije Universiteit Amsterdam,False,3229,,https://ideas.repec.org/f/pla302.html
psh1114,Arshian Sharif,Sunway University,False,3230,92,https://ideas.repec.org/f/psh1114.html
ppa1071,Frank Packer,Bank for International Settlements (BIS),False,3231,1656,https://ideas.repec.org/f/ppa1071.html
pho15,Arthur Hosios,,True,3232,,https://ideas.repec.org/e/pho15.html
pso140,Luc L. Soete,United Nations University-Maastricht Economic Research Institute of Innovation and Technology (UNU-MERIT),False,3233,,https://ideas.repec.org/e/pso140.html
pal675,Treb Allen,Dartmouth College,False,3234,1402,https://ideas.repec.org/f/pal675.html
phi11,Keisuke Hirano,Pennsylvania State University,False,3235,,https://ideas.repec.org/e/phi11.html
pco762,Fulvio Corsi,Università degli Studi di Pisa,False,3236,,https://ideas.repec.org/f/pco762.html
pku693,Mordecai Kurz,Stanford University,False,3237,,https://ideas.repec.org/f/pku693.html
pgl73,Rachel Glennerster,Massachusetts Institute of Technology (MIT),False,3238,,https://ideas.repec.org/e/pgl73.html
phe54,Witold Jerzy Henisz,University of Pennsylvania,False,3239,,https://ideas.repec.org/e/phe54.html
psh559,Lloyd S. Shapley,,True,3240,,https://ideas.repec.org/f/psh559.html
pku21,Timo Kuosmanen,Turun Yliopisto,False,3241,,https://ideas.repec.org/e/pku21.html
pca231,Bertrand Candelon,Université Catholique de Louvain,False,3242,,https://ideas.repec.org/f/pca231.html
pli535,Shanjun Li,Cornell University,False,3243,699,https://ideas.repec.org/f/pli535.html
pma141,Mariana Mazzucato,University College London (UCL),False,3244,824,https://ideas.repec.org/e/pma141.html
pca344,Tiago Vanderlei de Vasconcelos Cavalcanti,University of Cambridge,False,3245,1726,https://ideas.repec.org/f/pca344.html
pni18,Helena Skyt Nielsen,Aarhus Universitet,False,3246,3464,https://ideas.repec.org/e/pni18.html
pni29,Dirk Niepelt,Universität Bern,False,3247,1051,https://ideas.repec.org/e/pni29.html
pko6,Miklós Koren,Central European University,False,3248,,https://ideas.repec.org/e/pko6.html
pfe62,Giovanni Ferri,Libera Università Maria Ss. Assunta (LUMSA),False,3249,,https://ideas.repec.org/e/pfe62.html
pjo225,Eric Jondeau,Université de Lausanne,False,3250,,https://ideas.repec.org/f/pjo225.html
pba10,Salvador Barrios,European Commission,False,3251,,https://ideas.repec.org/e/pba10.html
pfa265,Pablo D. Fajgelbaum,University of California-Los Angeles (UCLA),False,3252,987,https://ideas.repec.org/f/pfa265.html
pst185,Andreas Stephan,Linnéuniversitet,False,3253,2103,https://ideas.repec.org/e/pst185.html
pch570,Robert G Chambers,University of Maryland,False,3254,,https://ideas.repec.org/f/pch570.html
psc438,Harris Schlesinger,,True,3255,,https://ideas.repec.org/f/psc438.html
pti149,Charles Peter Timmer,Harvard University,False,3256,,https://ideas.repec.org/e/pti149.html
pde52,Angel de La Fuente,Fundación de Estudios de Economía Aplicada (FEDEA),False,3257,,https://ideas.repec.org/e/pde52.html
pir23,Zuzana Irsova,Univerzita Karlova v Praze,False,3258,983,https://ideas.repec.org/e/pir23.html
pco1187,Patricia Cortes,Boston University,False,3259,795,https://ideas.repec.org/f/pco1187.html
pvo93,Joachim VON Braun,Rheinische Friedrich-Wilhelms-Universität Bonn,False,3260,,https://ideas.repec.org/e/pvo93.html
pno56,Marcus Noland,Peter G. Peterson Institute for International Economics (IIE),False,3261,,https://ideas.repec.org/e/pno56.html
pbu250,Paula Bustos,Barcelona School of Economics (BSE),False,3262,,https://ideas.repec.org/f/pbu250.html
pro1120,Matthew Rognlie,Northwestern University,False,3263,304,https://ideas.repec.org/f/pro1120.html
pcl85,James Cloyne,University of California-Davis,False,3264,457,https://ideas.repec.org/e/pcl85.html
pch548,Angus C. Chu,University of Macau,False,3265,1450,https://ideas.repec.org/f/pch548.html
pch1296,Daniel Li Chen,Toulouse School of Economics (TSE),False,3266,,https://ideas.repec.org/f/pch1296.html
pro259,Kevin Roberts,Oxford University,False,3267,,https://ideas.repec.org/f/pro259.html
pco167,David Theodore Coe,International Monetary Fund (IMF),False,3268,,https://ideas.repec.org/e/pco167.html
pfe99,Andrea Ferrero,Oxford University,False,3269,,https://ideas.repec.org/e/pfe99.html
peb16,Markus Eberhardt,University of Nottingham,False,3270,,https://ideas.repec.org/e/peb16.html
pgo281,Joshua Goodman,Boston University,False,3271,733,https://ideas.repec.org/f/pgo281.html
peh7,Lars Ehlers,Université de Montréal,False,3272,,https://ideas.repec.org/e/peh7.html
pha212,Andreas Haufler,Ludwig-Maximilians-Universität München,False,3273,,https://ideas.repec.org/f/pha212.html
pes57,Marcela Eslava,Universidad de los Andes (Colombia),False,3274,1569,https://ideas.repec.org/e/pes57.html
pmi1005,Pascal Michaillat,University of California-Santa Cruz (UCSC),False,3275,779,https://ideas.repec.org/f/pmi1005.html
pya100,Dennis Tao Yang,University of Virginia,False,3276,,https://ideas.repec.org/e/pya100.html
pkr97,Jan Kregel,Tallinna Tehnikaülikool,False,3277,,https://ideas.repec.org/e/pkr97.html
pke318,Franz Willi Kellermanns,University of North Carolina-Charlotte,False,3278,2745,https://ideas.repec.org/f/pke318.html
pgu99,Marc Gurgand,Paris School of Economics,False,3279,,https://ideas.repec.org/e/pgu99.html
phe365,Kyle Frederic Herkenhoff,,False,3280,211,https://ideas.repec.org/f/phe365.html
pgl16,Albrecht Glitz,Barcelona School of Economics (BSE),False,3281,,https://ideas.repec.org/e/pgl16.html
pho36,Joel L. Horowitz,Northwestern University,False,3282,,https://ideas.repec.org/e/pho36.html
pur18,Heinrich W. Ursprung,,True,3283,,https://ideas.repec.org/e/pur18.html
pce51,Matteo Cervellati,Alma Mater Studiorum - Università di Bologna,False,3284,3412,https://ideas.repec.org/e/pce51.html
pji20,Sergi Jimenez-Martin,Barcelona School of Economics (BSE),False,3285,,https://ideas.repec.org/e/pji20.html
pha601,Alfred A. Haug,University of Otago,False,3286,,https://ideas.repec.org/f/pha601.html
pba1134,Raymond C. Battalio,,True,3287,,https://ideas.repec.org/f/pba1134.html
pen12,Dirk Engelmann,Humboldt-Universität Berlin,False,3288,,https://ideas.repec.org/e/pen12.html
psm185,Lee A. Smales,University of Western Australia,False,3289,367,https://ideas.repec.org/e/psm185.html
pri271,Dan Rickman,Oklahoma State University,False,3290,,https://ideas.repec.org/f/pri271.html
pra28,Pau Rabanal,International Monetary Fund (IMF),False,3291,,https://ideas.repec.org/e/pra28.html
pgo15,João F Gomes,University of Pennsylvania,False,3292,,https://ideas.repec.org/e/pgo15.html
pkr127,Dennis Kristensen,University College London (UCL),False,3293,,https://ideas.repec.org/e/pkr127.html
pth25,Jerry Thursby,Georgia Institute of Technology,False,3294,,https://ideas.repec.org/e/pth25.html
pgr333,Reuben Gronau,Hebrew University of Jerusalem,False,3295,,https://ideas.repec.org/f/pgr333.html
pia3,Stefano Maria Iacus,Harvard University,False,3296,,https://ideas.repec.org/e/pia3.html
pzh357,Yifan Zhang,Chinese University of Hong Kong,False,3297,3382,https://ideas.repec.org/f/pzh357.html
pci40,Martin Cihak,International Monetary Fund (IMF),False,3298,,https://ideas.repec.org/e/pci40.html
pkh5,Aubhik Khan,Ohio State University,False,3299,,https://ideas.repec.org/e/pkh5.html
pbo27,Vani Borooah,,False,3300,,https://ideas.repec.org/e/pbo27.html
pga17,Andrea Galeotti,London Business School (LBS),False,3301,,https://ideas.repec.org/e/pga17.html
pco315,William J. Collins,Vanderbilt University,False,3302,3058,https://ideas.repec.org/f/pco315.html
par66,Luc Arrondel,Paris School of Economics,False,3303,2747,https://ideas.repec.org/e/par66.html
pny18,Yaw Nyarko,New York University (NYU),False,3304,,https://ideas.repec.org/e/pny18.html
pfr9,Murray Frank,University of Minnesota,False,3305,,https://ideas.repec.org/e/pfr9.html
pkr86,Alexander Kritikos,DIW Berlin (Deutsches Institut für Wirtschaftsforschung),False,3306,1823,https://ideas.repec.org/e/pkr86.html
pko425,Amanda Ellen Kowalski,University of Michigan,False,3307,2878,https://ideas.repec.org/f/pko425.html
pwa179,Todd B. Walker,Indiana University,False,3308,,https://ideas.repec.org/e/pwa179.html
pra705,Amnon Rapoport,,True,3309,,https://ideas.repec.org/f/pra705.html
pwr6,Mark Wright,Federal Reserve Bank of St. Louis,False,3310,,https://ideas.repec.org/e/pwr6.html
phu448,Florian Huber,Paris-Lodron Universität Salzburg,False,3311,589,https://ideas.repec.org/f/phu448.html
pur10,Miguel Urquiola,,False,3312,,https://ideas.repec.org/e/pur10.html
ppe212,Motty Perry,University of Warwick,False,3313,,https://ideas.repec.org/f/ppe212.html
ppe62,James Peck,Ohio State University,False,3314,,https://ideas.repec.org/e/ppe62.html
psa836,Dov Samet,Tel Aviv University,False,3315,,https://ideas.repec.org/f/psa836.html
pna218,Mauro Napoletano,Université Côte d'Azur,False,3316,817,https://ideas.repec.org/f/pna218.html
psc117,Maik Schmeling,Goethe Universität Frankfurt am Main,False,3317,3649,https://ideas.repec.org/e/psc117.html
ppu18,Patrick A. Puhani,Leibniz Universität Hannover,False,3318,,https://ideas.repec.org/e/ppu18.html
phj5,Randi Hjalmarsson,Göteborgs Universitet,False,3319,2207,https://ideas.repec.org/e/phj5.html
ptr85,Nicolas Treich,Toulouse School of Economics (TSE),False,3320,2337,https://ideas.repec.org/e/ptr85.html
psc768,Hannes Schwandt,Northwestern University,False,3321,610,https://ideas.repec.org/f/psc768.html
psi414,Sebastian Siegloch,Universität zu Köln,False,3322,882,https://ideas.repec.org/f/psi414.html
pda55,Andrew F. Daughety,Vanderbilt University,False,3323,,https://ideas.repec.org/e/pda55.html
phe34,Paul Heidhues,Heinriche-Heine-Universität Düsseldorf,False,3324,1391,https://ideas.repec.org/e/phe34.html
plk4,Katrine Vellesen Løken,Norges Handelshøyskole (NHH),False,3325,1865,https://ideas.repec.org/e/plk4.html
pla17,Guy Lacroix,Université Laval,False,3326,,https://ideas.repec.org/e/pla17.html
pve266,Marno Verbeek,Erasmus Universiteit Rotterdam,False,3327,,https://ideas.repec.org/f/pve266.html
pca881,Mark A. Carlson,Federal Reserve Board (Board of Governors of the Federal Reserve System),False,3328,2300,https://ideas.repec.org/f/pca881.html
psi354,Todd Sinai,University of Pennsylvania,False,3329,,https://ideas.repec.org/f/psi354.html
pfe128,Ana Margarida Fernandes,World Bank Group,False,3330,2692,https://ideas.repec.org/e/pfe128.html
psl22,Jiri,European Central Bank,False,3331,1853,https://ideas.repec.org/e/psl22.html
pgr34,Simon Grant,Australian National University,False,3332,,https://ideas.repec.org/e/pgr34.html
pbe1,David A. Bessler,Texas A&M University,False,3333,,https://ideas.repec.org/e/pbe1.html
pse72,Ananth Seshadri,University of Wisconsin-Madison,False,3334,,https://ideas.repec.org/e/pse72.html
phi51,Jean Hindriks,Université Catholique de Louvain,False,3335,,https://ideas.repec.org/e/phi51.html
pji300,Ruixue Jia,University of California-San Diego (UCSD),False,3336,571,https://ideas.repec.org/f/pji300.html
pwe37,Shlomo Weber,New Economic School (NES),False,3337,,https://ideas.repec.org/e/pwe37.html
pal4,Carlos Alós-Ferrer,Lancaster University,False,3338,1546,https://ideas.repec.org/e/pal4.html
pka57,Daiji Kawaguchi,,False,3339,2411,https://ideas.repec.org/e/pka57.html
psc54,Herbert E. Scarf,,True,3340,,https://ideas.repec.org/e/psc54.html
pma67,Hitoshi Matsushima,University of Tokyo,False,3341,,https://ideas.repec.org/e/pma67.html
pmc16,Seamus McGuinness,Economic and Social Research Institute (ESRI),False,3342,1641,https://ideas.repec.org/e/pmc16.html
pir28,Scott H. Irwin,University of Illinois at Urbana-Champaign,False,3343,,https://ideas.repec.org/e/pir28.html
pto156,Michael Wayne Toffel,Harvard University,False,3344,,https://ideas.repec.org/e/pto156.html
pcl65,Peter K. Clark,University of California-Davis,False,3345,,https://ideas.repec.org/e/pcl65.html
phe271,Carsten Hefeker,Universität Siegen,False,3346,,https://ideas.repec.org/f/phe271.html
pso34,Simon Sosvilla-Rivero,Universidad Complutense de Madrid,False,3347,,https://ideas.repec.org/e/pso34.html
pga165,Gino Gancia,Università degli Studi di Milano-Bicocca,False,3348,2459,https://ideas.repec.org/e/pga165.html
pla447,John Laitner,University of Michigan,False,3349,,https://ideas.repec.org/f/pla447.html
pca503,Martin Anthony Carree,Maastricht University,False,3350,,https://ideas.repec.org/f/pca503.html
ppr43,Rajagopal,Instituto Tecnológico y de Estudios Superiores de Monterrey (ITESM),False,3351,,https://ideas.repec.org/e/ppr43.html
pwo149,Andrew Worthington,Griffith University,False,3352,,https://ideas.repec.org/e/pwo149.html
pne112,Damien J. Neven,The Graduate Institute of International and Development Studies,False,3353,,https://ideas.repec.org/e/pne112.html
psa107,Manuel S. Santos,University of Miami,False,3354,,https://ideas.repec.org/e/psa107.html
pgo681,Dana P. Goldman,University of Southern California,False,3355,,https://ideas.repec.org/f/pgo681.html
pjo10,Per Johansson,,False,3356,,https://ideas.repec.org/e/pjo10.html
pts32,Daniel Tsiddon,Tel Aviv University,False,3357,,https://ideas.repec.org/e/pts32.html
pza225,Francesco Zanetti,Oxford University,False,3358,956,https://ideas.repec.org/f/pza225.html
pda145,Hippolyte d'Albis,ESSEC Business School,False,3359,1188,https://ideas.repec.org/e/pda145.html
pwr17,Simon Wren-Lewis,Oxford University,False,3360,,https://ideas.repec.org/e/pwr17.html
pzh846,Wei-Xing Zhou,East China University of Science and Technology,False,3361,2087,https://ideas.repec.org/f/pzh846.html
psc282,Sam Schulhofer-Wohl,Federal Reserve Bank of Dallas,False,3362,1272,https://ideas.repec.org/f/psc282.html
pse47,Kathleen Segerson,University of Connecticut,False,3363,,https://ideas.repec.org/e/pse47.html
psu192,James Xavier Sullivan,University of Notre Dame,False,3364,2208,https://ideas.repec.org/e/psu192.html
pso90,Russell S. Sobel,The Citadel,False,3365,,https://ideas.repec.org/e/pso90.html
pla289,Andreas Lange,Universität Hamburg,False,3366,,https://ideas.repec.org/f/pla289.html
pas3,Philippe Askenazy,École des Hautes Études en Sciences Sociales (EHESS),False,3367,,https://ideas.repec.org/e/pas3.html
pbr16,Stefano Breschi,Università Commerciale Luigi Bocconi,False,3368,,https://ideas.repec.org/e/pbr16.html
pba121,Nathan Balke,Southern Methodist University,False,3369,,https://ideas.repec.org/e/pba121.html
pha178,Donald Richard Haurin,Ohio State University,False,3370,,https://ideas.repec.org/e/pha178.html
ptu191,Calum G. Turvey,Cornell University,False,3371,,https://ideas.repec.org/e/ptu191.html
pse69,John J. Seater,North Carolina State University,False,3372,,https://ideas.repec.org/e/pse69.html
phy11,Dean Hyslop,Motu: Economic & Public Policy Research,False,3373,,https://ideas.repec.org/e/phy11.html
pre77,James B. Rebitzer,Boston University,False,3374,,https://ideas.repec.org/e/pre77.html
pdo40,John J. Donohue,,False,3375,,https://ideas.repec.org/e/pdo40.html
psj10,Tomas Sjostrom,Rutgers University-New Brunswick,False,3376,,https://ideas.repec.org/e/psj10.html
pdo220,Carlos Dobkin,University of California-Santa Cruz (UCSC),False,3377,2627,https://ideas.repec.org/f/pdo220.html
pca783,Colin Carter,University of California-Davis,False,3378,,https://ideas.repec.org/f/pca783.html
pch701,Bent Jesper Christensen,Aarhus Universitet,False,3379,,https://ideas.repec.org/f/pch701.html
pum40,Zaghum Umar,Zayed University,False,3380,165,https://ideas.repec.org/e/pum40.html
pku274,Moritz Kuhn,,False,3381,452,https://ideas.repec.org/f/pku274.html
phe212,Florian Heider,Leibniz-Institut für Finanzmarktforschung SAFE (Sustainable Architecture for Finance in Europe),False,3382,1676,https://ideas.repec.org/f/phe212.html
pdo42,Cheryl Doss,Tufts University,False,3383,2817,https://ideas.repec.org/e/pdo42.html
pmi66,Alejandro Micco,Universidad de Chile,False,3384,,https://ideas.repec.org/e/pmi66.html
pro652,John Romalis,Macquarie University,False,3385,,https://ideas.repec.org/f/pro652.html
pre355,John Matthew Reilly,Massachusetts Institute of Technology (MIT),False,3386,,https://ideas.repec.org/f/pre355.html
pel9,Jeffrey Ely,Northwestern University,False,3387,,https://ideas.repec.org/e/pel9.html
pch138,Yuyu Chen,Peking University,False,3388,2395,https://ideas.repec.org/e/pch138.html
plo82,W. Adam Looney,Brookings Institution,False,3389,,https://ideas.repec.org/e/plo82.html
pbr492,Robert Brooks,Monash University,False,3390,,https://ideas.repec.org/f/pbr492.html
pte14,Bas Ter Weel,Universiteit van Amsterdam,False,3391,,https://ideas.repec.org/e/pte14.html
ppe261,Nicola Persico,New York University (NYU),False,3392,,https://ideas.repec.org/f/ppe261.html
pdu43,John Paul Dunne,University of Cape Town,False,3393,,https://ideas.repec.org/e/pdu43.html
pmy5,Gareth Myles,Adelaide University,False,3394,,https://ideas.repec.org/e/pmy5.html
pjo116,Olof Johansson-Stenman,Göteborgs Universitet,False,3395,,https://ideas.repec.org/e/pjo116.html
pca228,Mehmet Caner,North Carolina State University,False,3396,,https://ideas.repec.org/f/pca228.html
pbo185,Peter J. Boettke,Mercatus Center,False,3397,,https://ideas.repec.org/e/pbo185.html
ppe391,Ragan Petrie,Texas A&M University,False,3398,3533,https://ideas.repec.org/f/ppe391.html
pwa297,Susan M. Wachter,University of Pennsylvania,False,3399,,https://ideas.repec.org/f/pwa297.html
pbr145,Lucas Bretschger,Eidgenössische Technische Hochschule Zürich (ETHZ),False,3400,1579,https://ideas.repec.org/e/pbr145.html
pka441,Masahiro Kawai,University of Niigata Prefecture,False,3401,,https://ideas.repec.org/f/pka441.html
peu2,Stefano Eusepi,University of Texas-Austin,False,3402,,https://ideas.repec.org/e/peu2.html
pve33,Frederic Vermeulen,KU Leuven,False,3403,,https://ideas.repec.org/e/pve33.html
pho419,Robin Miles Hogarth,Barcelona School of Economics (BSE),False,3404,,https://ideas.repec.org/f/pho419.html
pxi184,Fan Dora Xia,Bank for International Settlements (BIS),False,3405,1590,https://ideas.repec.org/e/pxi184.html
pbe391,Jeff W Bennett,Australian National University,False,3406,3568,https://ideas.repec.org/f/pbe391.html
par319,Channing Arndt,International Food Policy Research Institute (IFPRI),False,3407,,https://ideas.repec.org/f/par319.html
pev42,Paul Evans,,True,3408,,https://ideas.repec.org/e/pev42.html
pha24,Abdulnasser Hatemi-J,United Arab Emirates University,False,3409,,https://ideas.repec.org/e/pha24.html
ppi451,Rodrigo Pinto,,False,3410,,https://ideas.repec.org/f/ppi451.html
pba243,Timothy Bates,University of Vermont,False,3411,,https://ideas.repec.org/f/pba243.html
pde234,Cary A. Deck,University of Alabama-Tuscaloosa,False,3412,,https://ideas.repec.org/f/pde234.html
pga10,Bruce Gardner,,True,3413,,https://ideas.repec.org/e/pga10.html
pba338,Chong-En Bai,Tsinghua University,False,3414,,https://ideas.repec.org/f/pba338.html
pda61,John Bryan Davis,Marquette University,False,3415,2970,https://ideas.repec.org/e/pda61.html
pbe44,James Bessen,,False,3416,1488,https://ideas.repec.org/e/pbe44.html
pju62,David R. Just,Cornell University,False,3417,,https://ideas.repec.org/e/pju62.html
pri152,Francisco L. Rivera-Batiz,Columbia University,False,3418,353,https://ideas.repec.org/e/pri152.html
pkl39,Kenneth Kletzer,University of California-Santa Cruz (UCSC),False,3419,,https://ideas.repec.org/e/pkl39.html
pst535,Roland Straub,European Central Bank,False,3420,,https://ideas.repec.org/f/pst535.html
ppn1,Ivan P.l. Png,National University of Singapore (NUS),False,3421,,https://ideas.repec.org/e/ppn1.html
pga309,Stuart A. Gabriel,University of California-Los Angeles (UCLA),False,3422,,https://ideas.repec.org/f/pga309.html
phi153,Albert O. Hirschman,,True,3423,,https://ideas.repec.org/e/phi153.html
pzh153,Jing Zhang,Federal Reserve Bank of Chicago,False,3424,,https://ideas.repec.org/e/pzh153.html
ppo153,Gregory Ponthiere,Centre de Recherche en Économie et Management (CREM),False,3425,1375,https://ideas.repec.org/e/ppo153.html
ppr55,Paola Profeta,,False,3426,1603,https://ideas.repec.org/e/ppr55.html
pcu27,Vicente Cuñat,London School of Economics (LSE),False,3427,3053,https://ideas.repec.org/e/pcu27.html
pji52,Wei Jiang,Columbia University,False,3428,,https://ideas.repec.org/e/pji52.html
pau5,Emmanuelle Auriol,Toulouse School of Economics (TSE),False,3429,2489,https://ideas.repec.org/e/pau5.html
pbr361,James R. Brown,Texas A&M University,False,3430,2210,https://ideas.repec.org/f/pbr361.html
pmi740,Silvia Miranda-Agrippino,Federal Reserve Bank of New York,False,3431,1297,https://ideas.repec.org/f/pmi740.html
pko1102,Brian K. Kovak,Carnegie Mellon University,False,3432,1240,https://ideas.repec.org/f/pko1102.html
psw7,Jeroen Swinkels,Washington University in St. Louis,False,3433,,https://ideas.repec.org/e/psw7.html
per18,Andres Erosa,Universidad Carlos III de Madrid,False,3434,,https://ideas.repec.org/e/per18.html
ppe17,David Perez-Castrillo,Barcelona School of Economics (BSE),False,3435,,https://ideas.repec.org/e/ppe17.html
psh722,Ilhyock Shim,Bank for International Settlements (BIS),False,3436,911,https://ideas.repec.org/f/psh722.html
pwe297,Matthew D Webb,Carleton University,False,3437,296,https://ideas.repec.org/f/pwe297.html
pst602,Frances Stewart,Oxford University,False,3438,,https://ideas.repec.org/f/pst602.html
pfr76,Markus Frölich,,False,3439,,https://ideas.repec.org/e/pfr76.html
pre651,Xiaohang Ren,Central South University,False,3440,118,https://ideas.repec.org/f/pre651.html
ppo349,Cristian Pop-Eleches,Columbia University,False,3441,,https://ideas.repec.org/f/ppo349.html
pba1733,Jose Maria Barrero,Instituto Tecnólogico Autónomo de México (ITAM),False,3442,196,https://ideas.repec.org/f/pba1733.html
pde1020,Guido de Blasio,Banca d'Italia,False,3443,1846,https://ideas.repec.org/f/pde1020.html
ppi197,Justin R. Pierce,Federal Reserve Board (Board of Governors of the Federal Reserve System),False,3444,2868,https://ideas.repec.org/e/ppi197.html
pwa121,Daniel Waldenström,Institutet för Näringslivsforskning (IFN),False,3445,2617,https://ideas.repec.org/e/pwa121.html
pgr209,Pauline Grosjean,UNSW Sydney,False,3446,1331,https://ideas.repec.org/f/pgr209.html
pab39,Jason Abrevaya,University of Texas-Austin,False,3447,,https://ideas.repec.org/e/pab39.html
pti73,Felix Tintelnot,University of Chicago,False,3448,515,https://ideas.repec.org/e/pti73.html
pki115,Geeta Gandhi Kingdon,Institute of Education,False,3449,,https://ideas.repec.org/e/pki115.html
pde836,Yongheng Deng,University of Wisconsin-Madison,False,3450,,https://ideas.repec.org/f/pde836.html
psk88,Vasiliki Skreta,University of Texas-Austin,False,3451,1377,https://ideas.repec.org/e/psk88.html
pmi35,Fabio Milani,University of California-Irvine,False,3452,,https://ideas.repec.org/e/pmi35.html
pfo78,Frank M. Fossen,University of Nevada-Reno,False,3453,1273,https://ideas.repec.org/e/pfo78.html
pvo136,Francesco Vona,,False,3454,768,https://ideas.repec.org/e/pvo136.html
pho239,Marie Hoerova,European Central Bank,False,3455,,https://ideas.repec.org/f/pho239.html
pvo208,Paolo Volpin,City St George's,False,3456,,https://ideas.repec.org/f/pvo208.html
pgu94,Jan Willem Gunning,Vrije Universiteit Amsterdam,False,3457,,https://ideas.repec.org/e/pgu94.html
psc296,Maurice Schiff,Luxembourg Institute of Socio-Economic Research (LISER),False,3458,,https://ideas.repec.org/f/psc296.html
pmu97,Jakob Roland Munch,Københavns Universitet,False,3459,,https://ideas.repec.org/e/pmu97.html
pbi249,Nancy Birdsall,Center for Global Development (CGD),False,3460,,https://ideas.repec.org/f/pbi249.html
ptu45,Alessandro Turrini,,False,3461,,https://ideas.repec.org/e/ptu45.html
pco242,Mark A. Cohen,Vanderbilt University,False,3462,,https://ideas.repec.org/f/pco242.html
pga304,Alfred Galichon,New York University (NYU),False,3463,,https://ideas.repec.org/f/pga304.html
phe20,Gregory D. Hess,,False,3464,,https://ideas.repec.org/e/phe20.html
pro950,John Matthew Rose,University of Technology Sydney,False,3465,,https://ideas.repec.org/f/pro950.html
pcr199,Henrik Cronqvist,Chapman University,False,3466,3067,https://ideas.repec.org/e/pcr199.html
plo154,James R. Lothian,Fordham University,False,3467,,https://ideas.repec.org/e/plo154.html
pka293,Gueorgui Kambourov,University of Toronto,False,3468,1951,https://ideas.repec.org/f/pka293.html
pso49,Gerhard Sorger,Universität Wien,False,3469,,https://ideas.repec.org/e/pso49.html
pco557,Courtney Coile,Wellesley College,False,3470,3154,https://ideas.repec.org/f/pco557.html
pfv1,Patrick Fève,Toulouse School of Economics (TSE),False,3471,,https://ideas.repec.org/e/pfv1.html
pwi38,Roberton C. Williams III,University of Maryland,False,3472,,https://ideas.repec.org/e/pwi38.html
pna222,Salvador Navarro,University of Western Ontario,False,3473,2441,https://ideas.repec.org/f/pna222.html
ply29,Thomas Peyton Lyon,University of Michigan,False,3474,,https://ideas.repec.org/e/ply29.html
psa1696,Bhaven N. Sampat,Columbia University,False,3475,3557,https://ideas.repec.org/f/psa1696.html
pko77,James Konow,Christian-Albrechts-Universität Kiel,False,3476,,https://ideas.repec.org/e/pko77.html
piy4,Murat F. Iyigun,,False,3477,,https://ideas.repec.org/e/piy4.html
psa114,Michael Sattinger,University at Albany,False,3478,,https://ideas.repec.org/e/psa114.html
pma177,Dalia Marin,Ludwig-Maximilians-Universität München,False,3479,,https://ideas.repec.org/e/pma177.html
ppe296,Maria Petrova,Barcelona School of Economics (BSE),False,3480,2223,https://ideas.repec.org/f/ppe296.html
pma676,Marco Mariotti,Queen Mary University of London,False,3481,,https://ideas.repec.org/f/pma676.html
pko293,Mark Koyama,,False,3482,646,https://ideas.repec.org/f/pko293.html
pra269,Paul Anton Raschky,Monash University,False,3483,3604,https://ideas.repec.org/f/pra269.html
pfa115,Riccardo Faini,,True,3484,,https://ideas.repec.org/e/pfa115.html
pli167,Jeremy Lise,Cornell University,False,3485,991,https://ideas.repec.org/e/pli167.html
pda10,Jon Danielsson,London School of Economics (LSE),False,3486,,https://ideas.repec.org/e/pda10.html
pol82,Stephen D. Oliner,Federal Reserve Board (Board of Governors of the Federal Reserve System),False,3487,,https://ideas.repec.org/e/pol82.html
pra286,Francesco Ravazzolo,Libera Università di Bolzano / Freie Universität Bozen,False,3488,2930,https://ideas.repec.org/f/pra286.html
phu288,Gary Clyde Hufbauer,Peter G. Peterson Institute for International Economics (IIE),False,3489,,https://ideas.repec.org/f/phu288.html
pde444,Lorraine Dearden,University College London (UCL),False,3490,,https://ideas.repec.org/f/pde444.html
pdr157,Mirko Draca,University of Warwick,False,3491,,https://ideas.repec.org/e/pdr157.html
pwa82,Wolf Wagner,Erasmus Universiteit Rotterdam,False,3492,,https://ideas.repec.org/e/pwa82.html
pma370,Giovanni Mastrobuoni,,False,3493,,https://ideas.repec.org/f/pma370.html
pli342,Charles Robin Lindsey,University of Alberta,False,3494,,https://ideas.repec.org/f/pli342.html
pch1415,Zhiwu Chen,Cheung Kong Graduate School of Business,False,3495,,https://ideas.repec.org/f/pch1415.html
pti14,Peter Tinsley,,True,3496,,https://ideas.repec.org/e/pti14.html
pdi319,Jonathan Ivan Dingel,Columbia University,False,3497,201,https://ideas.repec.org/f/pdi319.html
paa6,Rolf Aaberge,Universitetet i Oslo,False,3498,,https://ideas.repec.org/e/paa6.html
pwu24,Yangru Wu,Rutgers University-Newark,False,3499,,https://ideas.repec.org/e/pwu24.html
psi89,Henry E. Siu,University of British Columbia,False,3500,,https://ideas.repec.org/e/psi89.html
pne62,Lionel Nesta,Université Côte d'Azur,False,3501,,https://ideas.repec.org/e/pne62.html
pmo519,Kamiar Mohaddes,University of Cambridge,False,3502,1379,https://ideas.repec.org/f/pmo519.html
pan79,Manuela Angelucci,University of Texas-Austin,False,3503,,https://ideas.repec.org/e/pan79.html
pbe104,Germà Bel,Universitat de Barcelona,False,3504,3086,https://ideas.repec.org/e/pbe104.html
pro44,Michael Rosholm,Aarhus Universitet,False,3505,,https://ideas.repec.org/e/pro44.html
pmu154,Sujoy Mukerji,Queen Mary University of London,False,3506,,https://ideas.repec.org/e/pmu154.html
pfr45,Fredj Jawadi,Université Paris-Nanterre (Paris X),False,3507,850,https://ideas.repec.org/e/pfr45.html
pma1325,Karen Macours,Paris School of Economics,False,3508,1285,https://ideas.repec.org/f/pma1325.html
pmo104,Juan D. Moreno-Ternero,Universidad Pablo de Olavide,False,3509,1516,https://ideas.repec.org/e/pmo104.html
pmc65,Michael McKee,Appalachian State University,False,3510,,https://ideas.repec.org/e/pmc65.html
psa736,Raaj Kumar Sah,University of Chicago,False,3511,,https://ideas.repec.org/f/psa736.html
pbj2,Hilde Christiane Bjørnland,BI Handelshøyskolen,False,3512,2791,https://ideas.repec.org/e/pbj2.html
pha1103,Marina Halac,Yale University,False,3513,605,https://ideas.repec.org/f/pha1103.html
psc348,Ernesto Schargrodsky,Universidad Torcuato Di Tella,False,3514,,https://ideas.repec.org/f/psc348.html
pam25,Brent W. Ambrose,Pennsylvania State University,False,3515,,https://ideas.repec.org/e/pam25.html
psl14,Peter James Sloane,Swansea University,False,3516,,https://ideas.repec.org/e/psl14.html
pmo943,Joan Monras,Barcelona School of Economics (BSE),False,3517,429,https://ideas.repec.org/f/pmo943.html
pwu181,Sven Hans Wunder,,False,3518,3191,https://ideas.repec.org/e/pwu181.html
pma404,Sophocles Mavroeidis,Oxford University,False,3519,2329,https://ideas.repec.org/f/pma404.html
pyo53,Seong-Min Yoon,Pusan National University,False,3520,302,https://ideas.repec.org/e/pyo53.html
pga1288,Antonio F Galvao,Michigan State University,False,3521,1754,https://ideas.repec.org/f/pga1288.html
pst471,Ralph Stinebrickner,University of Western Ontario,False,3522,,https://ideas.repec.org/f/pst471.html
pmi187,Tomasz Marek Mickiewicz,Aston University,False,3523,2357,https://ideas.repec.org/e/pmi187.html
pre144,Katrin Rehdanz,Christian-Albrechts-Universität Kiel,False,3524,,https://ideas.repec.org/e/pre144.html
pde255,Andries de Grip,Maastricht University,False,3525,,https://ideas.repec.org/f/pde255.html
pbr193,Bernt Bratsberg,Universitetet i Oslo,False,3526,,https://ideas.repec.org/e/pbr193.html
pou3,Nicholas Oulton,Centre for Macroeconomics (CFM),False,3527,,https://ideas.repec.org/e/pou3.html
pda116,Mary Colleen Daly,Federal Reserve Bank of San Francisco,False,3528,,https://ideas.repec.org/e/pda116.html
pmi211,John Micklewright,University College London (UCL),False,3529,,https://ideas.repec.org/f/pmi211.html
pda162,Zsolt Darvas,Bruegel,False,3530,2994,https://ideas.repec.org/e/pda162.html
pan395,Dan Andrews,Organisation de Coopération et de Développement Économiques (OCDE),False,3531,1078,https://ideas.repec.org/f/pan395.html
pla61,Nicola Lacetera,Alma Mater Studiorum - Università di Bologna,False,3532,3263,https://ideas.repec.org/e/pla61.html
pfe429,Jesus Felipe,Asian Institute of Management,False,3533,,https://ideas.repec.org/f/pfe429.html
ppa30,David Parsley,Vanderbilt University,False,3534,,https://ideas.repec.org/e/ppa30.html
pfi266,Andrew Filardo,Bank for International Settlements (BIS),False,3535,,https://ideas.repec.org/f/pfi266.html
pjo89,Nick Johnstone,Agence Internationale de l'Énergie,False,3536,,https://ideas.repec.org/e/pjo89.html
pro65,Hugh Rockoff,Rutgers University-New Brunswick,False,3537,,https://ideas.repec.org/e/pro65.html
pri55,Luca Antonio Ricci,International Monetary Fund (IMF),False,3538,,https://ideas.repec.org/e/pri55.html
pka319,Gautam Kaul,University of Michigan,False,3539,,https://ideas.repec.org/f/pka319.html
psc264,Todd Schoellman,Federal Reserve Bank of Minneapolis,False,3540,578,https://ideas.repec.org/f/psc264.html
pba45,Pedro Barros,Universidade Nova de Lisboa,False,3541,,https://ideas.repec.org/e/pba45.html
pna13,John F. Nash,,True,3542,,https://ideas.repec.org/e/pna13.html
pwi271,Tomasz Wojciech Wieladek,Centre for Economic Policy Research (CEPR),False,3543,,https://ideas.repec.org/f/pwi271.html
pqi75,Jun Qian,Shanghai Jiao Tong University,False,3544,,https://ideas.repec.org/e/pqi75.html
pbr19,Tilman Brück,,False,3545,2416,https://ideas.repec.org/e/pbr19.html
plo320,Bridget Terry Long,National Bureau of Economic Research (NBER),False,3546,,https://ideas.repec.org/f/plo320.html
ple1182,Chi-Chuan Lee,Southwestern University of Finance and Economics (SWUFE),False,3547,179,https://ideas.repec.org/f/ple1182.html
pda280,Hai-Anh H. Dang,World Bank Group,False,3548,750,https://ideas.repec.org/f/pda280.html
pju42,Chinhui Juhn,University of Houston,False,3549,,https://ideas.repec.org/e/pju42.html
pco530,Shawn Cole,Harvard University,False,3550,,https://ideas.repec.org/f/pco530.html
pgl33,Gerhard Glomm,Indiana University,False,3551,,https://ideas.repec.org/e/pgl33.html
pto19,Mariano Tommasi,Universidad de San Andrés,False,3552,,https://ideas.repec.org/e/pto19.html
pde664,Bruno De Borger,,False,3553,,https://ideas.repec.org/f/pde664.html
ppo323,Giacomo A. M. Ponzetto,Barcelona School of Economics (BSE),False,3554,,https://ideas.repec.org/f/ppo323.html
pga255,Leonardo C. Gasparini,Universidad Nacional de La Plata,False,3555,1832,https://ideas.repec.org/f/pga255.html
pda45,Pedro Dal Bó,Brown University,False,3556,3084,https://ideas.repec.org/e/pda45.html
pwe458,Friederike Welter,Universität Siegen,False,3557,1514,https://ideas.repec.org/f/pwe458.html
pch1658,Satya R. Chakravarty,,False,3558,,https://ideas.repec.org/f/pch1658.html
pol25,Ola Olsson,Göteborgs Universitet,False,3559,,https://ideas.repec.org/e/pol25.html
pfa701,Sam Fankhauser,Oxford University,False,3560,1697,https://ideas.repec.org/f/pfa701.html
pgh25,Saibal Ghosh,,False,3561,2110,https://ideas.repec.org/e/pgh25.html
pve84,Philip Verwimp,Université Libre de Bruxelles,False,3562,,https://ideas.repec.org/e/pve84.html
pdu1,Robert Dur,Erasmus Universiteit Rotterdam,False,3563,,https://ideas.repec.org/e/pdu1.html
prh19,Matthew Rhodes-Kropf,Massachusetts Institute of Technology (MIT),False,3564,,https://ideas.repec.org/e/prh19.html
pkr148,Ladislav Krištoufek,Univerzita Karlova v Praze,False,3565,530,https://ideas.repec.org/e/pkr148.html
psw14,Deborah L. Swenson,University of California-Davis,False,3566,,https://ideas.repec.org/e/psw14.html
psu435,Daniel Alan Sumner,University of California-Davis,False,3567,,https://ideas.repec.org/f/psu435.html
psc215,Armin Schmutzler,Universität Zürich,False,3568,,https://ideas.repec.org/f/psc215.html
phe166,Peter Blair Henry,,False,3569,,https://ideas.repec.org/e/phe166.html
pba291,Yan Bai,University of Rochester,False,3570,1261,https://ideas.repec.org/f/pba291.html
pko186,Sharon Kozicki,Bank of Canada,False,3571,,https://ideas.repec.org/e/pko186.html
ped27,Eric Edmonds,Dartmouth College,False,3572,,https://ideas.repec.org/e/ped27.html
psa1569,William H. Sandholm,,True,3573,,https://ideas.repec.org/f/psa1569.html
pha554,Gikas A. Hardouvelis,University of Piraeus,False,3574,,https://ideas.repec.org/f/pha554.html
pdo3,Ian Domowitz,,False,3575,,https://ideas.repec.org/e/pdo3.html
pca162,Raul Caruso,Università Cattolica del Sacro Cuore,False,3576,3617,https://ideas.repec.org/e/pca162.html
pbe86,Dwayne Benjamin,University of Toronto,False,3577,,https://ideas.repec.org/e/pbe86.html
pwi178,Franz Wirl,Universität Wien,False,3578,,https://ideas.repec.org/e/pwi178.html
psh195,Manisha Shah,University of California-Berkeley,False,3579,2404,https://ideas.repec.org/e/psh195.html
ped22,Per-Anders Edin,Uppsala Universitet,False,3580,,https://ideas.repec.org/e/ped22.html
pga388,Erwan Gautier,Banque de France,False,3581,1095,https://ideas.repec.org/f/pga388.html
pke147,Kristiaan H. J. Kerstens,Lille Économie et Management (LEM),False,3582,3033,https://ideas.repec.org/e/pke147.html
pbo516,Kevin J. Boyle,Virginia Polytechnic Institute and State University (Virginia Tech),False,3583,2023,https://ideas.repec.org/f/pbo516.html
pva87,Hylke Vandenbussche,,False,3584,,https://ideas.repec.org/e/pva87.html
pmo1306,Oliver Morrissey,University of Nottingham,False,3585,,https://ideas.repec.org/f/pmo1306.html
pwh7,Yoon-Jae Whang,Seoul National University,False,3586,,https://ideas.repec.org/e/pwh7.html
phu425,Ming Huang,China Europe International Business School,False,3587,,https://ideas.repec.org/f/phu425.html
pjo38,Dean Jolliffe,World Bank Group,False,3588,2506,https://ideas.repec.org/e/pjo38.html
pvo279,Alessandra Voena,Stanford University,False,3589,1359,https://ideas.repec.org/f/pvo279.html
psi185,Ajit Singh,,True,3590,,https://ideas.repec.org/e/psi185.html
pci57,Matteo Ciccarelli,European Central Bank,False,3591,,https://ideas.repec.org/e/pci57.html
psu476,Juan Carlos Suárez Serrato,Duke University,False,3592,560,https://ideas.repec.org/f/psu476.html
pcr38,Vasco Cúrdia,Federal Reserve Bank of San Francisco,False,3593,,https://ideas.repec.org/e/pcr38.html
pke157,Ryan Kellogg,University of Chicago,False,3594,,https://ideas.repec.org/e/pke157.html
pma199,Cesar Martinelli,George Mason University,False,3595,,https://ideas.repec.org/e/pma199.html
pbc1,Petri Böckerman,Jyväskylän yliopisto,False,3596,3420,https://ideas.repec.org/e/pbc1.html
pgr605,Luca Grilli,Politecnico di Milano,False,3597,2369,https://ideas.repec.org/f/pgr605.html
pco30,Philip J Cook,Duke University,False,3598,,https://ideas.repec.org/e/pco30.html
pwa400,Frédéric Warzynski,Stockholm School of Economics in Riga (SSE Riga),False,3599,,https://ideas.repec.org/f/pwa400.html
pch286,Chia-Lin Chang,National Chung-Hsing University,False,3600,2863,https://ideas.repec.org/f/pch286.html
pga85,Christina Gathmann,Luxembourg Institute of Socio-Economic Research (LISER),False,3601,1717,https://ideas.repec.org/e/pga85.html
pli449,Maarten Lindeboom,Vrije Universiteit Amsterdam,False,3602,,https://ideas.repec.org/f/pli449.html
pga130,Carlos Garriga,Federal Reserve Bank of St. Louis,False,3603,1737,https://ideas.repec.org/e/pga130.html
pro819,Knut Einar Rosendahl,Norges miljø- og biovitenskapelig universitet,False,3604,1642,https://ideas.repec.org/f/pro819.html
pba619,Erling Barth,Institutt for Samfunnsforskning (ISF),False,3605,2250,https://ideas.repec.org/f/pba619.html
pmo257,Petra Moser,New York University (NYU),False,3606,,https://ideas.repec.org/f/pmo257.html
pfo10,Mogens Fosgerau,Københavns Universitet,False,3607,2768,https://ideas.repec.org/e/pfo10.html
pca546,Ivan Alexis Canay,Northwestern University,False,3608,1663,https://ideas.repec.org/f/pca546.html
ppa211,Fotios Pasiouras,Montpellier Business School,False,3609,2578,https://ideas.repec.org/f/ppa211.html
pfo144,Jeremy Fox,Rice University,False,3610,,https://ideas.repec.org/e/pfo144.html
pka235,Leo Kaas,European University Institute,False,3611,,https://ideas.repec.org/f/pka235.html
pma97,Thomas Mayer,,True,3612,,https://ideas.repec.org/e/pma97.html
pwe206,Matthew C Weinzierl,Harvard University,False,3613,,https://ideas.repec.org/f/pwe206.html
pha189,Yoram Halevy,University of Toronto,False,3614,2765,https://ideas.repec.org/e/pha189.html
pra174,Helmut Rainer,ifo Institut - Leibniz-Institut für Wirtschaftsforschung an der Universität München e.V.,False,3615,2964,https://ideas.repec.org/e/pra174.html
pcu44,Julie Berry Cullen,University of California-San Diego (UCSD),False,3616,,https://ideas.repec.org/e/pcu44.html
psc432,Raphael S. Schoenle,Brandeis University,False,3617,906,https://ideas.repec.org/f/psc432.html
pes92,Mukesh Eswaran,University of British Columbia,False,3618,,https://ideas.repec.org/e/pes92.html
pav41,Stefan Avdjiev,Bank for International Settlements (BIS),False,3619,623,https://ideas.repec.org/e/pav41.html
pvl21,Juuso Välimäki,Aalto-yliopisto,False,3620,,https://ideas.repec.org/e/pvl21.html
pzi72,David John Zimmerman,Williams College,False,3621,,https://ideas.repec.org/e/pzi72.html
pbe68,Sjoerd Beugelsdijk,Rijksuniversiteit Groningen,False,3622,1735,https://ideas.repec.org/e/pbe68.html
pya659,David Y. Yang,Harvard University,False,3623,318,https://ideas.repec.org/f/pya659.html
pgr271,R. Quentin Grafton,Australian National University,False,3624,,https://ideas.repec.org/f/pgr271.html
pba316,Stefan Bach,DIW Berlin (Deutsches Institut für Wirtschaftsforschung),False,3625,,https://ideas.repec.org/f/pba316.html
pru105,Oliver Meng Rui,China Europe International Business School,False,3626,,https://ideas.repec.org/e/pru105.html
pde279,Geoffroy de Clippel,Brown University,False,3627,3322,https://ideas.repec.org/f/pde279.html
pal429,David Altig,,False,3628,2508,https://ideas.repec.org/f/pal429.html
pat77,Enghin Atalay,Federal Reserve Bank of Philadelphia,False,3629,1550,https://ideas.repec.org/e/pat77.html
pha188,Martin Halla,WU Wirtschaftsuniversität Wien,False,3630,2044,https://ideas.repec.org/e/pha188.html
pho226,Stein T. Holden,Norges miljø- og biovitenskapelig universitet,False,3631,2424,https://ideas.repec.org/f/pho226.html
ptr78,Stephen J. Trejo,University of Texas-Austin,False,3632,,https://ideas.repec.org/e/ptr78.html
pei6,Theo Eicher,University of Washington,False,3633,,https://ideas.repec.org/e/pei6.html
pdw1,Gerald Dwyer,Clemson University,False,3634,,https://ideas.repec.org/e/pdw1.html
pru215,Paul A. Ruud,Vassar College,False,3635,,https://ideas.repec.org/f/pru215.html
pme225,Arnaud Jérôme Mehl,European Central Bank,False,3636,1432,https://ideas.repec.org/f/pme225.html
pwo243,Kent Womack,,True,3637,,https://ideas.repec.org/f/pwo243.html
phe292,Joseph Henrich,University of British Columbia,False,3638,,https://ideas.repec.org/f/phe292.html
pmo388,Juan-Pablo Montero,Pontificia Universidad Católica de Chile,False,3639,,https://ideas.repec.org/f/pmo388.html
pve145,Ruut Veenhoven,,True,3640,,https://ideas.repec.org/e/pve145.html
pja40,David-Jan Jansen,de Nederlandsche Bank,False,3641,1882,https://ideas.repec.org/e/pja40.html
pfe125,Claudio Ferraz,University of British Columbia,False,3642,,https://ideas.repec.org/e/pfe125.html
pte24,Pedro Teles,Banco de Portugal,False,3643,2275,https://ideas.repec.org/e/pte24.html
ppa407,Albert Park,Hong Kong University of Science and Technology (HKUST),False,3644,,https://ideas.repec.org/f/ppa407.html
pra38,Jordan Rappaport,Federal Reserve Bank of Kansas City,False,3645,,https://ideas.repec.org/e/pra38.html
pfi54,Jan Fidrmuc,Lille Économie et Management (LEM),False,3646,,https://ideas.repec.org/e/pfi54.html
pge153,Reyer Gerlagh,Universiteit van Tilburg,False,3647,,https://ideas.repec.org/e/pge153.html
pgo313,Leslie George Godfrey,University of York,False,3648,,https://ideas.repec.org/f/pgo313.html
poz8,Berk Özler,Stanford University,False,3649,,https://ideas.repec.org/e/poz8.html
pgo285,Markus P. Goldstein,World Bank Group,False,3650,3238,https://ideas.repec.org/f/pgo285.html
pge160,Kristopher Gerardi,Federal Reserve Bank of Atlanta,False,3651,,https://ideas.repec.org/e/pge160.html
pny9,Kjell G. Nyborg,Universität Zürich,False,3652,,https://ideas.repec.org/e/pny9.html
psp218,Jann Spiess,Stanford University,False,3653,175,https://ideas.repec.org/f/psp218.html
ppr17,Javier J. Pérez,Banco de España,False,3654,2470,https://ideas.repec.org/e/ppr17.html
pgo5,Nikolay Gospodinov,Federal Reserve Bank of Atlanta,False,3655,2759,https://ideas.repec.org/e/pgo5.html
ppi167,Paolo Pinotti,Università Commerciale Luigi Bocconi,False,3656,1342,https://ideas.repec.org/e/ppi167.html
pwo119,Timo Wollmershäuser,ifo Institut - Leibniz-Institut für Wirtschaftsforschung an der Universität München e.V.,False,3657,2006,https://ideas.repec.org/e/pwo119.html
pcu70,Alvaro Cuervo-Cazurra,Northeastern University,False,3658,2081,https://ideas.repec.org/e/pcu70.html
pku627,Satish Kumar,ICFAI University,False,3659,217,https://ideas.repec.org/f/pku627.html
pan129,Alex Anas,State University of New York-Buffalo (SUNY),False,3660,,https://ideas.repec.org/e/pan129.html
pko253,Marcin Kolasa,Szkoła Główna Handlowa w Warszawie,False,3661,1689,https://ideas.repec.org/f/pko253.html
pko1017,Erkki Koskela,,True,3662,,https://ideas.repec.org/f/pko1017.html
pte309,Stephen James Terry,University of Michigan,False,3663,1153,https://ideas.repec.org/f/pte309.html
pga282,Jean-Luc Gaffard,Sciences Po,False,3664,,https://ideas.repec.org/f/pga282.html
psa1059,Malcolm Sawyer,University of Leeds,False,3665,,https://ideas.repec.org/f/psa1059.html
pwe276,Martin Weidner,Oxford University,False,3666,448,https://ideas.repec.org/f/pwe276.html
pen16,Huberto M. Ennis,Federal Reserve Bank of Richmond,False,3667,,https://ideas.repec.org/e/pen16.html
pba1106,Björn Bartling,Universität Zürich,False,3668,,https://ideas.repec.org/f/pba1106.html
pba469,Pierluigi Balduzzi,,False,3669,,https://ideas.repec.org/f/pba469.html
pco305,Paola Conconi,Oxford University,False,3670,1542,https://ideas.repec.org/f/pco305.html
pab230,Mohammed Abdellaoui,HEC Paris (École des Hautes Études Commerciales),False,3671,,https://ideas.repec.org/f/pab230.html
pse312,Paul Seabright,Toulouse School of Economics (TSE),False,3672,,https://ideas.repec.org/f/pse312.html
psa823,Horacio Sapriza,Federal Reserve Bank of Richmond,False,3673,2235,https://ideas.repec.org/f/psa823.html
pha695,Stephen Hansen,Imperial College,False,3674,784,https://ideas.repec.org/f/pha695.html
pit23,Koichiro Ito,University of Chicago,False,3675,1856,https://ideas.repec.org/e/pit23.html
pth101,John Thornton,University of East Anglia,False,3676,2260,https://ideas.repec.org/e/pth101.html
ppo119,Markus Poschke,McGill University,False,3677,2425,https://ideas.repec.org/e/ppo119.html
pbo821,Christopher Bollinger,University of Kentucky,False,3678,3579,https://ideas.repec.org/f/pbo821.html
ped25,Benjamin Eden,Vanderbilt University,False,3679,,https://ideas.repec.org/e/ped25.html
pgo11,Paul Gomme,Concordia University,False,3680,,https://ideas.repec.org/e/pgo11.html
pch173,Marcos Chamon,International Monetary Fund (IMF),False,3681,,https://ideas.repec.org/e/pch173.html
pjo235,George E. Johnson,,True,3682,,https://ideas.repec.org/f/pjo235.html
pfa260,Jason Faberman,Federal Reserve Bank of Chicago,False,3683,2912,https://ideas.repec.org/f/pfa260.html
pmo1084,Richhild Moessner,Bank for International Settlements (BIS),False,3684,1017,https://ideas.repec.org/f/pmo1084.html
psr18,Erik Ø. Sørensen,Norges Handelshøyskole (NHH),False,3685,,https://ideas.repec.org/e/psr18.html
pad90,"Richard H. Adams, Jr.",World Bank Group,False,3686,,https://ideas.repec.org/e/pad90.html
phe142,Daniel J. Henderson,University of Alabama-Tuscaloosa,False,3687,,https://ideas.repec.org/e/phe142.html
ple913,Søren Leth-Petersen,Københavns Universitet,False,3688,2232,https://ideas.repec.org/f/ple913.html
ptr169,Stefan T. Trautmann,Ruprecht-Karls-Universität Heidelberg,False,3689,2835,https://ideas.repec.org/e/ptr169.html
pmo818,Claudio Morana,Università degli Studi di Milano-Bicocca,False,3690,,https://ideas.repec.org/f/pmo818.html
pbe826,Mark C. Berger,,True,3691,,https://ideas.repec.org/f/pbe826.html
pch123,Gregory Chow,Princeton University,False,3692,,https://ideas.repec.org/e/pch123.html
pmy7,David Peter Myatt,London Business School (LBS),False,3693,,https://ideas.repec.org/e/pmy7.html
pva152,Dominique van de Walle,World Bank Group,False,3694,,https://ideas.repec.org/e/pva152.html
ppa107,Nigel Pain,Organisation de Coopération et de Développement Économiques (OCDE),False,3695,,https://ideas.repec.org/e/ppa107.html
pme53,Marcelo C. Medeiros,University of Illinois at Urbana-Champaign,False,3696,1994,https://ideas.repec.org/e/pme53.html
pwe22,Frank Westerhoff,Otto-Friedrich Universität Bamberg,False,3697,,https://ideas.repec.org/e/pwe22.html
phu15,Kevin X.d. Huang,Vanderbilt University,False,3698,,https://ideas.repec.org/e/phu15.html
pde50,Roberto A. De Santis,European Central Bank,False,3699,2626,https://ideas.repec.org/e/pde50.html
pla48,William D Lastrapes,University of Georgia,False,3700,,https://ideas.repec.org/e/pla48.html
pli492,Jason M. Lindo,Georgia Institute of Technology,False,3701,3688,https://ideas.repec.org/f/pli492.html
pba20,John Barron,Purdue University,False,3702,,https://ideas.repec.org/e/pba20.html
pga14,Francisco A. Gallego,Pontificia Universidad Católica de Chile,False,3703,,https://ideas.repec.org/e/pga14.html
ply3,Lisa Lynch,Brandeis University,False,3704,,https://ideas.repec.org/e/ply3.html
pfa161,Martin Thomas Falk,Universitetet i Sørøst Norge,False,3705,3304,https://ideas.repec.org/e/pfa161.html
pch208,Paul Charles Cheshire,,False,3706,,https://ideas.repec.org/f/pch208.html
pfa37,Natalia Fabra,Centro de Estudios Monetarios y Financieros (CEMFI),False,3707,1203,https://ideas.repec.org/e/pfa37.html
pwh5,Eugene White,Rutgers University-New Brunswick,False,3708,,https://ideas.repec.org/e/pwh5.html
pwu192,Haitao Wu,Hainan University,False,,143,https://ideas.repec.org/e/pwu192.html
pzh1078,Yaojie Zhang,Nanjing University of Science and Technology,False,,207,https://ideas.repec.org/f/pzh1078.html
psc930,Benjamin Schoefer,University of California-Berkeley,False,,208,https://ideas.repec.org/f/psc930.html
pch1596,Eric Chyn,National Bureau of Economic Research (NBER),False,,216,https://ideas.repec.org/f/pch1596.html
pyo185,Imran Yousaf,Prince Sultan University,False,,224,https://ideas.repec.org/e/pyo185.html
pbo1132,Teodora Boneva,Rheinische Friedrich-Wilhelms-Universität Bonn,False,,237,https://ideas.repec.org/f/pbo1132.html
pna497,Muhammad Ali Nasir,University of Leeds,False,,271,https://ideas.repec.org/f/pna497.html
par618,David Argente,Yale University,False,,272,https://ideas.repec.org/f/par618.html
pga1138,Peter Nathan Ganong,University of Chicago,False,,273,https://ideas.repec.org/f/pga1138.html
pbe986,Festus Victor Bekun,İstanbul Gelişim Üniversitesi,False,,278,https://ideas.repec.org/f/pbe986.html
paw47,Sefa Awaworyi Churchill,RMIT University,False,,279,https://ideas.repec.org/e/paw47.html
pad288,Tomiwa Sunday Adebayo,Yakin Doğu Üniversitesi,False,,287,https://ideas.repec.org/f/pad288.html
pku506,Lorenz Kueng,Universitá della Svizzera Italiana (USI),False,,297,https://ideas.repec.org/f/pku506.html
psh958,Shuai Shao,,False,,317,https://ideas.repec.org/f/psh958.html
pmo1074,Simon Mongey,Federal Reserve Bank of Minneapolis,False,,325,https://ideas.repec.org/f/pmo1074.html
pzh498,Bing Zhang,Nanjing University of Finance and Economics,False,,329,https://ideas.repec.org/f/pzh498.html
psu577,Chuanwang Sun,Xiamen University,False,,332,https://ideas.repec.org/f/psu577.html
pki472,Dervis Kirikkaleli,Lebanese American University,False,,344,https://ideas.repec.org/f/pki472.html
pve458,Emil Verner,Massachusetts Institute of Technology (MIT),False,,350,https://ideas.repec.org/f/pve458.html
pfa356,Andreas Fagereng,BI Handelshøyskolen,False,,354,https://ideas.repec.org/f/pfa356.html
pce231,Oguzhan Cepni,Central Bank of the United Arab Emirates,False,,358,https://ideas.repec.org/f/pce231.html
phu488,Kilian Huber,University of Chicago,False,,369,https://ideas.repec.org/f/phu488.html
pha1278,Ingar Haaland,Norges teknisk-naturvitenskaplige universitet (NTNU),False,,377,https://ideas.repec.org/f/pha1278.html
pda935,Eduardo Davila,Yale University,False,,379,https://ideas.repec.org/f/pda935.html
pyu332,Hao Yu,Beijing Institute of Technology,False,,381,https://ideas.repec.org/f/pyu332.html
pgo916,Marta Golin,Universität Zürich,False,,386,https://ideas.repec.org/f/pgo916.html
pmi1080,Nawazish Mirza,Excelia Business School,False,,387,https://ideas.repec.org/f/pmi1080.html
pac129,Alex O. Acheampong,Bond University,False,,389,https://ideas.repec.org/e/pac129.html
pkh566,Zeeshan Khan,Curtin University,False,,392,https://ideas.repec.org/f/pkh566.html
ptc17,Vanessa Simen Tchamyou,African Governance and Development Institute (AGDI),False,,398,https://ideas.repec.org/e/ptc17.html
pfa702,Max H Farrell,University of California-Santa Barbara (UCSB),False,,399,https://ideas.repec.org/f/pfa702.html
pmu707,Muntasir Murshed,North South University,False,,401,https://ideas.repec.org/f/pmu707.html
pir70,Muhammad Irfan,Beijing Institute of Technology,False,,403,https://ideas.repec.org/e/pir70.html
pal529,Amjad Ali,University of Lahore City Campus,False,,404,https://ideas.repec.org/f/pal529.html
pfr282,Carl Benedikt Frey,Oxford University,False,,406,https://ideas.repec.org/f/pfr282.html
pzy12,Thomas Zylkin,University of Richmond,False,,416,https://ideas.repec.org/e/pzy12.html
pdu481,Rameshwar Dubey,Montpellier Business School,False,,421,https://ideas.repec.org/f/pdu481.html
pjg3,Simon Jäger,Massachusetts Institute of Technology (MIT),False,,427,https://ideas.repec.org/e/pjg3.html
pca1386,Canh Phuc Nguyen,University of Economics Ho Chi Minh City,False,,430,https://ideas.repec.org/f/pca1386.html
pca1329,Michela Carlana,Harvard University,False,,439,https://ideas.repec.org/f/pca1329.html
pro1315,Daniel Rock,University of Pennsylvania,False,,440,https://ideas.repec.org/f/pro1315.html
pco826,Sergio Correia,Federal Reserve Bank of Richmond,False,,441,https://ideas.repec.org/f/pco826.html
phe531,Guojun He,University of Hong Kong,False,,443,https://ideas.repec.org/f/phe531.html
pce110,Serhan Cevik,International Monetary Fund (IMF),False,,445,https://ideas.repec.org/e/pce110.html
pkn73,Diego Raoul Känzig,Northwestern University,False,,446,https://ideas.repec.org/e/pkn73.html
pyi113,Libo Yin,Beijing University of Aeronautics and Astronautics (Beihang University),False,,456,https://ideas.repec.org/e/pyi113.html
pne183,Rabindra Nepal,University of Wollongong,False,,458,https://ideas.repec.org/e/pne183.html
pve332,Patrick Velte,Leuphana Universität Lüneburg,False,,460,https://ideas.repec.org/f/pve332.html
pal885,Marcella Alsan,Stanford University,False,,469,https://ideas.repec.org/f/pal885.html
pfi99,Robert Finger,Eidgenössische Technische Hochschule Zürich (ETHZ),False,,470,https://ideas.repec.org/e/pfi99.html
phu594,Zhen Huo,Yale University,False,,472,https://ideas.repec.org/f/phu594.html
pab499,Emmanuel Joel Aikins Abakah,University of Ghana,False,,476,https://ideas.repec.org/f/pab499.html
pha1127,Johannes Haushofer,Stockholms Universitet,False,,487,https://ideas.repec.org/f/pha1127.html
pda919,Marina Dabic,Sveučilište u Zagrebu,False,,490,https://ideas.repec.org/f/pda919.html
pze202,Olivier David Zerbib,Centre de Recherche en Économie et Statistique (CREST),False,,492,https://ideas.repec.org/f/pze202.html
pot62,Pablo Ottonello,University of Michigan,False,,497,https://ideas.repec.org/e/pot62.html
pgu654,Mariya Gubareva,Universidade de Lisboa,False,,511,https://ideas.repec.org/f/pgu654.html
pph137,Linh Pham,University of Central Oklahoma,False,,513,https://ideas.repec.org/e/pph137.html
pcl102,Damian Clarke,Universidad de Chile,False,,514,https://ideas.repec.org/e/pcl102.html
pso417,Kazi Sohag,St. Petersburg State University,False,,516,https://ideas.repec.org/f/pso417.html
pak156,Cevat Giray Aksoy,European Bank for Reconstruction and Development (EBRD),False,,527,https://ideas.repec.org/e/pak156.html
pzh744,Xiaoqing Zhou,Federal Reserve Bank of Dallas,False,,532,https://ideas.repec.org/f/pzh744.html
pra563,Syed Ali Raza,,False,,534,https://ideas.repec.org/f/pra563.html
pda402,Wolfgang Dauth,Institut für Arbeitsmarkt- und Berufsforschung (IAB),False,,538,https://ideas.repec.org/f/pda402.html
ppa1139,Sudharshan Reddy Paramati,American University of the Middle East,False,,545,https://ideas.repec.org/f/ppa1139.html
pjo233,Callum Jones,Federal Reserve Board (Board of Governors of the Federal Reserve System),False,,549,https://ideas.repec.org/f/pjo233.html
pla655,Thibaut Lamadon,University of Chicago,False,,550,https://ideas.repec.org/f/pla655.html
psh703,Zhiyang Shen,Lille Économie et Management (LEM),False,,554,https://ideas.repec.org/f/psh703.html
pba1010,Tomas Baležentis,Lietuvos Agrarinės Ekonomikos Institutas (LAEI),False,,559,https://ideas.repec.org/f/pba1010.html
pst716,Philipp Strack,Yale University,False,,563,https://ideas.repec.org/f/pst716.html
pka876,Maximilian Kasy,Harvard University,False,,565,https://ideas.repec.org/f/pka876.html
psg8,Jakob Egholt Søgaard,Københavns Universitet,False,,567,https://ideas.repec.org/e/psg8.html
pgo412,Stéphane Goutte,Université Paris-Saclay,False,,574,https://ideas.repec.org/f/pgo412.html
pca1212,Stefano Carattini,Georgia State University,False,,576,https://ideas.repec.org/f/pca1212.html
pma2618,Wanglin Ma,Lincoln University,False,,581,https://ideas.repec.org/f/pma2618.html
pfe480,James J. Feigenbaum,Boston University,False,,583,https://ideas.repec.org/f/pfe480.html
pbo840,Johannes Boehm,Université de Genève,False,,590,https://ideas.repec.org/f/pbo840.html
pdw12,Piotr Dworczak,Universität zu Köln,False,,592,https://ideas.repec.org/e/pdw12.html
pse737,Bradley Setzler,Pennsylvania State University,False,,595,https://ideas.repec.org/f/pse737.html
ple1010,Daniel J. Lewis,University College London (UCL),False,,597,https://ideas.repec.org/f/ple1010.html
ppa1172,Nitya Pandalai-Nayar,University of Texas-Austin,False,,604,https://ideas.repec.org/f/ppa1172.html
psc921,Carlo Schwarz,Università Commerciale Luigi Bocconi,False,,606,https://ideas.repec.org/f/psc921.html
pmo1049,Christian Moser,Columbia University,False,,611,https://ideas.repec.org/f/pmo1049.html
pmo1065,Peter Molnár,Universitetet i Stavanger,False,,612,https://ideas.repec.org/f/pmo1065.html
psh718,Dehua Shen,Nankai University,False,,613,https://ideas.repec.org/f/psh718.html
pba575,Pierre-Alexandre Balland,Harvard University,False,,618,https://ideas.repec.org/f/pba575.html
pdo459,Buhari Doğan,Süleyman Demirel Üniversitesi,False,,620,https://ideas.repec.org/f/pdo459.html
pma1570,Cosimo Magazzino,Università LUM Giuseppe Degennaro,False,,626,https://ideas.repec.org/f/pma1570.html
ppi516,Laura Pilossoph,Duke University,False,,627,https://ideas.repec.org/f/ppi516.html
pwa614,Gang-Jin Wang,Hunan University,False,,636,https://ideas.repec.org/f/pwa614.html
pfa271,Belaid Fateh,King Abdullah Petroleum Studies and Research Center (KAPSARC),False,,637,https://ideas.repec.org/f/pfa271.html
pch1559,Lucas Chancel,Paris School of Economics,False,,648,https://ideas.repec.org/f/pch1559.html
pdo446,Sebastian Doerr,Bank for International Settlements (BIS),False,,650,https://ideas.repec.org/f/pdo446.html
pzi116,Florian Zimmermann,briq Institute on Behavior and Inequality,False,,651,https://ideas.repec.org/e/pzi116.html
phj12,Jonas Hjort,Columbia University,False,,654,https://ideas.repec.org/e/phj12.html
pla1002,Charles James Larkin,University of Bath,False,,655,https://ideas.repec.org/f/pla1002.html
pba2070,Alexander W Bartik,University of Illinois at Urbana-Champaign,False,,656,https://ideas.repec.org/f/pba2070.html
pji273,Zhilun Jiao,Nankai University,False,,657,https://ideas.repec.org/f/pji273.html
pve303,Venky Venkateswaran,New York University (NYU),False,,659,https://ideas.repec.org/f/pve303.html
pal621,Iñaki Aldasoro,Bank for International Settlements (BIS),False,,660,https://ideas.repec.org/f/pal621.html
ppl63,Matthew Charles Plosser,Federal Reserve Bank of New York,False,,667,https://ideas.repec.org/e/ppl63.html
pas170,Badar Nadeem Ashraf,London South Bank University,False,,671,https://ideas.repec.org/e/pas170.html
pxu79,Guo Xu,University of California-Berkeley,False,,677,https://ideas.repec.org/e/pxu79.html
pba557,Faruk Balli,Massey University,False,,680,https://ideas.repec.org/f/pba557.html
pad77,Achyuta R. Adhvaryu,University of Michigan,False,,681,https://ideas.repec.org/e/pad77.html
pno250,Paul Novosad,Dartmouth College,False,,682,https://ideas.repec.org/f/pno250.html
pto480,Alexander Torgovitsky,University of Chicago,False,,685,https://ideas.repec.org/f/pto480.html
psh1382,Yuli Shan,Beijing Institute of Technology,False,,686,https://ideas.repec.org/f/psh1382.html
pva659,Aleksandar Vasilev,Toshkent Xalqaro Vestminster Universiteti,False,,687,https://ideas.repec.org/f/pva659.html
pli1117,Shengwu Li,Harvard University,False,,689,https://ideas.repec.org/f/pli1117.html
psc554,Glenn Schepens,European Central Bank,False,,690,https://ideas.repec.org/f/psc554.html
pbr259,David C. Broadstock,National University of Singapore (NUS),False,,695,https://ideas.repec.org/f/pbr259.html
phe736,Benjamin M. Hebert,Stanford University,False,,696,https://ideas.repec.org/f/phe736.html
pvi341,Maria Enrica Virgillito,Università Cattolica del Sacro Cuore,False,,702,https://ideas.repec.org/f/pvi341.html
psc568,Jesse Schreger,Harvard University,False,,704,https://ideas.repec.org/f/psc568.html
pwi342,Casey J. Wichman,Georgia Institute of Technology,False,,705,https://ideas.repec.org/f/pwi342.html
pug17,Andrea Ugolini,Università degli Studi di Milano-Bicocca,False,,711,https://ideas.repec.org/e/pug17.html
pph135,Dinh Hoang Bach Phan,La Trobe University,False,,712,https://ideas.repec.org/e/pph135.html
psu615,Thanh Dinh Su,University of Economics Ho Chi Minh City,False,,715,https://ideas.repec.org/f/psu615.html
pfi153,Sebastian Findeisen,Universität Konstanz,False,,716,https://ideas.repec.org/e/pfi153.html
pma3109,Aktham I. Maghyereh,United Arab Emirates University,False,,720,https://ideas.repec.org/f/pma3109.html
psc824,Frank Schilbach,Massachusetts Institute of Technology (MIT),False,,724,https://ideas.repec.org/f/psc824.html
psk7,Marinko Skare,Sveučilište Jurja Dobrile u Puli,False,,726,https://ideas.repec.org/e/psk7.html
pma693,Antoine Mandel,Université Paris 1 (Panthéon-Sorbonne),False,,731,https://ideas.repec.org/f/pma693.html
pra194,Dil Bahadur Rahut,Asian Development Bank,False,,732,https://ideas.repec.org/e/pra194.html
pji245,Zhijie Jia,Xiamen University,False,,735,https://ideas.repec.org/f/pji245.html
pch679,Xi Chen,Yale University,False,,738,https://ideas.repec.org/f/pch679.html
pmo1401,David P Molitor,University of Illinois at Urbana-Champaign,False,,742,https://ideas.repec.org/f/pmo1401.html
ppr390,Mounu Prem,CUNEF Universidad,False,,745,https://ideas.repec.org/f/ppr390.html
pad258,Oluwasegun Babatunde Adekoya,University of Maine,False,,748,https://ideas.repec.org/f/pad258.html
pdh18,Swati Dhingra,London School of Economics (LSE),False,,749,https://ideas.repec.org/e/pdh18.html
psc782,Michael Schwert,University of Pennsylvania,False,,751,https://ideas.repec.org/f/psc782.html
pzi155,Seth D. Zimmerman,Yale University,False,,762,https://ideas.repec.org/e/pzi155.html
pst847,Iain Staffell,Imperial College,False,,765,https://ideas.repec.org/f/pst847.html
pel359,Ahmed H. Elsayed,United Arab Emirates University,False,,766,https://ideas.repec.org/f/pel359.html
ppi49,Tomasz Piskorski,Columbia University,False,,767,https://ideas.repec.org/e/ppi49.html
pde1038,Mehmet Akif Destek,Gaziantep Üniversitesi,False,,770,https://ideas.repec.org/f/pde1038.html
pza419,Adam Zaremba,Uniwersytet Ekonomiczny w Poznaniu,False,,771,https://ideas.repec.org/f/pza419.html
pas310,Sam Asher,Imperial College,False,,774,https://ideas.repec.org/f/pas310.html
psa1792,Yuya Sasaki,Vanderbilt University,False,,776,https://ideas.repec.org/f/psa1792.html
pul71,Mauricio Ulate,Federal Reserve Bank of San Francisco,False,,778,https://ideas.repec.org/e/pul71.html
paf50,Hassan Afrouzi,National Bureau of Economic Research (NBER),False,,786,https://ideas.repec.org/e/paf50.html
pgo953,Niels Gormsen,University of Chicago,False,,787,https://ideas.repec.org/f/pgo953.html
psi263,Paul Edward Simshauser,Griffith University,False,,790,https://ideas.repec.org/f/psi263.html
pre517,Thomas Renault,Université Paris-Saclay,False,,792,https://ideas.repec.org/f/pre517.html
pch379,Lanouar Charfeddine,University of Qatar,False,,794,https://ideas.repec.org/f/pch379.html
pse401,Refk Selmi,Éklore-ed School of Management (ESC Pau),False,,796,https://ideas.repec.org/f/pse401.html
pbr214,Alexander Brem,Universität Stuttgart,False,,806,https://ideas.repec.org/f/pbr214.html
pas226,Elliott Ash,Eidgenössische Technische Hochschule Zürich (ETHZ),False,,810,https://ideas.repec.org/f/pas226.html
pch1221,Sangyup Choi,Yonsei University,False,,811,https://ideas.repec.org/f/pch1221.html
ppe959,Markus Pelger,Stanford University,False,,815,https://ideas.repec.org/f/ppe959.html
pwi408,Johannes Wieland,University of California-San Diego (UCSD),False,,819,https://ideas.repec.org/f/pwi408.html
pbo336,Timo Boppart,Universität Zürich,False,,821,https://ideas.repec.org/f/pbo336.html
per145,Bilge Erten,Northeastern University,False,,822,https://ideas.repec.org/e/per145.html
pcr213,Matteo Crosignani,University of Michigan,False,,825,https://ideas.repec.org/f/pcr213.html
pfa225,Miguel Faria-e-Castro,Federal Reserve Bank of St. Louis,False,,826,https://ideas.repec.org/f/pfa225.html
pyu85,Ali Yurukoglu,Stanford University,False,,829,https://ideas.repec.org/e/pyu85.html
pci212,Javier Cifuentes-Faura,Universidad de Murcia,False,,830,https://ideas.repec.org/f/pci212.html
pfa386,Haichao Fan,Fudan University,False,,831,https://ideas.repec.org/f/pfa386.html
pto326,Alexis Akira Toda,Emory University,False,,832,https://ideas.repec.org/f/pto326.html
pca601,Julia Cagé,Sciences Po,False,,833,https://ideas.repec.org/f/pca601.html
pbo852,Luigi Bocola,Stanford University,False,,835,https://ideas.repec.org/f/pbo852.html
ppa1120,Uğur Korkut Pata,Hatay Mustafa Kemal Üniversitesi,False,,838,https://ideas.repec.org/f/ppa1120.html
pag45,David R. Agrawal,University of California-Irvine,False,,839,https://ideas.repec.org/e/pag45.html
pch1111,Ryan Chahrour,Cornell University,False,,841,https://ideas.repec.org/f/pch1111.html
ppa1430,Nicholas W. Papageorge,Johns Hopkins University,False,,847,https://ideas.repec.org/f/ppa1430.html
pmi632,Zhifu Mi,University College London (UCL),False,,851,https://ideas.repec.org/f/pmi632.html
pst849,Claudia Steinwender,Ludwig-Maximilians-Universität München,False,,852,https://ideas.repec.org/f/pst849.html
pho672,Martin Blomhoff Holm,Universitetet i Oslo,False,,853,https://ideas.repec.org/f/pho672.html
pal1092,Rafael Alvarado,Universidad Nacional de Loja,False,,859,https://ideas.repec.org/f/pal1092.html
phe627,Philipp Heimberger,Wiener Institut für Internationale Wirtschaftsvergleiche (WIIW),False,,862,https://ideas.repec.org/f/phe627.html
pst816,Bryan Andrew Stuart,Federal Reserve Bank of Philadelphia,False,,866,https://ideas.repec.org/f/pst816.html
phu279,Ahmed Imran Hunjra,Institut de Préparation à l'Administration et à la Gestion (IPAG),False,,867,https://ideas.repec.org/f/phu279.html
pac42,Sushant Acharya,University of Melbourne,False,,868,https://ideas.repec.org/e/pac42.html
pde1022,Jeffrey T. Denning,University of Texas-Austin,False,,869,https://ideas.repec.org/f/pde1022.html
pso409,Sakiru Adebola Solarin,Multimedia University,False,,872,https://ideas.repec.org/f/pso409.html
plu438,Ralph Luetticke,Centre for Economic Policy Research (CEPR),False,,879,https://ideas.repec.org/f/plu438.html
pfo237,Luca Fornaro,Barcelona School of Economics (BSE),False,,883,https://ideas.repec.org/f/pfo237.html
pwa105,Hannes F. Wagner,Università Commerciale Luigi Bocconi,False,,884,https://ideas.repec.org/e/pwa105.html
pco913,Thomas Conlon,University College Dublin,False,,888,https://ideas.repec.org/f/pco913.html
pho433,John Joseph Horton,New York University (NYU),False,,894,https://ideas.repec.org/f/pho433.html
pom27,Anis Omri,Qassim University,False,,896,https://ideas.repec.org/e/pom27.html
psh1124,Umer Shahzad,Anhui University of Finance and Economics,False,,897,https://ideas.repec.org/f/psh1124.html
phu447,Nazim Hussain,Rijksuniversiteit Groningen,False,,900,https://ideas.repec.org/f/phu447.html
pma1006,Christian Matthes,University of Notre Dame,False,,901,https://ideas.repec.org/f/pma1006.html
pba1412,Saleem Abubakr Bahaj,Bank of England,False,,902,https://ideas.repec.org/f/pba1412.html
pth272,Gregory Thwaites,University of Nottingham,False,,905,https://ideas.repec.org/f/pth272.html
pan759,Peter Andre,Leibniz-Institut für Finanzmarktforschung SAFE (Sustainable Architecture for Finance in Europe),False,,907,https://ideas.repec.org/f/pan759.html
ple471,Thomas Le Barbanchon,Università Commerciale Luigi Bocconi,False,,908,https://ideas.repec.org/f/ple471.html
psc798,Linda Schilling,Washington University in St. Louis,False,,910,https://ideas.repec.org/f/psc798.html
pbo938,Christoph Emanuel Boehm,University of Texas-Austin,False,,913,https://ideas.repec.org/f/pbo938.html
pma3102,Christos Andreas Makridis,,False,,915,https://ideas.repec.org/f/pma3102.html
pjo350,Damon Jones,University of Chicago,False,,916,https://ideas.repec.org/f/pjo350.html
pkh569,Irfan Khan,Beijing Institute of Technology,False,,922,https://ideas.repec.org/f/pkh569.html
plo626,Benjamin B Lockwood,University of Pennsylvania,False,,923,https://ideas.repec.org/f/plo626.html
pfe513,Andreas Ferrara,University of Pittsburgh,False,,924,https://ideas.repec.org/f/pfe513.html
poh37,Franziska Ohnsorge,World Bank Group,False,,925,https://ideas.repec.org/e/poh37.html
psi739,Sanjay R. Singh,Federal Reserve Bank of San Francisco,False,,927,https://ideas.repec.org/f/psi739.html
pan599,Noam Angrist,Oxford University,False,,928,https://ideas.repec.org/f/pan599.html
phu616,Jiekun Huang,University of Illinois at Urbana-Champaign,False,,929,https://ideas.repec.org/f/phu616.html
ple582,Le Thai-Ha,,False,,931,https://ideas.repec.org/f/ple582.html
plu433,Stephan Luck,Federal Reserve Bank of New York,False,,933,https://ideas.repec.org/f/plu433.html
pma442,Frédéric Marty,Université Côte d'Azur,False,,937,https://ideas.repec.org/f/pma442.html
ppa182,Stephanos Τ. Papadamou,Aristotle University of Thessaloniki,False,,940,https://ideas.repec.org/e/ppa182.html
pwi499,Coady Wing,Indiana University,False,,944,https://ideas.repec.org/f/pwi499.html
pal359,Claudiu Tiberiu Albulescu,Universitatea Politehnica Timişoara,False,,945,https://ideas.repec.org/f/pal359.html
pbo779,J. Aislinn Bohren,Carnegie Mellon University,False,,947,https://ideas.repec.org/f/pbo779.html
pke223,Geoff Kenny,European Central Bank,False,,948,https://ideas.repec.org/f/pke223.html
ppa1181,Pascal Paul,Federal Reserve Bank of San Francisco,False,,949,https://ideas.repec.org/f/ppa1181.html
pni406,Baozhuang Niu,South China University of Technology,False,,957,https://ideas.repec.org/f/pni406.html
psc52,Kurt Schmidheiny,Universität Basel,False,,958,https://ideas.repec.org/e/psc52.html
pre490,Alex Rees-Jones,University of Pennsylvania,False,,961,https://ideas.repec.org/f/pre490.html
pbl209,Adam Blandin,Vanderbilt University,False,,968,https://ideas.repec.org/f/pbl209.html
pdi551,Thomas Dimpfl,Universität Hohenheim,False,,969,https://ideas.repec.org/f/pdi551.html
pbo1151,Christopher John Boudreaux,Florida Atlantic University,False,,971,https://ideas.repec.org/f/pbo1151.html
pph91,Andrew Phiri,Nelson Mandela Metropolitan University,False,,972,https://ideas.repec.org/e/pph91.html
peh23,Torsten Ehlers,Bank for International Settlements,False,,976,https://ideas.repec.org/e/peh23.html
pde1228,ManasI Deshpande,University of Chicago,False,,977,https://ideas.repec.org/f/pde1228.html
ppo405,Michael Leonidas Polemis,University of Piraeus,False,,978,https://ideas.repec.org/f/ppo405.html
pma3315,Xinxin Ma,Hosei University,False,,979,https://ideas.repec.org/f/pma3315.html
pto237,Christopher Tonetti,Stanford University,False,,984,https://ideas.repec.org/f/pto237.html
pau102,Marc Audi,Abu Dhabi School of Management,False,,985,https://ideas.repec.org/e/pau102.html
pke209,Matthias Kehrig,Duke University,False,,989,https://ideas.repec.org/f/pke209.html
pri214,Fernando Rios-Avila,Universidad Privada Boliviana,False,,995,https://ideas.repec.org/f/pri214.html
pvu11,Quan-Hoang Vuong,Phenikaa University,False,,996,https://ideas.repec.org/e/pvu11.html
pml46,Karsten Müller,National University of Singapore (NUS),False,,999,https://ideas.repec.org/e/pml46.html
pko378,Andreas Kotsadam,Universitetet i Oslo,False,,1000,https://ideas.repec.org/f/pko378.html
pgu524,Khaled Guesmi,Groupe Paris Graduate School of Management,False,,1002,https://ideas.repec.org/f/pgu524.html
pza123,Chahir Zaki,Université d'Orléans,False,,1006,https://ideas.repec.org/e/pza123.html
psc777,Edouard Schaal,Barcelona School of Economics (BSE),False,,1010,https://ideas.repec.org/f/psc777.html
pwh68,Laura Wherry,New York University (NYU),False,,1013,https://ideas.repec.org/e/pwh68.html
pzo110,Eric Zou,National Bureau of Economic Research (NBER),False,,1014,https://ideas.repec.org/e/pzo110.html
pei70,Tim Eisert,Universidade Nova de Lisboa,False,,1015,https://ideas.repec.org/e/pei70.html
pbh89,Manudeep Bhuller,Universitetet i Oslo,False,,1016,https://ideas.repec.org/e/pbh89.html
pdi388,Marcus Dillender,Vanderbilt University,False,,1018,https://ideas.repec.org/f/pdi388.html
pal346,Annette Alstadsæter,Norges miljø- og biovitenskapelig universitet,False,,1019,https://ideas.repec.org/f/pal346.html
pli570,Hua Liao,Beijing Institute of Technology,False,,1022,https://ideas.repec.org/f/pli570.html
pwo217,Arlene Wong,Princeton University,False,,1023,https://ideas.repec.org/f/pwo217.html
ple945,Sang-Ho Lee,Chonnam National University,False,,1024,https://ideas.repec.org/f/ple945.html
pba244,Jonathan Andrew Batten,RMIT University,False,,1026,https://ideas.repec.org/f/pba244.html
pmi702,Stefan Minner,Technische Universität München,False,,1029,https://ideas.repec.org/f/pmi702.html
psh202,Adam Hale Shapiro,Federal Reserve Bank of San Francisco,False,,1030,https://ideas.repec.org/f/psh202.html
pme185,Friederike Mengel,University of Essex,False,,1034,https://ideas.repec.org/e/pme185.html
pvo139,Ulrich Volz,School of Oriental and African Studies (SOAS),False,,1036,https://ideas.repec.org/e/pvo139.html
pbe1338,Peter Bergman,University of Texas-Austin,False,,1037,https://ideas.repec.org/f/pbe1338.html
pdo2,Tom Doan,Northwestern University,False,,1038,https://ideas.repec.org/e/pdo2.html
pxe5,Dimitrios Xefteris,University of Cyprus,False,,1039,https://ideas.repec.org/e/pxe5.html
pba1401,Matthew D. Baron,Cornell University,False,,1041,https://ideas.repec.org/f/pba1401.html
pzh471,Lin Zhang,,False,,1045,https://ideas.repec.org/f/pzh471.html
pel264,Ahmed Ahmed Elamer,Alfaisal University,False,,1046,https://ideas.repec.org/f/pel264.html
pbe1067,Youssef Benzarti,University of California-Santa Barbara (UCSB),False,,1048,https://ideas.repec.org/f/pbe1067.html
pbo699,Alexandra Bozhechkova,Gaidar Institute for Economic Policy,False,,1049,https://ideas.repec.org/f/pbo699.html
pal280,Yegandi,,False,,1052,https://ideas.repec.org/f/pal280.html
pka1669,Andrey Kaukin,Gaidar Institute for Economic Policy,False,,1053,https://ideas.repec.org/f/pka1669.html
pse666,Robert Seamans,New York University (NYU),False,,1054,https://ideas.repec.org/f/pse666.html
pma1755,Jeremy R. Magruder,University of California-Berkeley,False,,1057,https://ideas.repec.org/f/pma1755.html
pra605,David S. Rapson,University of California-Davis,False,,1060,https://ideas.repec.org/f/pra605.html
pmo1146,Khaled Mokni,Institut Supérieur de Gestion de Gabès,False,,1061,https://ideas.repec.org/f/pmo1146.html
pal97,Facundo Alvaredo,Oxford University,False,,1062,https://ideas.repec.org/e/pal97.html
ple754,Philipp Lergetporer,Technische Universität München,False,,1063,https://ideas.repec.org/f/ple754.html
psm127,Jonathan Smith,Georgia State University,False,,1064,https://ideas.repec.org/e/psm127.html
pdi434,Jan Ditzen,Libera Università di Bolzano / Freie Universität Bozen,False,,1069,https://ideas.repec.org/f/pdi434.html
pha907,Jessie Handbury,University of Pennsylvania,False,,1077,https://ideas.repec.org/f/pha907.html
pdr141,Thomas Drechsel,Johns Hopkins University,False,,1080,https://ideas.repec.org/e/pdr141.html
pfi338,Stefano Fiorin,,False,,1081,https://ideas.repec.org/f/pfi338.html
pbu218,Philip Bunn,Bank of England,False,,1083,https://ideas.repec.org/f/pbu218.html
ppa1470,Dharen Kumar Pandey,,False,,1085,https://ideas.repec.org/f/ppa1470.html
pko451,Hans Koster,Vrije Universiteit Amsterdam,False,,1086,https://ideas.repec.org/f/pko451.html
pan227,Philippe Andrade,Federal Reserve Bank of Boston,False,,1087,https://ideas.repec.org/f/pan227.html
pde896,Anthony A. DeFusco,University of Wisconsin-Madison,False,,1088,https://ideas.repec.org/f/pde896.html
pha1094,W Walker Hanlon,Northwestern University,False,,1089,https://ideas.repec.org/f/pha1094.html
pne193,Florian Neumeier,ifo Institut - Leibniz-Institut für Wirtschaftsforschung an der Universität München e.V.,False,,1090,https://ideas.repec.org/e/pne193.html
pli817,Yue Li,University at Albany,False,,1091,https://ideas.repec.org/f/pli817.html
pqu97,Pablo Querubin,,False,,1092,https://ideas.repec.org/e/pqu97.html
pse464,David Seim,Stockholms Universitet,False,,1093,https://ideas.repec.org/f/pse464.html
pwi451,Riley Wilson,Brigham Young University,False,,1094,https://ideas.repec.org/f/pwi451.html
psc453,Hannah Schildberg-Hoerisch,Heinriche-Heine-Universität Düsseldorf,False,,1097,https://ideas.repec.org/f/psc453.html
pmo1210,Jack Mountjoy,University of Chicago,False,,1099,https://ideas.repec.org/f/pmo1210.html
pin87,John Nkwoma Inekwe,Macquarie University,False,,1103,https://ideas.repec.org/e/pin87.html
psp102,Jörg L. Spenkuch,Northwestern University,False,,1105,https://ideas.repec.org/e/psp102.html
ple1138,Ro'ee Levy,Tel Aviv University,False,,1107,https://ideas.repec.org/f/ple1138.html
ppa1083,Evgenia Passari,Université Paris-Dauphine (Paris IX),False,,1108,https://ideas.repec.org/f/ppa1083.html
pku113,Saten Kumar,Auckland University of Technology,False,,1116,https://ideas.repec.org/e/pku113.html
pla954,Nathaniel Lane,Oxford University,False,,1118,https://ideas.repec.org/f/pla954.html
pja181,Julapa A. Jagtiani,Federal Reserve Bank of Philadelphia,False,,1119,https://ideas.repec.org/e/pja181.html
pgi103,Jose Ignacio Gimenez-Nadal,Universidad de Zaragoza,False,,1120,https://ideas.repec.org/e/pgi103.html
psa2079,Suleman Sarwar,,False,,1121,https://ideas.repec.org/f/psa2079.html
pbo433,Wouter Botzen,Vrije Universiteit Amsterdam,False,,1123,https://ideas.repec.org/f/pbo433.html
ppe325,Ivan Petrella,,False,,1124,https://ideas.repec.org/f/ppe325.html
pwi218,David Geoffrey Wiczer,Federal Reserve Bank of New York,False,,1129,https://ideas.repec.org/f/pwi218.html
pma2722,Benjamin Marx,Boston University,False,,1130,https://ideas.repec.org/f/pma2722.html
pse663,Edson Severnini,Boston College,False,,1132,https://ideas.repec.org/f/pse663.html
pde735,Stavros Degiannakis,Panteion University of Social and Political Sciences,False,,1135,https://ideas.repec.org/f/pde735.html
pba1613,Ramez Badeeb,Vaasan yliopisto,False,,1136,https://ideas.repec.org/f/pba1613.html
pbu214,Paul J. Burke,Australian National University,False,,1137,https://ideas.repec.org/f/pbu214.html
pja531,Francisco Jareño,Universidad de Castilla La Mancha,False,,1141,https://ideas.repec.org/f/pja531.html
pch431,Yongqiang Chu,University of North Carolina-Charlotte,False,,1143,https://ideas.repec.org/f/pch431.html
pgi174,Osea Giuntella,University of Pittsburgh,False,,1144,https://ideas.repec.org/e/pgi174.html
pcz10,Robert Czudaj,Technische Universität Bergakademie Freiberg,False,,1145,https://ideas.repec.org/e/pcz10.html
pbo522,Jamal Bouoiyour,Université de Pau et des Pays de l'Adour,False,,1148,https://ideas.repec.org/f/pbo522.html
pwi453,Alexander Willén,Norges Handelshøyskole (NHH),False,,1151,https://ideas.repec.org/f/pwi453.html
pfe315,Bruno Ferman,Fundação Getúlio Vargas (FGV),False,,1152,https://ideas.repec.org/f/pfe315.html
ple914,Sang Yoon,Queen Mary University of London,False,,1154,https://ideas.repec.org/f/ple914.html
pch353,Jonathan Chiu,Bank of Canada,False,,1157,https://ideas.repec.org/f/pch353.html
pyi76,易君健,Peking University,False,,1159,https://ideas.repec.org/e/pyi76.html
pba1660,"John M. Barrios, Jr.",Washington University in St. Louis,False,,1160,https://ideas.repec.org/f/pba1660.html
pca325,Giovanni Caggiano,Monash University,False,,1161,https://ideas.repec.org/f/pca325.html
pah189,Wasim Ahmad,Indian Institute of Technology Kanpur,False,,1166,https://ideas.repec.org/e/pah189.html
pfe193,Paulo Jorge Silveira Ferreira,Instituto Politécnico de Portalegre,False,,1167,https://ideas.repec.org/e/pfe193.html
pda815,Debojyoti Das,Indian Institute of Management Bangalore (IIMB),False,,1168,https://ideas.repec.org/f/pda815.html
pna248,Gisle James Natvik,BI Handelshøyskolen,False,,1169,https://ideas.repec.org/f/pna248.html
pgo110,Daniel Gottlieb,London School of Economics (LSE),False,,1170,https://ideas.repec.org/e/pgo110.html
pja726,Atif Jahanger,Hainan University,False,,1171,https://ideas.repec.org/f/pja726.html
pfo293,Eliza Forsythe,University of Illinois at Urbana-Champaign,False,,1173,https://ideas.repec.org/f/pfo293.html
pfa173,Mohammad Reza Farzanegan,Philipps-Universität Marburg,False,,1174,https://ideas.repec.org/e/pfa173.html
pfa200,Renato Faccini,Danmarks Nationalbank,False,,1176,https://ideas.repec.org/e/pfa200.html
pbe644,Joscha Beckmann,Fernuniversität in Hagen,False,,1177,https://ideas.repec.org/f/pbe644.html
pde730,Jonathan de Quidt,Stockholms Universitet,False,,1178,https://ideas.repec.org/f/pde730.html
pal145,Jason Allen,University of Wisconsin-Madison,False,,1181,https://ideas.repec.org/e/pal145.html
ptz18,Panayiotis G. Tzeremes,University of Thessaly,False,,1182,https://ideas.repec.org/e/ptz18.html
pag129,Philipp Ager,Universität Mannheim,False,,1183,https://ideas.repec.org/e/pag129.html
pde294,Davide Debortoli,Barcelona School of Economics (BSE),False,,1184,https://ideas.repec.org/f/pde294.html
pba562,Stefano Battiston,Università Ca' Foscari Venezia,False,,1191,https://ideas.repec.org/f/pba562.html
pti242,Yannick Timmer,Federal Reserve Board (Board of Governors of the Federal Reserve System),False,,1192,https://ideas.repec.org/f/pti242.html
pse304,Petr Sedlacek,UNSW Sydney,False,,1196,https://ideas.repec.org/f/pse304.html
pba1509,Ryan Niladri Banerjee,Bank for International Settlements (BIS),False,,1202,https://ideas.repec.org/f/pba1509.html
pke424,Rohan Kekre,University of California-Berkeley,False,,1204,https://ideas.repec.org/f/pke424.html
pvi316,Nicolas Vincent,HEC Montréal (École des Hautes Études Commerciales),False,,1205,https://ideas.repec.org/f/pvi316.html
pzh497,Siqi Zheng,Massachusetts Institute of Technology (MIT),False,,1209,https://ideas.repec.org/f/pzh497.html
pzl8,Ulf Zölitz,Universität Zürich,False,,1210,https://ideas.repec.org/e/pzl8.html
pve240,Frank Maarten Jan Venmans,London School of Economics (LSE),False,,1213,https://ideas.repec.org/f/pve240.html
pal824,Diane Alexander,University of Pennsylvania,False,,1214,https://ideas.repec.org/f/pal824.html
pha1276,Bryan Hardy,Bank for International Settlements (BIS),False,,1216,https://ideas.repec.org/f/pha1276.html
pra788,Ibrahim Dolapo Raheem,,False,,1217,https://ideas.repec.org/f/pra788.html
ppa196,Elena Pastorino,,False,,1219,https://ideas.repec.org/e/ppa196.html
pst593,Michael R. Strain,American Enterprise Institute,False,,1220,https://ideas.repec.org/f/pst593.html
pnw19,Jacinta Nwachukwu,University of Central Lancashire,False,,1221,https://ideas.repec.org/e/pnw19.html
pal276,Md. Mahmudul Alam,Universiti Utara Malaysia,False,,1222,https://ideas.repec.org/f/pal276.html
pbe722,Michael Carlos Best,Columbia University,False,,1223,https://ideas.repec.org/f/pbe722.html
pal1010,Mamdouh Abdulaziz Saleh Al-Faryan,University of Portsmouth,False,,1224,https://ideas.repec.org/f/pal1010.html
psc355,Joachim Schleich,Fraunhofer-Gesellschaft,False,,1226,https://ideas.repec.org/f/psc355.html
pfe214,Filippo Ferroni,Alma Mater Studiorum - Università di Bologna,False,,1228,https://ideas.repec.org/f/pfe214.html
pga933,Bertrand Garbinti,Centre de Recherche en Économie et Statistique (CREST),False,,1232,https://ideas.repec.org/f/pga933.html
pbt7,Aline Bütikofer,Norges Handelshøyskole (NHH),False,,1235,https://ideas.repec.org/e/pbt7.html
pbe989,Felipe Benguria,University of Kentucky,False,,1236,https://ideas.repec.org/f/pbe989.html
pli1503,Jianping Li,University of Chinese Academy of Sciences,False,,1237,https://ideas.repec.org/f/pli1503.html
pgu727,German Gutierrez,New York University (NYU),False,,1241,https://ideas.repec.org/f/pgu727.html
pcr150,Javier Cravino,University of Michigan,False,,1243,https://ideas.repec.org/e/pcr150.html
pst598,Joseph B. Steinberg,University of Toronto,False,,1244,https://ideas.repec.org/f/pst598.html
pgi259,Paolo Stefano Giudici,Università degli Studi di Pavia,False,,1245,https://ideas.repec.org/f/pgi259.html
pgr529,Daniel P. Gross,Duke University,False,,1246,https://ideas.repec.org/f/pgr529.html
ple634,Derek Lemoine,University of Arizona,False,,1249,https://ideas.repec.org/f/ple634.html
pki563,Hyunseob Kim,Federal Reserve Bank of Chicago,False,,1251,https://ideas.repec.org/f/pki563.html
pbo878,Alessandro Bonatti,Massachusetts Institute of Technology (MIT),False,,1252,https://ideas.repec.org/f/pbo878.html
pal451,Chaker Aloui,Prince Sultan University,False,,1253,https://ideas.repec.org/f/pal451.html
pmo544,Masayuki Morikawa,Research Institute of Economy,False,,1262,https://ideas.repec.org/f/pmo544.html
pwy6,Michael Wyrwich,Rijksuniversiteit Groningen,False,,1263,https://ideas.repec.org/e/pwy6.html
pri230,Giovanni Ricco,Centre de Recherche en Économie et Statistique (CREST),False,,1265,https://ideas.repec.org/f/pri230.html
pew6,Michael Ewens,Columbia University,False,,1267,https://ideas.repec.org/e/pew6.html
pbi247,Saki Bigio,University of California-Los Angeles (UCLA),False,,1268,https://ideas.repec.org/f/pbi247.html
pcu144,Wei Cui,University College London (UCL),False,,1269,https://ideas.repec.org/e/pcu144.html
pnu38,Galo Nuño Barrau,Banco de España,False,,1271,https://ideas.repec.org/e/pnu38.html
pja349,Matthew Steven Jaremski,Utah State University,False,,1276,https://ideas.repec.org/f/pja349.html
pmi184,Sébastien Miroudot,Organisation de Coopération et de Développement Économiques (OCDE),False,,1278,https://ideas.repec.org/e/pmi184.html
ple706,Jessica Leight,International Food Policy Research Institute (IFPRI),False,,1279,https://ideas.repec.org/f/ple706.html
pco1061,Giulio Cornelli,Bank for International Settlements (BIS),False,,1283,https://ideas.repec.org/f/pco1061.html
ple583,Neil Lee,London School of Economics (LSE),False,,1284,https://ideas.repec.org/f/ple583.html
pbo393,Emine Boz,International Monetary Fund (IMF),False,,1286,https://ideas.repec.org/f/pbo393.html
pfo131,Samuel Fosso Wamba,Groupe ESC Toulouse,False,,1288,https://ideas.repec.org/e/pfo131.html
pre299,Armon Rezai,WU Wirtschaftsuniversität Wien,False,,1292,https://ideas.repec.org/f/pre299.html
pwa696,Qunwei Wang,Nanjing University of Aeroneautics and Astronautics,False,,1298,https://ideas.repec.org/f/pwa696.html
pra238,Roland Rathelot,Centre de Recherche en Économie et Statistique (CREST),False,,1299,https://ideas.repec.org/f/pra238.html
pgr364,Matthew Greenwood-Nimmo,University of Melbourne,False,,1302,https://ideas.repec.org/f/pgr364.html
pop18,Ryan Oprea,University of California-Santa Cruz (UCSC),False,,1305,https://ideas.repec.org/e/pop18.html
pme542,Brent Hedlund Meyer,Federal Reserve Bank of Atlanta,False,,1306,https://ideas.repec.org/f/pme542.html
plu377,Kurt Graden Lunsford,Federal Reserve Bank of Cleveland,False,,1309,https://ideas.repec.org/f/plu377.html
pcz11,Mikolaj Czajkowski,Uniwersytet Warszawski,False,,1313,https://ideas.repec.org/e/pcz11.html
psc448,Sebastian Schmidt,European Central Bank,False,,1316,https://ideas.repec.org/f/psc448.html
pkc2,Cem Işık,Anadolu Üniversitesi,False,,1317,https://ideas.repec.org/e/pkc2.html
pma2160,Mantu Kumar Mahalik,,False,,1318,https://ideas.repec.org/f/pma2160.html
pgr567,Basile Grassi,Università Commerciale Luigi Bocconi,False,,1319,https://ideas.repec.org/f/pgr567.html
ppi325,Gabor Pinter,Bank for International Settlements (BIS),False,,1320,https://ideas.repec.org/f/ppi325.html
pki546,Cynthia Kinnan,Tufts University,False,,1322,https://ideas.repec.org/f/pki546.html
pda786,Diego Daruich,University of Southern California,False,,1323,https://ideas.repec.org/f/pda786.html
pzh419,Y. Jane Zhang,UNSW Sydney,False,,1324,https://ideas.repec.org/f/pzh419.html
pje133,Michael Jetter,University of Western Australia,False,,1327,https://ideas.repec.org/e/pje133.html
pro1421,Merwan Roudane,,False,,1328,https://ideas.repec.org/f/pro1421.html
pka822,Matthias Kalkuhl,Mercator Research Institute on Global Commons and Climate Change (MCC),False,,1332,https://ideas.repec.org/f/pka822.html
pda888,Vishal Dagar,Great Lakes Institute of Management,False,,1333,https://ideas.repec.org/f/pda888.html
ppe642,Petra Persson,Stanford University,False,,1334,https://ideas.repec.org/f/ppe642.html
pre360,Mar Reguant,Barcelona School of Economics (BSE),False,,1335,https://ideas.repec.org/f/pre360.html
pco610,Jonathan Colmer,University of Virginia,False,,1336,https://ideas.repec.org/f/pco610.html
pfe552,Alberto Ferraris,Ural Federal University,False,,1337,https://ideas.repec.org/f/pfe552.html
pya131,Vincent W. Yao,Georgia State University,False,,1339,https://ideas.repec.org/e/pya131.html
pro1146,Jacob A. Robbins,University of Illinois at Chicago,False,,1340,https://ideas.repec.org/f/pro1146.html
pma1788,Alexey Makarin,Massachusetts Institute of Technology (MIT),False,,1344,https://ideas.repec.org/f/pma1788.html
pha1310,Catherine Hausman,National Bureau of Economic Research (NBER),False,,1345,https://ideas.repec.org/f/pha1310.html
ppe422,Ryan Heath Peters,Tulane University,False,,1349,https://ideas.repec.org/f/ppe422.html
pan527,Tomohiro Ando,University of Melbourne,False,,1353,https://ideas.repec.org/f/pan527.html
pbr190,Tom Broekel,,False,,1355,https://ideas.repec.org/e/pbr190.html
pch1792,Yung-ho Chiu,Soochow University,False,,1361,https://ideas.repec.org/f/pch1792.html
psc516,Lawrence David Warren Schmidt,Massachusetts Institute of Technology (MIT),False,,1362,https://ideas.repec.org/f/psc516.html
pqi54,Yu Qin,National University of Singapore (NUS),False,,1363,https://ideas.repec.org/e/pqi54.html
pdo218,Mathias Dolls,ifo Institut - Leibniz-Institut für Wirtschaftsforschung an der Universität München e.V.,False,,1364,https://ideas.repec.org/f/pdo218.html
pdi19,Emin Dinlersoz,Government of the United States,False,,1365,https://ideas.repec.org/e/pdi19.html
pko970,Serhiy Kozak,University of Maryland,False,,1366,https://ideas.repec.org/f/pko970.html
pka1382,Rupal Kamdar,Indiana University,False,,1369,https://ideas.repec.org/f/pka1382.html
pst421,Andreas Steinmayr,Leopold-Franzens-Universität Innsbruck,False,,1370,https://ideas.repec.org/f/pst421.html
phu598,Toan Luu Duc Huynh,University of Economics Ho Chi Minh City,False,,1371,https://ideas.repec.org/f/phu598.html
pge192,Georgios Georgiadis,European Central Bank,False,,1372,https://ideas.repec.org/e/pge192.html
pgr297,Francesco Grigoli,,False,,1373,https://ideas.repec.org/f/pgr297.html
pgu612,Selim Gulesci,Trinity College Dublin,False,,1374,https://ideas.repec.org/f/pgu612.html
pte191,Andrea Tesei,Queen Mary University of London,False,,1380,https://ideas.repec.org/e/pte191.html
pla637,Marta Lachowska,Federal Reserve Bank of Chicago,False,,1382,https://ideas.repec.org/f/pla637.html
psp229,Ben Sprung-Keyser,University of Pennsylvania,False,,1383,https://ideas.repec.org/f/psp229.html
psh726,Or Shachar,Federal Reserve Bank of New York,False,,1384,https://ideas.repec.org/f/psh726.html
pga755,Sharat Ganapati,Georgetown University,False,,1388,https://ideas.repec.org/f/pga755.html
por114,Juan Matias Ortner,Boston University,False,,1389,https://ideas.repec.org/e/por114.html
pgu546,Dario Guarascio,"""Sapienza"" Università di Roma",False,,1390,https://ideas.repec.org/f/pgu546.html
pam134,Francesco Amodio,McGill University,False,,1392,https://ideas.repec.org/e/pam134.html
pju214,Ragnar Enger Juelsrud,Universitetet i Oslo,False,,1394,https://ideas.repec.org/f/pju214.html
pwa494,Shing-Yi Wang,University of Pennsylvania,False,,1396,https://ideas.repec.org/f/pwa494.html
pli495,Youwei Li,University of Hull,False,,1398,https://ideas.repec.org/f/pli495.html
pal427,Guido Alfani,Università Commerciale Luigi Bocconi,False,,1400,https://ideas.repec.org/f/pal427.html
pra541,Tyler M. Ransom,University of Oklahoma,False,,1401,https://ideas.repec.org/f/pra541.html
ptr393,Sharon Traiberman,New York University (NYU),False,,1403,https://ideas.repec.org/f/ptr393.html
pso571,Giuseppe Sorrenti,Universiteit van Amsterdam,False,,1404,https://ideas.repec.org/f/pso571.html
pmi407,Claus Michelsen,DIW Berlin (Deutsches Institut für Wirtschaftsforschung),False,,1407,https://ideas.repec.org/f/pmi407.html
pdi363,Eugen Dimant,,False,,1408,https://ideas.repec.org/f/pdi363.html
ppa251,Nuno Pedro G. Palma,University of Manchester,False,,1411,https://ideas.repec.org/f/ppa251.html
psc650,Wolf-Peter Schill,DIW Berlin (Deutsches Institut für Wirtschaftsforschung),False,,1414,https://ideas.repec.org/f/psc650.html
pth366,Michael Thaler,University College London (UCL),False,,1415,https://ideas.repec.org/f/pth366.html
plo110,Trevon D. Logan,National Bureau of Economic Research (NBER),False,,1416,https://ideas.repec.org/e/plo110.html
ple928,Anthony Lepinteur,Université du Luxembourg,False,,1417,https://ideas.repec.org/f/ple928.html
pwa667,Olivier Wang,New York University (NYU),False,,1419,https://ideas.repec.org/f/pwa667.html
pme642,Geert Mesters,Federal Reserve Bank of New York,False,,1420,https://ideas.repec.org/f/pme642.html
ple692,Fernando Leibovici,Federal Reserve Bank of Dallas,False,,1421,https://ideas.repec.org/f/ple692.html
phy13,Henry Richard Hyatt,Government of the United States,False,,1422,https://ideas.repec.org/e/phy13.html
pru106,Jared Rubin,Chapman University,False,,1425,https://ideas.repec.org/e/pru106.html
pim33,Clément Imbert,Sciences Po,False,,1426,https://ideas.repec.org/e/pim33.html
psi1127,Michael Siegenthaler,Eidgenössische Technische Hochschule Zürich (ETHZ),False,,1427,https://ideas.repec.org/f/psi1127.html
pge328,Francois Gerard,University College London (UCL),False,,1429,https://ideas.repec.org/f/pge328.html
ppo637,Vincent Pons,Harvard University,False,,1430,https://ideas.repec.org/f/ppo637.html
ppu86,Theodor Valentin Purcarea,Universitatea Româno-Americană,False,,1433,https://ideas.repec.org/e/ppu86.html
pri321,Syed Aun R. Rizvi,Lahore University of Management Sciences,False,,1435,https://ideas.repec.org/f/pri321.html
psc351,Ian Michael Schmutte,University of Georgia,False,,1436,https://ideas.repec.org/f/psc351.html
pch1683,Peter Anton Christensen,University of California-Santa Cruz (UCSC),False,,1440,https://ideas.repec.org/f/pch1683.html
pgo820,Felipe González,King's College London,False,,1441,https://ideas.repec.org/f/pgo820.html
pch1228,Tao Chen,Nanyang Technological University,False,,1446,https://ideas.repec.org/f/pch1228.html
pda851,Olivier Darmouni,Columbia University,False,,1447,https://ideas.repec.org/f/pda851.html
pko790,Julian Kozlowski,Federal Reserve Bank of St. Louis,False,,1448,https://ideas.repec.org/f/pko790.html
pny23,Anant Nyshadham,University of Michigan,False,,1449,https://ideas.repec.org/e/pny23.html
pfu9,José Alberto Fuinhas,Universidade do Coimbra,False,,1452,https://ideas.repec.org/e/pfu9.html
per213,Katherine Eriksson,University of California-Davis,False,,1454,https://ideas.repec.org/f/per213.html
pkr246,Sebastian Kripfganz,University of Exeter,False,,1455,https://ideas.repec.org/f/pkr246.html
pfa548,Adrien Fabre,Centre International de Recherche sur l'Environnement et le Développement (CIRED),False,,1456,https://ideas.repec.org/f/pfa548.html
pme762,Brian Thomas Melzer,Dartmouth College,False,,1458,https://ideas.repec.org/f/pme762.html
phu293,John Eric Humphries,Yale University,False,,1459,https://ideas.repec.org/f/phu293.html
pri173,Christian Marc Ringle,,False,,1460,https://ideas.repec.org/e/pri173.html
pha383,Benjamin Hansen,University of Oregon,False,,1461,https://ideas.repec.org/f/pha383.html
ppu77,Tālis Putniņš,University of Technology Sydney,False,,1462,https://ideas.repec.org/e/ppu77.html
ppr415,Brian Charles Prest,Resources for the Future (RFF),False,,1463,https://ideas.repec.org/f/ppr415.html
pva651,Felipe Valencia Caicedo,University of British Columbia,False,,1465,https://ideas.repec.org/f/pva651.html
pni384,Paul Niehaus,University of California-San Diego (UCSD),False,,1469,https://ideas.repec.org/f/pni384.html
pgr571,Klaus Gründler,Universität Kassel,False,,1471,https://ideas.repec.org/f/pgr571.html
ppe799,Giovanni Pellegrino,Università degli Studi di Padova,False,,1476,https://ideas.repec.org/f/ppe799.html
pvo187,Goetz von Peter,Bank for International Settlements (BIS),False,,1477,https://ideas.repec.org/e/pvo187.html
pla883,Eben Lazarus,University of California-Berkeley,False,,1479,https://ideas.repec.org/f/pla883.html
pzy8,Yanos Zylberberg,University of Bristol,False,,1482,https://ideas.repec.org/e/pzy8.html
ppr456,Andrea Prestipino,Federal Reserve Board (Board of Governors of the Federal Reserve System),False,,1483,https://ideas.repec.org/f/ppr456.html
pre385,Julian Reif,University of Illinois at Urbana-Champaign,False,,1484,https://ideas.repec.org/f/pre385.html
pli1242,Ethan M.j. Lieber,University of Notre Dame,False,,1486,https://ideas.repec.org/f/pli1242.html
pma2677,Carlos Madeira,Banco Central de Chile,False,,1487,https://ideas.repec.org/f/pma2677.html
pzh896,Weike Zhang,Sichuan University,False,,1490,https://ideas.repec.org/f/pzh896.html
ped70,Anthony Edo,,False,,1492,https://ideas.repec.org/e/ped70.html
pka964,Agne Kajackaite,Università degli Studi di Milano,False,,1494,https://ideas.repec.org/f/pka964.html
ppi372,Pia Rosina Pinger,Universität zu Köln,False,,1495,https://ideas.repec.org/f/ppi372.html
par531,Dmitry Arkhangelsky,Centro de Estudios Monetarios y Financieros (CEMFI),False,,1496,https://ideas.repec.org/f/par531.html
pbe1273,Martin Beraja,Massachusetts Institute of Technology (MIT),False,,1498,https://ideas.repec.org/f/pbe1273.html
pal1270,Shoaib Ali,Université Internationale de Rabat,False,,1499,https://ideas.repec.org/f/pal1270.html
pyu225,Minchul Yum,Virginia Commonwealth University,False,,1500,https://ideas.repec.org/f/pyu225.html
pta633,Yuehua Tang,University of Florida,False,,1501,https://ideas.repec.org/f/pta633.html
pos133,Juan J. Ospina-Tejeiro,Banco de la Republica de Colombia,False,,1504,https://ideas.repec.org/e/pos133.html
psc988,Christophe Schinckus,,False,,1507,https://ideas.repec.org/f/psc988.html
paj35,Nicolas Ajzenman,McGill University,False,,1508,https://ideas.repec.org/e/paj35.html
pwa726,Zachary Ward,Baylor University,False,,1510,https://ideas.repec.org/f/pwa726.html
pmi138,Camelia Minoiu,Federal Reserve Bank of Atlanta,False,,1512,https://ideas.repec.org/e/pmi138.html
pfa513,Itzik Fadlon,University of California-San Diego (UCSD),False,,1513,https://ideas.repec.org/f/pfa513.html
pft1,Zied Ftiti,EDC Paris Business School,False,,1515,https://ideas.repec.org/e/pft1.html
pme858,Kyle Chuan Meng,,False,,1520,https://ideas.repec.org/f/pme858.html
pca1576,Gabriel Carroll,University of Toronto,False,,1523,https://ideas.repec.org/f/pca1576.html
pdr105,Moritz A. Drupp,Universität Hamburg,False,,1524,https://ideas.repec.org/e/pdr105.html
pmi322,Ernest Miguelez,Universitat de Barcelona,False,,1525,https://ideas.repec.org/f/pmi322.html
pla866,Timothy James Layton,,False,,1529,https://ideas.repec.org/f/pla866.html
psc940,Molly Schnell,,False,,1531,https://ideas.repec.org/f/psc940.html
pca722,Sanya Carley,University of Pennsylvania,False,,1533,https://ideas.repec.org/f/pca722.html
pad48,Tasso Adamopoulos,York University,False,,1534,https://ideas.repec.org/e/pad48.html
pdh37,Emmanuel Dhyne,Nationale Bank van België/Banque national de Belqique (BNB),False,,1537,https://ideas.repec.org/e/pdh37.html
pde369,Gaétan de Rassenfosse,École Polytechnique Fédérale de Lausanne (EPFL),False,,1538,https://ideas.repec.org/f/pde369.html
ple494,Robert Lehmann,ifo Institut - Leibniz-Institut für Wirtschaftsforschung an der Universität München e.V.,False,,1539,https://ideas.repec.org/f/ple494.html
pjo83,Robert J. Johnston,Clark University,False,,1541,https://ideas.repec.org/e/pjo83.html
pde1498,Ed deHaan,Stanford University,False,,1543,https://ideas.repec.org/f/pde1498.html
por110,Gianluca Orefice,Université Paris-Dauphine (Paris IX),False,,1549,https://ideas.repec.org/e/por110.html
pch1344,Chaoran Chen,York University,False,,1557,https://ideas.repec.org/f/pch1344.html
pli704,Sebastian Link,ifo Institut - Leibniz-Institut für Wirtschaftsforschung an der Universität München e.V.,False,,1559,https://ideas.repec.org/f/pli704.html
pbr739,Luca Brugnolini,,False,,1562,https://ideas.repec.org/f/pbr739.html
pri396,Emma Alice Louise Riley,University of Michigan,False,,1563,https://ideas.repec.org/f/pri396.html
pma1610,Linus Mattauch,Oxford University,False,,1564,https://ideas.repec.org/f/pma1610.html
pab241,Shujaat Abbas,Ural Federal University,False,,1565,https://ideas.repec.org/f/pab241.html
pco827,Ricardo Correa,Federal Reserve Board (Board of Governors of the Federal Reserve System),False,,1567,https://ideas.repec.org/f/pco827.html
pro704,Tiziano Ropele,Banca d'Italia,False,,1572,https://ideas.repec.org/f/pro704.html
pch372,Kaiji Chen,Emory University,False,,1573,https://ideas.repec.org/f/pch372.html
pbe1128,Alex Bell,Georgia State University,False,,1575,https://ideas.repec.org/f/pbe1128.html
pha871,Jarkko Harju,University of Glasgow,False,,1577,https://ideas.repec.org/f/pha871.html
pfa156,Harald Fadinger,Universität Wien,False,,1581,https://ideas.repec.org/e/pfa156.html
phi214,Erik Hille,Handelshochschule Leipzig,False,,1582,https://ideas.repec.org/f/phi214.html
pda415,Jonathan Scott Davis,Federal Reserve Bank of Dallas,False,,1585,https://ideas.repec.org/f/pda415.html
pfo216,Teresa C. Fort,Dartmouth College,False,,1586,https://ideas.repec.org/f/pfo216.html
pbl102,Benjamin McKay Blau,Utah State University,False,,1589,https://ideas.repec.org/e/pbl102.html
pwa817,Thomas Walther,Universiteit Utrecht,False,,1592,https://ideas.repec.org/f/pwa817.html
pco213,Italo Colantone,Università Commerciale Luigi Bocconi,False,,1593,https://ideas.repec.org/f/pco213.html
pco986,Nikolai Cook,Wilfrid Laurier University,False,,1595,https://ideas.repec.org/f/pco986.html
pya385,Lu Yang,Shenzhen University,False,,1597,https://ideas.repec.org/f/pya385.html
pbo439,Antoine Bozio,Paris School of Economics,False,,1598,https://ideas.repec.org/f/pbo439.html
pda496,Yannis Dafermos,School of Oriental and African Studies (SOAS),False,,1600,https://ideas.repec.org/f/pda496.html
pma869,Mario Macis,Johns Hopkins University,False,,1602,https://ideas.repec.org/f/pma869.html
phe456,Ling-Yun He,Jinan University,False,,1604,https://ideas.repec.org/f/phe456.html
pde1061,Ryan Decker,Federal Reserve Board (Board of Governors of the Federal Reserve System),False,,1605,https://ideas.repec.org/f/pde1061.html
pga940,Andrew Garin,Carnegie Mellon University,False,,1609,https://ideas.repec.org/f/pga940.html
pan448,Céline Antonin,Sciences Po,False,,1610,https://ideas.repec.org/f/pan448.html
pme371,Leandro Medina,George Washington University,False,,1611,https://ideas.repec.org/f/pme371.html
pgr804,Tal Gross,Boston University,False,,1613,https://ideas.repec.org/f/pgr804.html
plo464,Sara Lowes,University of California-San Diego (UCSD),False,,1615,https://ideas.repec.org/f/plo464.html
pak300,Md Akhtaruzzaman,Australian Catholic University,False,,1616,https://ideas.repec.org/f/pak300.html
pdo441,Keshav Dogra,Federal Reserve Bank of New York,False,,1617,https://ideas.repec.org/f/pdo441.html
piv98,Kris Ivanovski,La Trobe University,False,,1619,https://ideas.repec.org/e/piv98.html
ppe860,Bruno Pellegrino,Columbia University,False,,1620,https://ideas.repec.org/f/ppe860.html
pth350,Nicolaj Thor,Harvard University,False,,1621,https://ideas.repec.org/f/pth350.html
pna721,Joana Naritomi,London School of Economics (LSE),False,,1622,https://ideas.repec.org/f/pna721.html
pmi744,Sarah Miller,University of Michigan,False,,1623,https://ideas.repec.org/f/pmi744.html
pco421,Charles Courtemanche,University of Kentucky,False,,1624,https://ideas.repec.org/f/pco421.html
pgr92,Gilles Grolleau,École Supérieure des Sciences Commerciales d'Angers (ESSCA),False,,1625,https://ideas.repec.org/e/pgr92.html
pro914,Rudi Rocha,Fundação Getúlio Vargas (FGV),False,,1628,https://ideas.repec.org/f/pro914.html
pho265,Mitchell Harvey Hoffman,University of Toronto,False,,1632,https://ideas.repec.org/f/pho265.html
ppu56,Benjamin Wild Pugsley,University of Notre Dame,False,,1633,https://ideas.repec.org/e/ppu56.html
pce131,Ambrogio Cesa-Bianchi,Bank of England,False,,1634,https://ideas.repec.org/e/pce131.html
pas138,Vladimir Asriyan,Barcelona School of Economics (BSE),False,,1639,https://ideas.repec.org/e/pas138.html
psa1082,Raul Santaeulalia-Llopis,New York University Abu Dhabi,False,,1640,https://ideas.repec.org/f/psa1082.html
pri405,Kevin Rinz,Federal Reserve Bank of Cleveland,False,,1643,https://ideas.repec.org/f/pri405.html
pgl86,Christian Glocker,Österreichisches Institut für Wirtschaftsforschung (WIFO),False,,1647,https://ideas.repec.org/e/pgl86.html
pli361,"Li, Yao Amber",Hong Kong University of Science and Technology (HKUST),False,,1649,https://ideas.repec.org/f/pli361.html
pbo874,Levi Boxell,Stanford University,False,,1652,https://ideas.repec.org/f/pbo874.html
pli778,Brantley Liddle,National University of Singapore (NUS),False,,1653,https://ideas.repec.org/f/pli778.html
pba1440,Jacob Bastian,Rutgers University-New Brunswick,False,,1654,https://ideas.repec.org/f/pba1440.html
psa547,Ana Maria Santacreu,Southern Methodist University,False,,1655,https://ideas.repec.org/f/psa547.html
pmc143,Michael Francis McMahon,Oxford University,False,,1657,https://ideas.repec.org/e/pmc143.html
pul37,Gabriel Ulyssea,Oxford University,False,,1659,https://ideas.repec.org/e/pul37.html
pzh303,Junjie Zhang,,False,,1661,https://ideas.repec.org/f/pzh303.html
ppr113,Marcel Prokopczuk,Leibniz Universität Hannover,False,,1662,https://ideas.repec.org/e/ppr113.html
pra1254,Giuseppe Ragusa,"""Sapienza"" Università di Roma",False,,1666,https://ideas.repec.org/f/pra1254.html
pki193,Talip Kilic,World Bank Group,False,,1667,https://ideas.repec.org/e/pki193.html
pso450,Dongho Song,Johns Hopkins University,False,,1668,https://ideas.repec.org/f/pso450.html
pba1149,Dany Bahar,Center for Global Development (CGD),False,,1669,https://ideas.repec.org/f/pba1149.html
pmo432,Sauro Mocetti,Banca d'Italia,False,,1670,https://ideas.repec.org/f/pmo432.html
pts24,Margarita Tsoutsoura,Washington University in St. Louis,False,,1672,https://ideas.repec.org/e/pts24.html
pwh60,Corey White,Monash University,False,,1673,https://ideas.repec.org/e/pwh60.html
pst441,Sascha Steffen,Frankfurt School of Finance and Management,False,,1674,https://ideas.repec.org/f/pst441.html
pma2173,Sai Ma,Federal Reserve Board (Board of Governors of the Federal Reserve System),False,,1675,https://ideas.repec.org/f/pma2173.html
pme812,Nikita Melnikov,,False,,1680,https://ideas.repec.org/f/pme812.html
pco1139,Emanuele Colonnelli,University of Chicago,False,,1682,https://ideas.repec.org/f/pco1139.html
pst192,Wadim Strielkowski,Česká Zemìdìlská Univerzita,False,,1683,https://ideas.repec.org/e/pst192.html
pbi170,Nicholas Biekpe,University of Cape Town,False,,1684,https://ideas.repec.org/e/pbi170.html
psh553,Hitoshi Shigeoka,Simon Fraser University,False,,1685,https://ideas.repec.org/f/psh553.html
pma1327,Johanna Catherine Maclean,Temple University,False,,1686,https://ideas.repec.org/f/pma1327.html
pde912,Matteo Deleidi,,False,,1690,https://ideas.repec.org/f/pde912.html
pmu472,Nicholas Z. Muller,Carnegie Mellon University,False,,1692,https://ideas.repec.org/f/pmu472.html
pal993,Andrew Adewale Alola,İstanbul Gelişim Üniversitesi,False,,1693,https://ideas.repec.org/f/pal993.html
psh367,Moses Shayo,Hebrew University of Jerusalem,False,,1694,https://ideas.repec.org/f/psh367.html
pga986,Daniel Garcia-Macia,International Monetary Fund (IMF),False,,1695,https://ideas.repec.org/f/pga986.html
pla525,Bradley J. Larsen,Washington University in St. Louis,False,,1696,https://ideas.repec.org/f/pla525.html
phu666,Yang Hu,University of Waikato,False,,1698,https://ideas.repec.org/f/phu666.html
psa770,Jamel Saadaoui,Université Paris-Saint-Denis (Paris VIII),False,,1700,https://ideas.repec.org/f/psa770.html
pso464,Sebastian Sotelo,University of Michigan,False,,1701,https://ideas.repec.org/f/pso464.html
ppo573,Jillian Grennan,University of California-Berkeley,False,,1702,https://ideas.repec.org/f/ppo573.html
pph87,Toan Phan,Federal Reserve Bank of Richmond,False,,1703,https://ideas.repec.org/e/pph87.html
pwa648,Zhao-Hua Wang,Beijing Institute of Technology,False,,1704,https://ideas.repec.org/f/pwa648.html
ppo414,Dina D. Pomeranz,Universität Zürich,False,,1705,https://ideas.repec.org/f/ppo414.html
pmj1,Isabelle Mejean,Sciences Po,False,,1708,https://ideas.repec.org/e/pmj1.html
pay39,Ahmet Faruk Aysan,,False,,1710,https://ideas.repec.org/e/pay39.html
pri213,Johanna Rickne,Stockholms Universitet,False,,1711,https://ideas.repec.org/f/pri213.html
pbu277,Lorenzo Burlon,European Central Bank,False,,1712,https://ideas.repec.org/f/pbu277.html
pbo300,Kris Boudt,Universiteit Gent,False,,1713,https://ideas.repec.org/f/pbo300.html
pde1065,Maarten De Ridder,London School of Economics (LSE),False,,1715,https://ideas.repec.org/f/pde1065.html
pch466,Zhiming Cheng,Macquarie University,False,,1718,https://ideas.repec.org/f/pch466.html
pan546,Martin Eckhoff Andresen,Universitetet i Oslo,False,,1721,https://ideas.repec.org/f/pan546.html
pne394,Andreas Neuhierl,Purdue University,False,,1724,https://ideas.repec.org/f/pne394.html
ppa1555,Cecilia Parlatore,New York University (NYU),False,,1725,https://ideas.repec.org/f/ppa1555.html
ppa842,Theodore Papageorgiou,Boston College,False,,1727,https://ideas.repec.org/f/ppa842.html
ple409,Robin S. Lee,Harvard University,False,,1730,https://ideas.repec.org/f/ple409.html
pgo766,Jonathan Goupille-Lebret,École Normale Supérieure de Lyon,False,,1736,https://ideas.repec.org/f/pgo766.html
pka688,Krzysztof Karbownik,Emory University,False,,1738,https://ideas.repec.org/f/pka688.html
pmo1127,Dr Haradhan Kumar Mohajan,,False,,1739,https://ideas.repec.org/f/pmo1127.html
pst906,Jan Christoph Steckel,Potsdam-Institut für Klimafolgenforschung (PIK),False,,1740,https://ideas.repec.org/f/pst906.html
pha1298,Jongrim Ha,World Bank Group,False,,1743,https://ideas.repec.org/f/pha1298.html
pbi175,Mehmet Huseyin Bilgin,İstanbul Medeniyet Üniversitesi,False,,1747,https://ideas.repec.org/e/pbi175.html
pin45,Roula Inglesi-Lotz,University of Pretoria,False,,1748,https://ideas.repec.org/e/pin45.html
pfo173,Olle Folke,,False,,1749,https://ideas.repec.org/e/pfo173.html
ptu137,Lesley Jeanne Turner,University of Chicago,False,,1750,https://ideas.repec.org/e/ptu137.html
pri290,Nicholas Rivers,Université d'Ottawa,False,,1751,https://ideas.repec.org/f/pri290.html
phe592,Sebastian Heise,Federal Reserve Bank of New York,False,,1753,https://ideas.repec.org/f/phe592.html
ppe705,Mathieu Pedemonte,Inter-American Development Bank,False,,1755,https://ideas.repec.org/f/ppe705.html
pla628,François Lafond,Oxford University,False,,1756,https://ideas.repec.org/f/pla628.html
pla673,Etienne Lalé,York University,False,,1757,https://ideas.repec.org/f/pla673.html
pba913,Jungho Baek,University of Alaska-Fairbanks,False,,1761,https://ideas.repec.org/f/pba913.html
pal957,Christoph Albert,Università degli Studi di Torino,False,,1762,https://ideas.repec.org/f/pal957.html
pto32,Flavio Toxvaerd,University of Cambridge,False,,1764,https://ideas.repec.org/e/pto32.html
psa638,Ivan V. Savin,ESCP Europe,False,,1765,https://ideas.repec.org/f/psa638.html
pli728,Li Liu,International Monetary Fund (IMF),False,,1766,https://ideas.repec.org/f/pli728.html
pfa7,Alessandra Faggian,Gran Sasso Science Institute (GSSI),False,,1767,https://ideas.repec.org/e/pfa7.html
pro763,Felix Roesel,Technische Universität Carolo-Wilhelmina zu Braunschweig,False,,1769,https://ideas.repec.org/f/pro763.html
pma1993,Hong Ma,Tsinghua University,False,,1770,https://ideas.repec.org/f/pma1993.html
pca1286,Camila Casas,International Monetary Fund (IMF),False,,1771,https://ideas.repec.org/f/pca1286.html
pro605,Mauricio Romero,Instituto Tecnólogico Autónomo de México (ITAM),False,,1772,https://ideas.repec.org/f/pro605.html
pwa655,Ke Wang,Beijing Institute of Technology,False,,1773,https://ideas.repec.org/f/pwa655.html
pch1542,Jevan Cherniwchan,McMaster University,False,,1774,https://ideas.repec.org/f/pch1542.html
pwu157,Ji Wu,Massey University,False,,1775,https://ideas.repec.org/e/pwu157.html
psa885,Mark Walter Johan Louis Sanders,Maastricht University,False,,1779,https://ideas.repec.org/f/psa885.html
pho751,Alex J. Hollingsworth,Ohio State University,False,,1780,https://ideas.repec.org/f/pho751.html
phe304,Raphael James Heffron,University of Cambridge,False,,1783,https://ideas.repec.org/f/phe304.html
pdi215,Marco Di Maggio,Massachusetts Institute of Technology (MIT),False,,1785,https://ideas.repec.org/f/pdi215.html
pzh997,Haoxiang Zhu,Massachusetts Institute of Technology (MIT),False,,1786,https://ideas.repec.org/f/pzh997.html
pik13,Daisuke Ikeda,Bank of Japan,False,,1788,https://ideas.repec.org/e/pik13.html
ppe835,Santiago Perez,University of California-Davis,False,,1789,https://ideas.repec.org/f/ppe835.html
pku84,Dorothea Kübler,Wissenschaftszentrum Berlin für Sozialforschung (WZB),False,,1790,https://ideas.repec.org/e/pku84.html
psa1336,Dario Sansone,University of Exeter,False,,1791,https://ideas.repec.org/f/psa1336.html
psa631,Damiano Sandri,International Monetary Fund (IMF),False,,1792,https://ideas.repec.org/f/psa631.html
pne117,Matthias Neuenkirch,Universität Trier,False,,1795,https://ideas.repec.org/e/pne117.html
psi653,Carl Singleton,University of Stirling,False,,1796,https://ideas.repec.org/f/psi653.html
pre29,Ernesto Reuben,New York University Abu Dhabi,False,,1798,https://ideas.repec.org/e/pre29.html
pda768,Mai Chi Dao,International Monetary Fund (IMF),False,,1799,https://ideas.repec.org/f/pda768.html
ppe173,Jörg Ankel-Peters,RWI - Leibniz-Institut für Wirtschaftsforschung,False,,1800,https://ideas.repec.org/e/ppe173.html
prj3,Husam Abed Al Azeez Rjoub,Palestine Polytechnic University,False,,1801,https://ideas.repec.org/e/prj3.html
pgr483,Markus Grillitsch,Lunds Universitet,False,,1802,https://ideas.repec.org/f/pgr483.html
pkh511,Gaurav Khanna,University of California-San Diego (UCSD),False,,1803,https://ideas.repec.org/f/pkh511.html
pch2101,Jaewon Choi,Seoul National University,False,,1805,https://ideas.repec.org/f/pch2101.html
pda156,Conchita D'Ambrosio,,False,,1806,https://ideas.repec.org/e/pda156.html
pze127,Alexander Zerrahn,,False,,1807,https://ideas.repec.org/e/pze127.html
phe422,Brad Hershbein,W.E. Upjohn Institute for Employment Research,False,,1808,https://ideas.repec.org/f/phe422.html
pfa662,Benjamin Faber,University of California-Berkeley,False,,1809,https://ideas.repec.org/f/pfa662.html
pra1202,Lindsey Rebecca Raymond,Massachusetts Institute of Technology (MIT),False,,1812,https://ideas.repec.org/f/pra1202.html
pfu131,Hidemichi Fujii,Kyushu University,False,,1813,https://ideas.repec.org/e/pfu131.html
pch429,Edouard Challe,Paris School of Economics,False,,1814,https://ideas.repec.org/f/pch429.html
pfr146,Tim Friehe,Philipps-Universität Marburg,False,,1815,https://ideas.repec.org/e/pfr146.html
pgi368,Michela Giorcelli,University of California-Los Angeles (UCLA),False,,1820,https://ideas.repec.org/f/pgi368.html
pbr610,David Paul Brown,University of Alberta,False,,1822,https://ideas.repec.org/f/pbr610.html
pmi1021,Armando Miano,Centro Studi di Economia e Finanza (CSEF),False,,1827,https://ideas.repec.org/f/pmi1021.html
png123,Trung Thanh Nguyen,Leibniz Universität Hannover,False,,1828,https://ideas.repec.org/e/png123.html
por158,Ariel Ortiz-Bobea,Cornell University,False,,1829,https://ideas.repec.org/e/por158.html
pkr274,Caroline Krafft,University of Minnesota,False,,1831,https://ideas.repec.org/f/pkr274.html
pmy11,Caitlin Knowles Myers,Middlebury College,False,,1833,https://ideas.repec.org/e/pmy11.html
pva533,Judit Vall Castello,Universitat de Barcelona,False,,1835,https://ideas.repec.org/f/pva533.html
pma2423,Clément Malgouyres,Centre de Recherche en Économie et Statistique (CREST),False,,1836,https://ideas.repec.org/f/pma2423.html
pra817,Lukasz Rachel,University College London (UCL),False,,1837,https://ideas.repec.org/f/pra817.html
psa1183,Julien Sauvagnat,Università Commerciale Luigi Bocconi,False,,1838,https://ideas.repec.org/f/psa1183.html
pwo85,Stephen A. Woodbury,Michigan State University,False,,1842,https://ideas.repec.org/e/pwo85.html
pru76,Michał Rubaszek,Szkoła Główna Handlowa w Warszawie,False,,1843,https://ideas.repec.org/e/pru76.html
pse261,Marta Serra-Garcia,University of California-San Diego (UCSD),False,,1844,https://ideas.repec.org/f/pse261.html
psi682,Thiago Christiano Silva,Universidade Católica de Brasilia,False,,1845,https://ideas.repec.org/f/psi682.html
pic12,Shota Ichihashi,Queen's University,False,,1849,https://ideas.repec.org/e/pic12.html
pxu211,Mingzhi,Peking University,False,,1850,https://ideas.repec.org/f/pxu211.html
psu477,Andrew Gordon Sutherland,Massachusetts Institute of Technology (MIT),False,,1851,https://ideas.repec.org/f/psu477.html
pba1451,Sayef Bakari,Université de Tunis El Manar,False,,1855,https://ideas.repec.org/f/pba1451.html
pma1091,Arnaud Maurel,Duke University,False,,1859,https://ideas.repec.org/f/pma1091.html
pbu198,Thomas Buser,Tinbergen Instituut,False,,1861,https://ideas.repec.org/e/pbu198.html
psa880,Lutz Sager,ESSEC Business School,False,,1862,https://ideas.repec.org/f/psa880.html
pli1113,Ariel Linden,,False,,1866,https://ideas.repec.org/f/pli1113.html
pau40,Stéphane Auray,Centre de Recherche en Économie et Statistique (CREST),False,,1867,https://ideas.repec.org/e/pau40.html
pca696,Christian Catalini,Massachusetts Institute of Technology (MIT),False,,1869,https://ideas.repec.org/f/pca696.html
pma2128,Lala Ma,University of Kentucky,False,,1872,https://ideas.repec.org/f/pma2128.html
pfr353,Andrew Ira Friedson,,False,,1874,https://ideas.repec.org/f/pfr353.html
pfo387,Jose Arreola Hernandez,,False,,1875,https://ideas.repec.org/f/pfo387.html
psa822,Misato Sato,London School of Economics (LSE),False,,1876,https://ideas.repec.org/f/psa822.html
ppi210,Facundo Piguillem,Istituto Einaudi per l'Economia e la Finanza (EIEF),False,,1877,https://ideas.repec.org/f/ppi210.html
pqi142,Buhui Qiu,University of Sydney,False,,1878,https://ideas.repec.org/e/pqi142.html
pmu156,Hannes Felix Mueller,Barcelona School of Economics (BSE),False,,1880,https://ideas.repec.org/e/pmu156.html
pal364,Harun Alp,Federal Reserve Board (Board of Governors of the Federal Reserve System),False,,1881,https://ideas.repec.org/f/pal364.html
pbh34,Mita Bhattacharya,Monash University,False,,1883,https://ideas.repec.org/e/pbh34.html
pec58,Fabian Eckert,University of California-San Diego (UCSD),False,,1886,https://ideas.repec.org/e/pec58.html
pkl139,David Klenert,European Commission,False,,1887,https://ideas.repec.org/e/pkl139.html
pjo101,Sofia A. Johan,Florida Atlantic University,False,,1890,https://ideas.repec.org/e/pjo101.html
pda513,Joel David,Federal Reserve Bank of Chicago,False,,1891,https://ideas.repec.org/f/pda513.html
pol281,Johnson Ayobami Oliyide,Federal Reserve Bank of Kansas City,False,,1895,https://ideas.repec.org/f/pol281.html
pur43,Jorge Mario Uribe Gil,Universitat Oberta de Catalunya,False,,1898,https://ideas.repec.org/e/pur43.html
pho526,Martin Hodula,Česká Národní Banka,False,,1899,https://ideas.repec.org/f/pho526.html
ple212,Piotr Lewandowski,Instytut Badań Strukturalnych,False,,1901,https://ideas.repec.org/f/ple212.html
pst1028,Sandro Steinbach,North Dakota State University,False,,1904,https://ideas.repec.org/f/pst1028.html
pwo288,Martin Wolf,Universität St. Gallen,False,,1905,https://ideas.repec.org/f/pwo288.html
pge131,Sebastian Gechert,Technische Universität Chemnitz,False,,1908,https://ideas.repec.org/e/pge131.html
pni300,Maria Nikolaidi,University of Greenwich,False,,1909,https://ideas.repec.org/f/pni300.html
pva377,Fabian Valencia,International Monetary Fund (IMF),False,,1910,https://ideas.repec.org/f/pva377.html
pga775,Manuel Garcia-Santana,World Bank Group,False,,1911,https://ideas.repec.org/f/pga775.html
pha661,Christopher Andrew Hartwell,Bournemouth University,False,,1912,https://ideas.repec.org/f/pha661.html
pne320,Tsvetelina Nenova,Bank for International Settlements (BIS),False,,1913,https://ideas.repec.org/f/pne320.html
pak216,Seyi Saint Akadiri,Central Bank of Nigeria,False,,1914,https://ideas.repec.org/f/pak216.html
ptr354,Victor Troster,Universitat de les Illes Balears,False,,1915,https://ideas.repec.org/f/ptr354.html
pfe210,Aurelio F. Bariviera,Universitat Rovira I Virgili Tarragona,False,,1917,https://ideas.repec.org/f/pfe210.html
phi178,Julian Hinz,Universität Bielefeld,False,,1920,https://ideas.repec.org/e/phi178.html
pga361,Gaetano Gaballo,HEC Paris (École des Hautes Études Commerciales),False,,1922,https://ideas.repec.org/f/pga361.html
pli969,Faqin Lin,China Agricultural University,False,,1924,https://ideas.repec.org/f/pli969.html
pbu309,Johannes Christoph Buggle,Leopold-Franzens-Universität Innsbruck,False,,1925,https://ideas.repec.org/f/pbu309.html
pba869,Aurelien Baillon,EMLYON Business School,False,,1926,https://ideas.repec.org/f/pba869.html
ple907,Claire Lelarge,Université Paris-Saclay,False,,1928,https://ideas.repec.org/f/ple907.html
pde268,Ian Louis Dew-Becker,Northwestern University,False,,1929,https://ideas.repec.org/f/pde268.html
pre556,Alessio Reghezza,European Central Bank,False,,1930,https://ideas.repec.org/f/pre556.html
ppa1108,Lionel Page,University of Queensland,False,,1931,https://ideas.repec.org/f/ppa1108.html
pva842,Dominique van der Mensbrugghe,Purdue University,False,,1933,https://ideas.repec.org/f/pva842.html
pba354,Matteo Barigozzi,Alma Mater Studiorum - Università di Bologna,False,,1934,https://ideas.repec.org/f/pba354.html
phe339,Marc Henry,Pennsylvania State University,False,,1935,https://ideas.repec.org/f/phe339.html
pah162,Toni Ahnert,European Central Bank,False,,1936,https://ideas.repec.org/e/pah162.html
pve97,Francesco Venturini,Università degli Studi di Urbino,False,,1938,https://ideas.repec.org/e/pve97.html
psh1087,Muhammad Shafiullah,Brac University,False,,1939,https://ideas.repec.org/f/psh1087.html
pfl92,Sarah Flèche,Université Paris 1 (Panthéon-Sorbonne),False,,1940,https://ideas.repec.org/e/pfl92.html
pmo493,Andreas Moxnes,BI Handelshøyskolen,False,,1945,https://ideas.repec.org/f/pmo493.html
pmi878,Massimo Ferrari Minesso,European Central Bank,False,,1946,https://ideas.repec.org/f/pmi878.html
pfe103,Viviana Fernandez,Universidad Adolfo Ibáñez,False,,1949,https://ideas.repec.org/e/pfe103.html
pla789,Vegard Høghaug Larsen,BI Handelshøyskolen,False,,1950,https://ideas.repec.org/f/pla789.html
pmo1247,Sandro Montresor,Università degli Studi di Trento,False,,1952,https://ideas.repec.org/f/pmo1247.html
pgo372,Marco Gonzalez-Navarro,University of California-Berkeley,False,,1955,https://ideas.repec.org/f/pgo372.html
psz66,László A. Szerb,Pécsi Tudományegyetem,False,,1956,https://ideas.repec.org/e/psz66.html
pli632,Nicola Limodio,Università Commerciale Luigi Bocconi,False,,1961,https://ideas.repec.org/f/pli632.html
pda791,Jonathan M.v. Davis,University of Oregon,False,,1962,https://ideas.repec.org/f/pda791.html
pre128,J James Reade,University of Reading,False,,1963,https://ideas.repec.org/e/pre128.html
pni401,Milena Nikolova,Rijksuniversiteit Groningen,False,,1964,https://ideas.repec.org/f/pni401.html
pco502,Mario Coccia,Consiglio Nazionale delle Ricerche,False,,1965,https://ideas.repec.org/f/pco502.html
psh332,Chandan Sharma,Indian Institute of Management Lucknow (IIML),False,,1966,https://ideas.repec.org/f/psh332.html
pbi235,Katarzyna Anna Bilicka,Utah State University,False,,1971,https://ideas.repec.org/f/pbi235.html
pis173,Kazeem Ovanero Isah,,False,,1972,https://ideas.repec.org/e/pis173.html
pyi193,Moises Yi,Government of the United States,False,,1974,https://ideas.repec.org/e/pyi193.html
psa940,Cezar Santos,Fundação Getúlio Vargas (FGV),False,,1975,https://ideas.repec.org/f/psa940.html
pbe1014,Brian Beach,Vanderbilt University,False,,1978,https://ideas.repec.org/f/pbe1014.html
pma3110,Luis Roberto Martinez,,False,,1981,https://ideas.repec.org/f/pma3110.html
pqu87,Martin F. Quaas,Universität Leipzig,False,,1982,https://ideas.repec.org/e/pqu87.html
pde612,Francesco Decarolis,Università Commerciale Luigi Bocconi,False,,1983,https://ideas.repec.org/f/pde612.html
pra1028,Badri Narayan Rath,,False,,1984,https://ideas.repec.org/f/pra1028.html
pga1311,Huasheng Gao,Fudan University,False,,1985,https://ideas.repec.org/f/pga1311.html
pwu28,Eliza Wu,University of Sydney,False,,1987,https://ideas.repec.org/e/pwu28.html
psa1629,Heather Sarsons,University of British Columbia,False,,1988,https://ideas.repec.org/f/psa1629.html
pma365,Yusufcan Masatlioglu,University of Maryland,False,,1990,https://ideas.repec.org/f/pma365.html
pso259,Tommaso Sonno,Alma Mater Studiorum - Università di Bologna,False,,1991,https://ideas.repec.org/f/pso259.html
pfl154,Aaron Flaaen,Federal Reserve Board (Board of Governors of the Federal Reserve System),False,,1993,https://ideas.repec.org/e/pfl154.html
pen52,Zeno Enders,Ruprecht-Karls-Universität Heidelberg,False,,1995,https://ideas.repec.org/e/pen52.html
phe854,Edgar Hertwich,International Institute for Applied Systems Analysis (IIASA),False,,1996,https://ideas.repec.org/f/phe854.html
psa1467,Daniel R. Sanches,Federal Reserve Bank of Philadelphia,False,,1998,https://ideas.repec.org/f/psa1467.html
pro951,Raluca Andreea Roman,Federal Reserve Bank of Kansas City,False,,1999,https://ideas.repec.org/f/pro951.html
pbl188,Zachary Bleemer,Princeton University,False,,2001,https://ideas.repec.org/e/pbl188.html
pgr104,Colin P. Green,Norges teknisk-naturvitenskaplige universitet (NTNU),False,,2004,https://ideas.repec.org/e/pgr104.html
ppr538,Marta Prato,Università Commerciale Luigi Bocconi,False,,2005,https://ideas.repec.org/f/ppr538.html
pfr176,Bart Frijns,Auckland University of Technology,False,,2008,https://ideas.repec.org/e/pfr176.html
pma383,Maurizio Mazzocco,University of California-Los Angeles (UCLA),False,,2009,https://ideas.repec.org/f/pma383.html
pra335,Ansgar Rannenberg,Nationale Bank van België/Banque national de Belqique (BNB),False,,2010,https://ideas.repec.org/f/pra335.html
pvo54,Christian Allen Vossler,University of Tennessee-Knoxville,False,,2012,https://ideas.repec.org/e/pvo54.html
pma1386,Alain Marciano,Università degli Studi di Torino,False,,2013,https://ideas.repec.org/f/pma1386.html
pda658,S. Mohammad R. Davoodalhosseini,Bank of Canada,False,,2014,https://ideas.repec.org/f/pda658.html
pco102,Davide Consoli,,False,,2015,https://ideas.repec.org/e/pco102.html
pvi417,David Vidal-Tomás,University College London (UCL),False,,2017,https://ideas.repec.org/f/pvi417.html
phu77,Kim P. Huynh,Indiana University,False,,2018,https://ideas.repec.org/e/phu77.html
pyu112,Xiaohua Yu,Georg-August-Universität Göttingen,False,,2020,https://ideas.repec.org/e/pyu112.html
pla1013,Horacio Larreguy,Instituto Tecnólogico Autónomo de México (ITAM),False,,2022,https://ideas.repec.org/f/pla1013.html
pga872,Jorge Luis Garcia,Texas A&M University,False,,2024,https://ideas.repec.org/f/pga872.html
pth92,Konstantinos Theodoridis,Cardiff University,False,,2025,https://ideas.repec.org/e/pth92.html
pwt1,Kaspar Wüthrich,University of California-San Diego (UCSD),False,,2026,https://ideas.repec.org/e/pwt1.html
pba2035,Matthew Backus,University of California-Berkeley,False,,2029,https://ideas.repec.org/f/pba2035.html
pco428,Lucia Corno,Università Cattolica del Sacro Cuore,False,,2030,https://ideas.repec.org/f/pco428.html
pdr163,Laurent Drouet,RFF-CMCC European Institute on Economics and the Environment (EIEE),False,,2031,https://ideas.repec.org/e/pdr163.html
pwa1228,Haikun Wang,Beijing Institute of Technology,False,,2033,https://ideas.repec.org/f/pwa1228.html
pco861,Diane Coyle,University of Cambridge,False,,2034,https://ideas.repec.org/f/pco861.html
pga544,John Gathergood,University of Nottingham,False,,2035,https://ideas.repec.org/f/pga544.html
pha763,Casper Worm Hansen,Københavns Universitet,False,,2036,https://ideas.repec.org/f/pha763.html
pus47,Ojonugwa Usman,İstanbul Ticaret Üniversitesi,False,,2042,https://ideas.repec.org/e/pus47.html
pse492,Enrique Seira Bejarano,University of Notre Dame,False,,2043,https://ideas.repec.org/f/pse492.html
pau80,Esteban Matias Aucejo,Arizona State University,False,,2045,https://ideas.repec.org/e/pau80.html
pjo131,Noel D. Johnson,,False,,2046,https://ideas.repec.org/e/pjo131.html
pap53,Juan Aparicio,Universidad Miguel Hernández,False,,2048,https://ideas.repec.org/e/pap53.html
pvi267,Grigory Vilkov,Frankfurt School of Finance and Management,False,,2049,https://ideas.repec.org/f/pvi267.html
pbo440,Elena Bobeica,European Central Bank,False,,2051,https://ideas.repec.org/f/pbo440.html
pse222,Danila Serra,Texas A&M University,False,,2053,https://ideas.repec.org/f/pse222.html
pzi103,Tom Zimmermann,Universität zu Köln,False,,2055,https://ideas.repec.org/e/pzi103.html
pja652,Naji Pierre Jalkh,Université Saint-Joseph,False,,2057,https://ideas.repec.org/f/pja652.html
pgo789,Benjamin Golub,Northwestern University,False,,2059,https://ideas.repec.org/f/pgo789.html
pwu144,Jing Wu,Tsinghua University,False,,2060,https://ideas.repec.org/e/pwu144.html
pal968,Aditya Aladangady,Federal Reserve Board (Board of Governors of the Federal Reserve System),False,,2061,https://ideas.repec.org/f/pal968.html
paj18,Ahdi Noomen Ajmi,Université de la Manouba,False,,2062,https://ideas.repec.org/e/paj18.html
ppe676,Michael F. Pesko,University of Missouri,False,,2063,https://ideas.repec.org/f/ppe676.html
pbo330,Nicola Borri,Libera Università Internazionale degli Studi Sociali Guido Carli (LUISS),False,,2064,https://ideas.repec.org/f/pbo330.html
pfu70,Xiaolan Fu,Oxford University,False,,2065,https://ideas.repec.org/e/pfu70.html
ppi282,Mehmet Pinar,Universidad de Sevilla,False,,2067,https://ideas.repec.org/f/ppi282.html
pzh166,Chengsi Zhang,Renmin University of China,False,,2068,https://ideas.repec.org/e/pzh166.html
pvi115,Pedro C. Vicente,Universidade Nova de Lisboa,False,,2071,https://ideas.repec.org/e/pvi115.html
pjo354,Andrew C. Johnston,University of Texas-Austin,False,,2072,https://ideas.repec.org/f/pjo354.html
pkr278,Christian Krekel,London School of Economics (LSE),False,,2073,https://ideas.repec.org/f/pkr278.html
pca974,Emanuele Campiglio,Alma Mater Studiorum - Università di Bologna,False,,2074,https://ideas.repec.org/f/pca974.html
pse696,Gregor Semieniuk,University of Massachusetts-Amherst,False,,2075,https://ideas.repec.org/f/pse696.html
par194,David Ardia,HEC Montréal (École des Hautes Études Commerciales),False,,2077,https://ideas.repec.org/e/par194.html
pag103,Amanda Yvonne Agan,Rutgers University-New Brunswick,False,,2079,https://ideas.repec.org/e/pag103.html
pwi196,Alistair Wilson,University of Pittsburgh,False,,2083,https://ideas.repec.org/e/pwi196.html
pbe1072,Rohan Best,Australian National University,False,,2084,https://ideas.repec.org/f/pbe1072.html
pbh111,Saroj Bhattarai,University of Texas-Austin,False,,2086,https://ideas.repec.org/e/pbh111.html
pho468,Peter Hoffmann,European Central Bank,False,,2088,https://ideas.repec.org/f/pho468.html
phe101,Ana María Herrera,University of Kentucky,False,,2089,https://ideas.repec.org/e/phe101.html
pva666,Arna Olafsson,Copenhagen Business School,False,,2090,https://ideas.repec.org/f/pva666.html
paa22,Knut Are Aastveit,Norges Bank,False,,2091,https://ideas.repec.org/e/paa22.html
pli804,Yongzheng Liu,Renmin University of China,False,,2092,https://ideas.repec.org/f/pli804.html
pde936,Emilio Depetris-Chauvin,Pontificia Universidad Católica de Chile,False,,2093,https://ideas.repec.org/f/pde936.html
pca462,Danny Cassimon,Universiteit Antwerpen,False,,2094,https://ideas.repec.org/f/pca462.html
pfu62,Patricia Funk,Universitá della Svizzera Italiana (USI),False,,2095,https://ideas.repec.org/e/pfu62.html
pba2170,Laura Bakkensen,University of Oregon,False,,2096,https://ideas.repec.org/f/pba2170.html
pmu434,Klaas Mulier,KU Leuven,False,,2097,https://ideas.repec.org/f/pmu434.html
ple1094,Munseob Lee,University of California-San Diego (UCSD),False,,2099,https://ideas.repec.org/f/ple1094.html
pba1118,Cristian Barra,Università degli Studi di Salerno,False,,2100,https://ideas.repec.org/f/pba1118.html
pfe27,Laurent Ferrara,SKEMA Business School,False,,2101,https://ideas.repec.org/e/pfe27.html
pev50,David K. Evans,Center for Global Development (CGD),False,,2104,https://ideas.repec.org/e/pev50.html
pzh73,Zhong Zhao,Renmin University of China,False,,2105,https://ideas.repec.org/e/pzh73.html
pmo471,Peter John Morgan,Asian Development Bank,False,,2106,https://ideas.repec.org/f/pmo471.html
pbe831,Louis-Philippe Beland,Carleton University,False,,2107,https://ideas.repec.org/f/pbe831.html
ppe625,Zhuan Pei,Cornell University,False,,2108,https://ideas.repec.org/f/ppe625.html
pza179,Aleksandar Zaklan,Universität Rostock,False,,2111,https://ideas.repec.org/e/pza179.html
pbu421,Gordon Burtch,Boston University,False,,2113,https://ideas.repec.org/f/pbu421.html
psc276,Dirk Schoenmaker,Erasmus Universiteit Rotterdam,False,,2114,https://ideas.repec.org/f/psc276.html
ply50,Štefan Lyócsa,Masarykova Univerzita,False,,2115,https://ideas.repec.org/e/ply50.html
plo75,Simon Loertscher,University of Melbourne,False,,2117,https://ideas.repec.org/e/plo75.html
pgo799,Binlei Gong,Zhejiang University,False,,2120,https://ideas.repec.org/f/pgo799.html
pmy46,Erica Myers,University of Calgary,False,,2121,https://ideas.repec.org/e/pmy46.html
pho845,Mohammad Razib Hossain,University of Adelaide,False,,2122,https://ideas.repec.org/f/pho845.html
phu303,Hai-Jun Huang,Beijing University of Aeronautics and Astronautics (Beihang University),False,,2125,https://ideas.repec.org/f/phu303.html
pya165,Erdal Yalcin,Hochschule Konstanz Technik,False,,2126,https://ideas.repec.org/e/pya165.html
pro681,Francisco Roch,Universidad Torcuato Di Tella,False,,2127,https://ideas.repec.org/f/pro681.html
pqi40,Yiming Qian,University of Connecticut,False,,2129,https://ideas.repec.org/e/pqi40.html
pul61,Recep Ulucak,Erciyes Üniversitesi,False,,2130,https://ideas.repec.org/e/pul61.html
pdi555,Michael Dinerstein,University of Chicago,False,,2131,https://ideas.repec.org/f/pdi555.html
pci93,Steve Cicala,Tufts University,False,,2132,https://ideas.repec.org/e/pci93.html
poc33,Martin O'Connell,University of Wisconsin-Madison,False,,2133,https://ideas.repec.org/e/poc33.html
pco647,Jean-Edouard Colliard,HEC Paris (École des Hautes Études Commerciales),False,,2136,https://ideas.repec.org/f/pco647.html
pmo587,Ryan Monarch,Syracuse University,False,,2138,https://ideas.repec.org/f/pmo587.html
pci38,Andrzej Cieślik,Uniwersytet Warszawski,False,,2139,https://ideas.repec.org/e/pci38.html
pgu868,Ammar Ali Gull,École de Management Léonard de Vinci,False,,2140,https://ideas.repec.org/f/pgu868.html
pwi194,Tim Willems,Bank of England,False,,2141,https://ideas.repec.org/e/pwi194.html
ppu105,Ioan-Matei Purcarea,Universitatea Româno-Americană,False,,2142,https://ideas.repec.org/e/ppu105.html
pka513,Martin Karlsson,Universität Duisburg-Essen,False,,2144,https://ideas.repec.org/f/pka513.html
pmi121,Tapas Mishra,University of Southampton,False,,2145,https://ideas.repec.org/e/pmi121.html
pva96,Juan Vargas,Università degli Studi di Torino,False,,2146,https://ideas.repec.org/e/pva96.html
pli1687,Kai Li,Peking University,False,,2147,https://ideas.repec.org/f/pli1687.html
phu639,Thanh D. Huynh,Monash University,False,,2148,https://ideas.repec.org/f/phu639.html
pve271,Joaquin Vespignani,University of Tasmania,False,,2149,https://ideas.repec.org/f/pve271.html
ple912,Michael Leung,University of California-Santa Cruz (UCSC),False,,2150,https://ideas.repec.org/f/ple912.html
psa1112,James W. Saunoris,Eastern Michigan University,False,,2152,https://ideas.repec.org/f/psa1112.html
pja278,Petr Janský,Univerzita Karlova v Praze,False,,2153,https://ideas.repec.org/f/pja278.html
pvi480,Ferdinand Vieider,Universiteit Gent,False,,2155,https://ideas.repec.org/f/pvi480.html
pki654,Tom Kirchmaier,London School of Economics (LSE),False,,2156,https://ideas.repec.org/f/pki654.html
pha1075,Rustamdjan Hakimov,Université de Lausanne,False,,2157,https://ideas.repec.org/f/pha1075.html
pma1884,Sergio Mayordomo,Banco de España,False,,2158,https://ideas.repec.org/f/pma1884.html
pad164,Anjali Adukia,University of Chicago,False,,2159,https://ideas.repec.org/e/pad164.html
pnc9,Tii Nchofoung,Université de Dschang,False,,2160,https://ideas.repec.org/e/pnc9.html
pzh769,Kunfu Zhu,Renmin University of China,False,,2161,https://ideas.repec.org/f/pzh769.html
ppo600,Alexandre Poirier,Georgetown University,False,,2162,https://ideas.repec.org/f/ppo600.html
psa1164,Itay Saporta Eksten,,False,,2163,https://ideas.repec.org/f/psa1164.html
pbi274,Cristina Bicchieri,University of Pennsylvania,False,,2164,https://ideas.repec.org/f/pbi274.html
pal438,Miguel Almunia,CUNEF Universidad,False,,2166,https://ideas.repec.org/f/pal438.html
pfr223,Matthew Freedman,University of California-Irvine,False,,2167,https://ideas.repec.org/f/pfr223.html
pcr200,Leland D. Crane,Federal Reserve Board (Board of Governors of the Federal Reserve System),False,,2170,https://ideas.repec.org/e/pcr200.html
pha1448,Abebe Hailemariam,Curtin University,False,,2171,https://ideas.repec.org/f/pha1448.html
pro730,Jonathan Louis Rothbaum,George Washington University,False,,2173,https://ideas.repec.org/f/pro730.html
pja191,Tarun Jain,Indian Institute of Management Ahmedabad (IIMA),False,,2175,https://ideas.repec.org/e/pja191.html
pto454,Yasuyuki Todo,Waseda University,False,,2176,https://ideas.repec.org/f/pto454.html
pke326,Pinar Keskin,Luxembourg Institute of Socio-Economic Research (LISER),False,,2177,https://ideas.repec.org/f/pke326.html
pph84,David Cameron Phillips,University of Notre Dame,False,,2178,https://ideas.repec.org/e/pph84.html
psu268,Vladyslav Y. Sushko,Bank for International Settlements (BIS),False,,2179,https://ideas.repec.org/f/psu268.html
pwr11,Katharina Wrohlich,DIW Berlin (Deutsches Institut für Wirtschaftsforschung),False,,2180,https://ideas.repec.org/e/pwr11.html
psi728,Christoph Siemroth,University of Essex,False,,2183,https://ideas.repec.org/f/psi728.html
pge297,Amory Gethin,World Bank Group,False,,2184,https://ideas.repec.org/f/pge297.html
pta983,Daniel Tannenbaum,University of Nebraska,False,,2185,https://ideas.repec.org/f/pta983.html
pgi233,Daniele Girardi,University of Massachusetts-Amherst,False,,2187,https://ideas.repec.org/f/pgi233.html
ppo453,Michael Powell,Northwestern University,False,,2188,https://ideas.repec.org/f/ppo453.html
pfe269,Hassan Gholipour Fereidouni,University of Western Sydney,False,,2191,https://ideas.repec.org/f/pfe269.html
pso238,Aaron J. Sojourner,W.E. Upjohn Institute for Employment Research,False,,2192,https://ideas.repec.org/f/pso238.html
pch2200,Muhammad Zubair Chishti,,False,,2193,https://ideas.repec.org/f/pch2200.html
pan104,Barbara Annicchiarico,,False,,2195,https://ideas.repec.org/e/pan104.html
pmo745,Eric Monnet,Paris School of Economics,False,,2197,https://ideas.repec.org/f/pmo745.html
pla704,Andrea Lanteri,Duke University,False,,2199,https://ideas.repec.org/f/pla704.html
pta758,Marina Mendes Tavares,International Monetary Fund (IMF),False,,2200,https://ideas.repec.org/f/pta758.html
pwe408,Jeffrey Weaver,University of Southern California,False,,2201,https://ideas.repec.org/f/pwe408.html
pki330,Kenneth A. Kim,Tongji University,False,,2202,https://ideas.repec.org/f/pki330.html
pti253,Jonathan Timmis,World Bank Group,False,,2203,https://ideas.repec.org/f/pti253.html
pba1489,Andrew Barr,Texas A&M University,False,,2205,https://ideas.repec.org/f/pba1489.html
pri317,Lucia Rizzica,Banca d'Italia,False,,2206,https://ideas.repec.org/f/pri317.html
pno102,Daniele Nosenzo,Aarhus Universitet,False,,2211,https://ideas.repec.org/e/pno102.html
pri81,Alex Rialp,Universitat Autònoma de Barcelona,False,,2213,https://ideas.repec.org/e/pri81.html
pvo314,Sebastian Vollmer,Georg-August-Universität Göttingen,False,,2214,https://ideas.repec.org/f/pvo314.html
pad337,Jawad M. Addoum,Cornell University,False,,2215,https://ideas.repec.org/f/pad337.html
pan607,Mark A. Andor,RWI - Leibniz-Institut für Wirtschaftsforschung,False,,2216,https://ideas.repec.org/f/pan607.html
pko104,Oskar Kowalewski,Lille Économie et Management (LEM),False,,2217,https://ideas.repec.org/e/pko104.html
pwe147,Jacob Louis Weisdorf,"""Sapienza"" Università di Roma",False,,2219,https://ideas.repec.org/e/pwe147.html
pyu191,Fang Yu,China Europe International Business School,False,,2220,https://ideas.repec.org/e/pyu191.html
pna612,Filippo Natoli,Banca d'Italia,False,,2221,https://ideas.repec.org/f/pna612.html
pha1629,Kareem Haggag,University of California-Los Angeles (UCLA),False,,2222,https://ideas.repec.org/f/pha1629.html
pma3398,Alexander MacKay,University of Virginia,False,,2225,https://ideas.repec.org/f/pma3398.html
pis84,Ingo E. Isphording,Max-Planck-Gesellschaft,False,,2227,https://ideas.repec.org/e/pis84.html
psh655,Na'ama Shenhav,University of California-Berkeley,False,,2228,https://ideas.repec.org/f/psh655.html
psh410,Xiaoxia Shi,University of Wisconsin-Madison,False,,2229,https://ideas.repec.org/f/psh410.html
pro694,Davide Romelli,Trinity College Dublin,False,,2230,https://ideas.repec.org/f/pro694.html
pku16,Andre Kurmann,Drexel University,False,,2231,https://ideas.repec.org/e/pku16.html
paz40,Jose Azar,Princeton University,False,,2234,https://ideas.repec.org/e/paz40.html
pos103,Adam Osman,University of Illinois at Urbana-Champaign,False,,2236,https://ideas.repec.org/e/pos103.html
pha853,Péter Harasztosi,European Investment Bank (EIB),False,,2237,https://ideas.repec.org/f/pha853.html
pla495,Kurt Lavetti,Ohio State University,False,,2240,https://ideas.repec.org/f/pla495.html
ppl71,Vasilios Plakandaras,Democritus University of Thrace,False,,2243,https://ideas.repec.org/e/ppl71.html
pko599,Anton Kolotilin,UNSW Sydney,False,,2244,https://ideas.repec.org/f/pko599.html
pfe171,Giulio Fella,Queen Mary University of London,False,,2245,https://ideas.repec.org/e/pfe171.html
pma2533,Grzegorz Marcjasz,Politechnika Wrocławska,False,,2246,https://ideas.repec.org/f/pma2533.html
pbr482,Falk Bräuning,Federal Reserve Bank of Boston,False,,2251,https://ideas.repec.org/f/pbr482.html
pst611,Michael Stepner,University of Toronto,False,,2252,https://ideas.repec.org/f/pst611.html
pbe57,Paul Belleflamme,Université Catholique de Louvain,False,,2256,https://ideas.repec.org/e/pbe57.html
pbu145,Domenico Buccella,Akademia Leona Koźmińskiego,False,,2257,https://ideas.repec.org/e/pbu145.html
pri439,Robert Richmond,New York University (NYU),False,,2258,https://ideas.repec.org/f/pri439.html
pbe688,Ariel BenYishay,College of William and Mary,False,,2262,https://ideas.repec.org/f/pbe688.html
psh947,Minchul Shin,Federal Reserve Bank of Philadelphia,False,,2263,https://ideas.repec.org/f/psh947.html
pal212,Luigi Aldieri,Università degli Studi di Salerno,False,,2264,https://ideas.repec.org/f/pal212.html
ppf31,Michael Pfarrhofer,WU Wirtschaftsuniversität Wien,False,,2265,https://ideas.repec.org/e/ppf31.html
pei36,Thomas M. Eisenbach,Federal Reserve Bank of New York,False,,2266,https://ideas.repec.org/e/pei36.html
pma894,Julien Martin,Université du Québec à Montréal (UQAM),False,,2268,https://ideas.repec.org/f/pma894.html
pis227,Ryan Israelsen,Michigan State University,False,,2270,https://ideas.repec.org/f/pis227.html
pya480,Olaoluwa Simon Yaya,Centre for Econometrics and Applied Research,False,,2272,https://ideas.repec.org/f/pya480.html
pxu45,Zhiwei Xu,Fudan University,False,,2274,https://ideas.repec.org/e/pxu45.html
pvu51,Trung Vu,Loughborough University,False,,2276,https://ideas.repec.org/e/pvu51.html
pno87,Haitham Nobanee,,False,,2277,https://ideas.repec.org/e/pno87.html
pni15,Cheti Nicoletti,University of York,False,,2279,https://ideas.repec.org/e/pni15.html
pst856,Marshall I. Steinbaum,University of Utah,False,,2280,https://ideas.repec.org/f/pst856.html
pmu612,Alen Mulabdic,World Bank Group,False,,2282,https://ideas.repec.org/f/pmu612.html
phe438,Juan Herreño,Columbia University,False,,2283,https://ideas.repec.org/f/phe438.html
pfo180,Kevin J. Fox,UNSW Sydney,False,,2285,https://ideas.repec.org/e/pfo180.html
pwo95,Stefan C. Wolter,Universität Bern,False,,2289,https://ideas.repec.org/e/pwo95.html
pco368,Jean-Louis Combes,Université d'Orléans,False,,2290,https://ideas.repec.org/f/pco368.html
pfr40,Ugo Fratesi,,False,,2291,https://ideas.repec.org/e/pfr40.html
pch1472,Michael Christl,Universidad Loyola Andalucía,False,,2292,https://ideas.repec.org/f/pch1472.html
ple621,Adrian Lee,Deakin University,False,,2294,https://ideas.repec.org/f/ple621.html
pna555,Nader Naifar,,False,,2295,https://ideas.repec.org/f/pna555.html
psh533,Han Lin Shang,Macquarie University,False,,2298,https://ideas.repec.org/f/psh533.html
pfr395,Rebecca Ann Freeman,,False,,2299,https://ideas.repec.org/f/pfr395.html
pfi86,Günther Fink,Universität Basel,False,,2301,https://ideas.repec.org/e/pfi86.html
pde200,Olivier De Jonghe,Nationale Bank van België/Banque national de Belqique (BNB),False,,2302,https://ideas.repec.org/e/pde200.html
pcl142,Robert Clark,Queen's University,False,,2303,https://ideas.repec.org/e/pcl142.html
pzh636,Lianming Zhu,Osaka University,False,,2306,https://ideas.repec.org/f/pzh636.html
png237,Ngo Quang Thanh,,False,,2308,https://ideas.repec.org/f/png237.html
pga530,Peter N. Gal,Organisation de Coopération et de Développement Économiques (OCDE),False,,2309,https://ideas.repec.org/f/pga530.html
pzh220,Jidong Zhou,Yale University,False,,2310,https://ideas.repec.org/f/pzh220.html
psa521,Fabio Gaetano Santeramo,European University Institute,False,,2311,https://ideas.repec.org/f/psa521.html
pca279,Emilio Calvano,Libera Università Internazionale degli Studi Sociali Guido Carli (LUISS),False,,2312,https://ideas.repec.org/f/pca279.html
pey2,Aurélien Eyquem,Université de Lausanne,False,,2316,https://ideas.repec.org/e/pey2.html
psa1125,Felipe E. Saffie,University of Virginia,False,,2317,https://ideas.repec.org/f/psa1125.html
pfu124,Andreas Fuchs,Georg-August-Universität Göttingen,False,,2318,https://ideas.repec.org/e/pfu124.html
phy28,Joshua Hyman,Amherst College,False,,2319,https://ideas.repec.org/e/phy28.html
pye63,M. Bumin Yenmez,Washington University in St. Louis,False,,2320,https://ideas.repec.org/e/pye63.html
pal407,Piergiorgio Alessandri,Banca d'Italia,False,,2321,https://ideas.repec.org/f/pal407.html
psh254,Paul Richard Sharp,Syddansk Universitet,False,,2324,https://ideas.repec.org/f/psh254.html
pdu242,Ruben Durante,Sciences Po,False,,2325,https://ideas.repec.org/f/pdu242.html
pco1173,Anna Marie Costello,University of Chicago,False,,2326,https://ideas.repec.org/f/pco1173.html
pbi297,John Erik Bistline,,False,,2327,https://ideas.repec.org/f/pbi297.html
ppe377,Nico Pestel,Maastricht University,False,,2328,https://ideas.repec.org/f/ppe377.html
pas39,M Niaz Asadullah,University of Dhaka,False,,2330,https://ideas.repec.org/e/pas39.html
pch1400,Garret S. Christensen,Government of the United States,False,,2332,https://ideas.repec.org/f/pch1400.html
pse150,Almudena Sevilla,London School of Economics (LSE),False,,2333,https://ideas.repec.org/e/pse150.html
pch1419,Michael Choi,University of California-Irvine,False,,2336,https://ideas.repec.org/f/pch1419.html
pag128,Nikhil Agarwal,Massachusetts Institute of Technology (MIT),False,,2338,https://ideas.repec.org/e/pag128.html
pwi198,John V. Winters,Iowa State University,False,,2339,https://ideas.repec.org/e/pwi198.html
pkr59,Oleksiy Kryvtsov,Bank of Canada,False,,2340,https://ideas.repec.org/e/pkr59.html
par455,Anil Ari,International Monetary Fund (IMF),False,,2341,https://ideas.repec.org/f/par455.html
poz96,Ali K. Ozdagli,Federal Reserve Bank of Dallas,False,,2342,https://ideas.repec.org/e/poz96.html
pmi665,Seyed Hossein Mirjalili,Institute for Humanities and Cultural Studies,False,,2344,https://ideas.repec.org/f/pmi665.html
ptr184,Nicholas Trachter,Federal Reserve Bank of Richmond,False,,2345,https://ideas.repec.org/e/ptr184.html
pth225,Owen Thompson,Williams College,False,,2346,https://ideas.repec.org/f/pth225.html
pme773,Walid Mensi,Université de Tunis El Manar,False,,2348,https://ideas.repec.org/f/pme773.html
pva1035,Jose Vasquez,London School of Economics (LSE),False,,2349,https://ideas.repec.org/f/pva1035.html
png286,Nicholas Ngepah,University of Johannesburg,False,,2350,https://ideas.repec.org/f/png286.html
pgl52,Andy Glover,Federal Reserve Bank of Kansas City,False,,2351,https://ideas.repec.org/e/pgl52.html
pbl237,Joshua Evan Blumenstock,,False,,2352,https://ideas.repec.org/f/pbl237.html
pho867,Mohammad Enamul Hoque,,False,,2353,https://ideas.repec.org/f/pho867.html
pgh122,Mahdi Ghodsi,Wiener Institut für Internationale Wirtschaftsvergleiche (WIIW),False,,2355,https://ideas.repec.org/e/pgh122.html
pab252,Girum Abebe Tefera,World Bank Group,False,,2356,https://ideas.repec.org/f/pab252.html
pho631,Felix Holzmeister,Leopold-Franzens-Universität Innsbruck,False,,2359,https://ideas.repec.org/f/pho631.html
pco203,Thomas Cornelissen,University of Essex,False,,2360,https://ideas.repec.org/f/pco203.html
pny20,Martin Nybom,Government of Sweden,False,,2362,https://ideas.repec.org/e/pny20.html
ppr155,Seth Pruitt,Arizona State University,False,,2364,https://ideas.repec.org/e/ppr155.html
pfa240,Serena Fatica,European Commission,False,,2365,https://ideas.repec.org/f/pfa240.html
pta692,Jenny Tang,Federal Reserve Bank of Boston,False,,2366,https://ideas.repec.org/f/pta692.html
pbl175,Arthur Blouin,University of Toronto,False,,2367,https://ideas.repec.org/e/pbl175.html
phi238,Christian Hirsch,Deutsche Bundesbank,False,,2371,https://ideas.repec.org/f/phi238.html
pty6,Joanna Tyrowicz,Group for Research in Applied Economics (GRAPE),False,,2373,https://ideas.repec.org/e/pty6.html
pma3641,Michelle Marcus,Vanderbilt University,False,,2375,https://ideas.repec.org/f/pma3641.html
pma2570,Kanika Mahajan,Ashoka University,False,,2376,https://ideas.repec.org/f/pma2570.html
pfi154,Rune Dahl Fitjar,Universitetet i Stavanger,False,,2377,https://ideas.repec.org/e/pfi154.html
psh404,Shuping Shi,Macquarie University,False,,2378,https://ideas.repec.org/f/psh404.html
pde1027,Filippo De Marco,Università Commerciale Luigi Bocconi,False,,2379,https://ideas.repec.org/f/pde1027.html
pra611,Ferdinand Rauch,Universität St. Gallen,False,,2380,https://ideas.repec.org/f/pra611.html
ppa551,Luigi Pascali,Libera Università Internazionale degli Studi Sociali Guido Carli (LUISS),False,,2381,https://ideas.repec.org/f/ppa551.html
pri210,David A. Rivers,Washington University in St. Louis,False,,2383,https://ideas.repec.org/f/pri210.html
ppi140,Matteo Picchio,Università Politecnica delle Marche,False,,2384,https://ideas.repec.org/e/ppi140.html
pli1224,Danielle Li,Massachusetts Institute of Technology (MIT),False,,2386,https://ideas.repec.org/f/pli1224.html
pla654,Rasmus Landersø,Rockwool Fondens Forskningsenhed (RFF),False,,2387,https://ideas.repec.org/f/pla654.html
pbi263,Nicola Bianchi,Northwestern University,False,,2389,https://ideas.repec.org/f/pbi263.html
pau92,Patrick Augustin,McGill University,False,,2392,https://ideas.repec.org/e/pau92.html
phe640,Daniel Herbst,University of Arizona,False,,2394,https://ideas.repec.org/f/phe640.html
pma831,Benjamin M. Marx,University of Illinois at Urbana-Champaign,False,,2396,https://ideas.repec.org/f/pma831.html
pwi197,Tomas Williams,George Washington University,False,,2397,https://ideas.repec.org/e/pwi197.html
ppe651,João Paulo Cordeiro de Noronha Pessoa,Fundação Getúlio Vargas (FGV),False,,2399,https://ideas.repec.org/f/ppe651.html
pdo381,Laura Doval,Columbia University,False,,2401,https://ideas.repec.org/f/pdo381.html
pma2923,Matthew A. Masten,Duke University,False,,2402,https://ideas.repec.org/f/pma2923.html
pst385,Dalibor Stevanovic,Université du Québec à Montréal (UQAM),False,,2403,https://ideas.repec.org/f/pst385.html
pco1032,Jacob Conway,University of Chicago,False,,2407,https://ideas.repec.org/f/pco1032.html
pgr370,Terry Gregory,Luxembourg Institute of Socio-Economic Research (LISER),False,,2408,https://ideas.repec.org/f/pgr370.html
pce40,Giovanni Cerulli,Consiglio Nazionale delle Ricerche,False,,2409,https://ideas.repec.org/e/pce40.html
pma1399,Simen Markussen,Universitetet i Oslo,False,,2410,https://ideas.repec.org/f/pma1399.html
pva701,Liliana Varela,London School of Economics (LSE),False,,2414,https://ideas.repec.org/f/pva701.html
pja108,Nicolas Jacquemet,Université Paris 1 (Panthéon-Sorbonne),False,,2415,https://ideas.repec.org/e/pja108.html
phe308,Zohal Hessami,,False,,2418,https://ideas.repec.org/f/phe308.html
psa1086,Yukiko Umeno Saito,Waseda University,False,,2419,https://ideas.repec.org/f/psa1086.html
pcu188,Lianbiao Cui,Anhui University of Finance and Economics,False,,2420,https://ideas.repec.org/e/pcu188.html
pzh456,Hao Zhang,,False,,2421,https://ideas.repec.org/f/pzh456.html
pro1042,Philip T. Roundy,University of Tennessee-Chattanooga,False,,2423,https://ideas.repec.org/f/pro1042.html
phu348,Yiping Huang,Peking University,False,,2426,https://ideas.repec.org/f/phu348.html
pta718,Araz Taeihagh,National University of Singapore (NUS),False,,2427,https://ideas.repec.org/f/pta718.html
pca245,Gunther Capelle-blancard,Université Paris 1 (Panthéon-Sorbonne),False,,2428,https://ideas.repec.org/f/pca245.html
pog56,Ahamuefula Ephraim Ogbonna,Centre for Econometrics and Applied Research,False,,2429,https://ideas.repec.org/e/pog56.html
ptr469,Trong-Anh Trinh,Monash University,False,,2430,https://ideas.repec.org/f/ptr469.html
pal676,José Alves,Universidade de Lisboa,False,,2431,https://ideas.repec.org/f/pal676.html
pmi317,Alexandru Minea,Université d'Orléans,False,,2432,https://ideas.repec.org/f/pmi317.html
pni287,Torben Heien Nielsen,Københavns Universitet,False,,2434,https://ideas.repec.org/f/pni287.html
pla1090,Ashley Langer,University of Arizona,False,,2436,https://ideas.repec.org/f/pla1090.html
pbo1002,Miguel Boucinha,European Central Bank,False,,2437,https://ideas.repec.org/f/pbo1002.html
pre317,Daniel M. Rees,Bank for International Settlements (BIS),False,,2438,https://ideas.repec.org/f/pre317.html
pdr198,Wolfgang Drobetz,Universität Hamburg,False,,2439,https://ideas.repec.org/e/pdr198.html
ppa356,Ernesto Pasten,Banco Central de Chile,False,,2440,https://ideas.repec.org/f/ppa356.html
pmi685,Jeffrey D. Michler,University of Arizona,False,,2443,https://ideas.repec.org/f/pmi685.html
ppe260,Nicolas Petrosky-Nadeau,Federal Reserve Bank of San Francisco,False,,2444,https://ideas.repec.org/f/ppe260.html
pta555,Max Tani,Australian Defense Force Academy,False,,2445,https://ideas.repec.org/f/pta555.html
pch882,Indraneel Chakraborty,University of Miami,False,,2448,https://ideas.repec.org/f/pch882.html
pko95,Karen A. Kopecky,Federal Reserve Bank of Cleveland,False,,2449,https://ideas.repec.org/e/pko95.html
psp123,Rok Spruk,Univerza v Ljubljani,False,,2451,https://ideas.repec.org/e/psp123.html
psi581,Abhijeet Singh,Stockholm School of Economics,False,,2452,https://ideas.repec.org/f/psi581.html
pjh4,Saumitra Jha,Stanford University,False,,2453,https://ideas.repec.org/e/pjh4.html
pku67,Camelia Mariana Kuhnen,University of North Carolina-Chapel-Hill,False,,2455,https://ideas.repec.org/e/pku67.html
pun47,Bartosz Uniejewski,Politechnika Wrocławska,False,,2456,https://ideas.repec.org/e/pun47.html
ppr274,Patrick Premand,World Bank Group,False,,2457,https://ideas.repec.org/f/ppr274.html
pth145,Willem Thorbecke,Research Institute of Economy,False,,2460,https://ideas.repec.org/e/pth145.html
pbr415,Thomas Breda,Paris School of Economics,False,,2462,https://ideas.repec.org/f/pbr415.html
pne228,Timothy Neal,UNSW Sydney,False,,2463,https://ideas.repec.org/f/pne228.html
psa786,Vasilis Sarafidis,Brunel University London,False,,2465,https://ideas.repec.org/f/psa786.html
pta92,Elod Takats,Bank for International Settlements (BIS),False,,2466,https://ideas.repec.org/e/pta92.html
pme1054,Jose M Merigo Lindahl,,False,,2467,https://ideas.repec.org/f/pme1054.html
pmu35,Machiel Mulder,Rijksuniversiteit Groningen,False,,2468,https://ideas.repec.org/e/pmu35.html
ptr180,Tania Treibich,Maastricht University,False,,2469,https://ideas.repec.org/e/ptr180.html
pwa799,Shixuan Wang,University of Reading,False,,2471,https://ideas.repec.org/f/pwa799.html
pgh40,Andra C. Ghent,University of North Carolina-Chapel-Hill,False,,2472,https://ideas.repec.org/e/pgh40.html
pzi71,Ulrich Theodor Zierahn-Weilage,Universiteit Utrecht,False,,2474,https://ideas.repec.org/e/pzi71.html
pag37,Itai Agur,International Monetary Fund (IMF),False,,2475,https://ideas.repec.org/e/pag37.html
pfr384,Simon Franklin,Queen Mary University of London,False,,2476,https://ideas.repec.org/f/pfr384.html
ppo341,Catherine Porter,Lancaster University,False,,2477,https://ideas.repec.org/f/ppo341.html
pcu68,Marco Cucculelli,Università Politecnica delle Marche,False,,2478,https://ideas.repec.org/e/pcu68.html
pva831,Rosen Valchev,Boston College,False,,2479,https://ideas.repec.org/f/pva831.html
psa267,Maria Savona,University of Sussex,False,,2480,https://ideas.repec.org/f/psa267.html
pko209,Dirk Kohnert,German Institute of Global and Area Studies (GIGA),False,,2482,https://ideas.repec.org/f/pko209.html
pis57,Asif Islam,World Bank Group,False,,2483,https://ideas.repec.org/e/pis57.html
pth175,Leif Anders Thorsrud,BI Handelshøyskolen,False,,2485,https://ideas.repec.org/e/pth175.html
pbe645,James Berry,University of Georgia,False,,2487,https://ideas.repec.org/f/pbe645.html
pca980,Lea Cassar,Universität Zürich,False,,2488,https://ideas.repec.org/f/pca980.html
pma914,Rui Cunha Marques,Universidade de Lisboa,False,,2491,https://ideas.repec.org/f/pma914.html
psc147,Florian Scheuer,Universität Zürich,False,,2492,https://ideas.repec.org/e/psc147.html
phe519,Lukas Hensel,Peking University,False,,2495,https://ideas.repec.org/f/phe519.html
pro1025,Gabriele Rovigatti,"Università degli Studi di Roma ""Tor Vergata""",False,,2496,https://ideas.repec.org/f/pro1025.html
pde1357,Nathan Deutscher,Australian National University,False,,2497,https://ideas.repec.org/f/pde1357.html
pfo384,Matteo Foglia,"Università degli Studi di Bari ""Aldo Moro""",False,,2498,https://ideas.repec.org/f/pfo384.html
pha724,Peter Havlik,,True,,2499,https://ideas.repec.org/f/pha724.html
pli1168,Andres Liberman,,False,,2500,https://ideas.repec.org/f/pli1168.html
pda376,Viet Anh Dang,University of Manchester,False,,2501,https://ideas.repec.org/f/pda376.html
pka732,Fatih Karahan,Federal Reserve Bank of New York,False,,2504,https://ideas.repec.org/f/pka732.html
pgi392,Yvonne Giesing,University of Western Australia,False,,2505,https://ideas.repec.org/f/pgi392.html
pmu501,Richard Murphy,University of Texas-Austin,False,,2507,https://ideas.repec.org/f/pmu501.html
plo380,Matija Lozej,Central Bank of Ireland,False,,2510,https://ideas.repec.org/f/plo380.html
pva642,Shoshana Vasserman,Stanford University,False,,2512,https://ideas.repec.org/f/pva642.html
pro795,Duncan Roth,Institut für Arbeitsmarkt- und Berufsforschung (IAB),False,,2514,https://ideas.repec.org/f/pro795.html
psa2134,Soodeh Saberian,University of Manitoba,False,,2515,https://ideas.repec.org/f/psa2134.html
pbe739,Marco Bertoni,Università degli Studi di Padova,False,,2516,https://ideas.repec.org/f/pbe739.html
pch2220,Felix Chopra,Frankfurt School of Finance and Management,False,,2520,https://ideas.repec.org/f/pch2220.html
pra882,Omar Rachedi,Universitat Ramon Llull,False,,2523,https://ideas.repec.org/f/pra882.html
pvi64,Mauricio Villamizar-Villegas,Banco de la Republica de Colombia,False,,2525,https://ideas.repec.org/e/pvi64.html
pse301,Sandra Sequeira,London School of Economics (LSE),False,,2527,https://ideas.repec.org/f/pse301.html
pti265,Sofien Tiba,Université de Sfax pour le Sud,False,,2529,https://ideas.repec.org/f/pti265.html
pli726,Pengfei Liu,University of Rhode Island,False,,2530,https://ideas.repec.org/f/pli726.html
plo54,Marco Jacopo Lombardi,Bank for International Settlements (BIS),False,,2531,https://ideas.repec.org/e/plo54.html
pvo233,Christian Vom Lehn,Brigham Young University,False,,2532,https://ideas.repec.org/f/pvo233.html
pdr55,Nick Drydakis,Anglia Ruskin University,False,,2533,https://ideas.repec.org/e/pdr55.html
pan451,Massimo Anelli,,False,,2535,https://ideas.repec.org/f/pan451.html
pko664,Dieter Franz Kogler,,False,,2536,https://ideas.repec.org/f/pko664.html
pdo301,Michael Donadelli,Università degli Studi di Brescia,False,,2538,https://ideas.repec.org/f/pdo301.html
pla707,Addisu A Lashitew,Erasmus Universiteit Rotterdam,False,,2540,https://ideas.repec.org/f/pla707.html
pna694,Gaston Navarro,Federal Reserve Board (Board of Governors of the Federal Reserve System),False,,2543,https://ideas.repec.org/f/pna694.html
pgo394,Ashima Goyal,Indira Gandhi Institute of Development Research (IGIDR),False,,2545,https://ideas.repec.org/f/pgo394.html
pra1041,Doron Ravid,University of Michigan,False,,2547,https://ideas.repec.org/f/pra1041.html
pbu126,Martijn Johan Burger,Erasmus Universiteit Rotterdam,False,,2549,https://ideas.repec.org/e/pbu126.html
pli453,Xiaoji Lin,University of Minnesota,False,,2550,https://ideas.repec.org/f/pli453.html
pbo1068,Geoff Boeing,University of Southern California,False,,2551,https://ideas.repec.org/f/pbo1068.html
pfu72,Francesco Furlanetto,Norges Bank,False,,2552,https://ideas.repec.org/e/pfu72.html
ppe614,Filippos Petroulakis,Bank of Greece,False,,2553,https://ideas.repec.org/f/ppe614.html
pza436,Syed Anees Haider Zaidi,,False,,2554,https://ideas.repec.org/f/pza436.html
ppa538,Stefan Palan,Karl-Franzens-Universität Graz,False,,2555,https://ideas.repec.org/f/ppa538.html
psc483,Simone G. Schaner,University of Southern California,False,,2556,https://ideas.repec.org/f/psc483.html
pca950,Matteo Cacciatore,HEC Montréal (École des Hautes Études Commerciales),False,,2558,https://ideas.repec.org/f/pca950.html
pch1966,Shoumitro Chatterjee,Johns Hopkins University,False,,2559,https://ideas.repec.org/f/pch1966.html
pta141,Kenji Takeuchi,Kyoto University,False,,2561,https://ideas.repec.org/e/pta141.html
ppr52,Victoria Prowse,Purdue University,False,,2562,https://ideas.repec.org/e/ppr52.html
pph111,Tho Pham,University of York,False,,2563,https://ideas.repec.org/e/pph111.html
pko157,Péter Kondor,London School of Economics (LSE),False,,2564,https://ideas.repec.org/e/pko157.html
psh873,Tamara Lynn Sheldon,University of South Carolina,False,,2565,https://ideas.repec.org/f/psh873.html
pia8,Leonardo Iacovone,World Bank Group,False,,2568,https://ideas.repec.org/e/pia8.html
pre387,Paul Redmond,Economic and Social Research Institute (ESRI),False,,2569,https://ideas.repec.org/f/pre387.html
pba615,Thushyanthan Baskaran,Ruhr-Universität Bochum,False,,2572,https://ideas.repec.org/f/pba615.html
pba1530,Vittorio Bassi,University of Southern California,False,,2573,https://ideas.repec.org/f/pba1530.html
pwe377,Katharina Werner,ifo Institut - Leibniz-Institut für Wirtschaftsforschung an der Universität München e.V.,False,,2574,https://ideas.repec.org/f/pwe377.html
ppe397,Eduardo Perez-Richet,Sciences Po,False,,2575,https://ideas.repec.org/f/ppe397.html
psa1077,Tadeusz Sawik,Akademia Górniczo-Hutnicza,False,,2576,https://ideas.repec.org/f/psa1077.html
pra566,Natalia Ramondo,,False,,2577,https://ideas.repec.org/f/pra566.html
pca285,Giacomo Calzolari,Alma Mater Studiorum - Università di Bologna,False,,2580,https://ideas.repec.org/f/pca285.html
pba580,Spencer Bastani,Government of Sweden,False,,2581,https://ideas.repec.org/f/pba580.html
par111,Mak Arvin,Trent University,False,,2582,https://ideas.repec.org/e/par111.html
pca868,Michael Callen,London School of Economics (LSE),False,,2583,https://ideas.repec.org/f/pca868.html
pci23,Marco Cipriani,Federal Reserve Bank of New York,False,,2584,https://ideas.repec.org/e/pci23.html
pbo149,Marc Bourreau,Centre de Recherche en Économie et Statistique (CREST),False,,2585,https://ideas.repec.org/e/pbo149.html
pku394,Elira Kuka,George Washington University,False,,2586,https://ideas.repec.org/f/pku394.html
pbe699,Ahmed BenSaïda,Université de Sousse,False,,2588,https://ideas.repec.org/f/pbe699.html
pme199,Aaron Nikolai Mehrotra,Bank for International Settlements (BIS),False,,2589,https://ideas.repec.org/e/pme199.html
pfe305,Christina Felfe,Bayerische Julius-Maximilians-Universität Würzburg,False,,2590,https://ideas.repec.org/f/pfe305.html
pdo241,Jennifer L. Doleac,Texas A&M University,False,,2591,https://ideas.repec.org/f/pdo241.html
pwi237,Hernan Jorge Winkler,World Bank Group,False,,2592,https://ideas.repec.org/f/pwi237.html
pbe805,Giuseppe Berlingieri,ESSEC Business School,False,,2593,https://ideas.repec.org/f/pbe805.html
pma1852,Haider Mahmood,Prince Sattam Bin Abdulaziz University,False,,2594,https://ideas.repec.org/f/pma1852.html
pbr737,Ryan Brown,University of Colorado Denver,False,,2596,https://ideas.repec.org/f/pbr737.html
ppe392,Fernando Pérez de Gracia,Universidad de Navarra,False,,2597,https://ideas.repec.org/f/ppe392.html
pme460,Nirav Mehta,University of Western Ontario,False,,2599,https://ideas.repec.org/f/pme460.html
pbe271,Jan Bena,University of British Columbia,False,,2601,https://ideas.repec.org/f/pbe271.html
pvi206,Concetto Paolo Paolo Vinci,Università degli Studi di Salerno,False,,2602,https://ideas.repec.org/f/pvi206.html
pdu318,Umut Mert Dur,North Carolina State University,False,,2604,https://ideas.repec.org/f/pdu318.html
pwe216,Paul Welfens,,True,,2605,https://ideas.repec.org/f/pwe216.html
pol249,Godwin Oluseye Olasehinde-Williams,İstanbul Ticaret Üniversitesi,False,,2607,https://ideas.repec.org/f/pol249.html
pku770,Andreas Kuckertz,Universität Hohenheim,False,,2608,https://ideas.repec.org/f/pku770.html
ppa53,Cyn-Young Park,Asian Development Bank,False,,2612,https://ideas.repec.org/e/ppa53.html
pru216,Joakim Ruist,Göteborgs Universitet,False,,2613,https://ideas.repec.org/f/pru216.html
pba1632,Gaetano Basso,Banca d'Italia,False,,2614,https://ideas.repec.org/f/pba1632.html
pma3373,Isabela Manelici,London School of Economics (LSE),False,,2615,https://ideas.repec.org/f/pma3373.html
pka649,David M. Kaplan,University of Missouri,False,,2616,https://ideas.repec.org/f/pka649.html
pma3533,Abdullah Al Masum,Johnson C. Smith University,False,,2619,https://ideas.repec.org/f/pma3533.html
pte54,Siri Terjesen,Florida Atlantic University,False,,2620,https://ideas.repec.org/e/pte54.html
paj30,Folorunsho M. Ajide,University of Ilorin,False,,2621,https://ideas.repec.org/e/paj30.html
pla982,Danial Lashkari,Federal Reserve Bank of New York,False,,2622,https://ideas.repec.org/f/pla982.html
pza206,Alminas Zaldokas,Hong Kong University of Science and Technology (HKUST),False,,2623,https://ideas.repec.org/f/pza206.html
pzh1271,Xintong Zhan,Fudan University,False,,2624,https://ideas.repec.org/f/pzh1271.html
pmo1520,Corina Mommaerts,University of Wisconsin-Madison,False,,2625,https://ideas.repec.org/f/pmo1520.html
pdo531,Hung Do,Massey University,False,,2629,https://ideas.repec.org/f/pdo531.html
pco391,Alessandra Colombelli,,False,,2631,https://ideas.repec.org/f/pco391.html
pla705,Wee Yeap Lau,Universiti Malaya,False,,2632,https://ideas.repec.org/f/pla705.html
pbo418,Diana Bonfim,European Central Bank,False,,2633,https://ideas.repec.org/f/pbo418.html
pbl217,Jeffrey R. Bloem,International Food Policy Research Institute (IFPRI),False,,2634,https://ideas.repec.org/f/pbl217.html
pdo523,Winston Wei Dou,University of Pennsylvania,False,,2635,https://ideas.repec.org/f/pdo523.html
prh18,Andrew Rhodes,Toulouse School of Economics (TSE),False,,2636,https://ideas.repec.org/e/prh18.html
pha1432,Imran Hanif,Government College University,False,,2637,https://ideas.repec.org/f/pha1432.html
pst626,Andreas Steinhauer,University of Edinburgh,False,,2639,https://ideas.repec.org/f/pst626.html
pho140,Oliver Holtemöller,Leibniz-Institut für Wirtschaftsforschung Halle (IWH),False,,2640,https://ideas.repec.org/e/pho140.html
pma2061,Rui C. Mano,International Monetary Fund (IMF),False,,2642,https://ideas.repec.org/f/pma2061.html
pru69,Sarah Marit Lein,Universität Basel,False,,2646,https://ideas.repec.org/e/pru69.html
psr57,Stjepan Srhoj,Sveučilište u Splitu,False,,2648,https://ideas.repec.org/e/psr57.html
ppa23,Francesco Pastore,,True,,2651,https://ideas.repec.org/e/ppa23.html
pbe211,Gabriel R.g. Benito,BI Handelshøyskolen,False,,2653,https://ideas.repec.org/f/pbe211.html
pda706,Michael Danquah,United Nations University,False,,2654,https://ideas.repec.org/f/pda706.html
pbo595,Lumengo Bonga-Bonga,University of Johannesburg,False,,2655,https://ideas.repec.org/f/pbo595.html
psc681,Sergio Scicchitano,John Cabot University,False,,2656,https://ideas.repec.org/f/psc681.html
pem32,Johannes Emmerling,RFF-CMCC European Institute on Economics and the Environment (EIEE),False,,2659,https://ideas.repec.org/e/pem32.html
pdu334,Songzi Du,University of California-San Diego (UCSD),False,,2661,https://ideas.repec.org/f/pdu334.html
psa712,Marco Sanfilippo,Università degli Studi di Torino,False,,2663,https://ideas.repec.org/f/psa712.html
pbl242,Keven Bluteau,Université de Sherbrooke,False,,2664,https://ideas.repec.org/f/pbl242.html
psc828,Simon Scheidegger,Université de Lausanne,False,,2665,https://ideas.repec.org/f/psc828.html
pmi622,Luigi Minale,Universidad Carlos III de Madrid,False,,2666,https://ideas.repec.org/f/pmi622.html
ple256,Gianmarco León-Ciliotta,,False,,2667,https://ideas.repec.org/f/ple256.html
psa109,Jean-Guillaume Sahuc,Banque de France,False,,2669,https://ideas.repec.org/e/psa109.html
pfr128,Raphael Franck,Tel-Hai College,False,,2670,https://ideas.repec.org/e/pfr128.html
pca604,Catherine Casamatta,Toulouse School of Economics (TSE),False,,2671,https://ideas.repec.org/f/pca604.html
pba1551,Ceren Baysan,University of Toronto,False,,2672,https://ideas.repec.org/f/pba1551.html
pue11,Kozo Ueda,Waseda University,False,,2674,https://ideas.repec.org/e/pue11.html
pbe832,Zachary Bethune,Rice University,False,,2677,https://ideas.repec.org/f/pbe832.html
pko519,Catherine Tahmee Casanova,Schweizerische Nationalbank (SNB),False,,2679,https://ideas.repec.org/f/pko519.html
pra1207,Devesh R Raval,Government of the United States,False,,2680,https://ideas.repec.org/f/pra1207.html
pol158,Conny Olovsson,Sveriges Riksbank,False,,2681,https://ideas.repec.org/e/pol158.html
ppa1262,Gonzalo Paz-Pardo,European Central Bank,False,,2682,https://ideas.repec.org/f/ppa1262.html
pfr361,Simon Freyaldenhoven,Federal Reserve Bank of Philadelphia,False,,2683,https://ideas.repec.org/f/pfr361.html
pbh33,Debopam Bhattacharya,University of Cambridge,False,,2684,https://ideas.repec.org/e/pbh33.html
pho470,Greg Howard,University of Illinois at Urbana-Champaign,False,,2687,https://ideas.repec.org/f/pho470.html
pst262,David Stadelmann,Universität Bayreuth,False,,2688,https://ideas.repec.org/f/pst262.html
pbx6,Jan Börner,Rheinische Friedrich-Wilhelms-Universität Bonn,False,,2689,https://ideas.repec.org/e/pbx6.html
pfa133,Lidia Farre,Barcelona School of Economics (BSE),False,,2690,https://ideas.repec.org/e/pfa133.html
pva671,Oliver Vanden Eynde,Paris School of Economics,False,,2691,https://ideas.repec.org/f/pva671.html
pga1060,Andrea Gatto,Wenzhou-Kean University,False,,2693,https://ideas.repec.org/f/pga1060.html
pma659,Chunbo Ma,University of Western Australia,False,,2694,https://ideas.repec.org/f/pma659.html
pko441,Philip Kofi Adom,Ashesi University,False,,2695,https://ideas.repec.org/f/pko441.html
pvi431,Eva Vivalt,University of Toronto,False,,2697,https://ideas.repec.org/f/pvi431.html
pam274,Mario Daniele Amore,Università Commerciale Luigi Bocconi,False,,2698,https://ideas.repec.org/f/pam274.html
pta593,Mathieu Taschereau-Dumouchel,Cornell University,False,,2699,https://ideas.repec.org/f/pta593.html
pis45,Klodiana Istrefi,European Central Bank,False,,2700,https://ideas.repec.org/e/pis45.html
pes170,Federico Esposito,Tufts University,False,,2701,https://ideas.repec.org/e/pes170.html
pta263,Makoto Tanaka,National Graduate Institute for Policy Studies (GRIPS),False,,2702,https://ideas.repec.org/f/pta263.html
pfa609,Jack Favilukis,University of British Columbia,False,,2703,https://ideas.repec.org/f/pfa609.html
pbo220,Margherita Borella,Università degli Studi di Torino,False,,2705,https://ideas.repec.org/f/pbo220.html
psa2033,Muhammad Sadiq,Universytet Vizja,False,,2706,https://ideas.repec.org/f/psa2033.html
pgr470,João Granja,Massachusetts Institute of Technology (MIT),False,,2707,https://ideas.repec.org/f/pgr470.html
pme605,Eric Mengus,HEC Paris (École des Hautes Études Commerciales),False,,2708,https://ideas.repec.org/f/pme605.html
psu261,Sandip Sukhtankar,University of Virginia,False,,2709,https://ideas.repec.org/f/psu261.html
pri198,Bob Martinus Johannes Rijkers,World Bank Group,False,,2710,https://ideas.repec.org/e/pri198.html
pko232,Christoffer Kok,European Central Bank,False,,2711,https://ideas.repec.org/f/pko232.html
pvi153,Mariana Viollaz,World Bank Group,False,,2712,https://ideas.repec.org/e/pvi153.html
pca1324,Francesca Gaia Caselli,International Monetary Fund (IMF),False,,2713,https://ideas.repec.org/f/pca1324.html
pab418,Martin Abel,Bowdoin College,False,,2717,https://ideas.repec.org/f/pab418.html
pab108,Ran Abramitzky,Stanford University,False,,2718,https://ideas.repec.org/e/pab108.html
pmo1140,Teresa Molina,University of Hawaii-Manoa,False,,2719,https://ideas.repec.org/f/pmo1140.html
pan271,Alin Marius Andrieș,"Universitatea ""Al.I. Cuza""",False,,2720,https://ideas.repec.org/f/pan271.html
pbl212,Thomas Blanchet,Paris School of Economics,False,,2723,https://ideas.repec.org/f/pbl212.html
pus27,Philip Ushchev,Université Libre de Bruxelles,False,,2724,https://ideas.repec.org/e/pus27.html
pbr754,Anne Ardila Brenøe,Universität Zürich,False,,2727,https://ideas.repec.org/f/pbr754.html
ple1014,Agnese Leonello,European Central Bank,False,,2729,https://ideas.repec.org/f/ple1014.html
ppi600,Nicola Pierri,International Monetary Fund (IMF),False,,2732,https://ideas.repec.org/f/ppi600.html
ptr265,Tuyen Quang Tran,Vietnam National University,False,,2733,https://ideas.repec.org/f/ptr265.html
pga277,Giovanni Gallipoli,University of British Columbia,False,,2734,https://ideas.repec.org/f/pga277.html
pku158,Hyejin Ku,University College London (UCL),False,,2735,https://ideas.repec.org/e/pku158.html
pel108,Makram El-Shagi,Henan University,False,,2736,https://ideas.repec.org/e/pel108.html
pre502,Ricardo Reyes-Heroles,Federal Reserve Bank of Dallas,False,,2737,https://ideas.repec.org/f/pre502.html
pbo1170,Barthélémy Bonadio,New York University Abu Dhabi,False,,2738,https://ideas.repec.org/f/pbo1170.html
psc473,Joshua Schwartzstein,Harvard University,False,,2739,https://ideas.repec.org/f/psc473.html
pre551,Imke Reimers,Cornell University,False,,2740,https://ideas.repec.org/f/pre551.html
pho584,Anthony James Howell,Peking University,False,,2741,https://ideas.repec.org/f/pho584.html
pgo157,Bart Golsteyn,,False,,2742,https://ideas.repec.org/e/pgo157.html
pru161,Phurichai Rungcharoenkitkul,Bank for International Settlements (BIS),False,,2743,https://ideas.repec.org/e/pru161.html
phl9,Vladimir Hlasny,United Nations,False,,2744,https://ideas.repec.org/e/phl9.html
pgo528,Marc Goergen,Universidad IE,False,,2746,https://ideas.repec.org/f/pgo528.html
pje189,Jonas Jessen,Wissenschaftszentrum Berlin für Sozialforschung (WZB),False,,2748,https://ideas.repec.org/e/pje189.html
pis46,Asad Islam,Monash University,False,,2749,https://ideas.repec.org/e/pis46.html
ppi119,Massimiliano Pisani,Banca d'Italia,False,,2750,https://ideas.repec.org/e/ppi119.html
ppe308,Yannick Perez,Université Paris-Saclay,False,,2751,https://ideas.repec.org/f/ppe308.html
pfr125,Klaus Sylvester Friesenbichler,Österreichisches Institut für Wirtschaftsforschung (WIFO),False,,2752,https://ideas.repec.org/e/pfr125.html
pfu39,Shihe Fu,Wuhan University,False,,2753,https://ideas.repec.org/e/pfu39.html
pla214,Michael Lamla,Universität Duisburg-Essen,False,,2755,https://ideas.repec.org/f/pla214.html
pwu81,吴延瑞,University of Western Australia,False,,2756,https://ideas.repec.org/e/pwu81.html
pzi118,Vera Zipperer,Government of Germany,False,,2758,https://ideas.repec.org/e/pzi118.html
pho236,Laura Hospido,Banco de España,False,,2760,https://ideas.repec.org/f/pho236.html
pfe230,Pirmin Fessler,Oesterreichische Nationalbank,False,,2761,https://ideas.repec.org/f/pfe230.html
pje186,Marc A. Jeuland,Duke University,False,,2762,https://ideas.repec.org/e/pje186.html
pli1404,Huiyu Li,Federal Reserve Bank of San Francisco,False,,2763,https://ideas.repec.org/f/pli1404.html
pne139,Frank Neffke,Complexity Science Hub Vienna,False,,2766,https://ideas.repec.org/e/pne139.html
pmu224,Valerie A. Mueller,Arizona State University,False,,2767,https://ideas.repec.org/f/pmu224.html
ppe226,Grischa Sebastian Perino,Universität Hamburg,False,,2774,https://ideas.repec.org/f/ppe226.html
pca73,Elizabeth Caucutt,Purdue University,False,,2775,https://ideas.repec.org/e/pca73.html
pne425,Ramzi Nekhili,Applied Sciences University,False,,2776,https://ideas.repec.org/f/pne425.html
ppa1687,Analisa Packham,Vanderbilt University,False,,2777,https://ideas.repec.org/f/ppa1687.html
pdr205,Stefan Drews,Universidad de Málaga,False,,2778,https://ideas.repec.org/f/pdr205.html
ppe540,William Peterman,Federal Reserve Board (Board of Governors of the Federal Reserve System),False,,2779,https://ideas.repec.org/f/ppe540.html
pde1111,Judith M. Delaney,University of Bath,False,,2780,https://ideas.repec.org/f/pde1111.html
pja140,Karel Janda,Univerzita Karlova v Praze,False,,2781,https://ideas.repec.org/e/pja140.html
pma1173,Jan Marcus,Freie Universität Berlin,False,,2782,https://ideas.repec.org/f/pma1173.html
pte207,Judit Temesvary,Federal Reserve Board (Board of Governors of the Federal Reserve System),False,,2783,https://ideas.repec.org/f/pte207.html
pwi24,Karl Widerquist,Georgetown University,False,,2784,https://ideas.repec.org/e/pwi24.html
pla913,Jean-William Laliberté,University of Calgary,False,,2785,https://ideas.repec.org/f/pla913.html
pse743,Matthew Serfling,University of Tennessee-Knoxville,False,,2786,https://ideas.repec.org/f/pse743.html
pli596,Gilberto Tadeu Lima,Universidade de São Paulo,False,,2787,https://ideas.repec.org/f/pli596.html
pag161,Francesco Agostinelli,University of Pennsylvania,False,,2788,https://ideas.repec.org/e/pag161.html
par559,Jaime Arellano-Bover,,False,,2789,https://ideas.repec.org/f/par559.html
pdw14,Richard Dwumfour,Curtin University,False,,2790,https://ideas.repec.org/e/pdw14.html
pmi939,Faisal Mehmood Mirza,,False,,2792,https://ideas.repec.org/f/pmi939.html
pma1731,Kaveh Majlesi,Monash University,False,,2793,https://ideas.repec.org/f/pma1731.html
pqu32,Climent Quintana-Domeque,University of Exeter,False,,2794,https://ideas.repec.org/e/pqu32.html
pki668,Ken Kikkawa,University of British Columbia,False,,2795,https://ideas.repec.org/f/pki668.html
pch1323,Jordan Chamberlin,United Nations,False,,2796,https://ideas.repec.org/f/pch1323.html
pzh1079,Jonathan Zhang,Duke University,False,,2799,https://ideas.repec.org/f/pzh1079.html
pde550,Thomas Demuynck,Université Libre de Bruxelles,False,,2801,https://ideas.repec.org/f/pde550.html
paf9,Farzana Afridi,Indian Statistical Institute,False,,2802,https://ideas.repec.org/e/paf9.html
pgu526,Jerg Gutmann,Universität Hamburg,False,,2803,https://ideas.repec.org/f/pgu526.html
pru93,Alberto Russo,Università Politecnica delle Marche,False,,2806,https://ideas.repec.org/e/pru93.html
pdv9,Maximiliano Ariel Dvorkin,Federal Reserve Bank of St. Louis,False,,2807,https://ideas.repec.org/e/pdv9.html
pwa958,Michael Walker,University of California-Berkeley,False,,2808,https://ideas.repec.org/f/pwa958.html
pde1223,François de Soyres,Federal Reserve Board (Board of Governors of the Federal Reserve System),False,,2809,https://ideas.repec.org/f/pde1223.html
pis259,Md. Monirul Islam,Ural Federal University,False,,2810,https://ideas.repec.org/f/pis259.html
psc646,Stefan Schiman,Österreichisches Institut für Wirtschaftsforschung (WIFO),False,,2813,https://ideas.repec.org/f/psc646.html
pst837,Anna Stansbury,Massachusetts Institute of Technology (MIT),False,,2814,https://ideas.repec.org/f/pst837.html
pmi899,Alexey Mikhaylov,Universiti Brunei Darussalam,False,,2818,https://ideas.repec.org/f/pmi899.html
ple283,Benjamin R. Lester,Federal Reserve Bank of Philadelphia,False,,2819,https://ideas.repec.org/f/ple283.html
plu500,Yao Luo,University of Toronto,False,,2821,https://ideas.repec.org/f/plu500.html
pgu817,Atul Gupta,University of Pennsylvania,False,,2823,https://ideas.repec.org/f/pgu817.html
pve306,Fabrizio Venditti,Banca d'Italia,False,,2824,https://ideas.repec.org/f/pve306.html
pmc359,Ronald Paul McIver,University of South Australia,False,,2826,https://ideas.repec.org/f/pmc359.html
pho372,Gal Hochman,University of Illinois at Urbana-Champaign,False,,2827,https://ideas.repec.org/f/pho372.html
pca931,Raymundo Miguel Campos-Vazquez,Colegio de México,False,,2828,https://ideas.repec.org/f/pca931.html
pfa104,Xavier Fageda,Universitat de Barcelona,False,,2829,https://ideas.repec.org/e/pfa104.html
pse700,Nathan Seegert,University of Utah,False,,2831,https://ideas.repec.org/f/pse700.html
pan86,Sajid Anwar,University of the Sunshine Coast,False,,2832,https://ideas.repec.org/e/pan86.html
pko995,Fabian Kosse,Ludwig-Maximilians-Universität München,False,,2833,https://ideas.repec.org/f/pko995.html
psa140,Subash Sasidharan,Indian Institute of Technology Madras,False,,2834,https://ideas.repec.org/e/psa140.html
pgr706,Daniel Greenwald,Massachusetts Institute of Technology (MIT),False,,2836,https://ideas.repec.org/f/pgr706.html
pke81,Dimitris Kenourgios,National and Kapodistrian University of Athens,False,,2837,https://ideas.repec.org/e/pke81.html
pca1288,Serena Canaan,Simon Fraser University,False,,2838,https://ideas.repec.org/f/pca1288.html
pdo167,Quoc-Anh Do,Monash University,False,,2839,https://ideas.repec.org/e/pdo167.html
pva1047,Boris Vallee,Harvard University,False,,2840,https://ideas.repec.org/f/pva1047.html
phe288,Shafik Hebous,International Monetary Fund (IMF),False,,2841,https://ideas.repec.org/f/phe288.html
pdi34,Michele Di Maio,"""Sapienza"" Università di Roma",False,,2842,https://ideas.repec.org/e/pdi34.html
pbe319,John Beirne,Asian Development Bank,False,,2843,https://ideas.repec.org/f/pbe319.html
psh1203,Muhammad Ibrahim Shah,University of Dhaka,False,,2844,https://ideas.repec.org/f/psh1203.html
pmu486,Charles Murry,University of Michigan,False,,2845,https://ideas.repec.org/f/pmu486.html
pch1894,Dimos Chatzinikolaou,Democritus University of Thrace,False,,2846,https://ideas.repec.org/f/pch1894.html
psa1723,Carlos Sanz,Banco de España,False,,2847,https://ideas.repec.org/f/psa1723.html
psp86,David J Spielman,,False,,2848,https://ideas.repec.org/e/psp86.html
pca678,Enrico Cantoni,Alma Mater Studiorum - Università di Bologna,False,,2849,https://ideas.repec.org/f/pca678.html
pfu249,Hirofumi Fukuyama,Fukuoka University,False,,2850,https://ideas.repec.org/f/pfu249.html
pla912,Esteban Lafuente,Instituto Tecnológico de Costa Rica,False,,2851,https://ideas.repec.org/f/pla912.html
pgk13,Konstantinos Gkillas,Hellenic Mediterranean University,False,,2852,https://ideas.repec.org/e/pgk13.html
pco683,D'Maris D. Coffman,,False,,2853,https://ideas.repec.org/f/pco683.html
pju35,Juha Pekka Junttila,Jyväskylän yliopisto,False,,2856,https://ideas.repec.org/e/pju35.html
pne274,Guido Neidhöfer,Türk-Alman Üniversitesi,False,,2858,https://ideas.repec.org/f/pne274.html
pke324,Rudolf Kerschbamer,Leopold-Franzens-Universität Innsbruck,False,,2859,https://ideas.repec.org/f/pke324.html
pcr45,Rosario Crino,Università degli Studi di Bergamo,False,,2861,https://ideas.repec.org/e/pcr45.html
pri259,Matthew Ringgenberg,University of Utah,False,,2865,https://ideas.repec.org/f/pri259.html
pne104,Mehdi Nekhili,Le Mans Université,False,,2866,https://ideas.repec.org/e/pne104.html
pfr315,Marco Frey,Scuola Superiore Sant'Anna,False,,2867,https://ideas.repec.org/f/pfr315.html
pca1067,Raphael Calel,Georgetown University,False,,2869,https://ideas.repec.org/f/pca1067.html
pst614,Alexis Stenfors,University of Portsmouth,False,,2870,https://ideas.repec.org/f/pst614.html
pta880,Vis Taraz,Smith College,False,,2871,https://ideas.repec.org/f/pta880.html
phi154,Kalle Hirvonen,International Food Policy Research Institute (IFPRI),False,,2872,https://ideas.repec.org/e/phi154.html
pbi338,Anna Bindler,DIW Berlin (Deutsches Institut für Wirtschaftsforschung),False,,2873,https://ideas.repec.org/f/pbi338.html
pkr256,Alex Krumer,Høgskolen i Molde,False,,2875,https://ideas.repec.org/f/pkr256.html
pib61,Oyakhilome Ibhagui,,False,,2876,https://ideas.repec.org/e/pib61.html
pka528,Makoto Kakinaka,Ritsumeikan University,False,,2877,https://ideas.repec.org/f/pka528.html
pgr681,Carol Lee Graham,Brookings Institution,False,,2879,https://ideas.repec.org/f/pgr681.html
pme403,Giovanni Melina,International Monetary Fund (IMF),False,,2880,https://ideas.repec.org/f/pme403.html
pdr146,Thorsten Drautzburg,Federal Reserve Bank of Philadelphia,False,,2881,https://ideas.repec.org/e/pdr146.html
pra626,Sebastian Rausch,Leibniz-Zentrum für Europäische Wirtschaftsforschung (ZEW),False,,2882,https://ideas.repec.org/f/pra626.html
pfl26,Luca Flabbi,University of North Carolina-Chapel-Hill,False,,2883,https://ideas.repec.org/e/pfl26.html
pni316,Peng Nie,Xi'an Jiaotong University,False,,2885,https://ideas.repec.org/f/pni316.html
pki570,J. Daniel Kim,University of Pennsylvania,False,,2886,https://ideas.repec.org/f/pki570.html
ppo717,Hector Pollitt,University of Cambridge,False,,2887,https://ideas.repec.org/f/ppo717.html
pst217,Walter Steingress,Bank of Canada,False,,2888,https://ideas.repec.org/f/pst217.html
pde955,Alonso de Gortari,Harvard University,False,,2889,https://ideas.repec.org/f/pde955.html
pji222,Fuwei Jiang,Central University of Finance and Economics (CUFE),False,,2890,https://ideas.repec.org/f/pji222.html
ppe620,Luiz Awazu Pereira da Silva,,False,,2893,https://ideas.repec.org/f/ppe620.html
pfi293,Alexander S. Firanchuk,Russian Presidential Academy of National Economy and Public Administration (RANEPA),False,,2896,https://ideas.repec.org/f/pfi293.html
plu469,Paul Luk,Government of Hong Kong,False,,2897,https://ideas.repec.org/f/plu469.html
peg15,Georgy Egorov,,False,,2899,https://ideas.repec.org/e/peg15.html
pci144,Valeria Cirillo,,False,,2900,https://ideas.repec.org/e/pci144.html
pho122,Mun Sing Ho,Resources for the Future (RFF),False,,2901,https://ideas.repec.org/e/pho122.html
psi579,Tien Foo Sing,National University of Singapore (NUS),False,,2902,https://ideas.repec.org/f/psi579.html
pvi108,Vincent Vicard,Centre d'études prospectives et d'informations internationales (CEPII),False,,2903,https://ideas.repec.org/e/pvi108.html
psa778,Justin Sandefur,Center for Global Development (CGD),False,,2906,https://ideas.repec.org/f/psa778.html
pme679,Daniel Meierrieks,Wissenschaftszentrum Berlin für Sozialforschung (WZB),False,,2907,https://ideas.repec.org/f/pme679.html
pst439,Olivier Sterck,Universiteit Antwerpen,False,,2908,https://ideas.repec.org/f/pst439.html
ppe920,Claudia Persico,American University,False,,2911,https://ideas.repec.org/f/ppe920.html
psx5,Mikkel Sølvsten,Aarhus Universitet,False,,2914,https://ideas.repec.org/e/psx5.html
pel251,Vadim Elenev,Johns Hopkins University,False,,2915,https://ideas.repec.org/f/pel251.html
ppr366,Romanos Priftis,European Central Bank,False,,2916,https://ideas.repec.org/f/ppr366.html
pdi630,Azer Dilanchiev,International Black Sea University,False,,2918,https://ideas.repec.org/f/pdi630.html
pst808,Anthony Strittmatter,Centre de Recherche en Économie et Statistique (CREST),False,,2920,https://ideas.repec.org/f/pst808.html
pwa627,Barnabé Walheer,Université de Liège,False,,2921,https://ideas.repec.org/f/pwa627.html
pmo87,Paulo Mourão,Universidade do Minho,False,,2922,https://ideas.repec.org/e/pmo87.html
pmc155,Erika L. McEntarfer,Government of the United States,False,,2924,https://ideas.repec.org/e/pmc155.html
psa1473,Martin Hugo Saavedra,Rutgers University-New Brunswick,False,,2925,https://ideas.repec.org/f/psa1473.html
psa516,Samir Saadi,,False,,2926,https://ideas.repec.org/f/psa516.html
pst822,Jenna Stearns,University of California-Davis,False,,2927,https://ideas.repec.org/f/pst822.html
psc358,Tim Schmidt-Eisenlohr,Federal Reserve Board (Board of Governors of the Federal Reserve System),False,,2928,https://ideas.repec.org/f/psc358.html
pla481,Jeanne Lafortune,Pontificia Universidad Católica de Chile,False,,2932,https://ideas.repec.org/f/pla481.html
pca345,Andrea Caggese,Barcelona School of Economics (BSE),False,,2933,https://ideas.repec.org/f/pca345.html
pho195,Richard Holden,UNSW Sydney,False,,2934,https://ideas.repec.org/e/pho195.html
pfr240,Carola Frydman,Northwestern University,False,,2936,https://ideas.repec.org/f/pfr240.html
psu382,Nicolai Suppa,Universitat de Barcelona,False,,2937,https://ideas.repec.org/f/psu382.html
pba835,Eduard Baumöhl,Ekonomická Univerzita v Bratislave,False,,2938,https://ideas.repec.org/f/pba835.html
pal912,Silvia Albrizio,International Monetary Fund (IMF),False,,2940,https://ideas.repec.org/f/pal912.html
pko841,Gizem Kosar,Federal Reserve Bank of New York,False,,2943,https://ideas.repec.org/f/pko841.html
pco912,Francisco Costa,Fundação Getúlio Vargas (FGV),False,,2945,https://ideas.repec.org/f/pco912.html
pvl51,Charis Vlados,Democritus University of Thrace,False,,2946,https://ideas.repec.org/e/pvl51.html
pwi133,Simon Wiederhold,Leibniz-Institut für Wirtschaftsforschung Halle (IWH),False,,2947,https://ideas.repec.org/e/pwi133.html
pre466,Alan Renwick,Lincoln University,False,,2951,https://ideas.repec.org/f/pre466.html
pbu279,Maoliang Bu,Nanjing University,False,,2953,https://ideas.repec.org/f/pbu279.html
pbo539,Karol Jan Borowiecki,Syddansk Universitet,False,,2954,https://ideas.repec.org/f/pbo539.html
phi46,Christian Albin Lukas Hilber,London School of Economics (LSE),False,,2956,https://ideas.repec.org/e/phi46.html
pma614,Enrique Martínez García,Federal Reserve Bank of Dallas,False,,2957,https://ideas.repec.org/f/pma614.html
pdo214,Karina Doorley,Economic and Social Research Institute (ESRI),False,,2958,https://ideas.repec.org/f/pdo214.html
pfa185,Francesco Fasani,Università degli Studi di Milano,False,,2960,https://ideas.repec.org/e/pfa185.html
psm213,Alex Smolin,Toulouse School of Economics (TSE),False,,2961,https://ideas.repec.org/f/psm213.html
pca250,Carlos Carrillo-Tudela,University of Essex,False,,2962,https://ideas.repec.org/f/pca250.html
pna316,Taisuke Nakata,Federal Reserve Board (Board of Governors of the Federal Reserve System),False,,2963,https://ideas.repec.org/f/pna316.html
pgu426,Huanxiu Guo,Nanjing Audit University,False,,2965,https://ideas.repec.org/f/pgu426.html
pgo62,Andres Gonzalez,Banco de la Republica de Colombia,False,,2966,https://ideas.repec.org/e/pgo62.html
pme601,Jürgen Meyerhoff,Hochschule für Wirtschaft und Recht,False,,2968,https://ideas.repec.org/f/pme601.html
pta122,Yasuhito Tanaka,Doshisha University,False,,2969,https://ideas.repec.org/e/pta122.html
pbl197,Kristian Sven Blickle,Federal Reserve Bank of New York,False,,2972,https://ideas.repec.org/e/pbl197.html
psc239,Martin Schmitz,European Central Bank,False,,2973,https://ideas.repec.org/f/psc239.html
pwa885,Jackline Wahba,University of Southampton,False,,2975,https://ideas.repec.org/f/pwa885.html
pmo303,Pierluigi Montalbano,"""Sapienza"" Università di Roma",False,,2977,https://ideas.repec.org/f/pmo303.html
pfl166,Carlos Flavian,Universidad de Zaragoza,False,,2978,https://ideas.repec.org/e/pfl166.html
pbe833,Adel Ben Youssef,Université Côte d'Azur,False,,2979,https://ideas.repec.org/f/pbe833.html
psc797,Martin Schmalz,University of Michigan,False,,2980,https://ideas.repec.org/f/psc797.html
psp106,Michael Sposi,Southern Methodist University,False,,2983,https://ideas.repec.org/e/psp106.html
pta448,Emanuele Tarantino,Libera Università Internazionale degli Studi Sociali Guido Carli (LUISS),False,,2984,https://ideas.repec.org/f/pta448.html
pce160,Emrah İsmail Çevik,Namık Kemal Üniversitesi,False,,2985,https://ideas.repec.org/e/pce160.html
pma1777,Isabel Z. Martínez,Eidgenössische Technische Hochschule Zürich (ETHZ),False,,2989,https://ideas.repec.org/f/pma1777.html
pzl2,Andrei Zlate,Federal Reserve Board (Board of Governors of the Federal Reserve System),False,,2990,https://ideas.repec.org/e/pzl2.html
pma1510,Katarzyna Maciejowska,Politechnika Wrocławska,False,,2991,https://ideas.repec.org/f/pma1510.html
pch585,Dimitris Christelis,University of Glasgow,False,,2992,https://ideas.repec.org/f/pch585.html
ple985,Matthieu Lequien,Government of France,False,,2993,https://ideas.repec.org/f/ple985.html
ppo522,"Yuriy Ponomarev, Sr.",Russian Presidential Academy of National Economy and Public Administration (RANEPA),False,,2995,https://ideas.repec.org/f/ppo522.html
pmi497,Gabriel Mihalache,Ohio State University,False,,2996,https://ideas.repec.org/f/pmi497.html
pst327,Georg Strasser,European Central Bank,False,,2998,https://ideas.repec.org/f/pst327.html
pfe227,Martin Feldkircher,Diplomatische Akademie Wien,False,,2999,https://ideas.repec.org/f/pfe227.html
pco498,Mathieu Couttenier,Université de Lyon,False,,3000,https://ideas.repec.org/f/pco498.html
pha423,Joshua C. Hall,West Virginia University,False,,3001,https://ideas.repec.org/f/pha423.html
ple1006,Sara Le Roux,Oxford Brookes University,False,,3003,https://ideas.repec.org/f/ple1006.html
pca1574,Bernardo Candia,Federal Reserve Bank of Cleveland,False,,3004,https://ideas.repec.org/f/pca1574.html
pme415,Thomas Michael Mertens,Federal Reserve Bank of San Francisco,False,,3005,https://ideas.repec.org/f/pme415.html
pli1741,Zack Liu,University of Houston,False,,3006,https://ideas.repec.org/f/pli1741.html
pmo190,Andrea Morrison,Università degli Studi di Pavia,False,,3007,https://ideas.repec.org/e/pmo190.html
pal891,Alonso Alfaro-Ureña,Banco Central de Costa Rica,False,,3008,https://ideas.repec.org/f/pal891.html
pha795,Hanna Halaburda,,False,,3009,https://ideas.repec.org/f/pha795.html
pga905,Victor Gay,Toulouse School of Economics (TSE),False,,3010,https://ideas.repec.org/f/pga905.html
pca440,Steven Callander,Stanford University,False,,3011,https://ideas.repec.org/f/pca440.html
pfe504,Enrique Fernandez-Macias,European Commission,False,,3012,https://ideas.repec.org/f/pfe504.html
pra187,Andrea Raffo,Federal Reserve Bank of Minneapolis,False,,3015,https://ideas.repec.org/e/pra187.html
pma2523,Dale Manning,University of Tennessee-Knoxville,False,,3016,https://ideas.repec.org/f/pma2523.html
pba924,Zsofia Luca Barany,Central European University,False,,3017,https://ideas.repec.org/f/pba924.html
pve359,Jorge Velilla,Universidad de Zaragoza,False,,3019,https://ideas.repec.org/f/pve359.html
phs47,Joanne W. Hsu,University of Michigan,False,,3020,https://ideas.repec.org/e/phs47.html
pmo258,John Miles Morrow,King's College London,False,,3021,https://ideas.repec.org/f/pmo258.html
psi767,André F. Silva,Federal Reserve Board (Board of Governors of the Federal Reserve System),False,,3022,https://ideas.repec.org/f/psi767.html
pqi73,Liangfei Qiu,University of Florida,False,,3023,https://ideas.repec.org/e/pqi73.html
pla1047,Valentina Lagasio,"""Sapienza"" Università di Roma",False,,3024,https://ideas.repec.org/f/pla1047.html
pga868,Andrea Giovanni Gazzani,Banca d'Italia,False,,3026,https://ideas.repec.org/f/pga868.html
plo289,Felipe Andres Lozano Rojas,University of Georgia,False,,3027,https://ideas.repec.org/f/plo289.html
pad85,Muge Adalet,Organisation de Coopération et de Développement Économiques (OCDE),False,,3028,https://ideas.repec.org/e/pad85.html
pmu207,Kathleen J. Mullen,University of Oregon,False,,3029,https://ideas.repec.org/f/pmu207.html
pbo355,Pierre Boyer,Centre de Recherche en Économie et Statistique (CREST),False,,3030,https://ideas.repec.org/f/pbo355.html
psc372,Katheline Schubert,Paris School of Economics,False,,3032,https://ideas.repec.org/f/psc372.html
pco1000,Robert Collinson,University of Notre Dame,False,,3034,https://ideas.repec.org/f/pco1000.html
pma956,Julien Matheron,Banque de France,False,,3035,https://ideas.repec.org/f/pma956.html
pub6,Diego Javier Ubfal,World Bank Group,False,,3036,https://ideas.repec.org/e/pub6.html
pch2045,Shuai Chen,Zhejiang University,False,,3038,https://ideas.repec.org/f/pch2045.html
pna738,Markus Nagler,Friedrich-Alexander-Universität Erlangen-Nürnberg,False,,3039,https://ideas.repec.org/f/pna738.html
pge262,Laura Katherine Gee,Tufts University,False,,3040,https://ideas.repec.org/f/pge262.html
pef13,Uchenna Rapuluchukwu Efobi,Covenant University,False,,3041,https://ideas.repec.org/e/pef13.html
pco1156,Antonio Coppola,Stanford University,False,,3042,https://ideas.repec.org/f/pco1156.html
pga1291,Giorgos Galanis,Queen Mary University of London,False,,3043,https://ideas.repec.org/f/pga1291.html
pna69,Anton Nakov,Centre for Economic Policy Research (CEPR),False,,3044,https://ideas.repec.org/e/pna69.html
pfe488,Guanhao Feng,,False,,3045,https://ideas.repec.org/f/pfe488.html
pde1271,Jan-Emmanuel De Neve,Oxford University,False,,3046,https://ideas.repec.org/f/pde1271.html
poc21,Sergio Ocampo,University of Western Ontario,False,,3047,https://ideas.repec.org/e/poc21.html
pba1946,Pierre Bachas,World Bank Group,False,,3048,https://ideas.repec.org/f/pba1946.html
pma137,António Cardoso Marques,Universidade da Beira Interior,False,,3049,https://ideas.repec.org/e/pma137.html
pba1799,Andres Barrios-Fernández,Universidad de los Andes (Chile),False,,3050,https://ideas.repec.org/f/pba1799.html
pba1087,Dimitrios Bakas,Nottingham Trent University,False,,3051,https://ideas.repec.org/f/pba1087.html
pre185,Francesco Rentocchini,European Commission,False,,3052,https://ideas.repec.org/e/pre185.html
pbr741,Matthias Breuer,Columbia University,False,,3054,https://ideas.repec.org/f/pbr741.html
pta430,Ke Tang,Tsinghua University,False,,3055,https://ideas.repec.org/f/pta430.html
pca311,Gustavo Javier Canavire-Bacarreza,,False,,3056,https://ideas.repec.org/f/pca311.html
pbe494,Peter A.g. van Bergeijk,Institute of Social Studies (ISS),False,,3057,https://ideas.repec.org/f/pbe494.html
phs7,Yu-Chin Hsu,Academia Sinica,False,,3059,https://ideas.repec.org/e/phs7.html
pat67,Giuseppe Attanasi,"""Sapienza"" Università di Roma",False,,3060,https://ideas.repec.org/e/pat67.html
pdo451,Florian Dorn,ifo Institut - Leibniz-Institut für Wirtschaftsforschung an der Universität München e.V.,False,,3061,https://ideas.repec.org/f/pdo451.html
pan475,Juan Antolin-Diaz,London Business School (LBS),False,,3063,https://ideas.repec.org/f/pan475.html
pvo271,John L. Voorheis,Government of the United States,False,,3064,https://ideas.repec.org/f/pvo271.html
pko459,Lena Boneva,Schweizerische Nationalbank (SNB),False,,3070,https://ideas.repec.org/f/pko459.html
pci113,Luciano Ciravegna,King's College London,False,,3071,https://ideas.repec.org/e/pci113.html
pfo181,Andrew T. Foerster,Federal Reserve Bank of San Francisco,False,,3072,https://ideas.repec.org/e/pfo181.html
pji164,Uwe Jirjahn,Universität Trier,False,,3074,https://ideas.repec.org/e/pji164.html
pgo666,Marion Goussé,Centre de Recherche en Économie et Statistique (CREST),False,,3075,https://ideas.repec.org/f/pgo666.html
phu166,Kristiina Huttunen,Aalto-yliopisto,False,,3076,https://ideas.repec.org/e/phu166.html
pam290,Sandro Ambühl,Universität Zürich,False,,3078,https://ideas.repec.org/f/pam290.html
pbu426,Fiona Burlig,University of Chicago,False,,3079,https://ideas.repec.org/f/pbu426.html
pvo191,Maximilian von Ehrlich,Universität Bern,False,,3080,https://ideas.repec.org/e/pvo191.html
pko847,Isaac Koomson,University of New England,False,,3081,https://ideas.repec.org/f/pko847.html
pli655,Hong Liu,Renmin University of China,False,,3085,https://ideas.repec.org/f/pli655.html
pvo19,Lukas Vogel,European Commission,False,,3088,https://ideas.repec.org/e/pvo19.html
pba2025,Laurent Bach,ESSEC Business School,False,,3089,https://ideas.repec.org/f/pba2025.html
pli1638,Yatang Lin,Hong Kong University of Science and Technology (HKUST),False,,3090,https://ideas.repec.org/f/pli1638.html
pla968,Salvatore Lattanzio,Banca d'Italia,False,,3091,https://ideas.repec.org/f/pla968.html
pwa1068,Long Wang,Fudan University,False,,3092,https://ideas.repec.org/f/pwa1068.html
ply75,Oleksii Lyulyov,Sumy State University,False,,3093,https://ideas.repec.org/e/ply75.html
pry58,Jane M. Ryngaert,University of Notre Dame,False,,3094,https://ideas.repec.org/e/pry58.html
pgr211,Ulrike Grote,Leibniz Universität Hannover,False,,3095,https://ideas.repec.org/f/pgr211.html
psc421,Stefanie Schurer,University of Sydney,False,,3097,https://ideas.repec.org/f/psc421.html
pla193,David Laborde Debucquet,United Nations,False,,3098,https://ideas.repec.org/e/pla193.html
pgi187,Rita Ginja,Universitetet i Bergen,False,,3099,https://ideas.repec.org/e/pgi187.html
psu102,Sandy Suardi,University of Wollongong,False,,3100,https://ideas.repec.org/e/psu102.html
pst980,Noah Stoffman,Indiana University,False,,3101,https://ideas.repec.org/f/pst980.html
pca481,Vitor Castro,Loughborough University,False,,3102,https://ideas.repec.org/f/pca481.html
pbr358,Holger Breinlich,University of Surrey,False,,3105,https://ideas.repec.org/f/pbr358.html
pch964,Youngho Chang,,False,,3108,https://ideas.repec.org/f/pch964.html
pfe555,Roshen Fernando,Asian Development Bank,False,,3109,https://ideas.repec.org/f/pfe555.html
pbe1157,Inés Berniell,Universidad Nacional de La Plata,False,,3110,https://ideas.repec.org/f/pbe1157.html
pgr290,Julien Grenet,Paris School of Economics,False,,3111,https://ideas.repec.org/f/pgr290.html
ple1230,Emily Leslie,Brigham Young University,False,,3112,https://ideas.repec.org/f/ple1230.html
pga171,Roberto Galbiati,Sciences Po,False,,3115,https://ideas.repec.org/e/pga171.html
pph100,Gregory Phelan,Williams College,False,,3118,https://ideas.repec.org/e/pph100.html
pbo461,Vincenzo Bove,IMT Lucca Institute for Advanced Studies,False,,3119,https://ideas.repec.org/f/pbo461.html
pbr522,Wyatt James Brooks,Arizona State University,False,,3120,https://ideas.repec.org/f/pbr522.html
pkn16,"Edward S. Knotek, II",Federal Reserve Bank of Cleveland,False,,3121,https://ideas.repec.org/e/pkn16.html
pdz28,Janet Dzator,University of Newcastle,False,,3122,https://ideas.repec.org/e/pdz28.html
pga466,Lucie Gadenne,Queen Mary University of London,False,,3123,https://ideas.repec.org/f/pga466.html
ptr399,Egon Tripodi,Hertie School,False,,3125,https://ideas.repec.org/f/ptr399.html
pkr39,Roman Kräussl,City St George's,False,,3126,https://ideas.repec.org/e/pkr39.html
pri529,Samuel Ribeiro-Navarrete,,False,,3128,https://ideas.repec.org/f/pri529.html
pha135,Nobuyuki Hanaki,Osaka University,False,,3130,https://ideas.repec.org/e/pha135.html
pan719,Lennart Ante,Blockchain Research Lab,False,,3131,https://ideas.repec.org/f/pan719.html
pme547,Jean-Francois Mercure,,False,,3132,https://ideas.repec.org/f/pme547.html
pni299,Roberto Nisticò,Centro Studi di Economia e Finanza (CSEF),False,,3134,https://ideas.repec.org/f/pni299.html
pon32,Ozlem Onaran,University of Greenwich,False,,3135,https://ideas.repec.org/e/pon32.html
pgo947,Jose Gomez-Gonzalez,City University of New York (CUNY),False,,3137,https://ideas.repec.org/f/pgo947.html
pre584,Giuliano Resce,Università degli Studi del Molise,False,,3138,https://ideas.repec.org/f/pre584.html
pko307,Georgios P. Kouretas,Athens University of Economics and Business (AUEB),False,,3139,https://ideas.repec.org/f/pko307.html
pma2251,Michele Mancini,Banca d'Italia,False,,3140,https://ideas.repec.org/f/pma2251.html
pfa596,Sahbi Farhani,Université de Sousse,False,,3141,https://ideas.repec.org/f/pfa596.html
pni175,Kalin Ognianov Nikolov,European Central Bank,False,,3142,https://ideas.repec.org/e/pni175.html
pbu157,Kasey Buckles,University of Notre Dame,False,,3143,https://ideas.repec.org/e/pbu157.html
pne26,Michael Neugart,Technische Universität Darmstadt,False,,3145,https://ideas.repec.org/e/pne26.html
ppi52,Mariacristina Piva,Università Cattolica del Sacro Cuore,False,,3147,https://ideas.repec.org/e/ppi52.html
pay75,Mücahit Aydın,Sakarya Üniversitesi,False,,3148,https://ideas.repec.org/e/pay75.html
paf29,Sylvanus Kwaku Afesorgbor,University of Guelph,False,,3149,https://ideas.repec.org/e/paf29.html
pbe182,Pascual Berrone,Universidad de Navarra,False,,3151,https://ideas.repec.org/e/pbe182.html
phe721,Misty Lee Heggeness,University of Kansas,False,,3152,https://ideas.repec.org/f/phe721.html
pni69,Makoto Nirei,University of Tokyo,False,,3153,https://ideas.repec.org/e/pni69.html
pra518,Lev Ratnovski,European Central Bank,False,,3156,https://ideas.repec.org/f/pra518.html
pbi432,Syed Mabruk Billah,Prince Mohammad Bin Fahd University,False,,3159,https://ideas.repec.org/f/pbi432.html
pje101,Doh-Shin Jeon,Toulouse School of Economics (TSE),False,,3160,https://ideas.repec.org/e/pje101.html
pca869,Alessandra Casarico,,False,,3161,https://ideas.repec.org/f/pca869.html
pba949,Hatice Ozer Balli,Massey University,False,,3163,https://ideas.repec.org/f/pba949.html
par146,Melanie Arntz,Institut für Arbeitsmarkt- und Berufsforschung (IAB),False,,3164,https://ideas.repec.org/e/par146.html
pth78,Carlos Thomas,Banco de España,False,,3166,https://ideas.repec.org/e/pth78.html
pgo1022,Philippe Goulet Coulombe,Université du Québec à Montréal (UQAM),False,,3167,https://ideas.repec.org/f/pgo1022.html
pch373,Syngjoo Choi,Seoul National University,False,,3169,https://ideas.repec.org/f/pch373.html
paj31,Kazeem Bello Ajide,University of Lagos,False,,3170,https://ideas.repec.org/e/paj31.html
phe387,Nathan P. Hendricks,Kansas State University,False,,3171,https://ideas.repec.org/f/phe387.html
plo533,Juan M. Londono,Federal Reserve Board (Board of Governors of the Federal Reserve System),False,,3172,https://ideas.repec.org/f/plo533.html
phe184,Arne Heise,Universität Hamburg,False,,3173,https://ideas.repec.org/e/phe184.html
pfr267,Veronica Frisancho,Corporación Andina de Fomento (CAF) - Banco de Desarrollo de América Latina,False,,3174,https://ideas.repec.org/f/pfr267.html
pas190,Alper Aslan,,False,,3175,https://ideas.repec.org/e/pas190.html
pma2230,Glenn Magerman,Université Libre de Bruxelles,False,,3178,https://ideas.repec.org/f/pma2230.html
pad123,Arun N. Advani,University of Warwick,False,,3180,https://ideas.repec.org/e/pad123.html
pwo145,Benjamin Wong,Monash University,False,,3182,https://ideas.repec.org/e/pwo145.html
pch897,Marc K. Chan,University of Melbourne,False,,3183,https://ideas.repec.org/f/pch897.html
ptu217,Janne Tukiainen,Turun Yliopisto,False,,3185,https://ideas.repec.org/f/ptu217.html
pbo907,Mario Bossler,Georg-Simon-Ohm-Fachhochschule,False,,3186,https://ideas.repec.org/f/pbo907.html
phe303,YingHua He,,True,,3187,https://ideas.repec.org/f/phe303.html
pme212,Roy Mersland,Universitetet i Agder,False,,3189,https://ideas.repec.org/f/pme212.html
pmu479,Erich Muehlegger,University of California-Davis,False,,3193,https://ideas.repec.org/f/pmu479.html
pma2676,Guillermo Marshall,University of British Columbia,False,,3195,https://ideas.repec.org/f/pma2676.html
ptr96,Oreste Tristani,European Central Bank,False,,3196,https://ideas.repec.org/e/ptr96.html
pbe724,Hamza Bennani,Université de Nantes,False,,3198,https://ideas.repec.org/f/pbe724.html
pme685,Rigissa Megalokonomou,Monash University,False,,3199,https://ideas.repec.org/f/pme685.html
pbo166,Marcel Bogers,,False,,3200,https://ideas.repec.org/e/pbo166.html
pjo129,David W. Johnston,Monash University,False,,3203,https://ideas.repec.org/e/pjo129.html
pth382,Neil Thakral,Brown University,False,,3205,https://ideas.repec.org/f/pth382.html
pmc156,Adam McCloskey,University of Colorado,False,,3206,https://ideas.repec.org/e/pmc156.html
pme274,Elmar Mertens,European Central Bank,False,,3207,https://ideas.repec.org/f/pme274.html
pma2402,Nadya Malenko,Boston College,False,,3208,https://ideas.repec.org/f/pma2402.html
plo245,Grace Lordan,London School of Economics (LSE),False,,3210,https://ideas.repec.org/f/plo245.html
ppe462,Glen Philip Peters,CICERO Senter for Klimaforskning,False,,3212,https://ideas.repec.org/f/ppe462.html
pma1895,Astghik Mavisakalyan,Curtin University,False,,3213,https://ideas.repec.org/f/pma1895.html
pli503,Tse-Chun Lin,University of Hong Kong,False,,3214,https://ideas.repec.org/f/pli503.html
pwa75,Niklas F Wagner,Universität Passau,False,,3215,https://ideas.repec.org/e/pwa75.html
pmo937,Sarah Mouabbi,Banque de France,False,,3216,https://ideas.repec.org/f/pmo937.html
pri389,Robert A. Ritz,University of Cambridge,False,,3217,https://ideas.repec.org/f/pri389.html
plu402,Lester Robert Lusher,University of Pittsburgh,False,,3218,https://ideas.repec.org/f/plu402.html
pel244,Andrew Ellis,London School of Economics (LSE),False,,3219,https://ideas.repec.org/f/pel244.html
pva814,Bernardus Ferdinandus Nazar Van Doornik,Banco Central do Brasil,False,,3220,https://ideas.repec.org/f/pva814.html
plo281,Lee M. Lockwood,University of Virginia,False,,3222,https://ideas.repec.org/f/plo281.html
pfe247,James Fenske,University of Warwick,False,,3223,https://ideas.repec.org/f/pfe247.html
pcu176,E Mark Curtis,Wake Forest University,False,,3226,https://ideas.repec.org/e/pcu176.html
pno317,Kadeem Noray,Harvard University,False,,3227,https://ideas.repec.org/f/pno317.html
pgu849,Eleonora Guarnieri,University of Bristol,False,,3228,https://ideas.repec.org/f/pgu849.html
pso339,Ilya Sokolov,Gaidar Institute for Economic Policy,False,,3229,https://ideas.repec.org/f/pso339.html
pco210,Christopher Cotton,Queen's University,False,,3230,https://ideas.repec.org/f/pco210.html
pco812,Nuno Coimbra,Centre for Economic Policy Research (CEPR),False,,3231,https://ideas.repec.org/f/pco812.html
pbr747,Roy Brouwer,University of Waterloo,False,,3232,https://ideas.repec.org/f/pbr747.html
pon21,Luca Onorante,European Commission,False,,3233,https://ideas.repec.org/e/pon21.html
pmu142,Sharun Mukand,University of Warwick,False,,3235,https://ideas.repec.org/e/pmu142.html
pnu2,Alessandro Nuvolari,Scuola Superiore Sant'Anna,False,,3236,https://ideas.repec.org/e/pnu2.html
pbe1473,Jeremy Bertomeu,Washington University in St. Louis,False,,3237,https://ideas.repec.org/f/pbe1473.html
pqu23,Philippe Quirion,Centre International de Recherche sur l'Environnement et le Développement (CIRED),False,,3239,https://ideas.repec.org/e/pqu23.html
pro306,Sandra V. Rozo,World Bank Group,False,,3240,https://ideas.repec.org/f/pro306.html
pba794,Isaac Baley,Barcelona School of Economics (BSE),False,,3241,https://ideas.repec.org/f/pba794.html
pdv14,Ondřej Dvouletý,Vysoká Škola Ekonomická v Praze,False,,3243,https://ideas.repec.org/e/pdv14.html
pjh23,Akshaya Jha,Carnegie Mellon University,False,,3244,https://ideas.repec.org/e/pjh23.html
pla621,Mauricio Larrain,Universidad de los Andes (Chile),False,,3245,https://ideas.repec.org/f/pla621.html
pco832,Alexander Coutts,York University,False,,3246,https://ideas.repec.org/f/pco832.html
poo20,Maarten R.c. van Oordt,Vrije Universiteit Amsterdam,False,,3249,https://ideas.repec.org/e/poo20.html
pcu62,Juncal Cuñado,Universidad de Navarra,False,,3250,https://ideas.repec.org/e/pcu62.html
pri266,Ugo Rizzo,Università degli Studi di Ferrara,False,,3251,https://ideas.repec.org/f/pri266.html
phl1,Werner Hölzl,Österreichisches Institut für Wirtschaftsforschung (WIFO),False,,3253,https://ideas.repec.org/e/phl1.html
phu365,Mathias Huebener,Government of Germany,False,,3254,https://ideas.repec.org/f/phu365.html
pdr32,Carlo Drago,"Università degli Studi di Napoli - ""Federico II""",False,,3255,https://ideas.repec.org/e/pdr32.html
pyu237,Emircan Yurdagul,Universidad Carlos III de Madrid,False,,3256,https://ideas.repec.org/f/pyu237.html
pto525,Karamfil Todorov,Bank for International Settlements (BIS),False,,3258,https://ideas.repec.org/f/pto525.html
pve120,Andrea Velasquez,University of Colorado Denver,False,,3259,https://ideas.repec.org/e/pve120.html
pca1805,Jie Cao,Hong Kong Polytechnic University,False,,3260,https://ideas.repec.org/f/pca1805.html
pbi61,Christophe Bisière,Toulouse School of Economics (TSE),False,,3261,https://ideas.repec.org/e/pbi61.html
pca1440,Paolo Cavallino,Bank for International Settlements (BIS),False,,3262,https://ideas.repec.org/f/pca1440.html
pjo323,Benjamin A. Jones,University of New Mexico,False,,3264,https://ideas.repec.org/f/pjo323.html
pve105,Paolo Verme,Alma Mater Studiorum - Università di Bologna,False,,3265,https://ideas.repec.org/e/pve105.html
pka317,Hiroyuki Kasahara,University of British Columbia,False,,3266,https://ideas.repec.org/f/pka317.html
pno233,Jaromir Nosal,Boston College,False,,3267,https://ideas.repec.org/f/pno233.html
ppo113,Steven Poelhekke,Vrije Universiteit Amsterdam,False,,3268,https://ideas.repec.org/e/ppo113.html
per105,Keith M Marzilli Ericson,Boston University,False,,3270,https://ideas.repec.org/e/per105.html
pca1025,Eliana Carranza,World Bank Group,False,,3271,https://ideas.repec.org/f/pca1025.html
pku687,Pablo Kurlat,University of Southern California,False,,3273,https://ideas.repec.org/f/pku687.html
pbu127,Oliver Budzinski,Technische Universität Ilmenau,False,,3274,https://ideas.repec.org/e/pbu127.html
pco241,Adam Matthew Copeland,Federal Reserve Bank of New York,False,,3276,https://ideas.repec.org/f/pco241.html
ppr82,Eugenio Proto,University of Glasgow,False,,3277,https://ideas.repec.org/e/ppr82.html
phu714,Wenqian Huang,Bank for International Settlements (BIS),False,,3278,https://ideas.repec.org/f/phu714.html
pfe176,Leopoldo Fergusson,Universidad de los Andes (Colombia),False,,3279,https://ideas.repec.org/e/pfe176.html
pyu29,Lean Yu,University of Chinese Academy of Sciences,False,,3280,https://ideas.repec.org/e/pyu29.html
pfe389,Axelle Ferriere,Sciences Po,False,,3281,https://ideas.repec.org/f/pfe389.html
paq7,Matteo Aquilina,Bank for International Settlements (BIS),False,,3282,https://ideas.repec.org/e/paq7.html
pyu224,Biying Yu,Beijing Institute of Technology,False,,3283,https://ideas.repec.org/f/pyu224.html
pta270,Hiroyuki Takeshima,International Food Policy Research Institute (IFPRI),False,,3284,https://ideas.repec.org/f/pta270.html
pba1254,Kai Barron,Wissenschaftszentrum Berlin für Sozialforschung (WZB),False,,3286,https://ideas.repec.org/f/pba1254.html
pba984,Charlotte Bartels,DIW Berlin (Deutsches Institut für Wirtschaftsforschung),False,,3287,https://ideas.repec.org/f/pba984.html
pro1259,Matthias Rottner,Deutsche Bundesbank,False,,3288,https://ideas.repec.org/f/pro1259.html
pba857,Rajabrata Banerjee,Adelaide University,False,,3289,https://ideas.repec.org/f/pba857.html
pan307,Sorin Gabriel Anton,"Universitatea ""Al.I. Cuza""",False,,3290,https://ideas.repec.org/f/pan307.html
pgu797,Matthew Gudgeon,Tufts University,False,,3291,https://ideas.repec.org/f/pgu797.html
pme510,Martí Mestieri,Barcelona School of Economics (BSE),False,,3292,https://ideas.repec.org/f/pme510.html
pga1096,Giovanni Gallo,Università degli Studi di Modena e Reggio Emilia,False,,3293,https://ideas.repec.org/f/pga1096.html
pwi312,John O.s. Wilson,University of St. Andrews,False,,3296,https://ideas.repec.org/f/pwi312.html
pho624,Sin-Yu Ho,University of South Africa (UNISA),False,,3298,https://ideas.repec.org/f/pho624.html
ple637,Yong Suk Lee,University of Notre Dame,False,,3299,https://ideas.repec.org/f/ple637.html
pch1351,Arun Gautham Chandrasekhar,Stanford University,False,,3301,https://ideas.repec.org/f/pch1351.html
pfu230,Thomas Fujiwara,Princeton University,False,,3302,https://ideas.repec.org/f/pfu230.html
pei62,Sarah Eichmeyer,Ludwig-Maximilians-Universität München,False,,3303,https://ideas.repec.org/e/pei62.html
pje55,Dirk Jenter,London School of Economics (LSE),False,,3305,https://ideas.repec.org/e/pje55.html
pti239,Jacopo Timini,Banco de España,False,,3307,https://ideas.repec.org/f/pti239.html
pba1854,Oscar Barrera-Rodriguez,World Inequality Lab,False,,3308,https://ideas.repec.org/f/pba1854.html
phe642,Erin Hengel,Brunel University London,False,,3309,https://ideas.repec.org/f/phe642.html
phu515,Joachim Hubmer,University of Pennsylvania,False,,3310,https://ideas.repec.org/f/phu515.html
ped11,Lorraine Eden,,False,,3312,https://ideas.repec.org/e/ped11.html
par625,Timothy Armstrong,University of Southern California,False,,3313,https://ideas.repec.org/f/par625.html
pib11,Ana Maria Ibáñez,Inter-American Development Bank,False,,3316,https://ideas.repec.org/e/pib11.html
psa1154,Raufhon Salahodjaev,Toshkent Davlat Iqtisodiyot Universiteti,False,,3317,https://ideas.repec.org/f/psa1154.html
phu570,Cong Minh Huynh,Eastern International University,False,,3318,https://ideas.repec.org/f/phu570.html
pni222,Therese Nilsson,Lunds Universitet,False,,3319,https://ideas.repec.org/f/pni222.html
pba327,Catia Batista,Universidade Nova de Lisboa,False,,3320,https://ideas.repec.org/f/pba327.html
pil25,Cosmin Ilut,Duke University,False,,3323,https://ideas.repec.org/e/pil25.html
pyu227,Xiaoguang Yue,Universitatea Româno-Americană,False,,3324,https://ideas.repec.org/f/pyu227.html
pki600,Josh Kinsler,University of Georgia,False,,3325,https://ideas.repec.org/f/pki600.html
pme505,Bo Meng,Government of Japan,False,,3326,https://ideas.repec.org/f/pme505.html
pwe518,Xi Weng,Peking University,False,,3327,https://ideas.repec.org/f/pwe518.html
pfl33,Christos Floros,Hellenic Mediterranean University,False,,3328,https://ideas.repec.org/e/pfl33.html
pbr457,Michael Brei,Lille Économie et Management (LEM),False,,3329,https://ideas.repec.org/f/pbr457.html
pes109,Ignacio Esponda,Washington University in St. Louis,False,,3330,https://ideas.repec.org/e/pes109.html
pal228,Sami Alpanda,University of Central Florida,False,,3331,https://ideas.repec.org/f/pal228.html
pth273,Caroline Theoharides,Amherst College,False,,3333,https://ideas.repec.org/f/pth273.html
pgi275,Matthew Gibson,Williams College,False,,3336,https://ideas.repec.org/f/pgi275.html
ppe841,Christophe Perignon,HEC Paris (École des Hautes Études Commerciales),False,,3337,https://ideas.repec.org/f/ppe841.html
pma1210,Frédéric Malherbe,University College London (UCL),False,,3339,https://ideas.repec.org/f/pma1210.html
phe656,Ines Helm,Johannes-Kepler-Universität Linz,False,,3340,https://ideas.repec.org/f/phe656.html
pto92,Mirco Tonin,Libera Università di Bolzano / Freie Universität Bozen,False,,3341,https://ideas.repec.org/e/pto92.html
ppa668,Mathieu Parenti,Paris School of Economics,False,,3342,https://ideas.repec.org/f/ppa668.html
paz52,Eduardo M. Azevedo,University of Pennsylvania,False,,3343,https://ideas.repec.org/e/paz52.html
pku109,Michael Kuhn,International Institute for Applied Systems Analysis (IIASA),False,,3345,https://ideas.repec.org/e/pku109.html
pbe432,Jonathan Benchimol,Bank of Israel,False,,3346,https://ideas.repec.org/f/pbe432.html
pka1304,Gregor Kastner,,False,,3347,https://ideas.repec.org/f/pka1304.html
pan412,S Anukriti,World Bank Group,False,,3348,https://ideas.repec.org/f/pan412.html
pbi119,John R. Birge,University of Chicago,False,,3351,https://ideas.repec.org/e/pbi119.html
psi507,Christian Siegel,University of Kent,False,,3352,https://ideas.repec.org/f/psi507.html
pwa961,Melanie Wasserman,University of California-Los Angeles (UCLA),False,,3353,https://ideas.repec.org/f/pwa961.html
pka744,Yiannis Karavias,Brunel University London,False,,3355,https://ideas.repec.org/f/pka744.html
ple533,Yassine Lefouili,Toulouse School of Economics (TSE),False,,3357,https://ideas.repec.org/f/ple533.html
pmu415,Steffen Mueller,Leibniz-Institut für Wirtschaftsforschung Halle (IWH),False,,3358,https://ideas.repec.org/f/pmu415.html
pya474,Akio Yamazaki,National Graduate Institute for Policy Studies (GRIPS),False,,3359,https://ideas.repec.org/f/pya474.html
pob93,Michael Oberfichtner,Institut für Arbeitsmarkt- und Berufsforschung (IAB),False,,3360,https://ideas.repec.org/e/pob93.html
per49,Aitor Erce,,False,,3361,https://ideas.repec.org/e/per49.html
pmo749,Gabriel Caldas Montes,Universidade Federal Fluminense,False,,3363,https://ideas.repec.org/f/pmo749.html
pch859,Adrian,City University of Macao,False,,3364,https://ideas.repec.org/f/pch859.html
pgu719,Arpit Gupta,New York University (NYU),False,,3365,https://ideas.repec.org/f/pgu719.html
pzh736,Haonan Zhou,University of Hong Kong,False,,3366,https://ideas.repec.org/f/pzh736.html
pbi328,Pietro Biroli,Alma Mater Studiorum - Università di Bologna,False,,3368,https://ideas.repec.org/f/pbi328.html
pfa186,Lisa Farrell,RMIT University,False,,3369,https://ideas.repec.org/e/pfa186.html
pzh1199,Hanxiong Zhang,Bangor University,False,,3370,https://ideas.repec.org/f/pzh1199.html
psq7,Mara P. Squicciarini,Università Commerciale Luigi Bocconi,False,,3371,https://ideas.repec.org/e/psq7.html
pwo187,Martin Woerter,Eidgenössische Technische Hochschule Zürich (ETHZ),False,,3372,https://ideas.repec.org/e/pwo187.html
pko876,Zsoka Koczan,European Bank for Reconstruction and Development (EBRD),False,,3373,https://ideas.repec.org/f/pko876.html
phu777,Lei Huang,Beijing Institute of Technology,False,,3374,https://ideas.repec.org/f/phu777.html
pfi298,Martin Fiszbein,Boston University,False,,3375,https://ideas.repec.org/f/pfi298.html
pva1007,Roel van Veldhuizen,Lunds Universitet,False,,3376,https://ideas.repec.org/f/pva1007.html
pgi59,David Gill,Purdue University,False,,3377,https://ideas.repec.org/e/pgi59.html
pgl26,Matthieu Glachant,Mines Paris,False,,3380,https://ideas.repec.org/e/pgl26.html
pla616,Rachid Laajaj,Universidad de los Andes (Colombia),False,,3381,https://ideas.repec.org/f/pla616.html
pel400,Rim Mansour El Khoury,Lebanese American University,False,,3383,https://ideas.repec.org/f/pel400.html
pcs21,László Csató,Budapesti Corvinus Egyetem,False,,3384,https://ideas.repec.org/e/pcs21.html
pkl86,Marc Klemp,Københavns Universitet,False,,3386,https://ideas.repec.org/e/pkl86.html
pag120,Luis Aguiar,Universität Zürich,False,,3387,https://ideas.repec.org/e/pag120.html
pot11,Jesus Otero,Universidad del Rosario,False,,3388,https://ideas.repec.org/e/pot11.html
pme539,Dirk Meissner,National Research University Higher School of Economics (HSE),False,,3390,https://ideas.repec.org/f/pme539.html
psc743,Immo Schott,Federal Reserve Board (Board of Governors of the Federal Reserve System),False,,3392,https://ideas.repec.org/f/psc743.html
pdi564,Haoyuan Ding,Shanghai University of Finance and Economics,False,,3394,https://ideas.repec.org/f/pdi564.html
png142,Nguyen Minh Ha,Ho Chi Minh City Open University,False,,3395,https://ideas.repec.org/e/png142.html
phj11,Ida Hjortsoe,Bank of England,False,,3397,https://ideas.repec.org/e/phj11.html
pva82,Guillaume Vandenbroucke,Federal Reserve Bank of St. Louis,False,,3399,https://ideas.repec.org/e/pva82.html
pbo319,Martin Bodenstein,Federal Reserve Board (Board of Governors of the Federal Reserve System),False,,3401,https://ideas.repec.org/f/pbo319.html
pla1071,Nicolas Lambert,University of Southern California,False,,3402,https://ideas.repec.org/f/pla1071.html
pga219,Patrick Gaulé,University of Bristol,False,,3403,https://ideas.repec.org/f/pga219.html
pch1099,Yi Che,East China University of Science and Technology,False,,3404,https://ideas.repec.org/f/pch1099.html
pti99,Peter Tillmann,Justus-Liebig-Universität Gießen,False,,3405,https://ideas.repec.org/e/pti99.html
psh962,Yogita Shamdasani,National University of Singapore (NUS),False,,3407,https://ideas.repec.org/f/psh962.html
pja742,Maulik Jagnani,Tufts University,False,,3408,https://ideas.repec.org/f/pja742.html
pop19,Marcus M. Opp,Stockholm School of Economics,False,,3409,https://ideas.repec.org/e/pop19.html
ptr214,Sabyasachi Tripathi,Symbiosis School of Economics,False,,3410,https://ideas.repec.org/f/ptr214.html
psp164,David Splinter,Government of the United States,False,,3411,https://ideas.repec.org/e/psp164.html
pop26,Christian Carsten Opp,University of Rochester,False,,3413,https://ideas.repec.org/e/pop26.html
plh9,Olivier L'Haridon,Centre de Recherche en Économie et Management (CREM),False,,3414,https://ideas.repec.org/e/plh9.html
poz42,Serdar Ozkan,Federal Reserve Bank of St. Louis,False,,3415,https://ideas.repec.org/e/poz42.html
pot27,Conor M. O'Toole,Economic and Social Research Institute (ESRI),False,,3417,https://ideas.repec.org/e/pot27.html
pri19,Yohanes Eko Riyanto,Nanyang Technological University,False,,3418,https://ideas.repec.org/e/pri19.html
pwe137,Utz Weitzel,Universiteit Utrecht,False,,3419,https://ideas.repec.org/e/pwe137.html
pye6,James Yetman,Bank for International Settlements (BIS),False,,3423,https://ideas.repec.org/e/pye6.html
pst54,W Edward Steinmueller,University of Sussex,False,,3425,https://ideas.repec.org/e/pst54.html
pku799,Elif Kubilay,University of Essex,False,,3427,https://ideas.repec.org/f/pku799.html
pat14,Kartik Athreya,Federal Reserve Bank of New York,False,,3428,https://ideas.repec.org/e/pat14.html
pla286,Laure Latruffe,Université de Bordeaux,False,,3430,https://ideas.repec.org/f/pla286.html
pra66,Marco Raberto,Università degli Studi di Genova,False,,3431,https://ideas.repec.org/e/pra66.html
pbl132,Joaquin Blaum,Boston University,False,,3432,https://ideas.repec.org/e/pbl132.html
ppl82,Alex Plastun,Sumy State University,False,,3433,https://ideas.repec.org/e/ppl82.html
pkr355,Tihana Škrinjarić,Bank of England,False,,3435,https://ideas.repec.org/f/pkr355.html
phu375,Sewon Hur,,False,,3436,https://ideas.repec.org/f/phu375.html
pbu528,Simon Bunel,,False,,3438,https://ideas.repec.org/f/pbu528.html
phu346,Wei Huang,,False,,3439,https://ideas.repec.org/f/phu346.html
pwe90,Erik Wengström,Lunds Universitet,False,,3440,https://ideas.repec.org/e/pwe90.html
pho367,Hanna Hottenrott,Leibniz-Zentrum für Europäische Wirtschaftsforschung (ZEW),False,,3441,https://ideas.repec.org/f/pho367.html
pos7,Chiara Osbat,European Central Bank,False,,3442,https://ideas.repec.org/e/pos7.html
ppo694,Aubrey Poon,University of Kent,False,,3443,https://ideas.repec.org/f/ppo694.html
psa266,Grazia D. Santangelo,Copenhagen Business School,False,,3444,https://ideas.repec.org/f/psa266.html
pmc163,Eoin McGuirk,National Bureau of Economic Research (NBER),False,,3445,https://ideas.repec.org/e/pmc163.html
pbe755,Thor Berger,Lunds Universitet,False,,3448,https://ideas.repec.org/f/pbe755.html
pri114,Matteo G. Richiardi,University of Essex,False,,3449,https://ideas.repec.org/e/pri114.html
pal822,Searat Ali,Griffith University,False,,3451,https://ideas.repec.org/f/pal822.html
pcr51,Carin van der Cruijsen,de Nederlandsche Bank,False,,3452,https://ideas.repec.org/e/pcr51.html
pne89,Nick Netzer,Universität Zürich,False,,3453,https://ideas.repec.org/e/pne89.html
pde784,Giacomo Davide De Luca,Libera Università di Bolzano / Freie Universität Bozen,False,,3454,https://ideas.repec.org/f/pde784.html
pgo89,Radhakrishnan Gopalan,,True,,3456,https://ideas.repec.org/e/pgo89.html
pge147,Pedro Gete,Universidad IE,False,,3457,https://ideas.repec.org/e/pge147.html
psa693,Matti Sarvimäki,Aalto-yliopisto,False,,3458,https://ideas.repec.org/f/psa693.html
pbi181,Faik Bilgili,Erciyes Üniversitesi,False,,3460,https://ideas.repec.org/e/pbi181.html
pgh125,Claudia Ghisetti,,False,,3461,https://ideas.repec.org/e/pgh125.html
pna509,Ryota Nakatani,International Monetary Fund (IMF),False,,3462,https://ideas.repec.org/f/pna509.html
paz127,Muhammad Azam,Abdul Wali Khan University,False,,3465,https://ideas.repec.org/e/paz127.html
psm225,Pawel Smietanka,Bank of England,False,,3466,https://ideas.repec.org/f/psm225.html
pdu385,Joao B. Duarte,Universidade Nova de Lisboa,False,,3467,https://ideas.repec.org/f/pdu385.html
ppa312,Nicola Pavoni,Università Commerciale Luigi Bocconi,False,,3468,https://ideas.repec.org/f/ppa312.html
pro247,Mariacristina Rossi,Università degli Studi di Torino,False,,3469,https://ideas.repec.org/f/pro247.html
pst538,Tobias Heidland,Kiel Institut für Weltwirtschaft - Leibniz Zentrum zur Erforschung globaler ökonomischer Herausforderungen (IfW),False,,3470,https://ideas.repec.org/f/pst538.html
pba1488,Salome Baslandze,Federal Reserve Bank of Atlanta,False,,3471,https://ideas.repec.org/f/pba1488.html
pzh732,Qiankun Zhou,Louisiana State University,False,,3472,https://ideas.repec.org/f/pzh732.html
pzh723,Songfa Zhong,National University of Singapore (NUS),False,,3473,https://ideas.repec.org/f/pzh723.html
pde33,Xavier Debrun,Banque de France,False,,3475,https://ideas.repec.org/e/pde33.html
pka1119,Tim Kaiser,Rheinland-Pfälzische Technische Universität Kaiserslautern-Landau (RPTU),False,,3476,https://ideas.repec.org/f/pka1119.html
pso433,Anna Sokolova,University of Nevada-Reno,False,,3477,https://ideas.repec.org/f/pso433.html
pca1044,Gregory P. Casey,Williams College,False,,3479,https://ideas.repec.org/f/pca1044.html
pro335,Núria Rodríguez-Planas,City University of New York (CUNY),False,,3480,https://ideas.repec.org/f/pro335.html
pte302,Alexander Teytelboym,Oxford University,False,,3481,https://ideas.repec.org/f/pte302.html
pst645,Nebojsa Stojcic,Sveučilište u Dubrovniku,False,,3482,https://ideas.repec.org/f/pst645.html
pca1251,Danilo Cascaldi-Garcia,Federal Reserve Board (Board of Governors of the Federal Reserve System),False,,3483,https://ideas.repec.org/f/pca1251.html
pde323,Ashwini Deshpande,Ashoka University,False,,3484,https://ideas.repec.org/f/pde323.html
pgo77,Laszlo Goerke,Universität Trier,False,,3485,https://ideas.repec.org/e/pgo77.html
pmu527,Samuele Murtinu,Universiteit Utrecht,False,,3487,https://ideas.repec.org/f/pmu527.html
pge81,Johannes Geyer,DIW Berlin (Deutsches Institut für Wirtschaftsforschung),False,,3489,https://ideas.repec.org/e/pge81.html
pho762,Christopher Alexander Hoy,University of Melbourne,False,,3490,https://ideas.repec.org/f/pho762.html
pco221,Valeria Costantini,Sustainability Environmental Economics and Dynamics Studies (SEEDS),False,,3492,https://ideas.repec.org/f/pco221.html
pfi47,Antonio Filippin,Università degli Studi di Milano,False,,3494,https://ideas.repec.org/e/pfi47.html
pke200,Tom Kemeny,University of Toronto,False,,3496,https://ideas.repec.org/e/pke200.html
pco712,Guido Matias Cortes,York University,False,,3497,https://ideas.repec.org/f/pco712.html
ptu183,Arthur Edward Turrell,Bank of England,False,,3499,https://ideas.repec.org/e/ptu183.html
ped10,Florian Ederer,Boston University,False,,3500,https://ideas.repec.org/e/ped10.html
pcu248,Nicola Cucari,"""Sapienza"" Università di Roma",False,,3501,https://ideas.repec.org/f/pcu248.html
pul38,Robert Ulbricht,Boston College,False,,3502,https://ideas.repec.org/e/pul38.html
psa1085,Anna Samarina,de Nederlandsche Bank,False,,3503,https://ideas.repec.org/f/psa1085.html
pve353,Roine Vestman,Stockholms Universitet,False,,3504,https://ideas.repec.org/f/pve353.html
pim44,Alex Imas,Carnegie Mellon University,False,,3505,https://ideas.repec.org/e/pim44.html
psh619,Kevin Shih,University of California-Riverside,False,,3506,https://ideas.repec.org/f/psh619.html
ppa968,Marco Antonio Palma,Texas A&M University,False,,3507,https://ideas.repec.org/f/ppa968.html
pha650,Jamal Ibrahim Haidar,Lebanese American University,False,,3508,https://ideas.repec.org/f/pha650.html
pne69,David Locke Newhouse,World Bank Group,False,,3509,https://ideas.repec.org/e/pne69.html
pap38,Sebastian Aparicio,Universitat Autònoma de Barcelona,False,,3510,https://ideas.repec.org/e/pap38.html
pha802,Sukjin Han,University of Texas-Austin,False,,3511,https://ideas.repec.org/f/pha802.html
pzh152,Shengxing Zhang,,False,,3512,https://ideas.repec.org/e/pzh152.html
pky20,Margaret K. Kyle,Mines Paris,False,,3513,https://ideas.repec.org/e/pky20.html
psa288,Ruhul Salim,Curtin University,False,,3514,https://ideas.repec.org/f/psa288.html
pdo537,Thomas Douenne,Universiteit van Amsterdam,False,,3516,https://ideas.repec.org/f/pdo537.html
ppo758,Nolan Pope,University of Maryland,False,,3518,https://ideas.repec.org/f/ppo758.html
pne40,Nikolay Nenovsky,University of National and World Economy,False,,3519,https://ideas.repec.org/e/pne40.html
pwa531,Johanna Wallenius,Stockholm School of Economics,False,,3520,https://ideas.repec.org/f/pwa531.html
pzh460,Huanhuan Zheng,National University of Singapore (NUS),False,,3521,https://ideas.repec.org/f/pzh460.html
pco838,Lisa D. Cook,Michigan State University,False,,3523,https://ideas.repec.org/f/pco838.html
pre426,Maria P. Recalde,University of Melbourne,False,,3524,https://ideas.repec.org/f/pre426.html
pli1737,Wenhao Li,University of Southern California,False,,3525,https://ideas.repec.org/f/pli1737.html
psi513,John D. Singleton,University of Rochester,False,,3526,https://ideas.repec.org/f/psi513.html
psc603,Dominik Schreyer,Wissenschaftliche Hochschule für Unternehmensführung (WHU),False,,3527,https://ideas.repec.org/f/psc603.html
pli832,Qiao-Mei Liang,Beijing Institute of Technology,False,,3528,https://ideas.repec.org/f/pli832.html
pho590,Brett Hollenbeck,University of California-Los Angeles (UCLA),False,,3530,https://ideas.repec.org/f/pho590.html
psu580,孙永平,,False,,3534,https://ideas.repec.org/f/psu580.html
par468,Noman Arshed,,False,,3536,https://ideas.repec.org/f/par468.html
pyi59,Veli Yilanci,Çanakkale Onsekiz Mart Üniversitesi,False,,3537,https://ideas.repec.org/e/pyi59.html
pfr180,Tommaso Frattini,Università degli Studi di Milano,False,,3538,https://ideas.repec.org/e/pfr180.html
pal264,Carol Alexander,University of Sussex,False,,3540,https://ideas.repec.org/f/pal264.html
psa1175,Raffaele Saggio,University of British Columbia,False,,3542,https://ideas.repec.org/f/psa1175.html
psc404,Daniele Schiliro',Università degli Studi di Messina,False,,3545,https://ideas.repec.org/f/psc404.html
pma769,Angela Maria Maddaloni,European Central Bank,False,,3546,https://ideas.repec.org/f/pma769.html
pni192,Huihua Nie,,False,,3547,https://ideas.repec.org/e/pni192.html
pve494,Emanuel Vespa,University of California-San Diego (UCSD),False,,3548,https://ideas.repec.org/f/pve494.html
per126,Guido Erreygers,,False,,3551,https://ideas.repec.org/e/per126.html
pbr770,Claus Brand,European Central Bank,False,,3552,https://ideas.repec.org/f/pbr770.html
ptu44,Semih Tumen,TED Üniversitesi,False,,3553,https://ideas.repec.org/e/ptu44.html
pla377,Jeff Larrimore,Federal Reserve Board (Board of Governors of the Federal Reserve System),False,,3554,https://ideas.repec.org/f/pla377.html
pka1066,Sujit Ramesh Kapadia,European Central Bank,False,,3555,https://ideas.repec.org/f/pka1066.html
pcr15,Matthieu Crozet,Université Paris-Saclay,False,,3556,https://ideas.repec.org/e/pcr15.html
pgr385,Christina Gravert,Københavns Universitet,False,,3558,https://ideas.repec.org/f/pgr385.html
pdu287,Georg Duernecker,Goethe Universität Frankfurt am Main,False,,3559,https://ideas.repec.org/f/pdu287.html
ppa1421,Debidutta Pattnaik,International Management Institute Bhubaneswar,False,,3560,https://ideas.repec.org/f/ppa1421.html
pho429,Jill Elizabeth Hobbs,University of Saskatchewan,False,,3561,https://ideas.repec.org/f/pho429.html
pda853,Daniel Da Mata,Fundação Getúlio Vargas (FGV),False,,3562,https://ideas.repec.org/f/pda853.html
pca734,Paul E. Carrillo,George Washington University,False,,3563,https://ideas.repec.org/f/pca734.html
pol80,Susan Olivia,University of Waikato,False,,3564,https://ideas.repec.org/e/pol80.html
pse37,Tiago Neves Sequeira,Universidade do Coimbra,False,,3565,https://ideas.repec.org/e/pse37.html
pla939,Jan Hannes Lang,European Central Bank,False,,3566,https://ideas.repec.org/f/pla939.html
pma1413,Emmanuel Mamatzakis,Birkbeck College,False,,3567,https://ideas.repec.org/f/pma1413.html
pcr288,Jamie Lee Cross,University of Melbourne,False,,3569,https://ideas.repec.org/f/pcr288.html
pde970,Marta De Philippis,Banca d'Italia,False,,3570,https://ideas.repec.org/f/pde970.html
pro459,Jens Rommel,Sveriges Lantbruksuniversitet,False,,3571,https://ideas.repec.org/f/pro459.html
pba563,Yusuf Soner Baskaya,University of Glasgow,False,,3572,https://ideas.repec.org/f/pba563.html
png85,Ha Minh Nguyen,International Monetary Fund (IMF),False,,3573,https://ideas.repec.org/e/png85.html
pla39,Jean-François Laslier,Paris School of Economics,False,,3574,https://ideas.repec.org/e/pla39.html
psa1618,Andres Santos,University of California-Los Angeles (UCLA),False,,3575,https://ideas.repec.org/f/psa1618.html
pco436,Arusha Cooray,James Cook University of North Queensland,False,,3577,https://ideas.repec.org/f/pco436.html
pla652,Fabien Labondance,Université de Franche-Comté,False,,3580,https://ideas.repec.org/f/pla652.html
pzh735,Jun Zhuang,,False,,3581,https://ideas.repec.org/f/pzh735.html
phi222,Oliver Hinz,Goethe Universität Frankfurt am Main,False,,3582,https://ideas.repec.org/f/phi222.html
pha905,Teis Hansen,Københavns Universitet,False,,3583,https://ideas.repec.org/f/pha905.html
pqi8,Larry Dongxiao Qiu,University of Hong Kong,False,,3584,https://ideas.repec.org/e/pqi8.html
pmi1093,Andrea Mina,Scuola Superiore Sant'Anna,False,,3586,https://ideas.repec.org/f/pmi1093.html
pap74,Isaac Appiah-Otoo,,False,,3588,https://ideas.repec.org/e/pap74.html
pkl166,Andreas Kleiner,Arizona State University,False,,3589,https://ideas.repec.org/e/pkl166.html
pbo1014,Whelsy Boungou,Groupe Paris Graduate School of Management,False,,3590,https://ideas.repec.org/f/pbo1014.html
pdi384,Eleanor Wiske Dillon,Microsoft Research,False,,3592,https://ideas.repec.org/f/pdi384.html
pst787,Joanna Stavins,Federal Reserve Bank of Boston,False,,3593,https://ideas.repec.org/f/pst787.html
pra419,Mehdi Raissi,International Monetary Fund (IMF),False,,3594,https://ideas.repec.org/f/pra419.html
pri208,Malte H. Rieth,DIW Berlin (Deutsches Institut für Wirtschaftsforschung),False,,3596,https://ideas.repec.org/f/pri208.html
pga182,Stefano Gagliarducci,"Università degli Studi di Roma ""Tor Vergata""",False,,3597,https://ideas.repec.org/e/pga182.html
ptu43,Gilberto Turati,Università Cattolica del Sacro Cuore,False,,3598,https://ideas.repec.org/e/ptu43.html
pah80,Walid M.a. Ahmed,Ain Shams University,False,,3601,https://ideas.repec.org/e/pah80.html
pku279,Ronald Ravinesh Kumar,RMIT University Vietnam,False,,3602,https://ideas.repec.org/f/pku279.html
ptu216,Ana Tur-Prats,University of California-Merced,False,,3603,https://ideas.repec.org/f/ptu216.html
ppa104,Susan Wendy Parker,University of Maryland,False,,3607,https://ideas.repec.org/e/ppa104.html
psc486,Milan Ščasný,Univerzita Karlova v Praze,False,,3608,https://ideas.repec.org/f/psc486.html
pju45,Patricia Justino,University of Sussex,False,,3611,https://ideas.repec.org/e/pju45.html
pba303,Levon Barseghyan,Cornell University,False,,3612,https://ideas.repec.org/f/pba303.html
pco723,Fabrizio Colella,Universitá della Svizzera Italiana (USI),False,,3614,https://ideas.repec.org/f/pco723.html
pgu287,Sumedha Gupta,Indiana University-Purdue University (IUPUI),False,,3615,https://ideas.repec.org/f/pgu287.html
pbr52,Pablo Brañas-Garza,Universidad Loyola Andalucía,False,,3616,https://ideas.repec.org/e/pbr52.html
pha616,Jonathan Daines Hall,University of Alabama-Tuscaloosa,False,,3618,https://ideas.repec.org/f/pha616.html
phe633,Nirosha Wellalage,University of South Australia,False,,3619,https://ideas.repec.org/f/phe633.html
pmo44,Jarle Møen,Norges Handelshøyskole (NHH),False,,3620,https://ideas.repec.org/e/pmo44.html
pma1166,Magali Marx,Banque de France,False,,3621,https://ideas.repec.org/f/pma1166.html
pbi82,Vincent Bignon,Banque de France,False,,3622,https://ideas.repec.org/e/pbi82.html
pru152,Alina Sorgner,John Cabot University,False,,3623,https://ideas.repec.org/e/pru152.html
pzh576,Xiande Zhao,China Europe International Business School,False,,3625,https://ideas.repec.org/f/pzh576.html
pni188,Friederike Niepmann,Federal Reserve Board (Board of Governors of the Federal Reserve System),False,,3626,https://ideas.repec.org/e/pni188.html
pga724,Brahim Gaies,ICN Business School,False,,3627,https://ideas.repec.org/f/pga724.html
pra965,Anna Raute,Queen Mary University of London,False,,3628,https://ideas.repec.org/f/pra965.html
pro540,Lorenzo Rocco,Università degli Studi di Padova,False,,3629,https://ideas.repec.org/f/pro540.html
pgo209,Pedro Gomes,Birkbeck College,False,,3631,https://ideas.repec.org/f/pgo209.html
pka1224,Jakob Kapeller,Universität Duisburg-Essen,False,,3632,https://ideas.repec.org/f/pka1224.html
pcr74,Francesco Crespi,Università degli Studi Roma Tre,False,,3633,https://ideas.repec.org/e/pcr74.html
pso483,Andrej Sokol,,False,,3634,https://ideas.repec.org/f/pso483.html
pwu193,David Johannes Wuepper,Rheinische Friedrich-Wilhelms-Universität Bonn,False,,3636,https://ideas.repec.org/e/pwu193.html
pcu262,Xiaomeng Cui,Jinan University,False,,3637,https://ideas.repec.org/f/pcu262.html
pmo235,Alexander Moradi,Libera Università di Bolzano / Freie Universität Bozen,False,,3639,https://ideas.repec.org/f/pmo235.html
pka1537,Ezra Karger,Federal Reserve Bank of Chicago,False,,3641,https://ideas.repec.org/f/pka1537.html
pfr210,Jaume Freire-González,Barcelona School of Economics (BSE),False,,3642,https://ideas.repec.org/f/pfr210.html
pji81,Yuemei Ji,University College London (UCL),False,,3643,https://ideas.repec.org/e/pji81.html
pki190,Fabian Kindermann,Universität Regensburg,False,,3644,https://ideas.repec.org/e/pki190.html
phe605,Kevin He,University of Pennsylvania,False,,3646,https://ideas.repec.org/f/phe605.html
pda910,Apostolos Davillas,,False,,3647,https://ideas.repec.org/f/pda910.html
pch1126,Jens Henrik Eggert Christensen,Federal Reserve Bank of San Francisco,False,,3650,https://ideas.repec.org/f/pch1126.html
plo634,Xingle Long,Jiangsu University,False,,3651,https://ideas.repec.org/f/plo634.html
pso241,Cesar Sosa-Padilla,University of Notre Dame,False,,3652,https://ideas.repec.org/f/pso241.html
pri261,Alexander William Richter,Federal Reserve Bank of Dallas,False,,3654,https://ideas.repec.org/f/pri261.html
pka880,Daniel Kaffine,University of Colorado,False,,3655,https://ideas.repec.org/f/pka880.html
pla699,Christoph Lakner,World Bank Group,False,,3656,https://ideas.repec.org/f/pla699.html
pra1026,Tazeeb Rajwani,University of Surrey,False,,3658,https://ideas.repec.org/f/pra1026.html
pth206,El I. Thalassinos,,False,,3660,https://ideas.repec.org/f/pth206.html
pne215,Fernanda Nechio,Federal Reserve Bank of San Francisco,False,,3661,https://ideas.repec.org/f/pne215.html
pci59,Francesco Cinnirella,Università degli Studi di Bergamo,False,,3662,https://ideas.repec.org/e/pci59.html
pkr416,Tobias Kruse,Organisation de Coopération et de Développement Économiques (OCDE),False,,3663,https://ideas.repec.org/f/pkr416.html
psh391,Shahbaz Ali Sheikh,University of Western Ontario,False,,3664,https://ideas.repec.org/f/psh391.html
ppo807,Onur Polat,,False,,3665,https://ideas.repec.org/f/ppo807.html
pbu275,Konrad Burchard Burchardi,Stockholms Universitet,False,,3666,https://ideas.repec.org/f/pbu275.html
pma3059,Oleg Mariev,Ural Federal University,False,,3668,https://ideas.repec.org/f/pma3059.html
psa1905,Fernando Saltiel,McGill University,False,,3669,https://ideas.repec.org/f/psa1905.html
pru376,Oliver Ruhnau,Hertie School,False,,3670,https://ideas.repec.org/f/pru376.html
pca273,Jennifer L. Castle,Oxford University,False,,3671,https://ideas.repec.org/f/pca273.html
psh406,Xinzheng Shi,Tsinghua University,False,,3672,https://ideas.repec.org/f/psh406.html
pwe342,Russell Weinstein,Michigan State University,False,,3673,https://ideas.repec.org/f/pwe342.html
pta424,Hiroyuki Taguchi,,False,,3674,https://ideas.repec.org/f/pta424.html
pmo947,Pierre Mouganie,Simon Fraser University,False,,3675,https://ideas.repec.org/f/pmo947.html
pro1176,Maria Fernanda Rosales-Rueda,University of Delaware,False,,3677,https://ideas.repec.org/f/pro1176.html
pza28,Giulio Zanella,Alma Mater Studiorum - Università di Bologna,False,,3678,https://ideas.repec.org/e/pza28.html
pbo217,Tessa Bold,Stockholms Universitet,False,,3679,https://ideas.repec.org/f/pbo217.html
pau47,Marcel Ausloos,,True,,3680,https://ideas.repec.org/e/pau47.html
pbo727,Nicolas Luis Bottan,Cornell University,False,,3681,https://ideas.repec.org/f/pbo727.html
pll36,Simon P. Lloyd,Bank of England,False,,3682,https://ideas.repec.org/e/pll36.html
pmi978,Konrad Mierendorff,,True,,3685,https://ideas.repec.org/f/pmi978.html
pki265,Erik Olson Kimbrough,Chapman University,False,,3687,https://ideas.repec.org/f/pki265.html
pva19,Philippe Van Kerm,Université du Luxembourg,False,,3689,https://ideas.repec.org/e/pva19.html
pcr65,Leopoldo Eduardo Cárdenas-Barrón,,False,,3690,https://ideas.repec.org/e/pcr65.html
pfa394,Roberto N. Fattal Jaef,World Bank Group,False,,3691,https://ideas.repec.org/f/pfa394.html
pya307,Jui-Chung Yang,National Taiwan University,False,,3693,https://ideas.repec.org/f/pya307.html
ped67,Stefan Ederer,Österreichisches Institut für Wirtschaftsforschung (WIFO),False,,3694,https://ideas.repec.org/e/ped67.html
pda315,Olivier Damette,Bureau d'Économie Théorique et Appliquée (BETA),False,,3698,https://ideas.repec.org/f/pda315.html
pkn65,Michael C. Knaus,Eberhard-Karls-Universität Tübingen,False,,3699,https://ideas.repec.org/e/pkn65.html
pwi103,Clevo Wilson,Queensland University of Technology,False,,3700,https://ideas.repec.org/e/pwi103.html
pna79,Makoto Nakajima,Federal Reserve Bank of Philadelphia,False,,3701,https://ideas.repec.org/e/pna79.html
pye2,Aaron Yelowitz,University of Kentucky,False,,3703,https://ideas.repec.org/e/pye2.html
pso242,Francesco Sobbrio,"Università degli Studi di Roma ""Tor Vergata""",False,,3706,https://ideas.repec.org/f/pso242.html
plu116,Jingfeng Lu,National University of Singapore (NUS),False,,3707,https://ideas.repec.org/e/plu116.html
pwa444,Martin Watzinger,Universität Münster,False,,3708,https://ideas.repec.org/f/pwa444.html
