repec_id,homepage,affiliation
psh93,https://scholar.harvard.edu/shleifer/home,Harvard University
pac16,https://economics.mit.edu/people/faculty/daron-acemoglu,Massachusetts Institute of Technology (MIT)
phe22,http://heckman.uchicago.edu,University of Chicago
pst33,http://www.gsb.columbia.edu/faculty/jstiglitz/,Columbia University
pti33,https://www.tse-fr.eu/people/jean-tirole,Toulouse School of Economics (TSE)
pba251,https://scholar.harvard.edu/barro,Harvard University
pli176,https://voices.uchicago.edu/jlist/,National Bureau of Economic Research (NBER)
pph8,http://korora.econ.yale.edu,Yale University
pfa110,,University of Chicago
pca271,,University of California-Berkeley
pca54,https://scholar.harvard.edu/campbell/home,Harvard University
ppe34,http://pesaran.com/,University of Cambridge
pal207,,
pbl2,http://web.mit.edu/blanchar/www/,Paris School of Economics
pag175,,London School of Economics (LSE)
pro164,https://scholar.harvard.edu/rogoff/home,Harvard University
pbe29,https://www.nobelprize.org/prizes/economic-sciences/1992/becker/facts/,
pbl81,http://www.homepages.ucl.ac.uk/~uctp39a/,University College London (UCL)
plu15,,
pfe112,http://www.nber.org/feldstein/,
pen9,http://pages.stern.nyu.edu/~rengle/,New York University (NYU)
pni111,,Tsinghua University
pbe55,,Brookings Institution
pbl55,http://www.stanford.edu/~nbloom/,Stanford University
pgu80,https://sites.google.com/site/ranganguptaeconomics/,University of Pretoria
pei2,,University of California-Berkeley
pge11,http://www.econ.nyu.edu/user/gertlerm/,New York University (NYU)
pfr33,http://www.dartmouth.edu/~kfrench,Dartmouth College
ple61,,Hoover Institution on War Revolution & Peace
pwo39,http://www.econ.msu.edu/faculty/wooldridge/index.php,Michigan State University
pje57,http://ssrn.com/author=9,
pkr63,https://en.wikipedia.org/wiki/Alan_Krueger,
pim4,http://elsa.berkeley.edu/~imbens/,Stanford University
pau9,https://economics.mit.edu/people/faculty/david-h-autor,Massachusetts Institute of Technology (MIT)
psu137,,Harvard University
pva45,https://www.johnvanreenen.com,London School of Economics (LSE)
pvi218,http://www.chicagobooth.edu/fac/robert.vishny,University of Chicago
pas114,,European Xtramile Centre of African Studies (EXCAS)
pka266,http://scholar.harvard.edu/lkatz/,Harvard University
pst226,http://u.osu.edu/stulz.1/,Ohio State University
pan29,http://web.mit.edu/angrist/www/,Massachusetts Institute of Technology (MIT)
pra149,https://faculty.chicagobooth.edu/raghuram-rajan,University of Chicago
pha128,http://stanford.edu/~rehall,Stanford University
pre33,http://www.carmenreinhart.com,Harvard University
phe205,,Harvard University
psa83,https://files.nyu.edu/ts43/public/,Hoover Institution on War Revolution & Peace
pwo3,,Columbia University
pst148,http://ksghome.harvard.edu/~JStock/,Harvard University
pfu49,http://economics.mit.edu/faculty/drewf,Massachusetts Institute of Technology (MIT)
pro60,http://drodrik.scholar.harvard.edu/,Harvard University
pbe46,http://econ.lse.ac.uk/staff/tbesley/,London School of Economics (LSE)
pob13,http://mauriceobstfeld.com,University of California-Berkeley
pkr10,http://www.wws.princeton.edu/~pkrugman/,Princeton University
psa117,http://elsa.berkeley.edu/~saez/index.html,University of California-Berkeley
pne241,http://economics.mit.edu/faculty/wnewey,Massachusetts Institute of Technology (MIT)
pma131,https://scholar.harvard.edu/mankiw/home,Harvard University
pgl9,http://post.economics.harvard.edu/faculty/glaeser/glaeser.html,Harvard University
pdi1,http://www.sas.upenn.edu/~fdiebold,University of Pennsylvania
pwa582,http://www.princeton.edu/~mwatson/,Princeton University
pde30,https://scholar.princeton.edu/deaton/home,University of Southern California
pdu166,http://econ-www.mit.edu/faculty/eduflo/,Massachusetts Institute of Technology (MIT)
par4,http://www.cemfi.es/~arellano/,Centro de Estudios Monetarios y Financieros (CEMFI)
pzi101,http://faculty.chicagobooth.edu/luigi.zingales/index.html,University of Chicago
pan30,http://cowles.econ.yale.edu/faculty/andrews.htm,Yale University
pba1710,https://economics.mit.edu/faculty/banerjee,Massachusetts Institute of Technology (MIT)
ppr10,https://www.minneapolisfed.org/people/edward-c-prescott,
psi12,http://www.princeton.edu/~sims,
pha303,http://home.uchicago.edu/~lhansen,University of Chicago
pfr12,http://scholar.harvard.edu/frankel,National Bureau of Economic Research (NBER)
pch161,http://www.rajchetty.com,Harvard University
pha231,http://econweb.umd.edu/~haltiwan/,University of Maryland
pbo66,http://www.econ.duke.edu/~boller,National Bureau of Economic Research (NBER)
pfr23,http://www.nber.org/~freeman,London School of Economics (LSE)
pbe697,http://faculty.chicagobooth.edu/marianne.bertrand/research,University of Chicago
psh375,https://scholar.google.com/citations?user=N_qbDPAAAAAJhl=en,Universytet Vizja
pta174,http://www.stanford.edu/~johntayl/,Stanford University
pcu13,http://www.princeton.edu/~jcurrie,Princeton University
ppo19,http://econ-www.mit.edu/faculty/poterba/,Massachusetts Institute of Technology (MIT)
pma111,http://faculty.wcas.northwestern.edu/~cfm754/,Northwestern University
pfe29,https://www.econ.uzh.ch/en/people/faculty/fehr.html,Universität Zürich
psh69,http://robertshiller.com,Yale University
ptu5,http://www.econ.washington.edu/people/stephen-turnovsky,University of Washington
pgr55,http://en.wikipedia.org/wiki/Clive_Granger,
pak7,http://emlab.berkeley.edu/users/akerlof/,University of California-Berkeley
pst43,http://post.economics.harvard.edu/faculty/stein/stein.html,National Bureau of Economic Research (NBER)
pka60,http://www.princeton.edu/~kahneman,
pme203,http://mitsloan.mit.edu/faculty/detail.php?in_spseqno=SP000170&co_list=F,Massachusetts Institute of Technology (MIT)
pbo44,http://www.ksg.harvard.edu/gborjas,Harvard University
pmi34,http://www.milgrom.net,Stanford University
pei4,https://faculty.wcas.northwestern.edu/~yona/,Northwestern University
pla273,http://mba.tuck.dartmouth.edu/pages/faculty/rafael.laporta/,Dartmouth College
pth67,http://gsbwww.uchicago.edu/fac/richard.thaler/research/vita.htm,University of Chicago
pha893,http://economics.mit.edu/faculty/hausman,Massachusetts Institute of Technology (MIT)
pro45,http://www.PaulRomer.net,New York University (NYU)
pau33,http://emlab.berkeley.edu/~auerbach/,University of California-Berkeley
pgo175,https://eml.berkeley.edu/~ygorodni/,University of California-Berkeley
pga43,http://www.crei.cat/people/gali/,Barcelona School of Economics (BSE)
pmu103,https://www.chicagobooth.edu/faculty/directory/m/sendhil-mullainathan,University of Chicago
pgo601,http://scholar.harvard.edu/goldin,Harvard University
pch45,,Northwestern University
plo137,http://www.skema.edu/faculty-and-research/professors-cv,SKEMA Business School
ple26,http://www.dklevine.com,Washington University in St. Louis
pdi24,https://economics.mit.edu/people/faculty/peter-diamond,Massachusetts Institute of Technology (MIT)
pki110,https://sites.google.com/site/lkilian2019/home,Federal Reserve Bank of Dallas
pmc90,,
psv2,https://larseosvensson.se/,Stockholm School of Economics
pha60,http://www.econ.ucsd.edu/~jhamilto/,University of California-San Diego (UCSD)
pca44,https://economics.mit.edu/people/faculty/ricardo-caballero,National Bureau of Economic Research (NBER)
pra29,,
pde226,https://www.worldbank.org/en/about/people/a/asli-demirguc-kunt,World Bank Group
pgr23,http://en.wikipedia.org/wiki/Zvi_Griliches,
pgr21,http://www.princeton.edu/~grossman,Centre for Economic Policy Research (CEPR)
pga46,http://www.odedgalor.com,Brown University
pdi79,http://www.princeton.edu/~dixitak/home/wrkps.html,Princeton University
pha102,https://people.duke.edu/~charvey,Duke University
pne16,,University of California-Irvine
psh692,,Bank of Korea
pfi391,,
pfr6,http://www.bsfrey.ch/,Universität Basel
pme260,https://scholar.harvard.edu/melitz/home,Harvard University
pla174,https://sites.google.com/site/laevenl/home,European Central Bank
pac33,http://pages.stern.nyu.edu/~sternfin/vacharya/public_html/~vacharya.htm,New York University (NYU)
pca694,http://www.columbia.edu/~gc2286/,Columbia University
pto90,https://www.ae-info.org/ae/Member/Tol_Richard,CESifo
pro40,http://web.stanford.edu/~alroth/,Stanford University
pro179,http://scholar.harris.uchicago.edu/jamesrobinson/home,University of Chicago
pta37,http://didattica.unibocconi.eu/myigier/index.php?IdUte=48805,Università Commerciale Luigi Bocconi
pbe266,http://www.thorstenbeck.com,European University Institute
ple60,http://www.hbs.edu/faculty/jlerner,Harvard University
pfe116,http://www.econ.ucdavis.edu/faculty/fzfeens/,University of California-Davis
pwh17,https://economics.ucsd.edu/faculty-and-research/in-memoriam/halbert/index.html,
pre64,https://stephenredding.github.io/,Stanford University
pwe175,,
pda15,https://stevenjdavis.com,National Bureau of Economic Research (NBER)
pbl41,,Princeton University
pgu58,https://www.eief.it/eief/index.php/people/faculty-az?id=172,Istituto Einaudi per l'Economia e la Finanza (EIEF)
ppa20,https://scholar.harvard.edu/pakes,Harvard University
ppe32,https://blogs.bu.edu/perron/,Boston University
pha80,https://scholar.harvard.edu/gordonhanson,Harvard University
pro406,https://eml.berkeley.edu/~dromer/,University of California-Berkeley
pwe16,http://www.ssc.wisc.edu/~kwest/index.html,University of Wisconsin-Madison
pla164,https://scholar.harvard.edu/laibson/home,Harvard University
pjo24,https://web.stanford.edu/~chadj,Stanford University
pga174,https://scholar.harvard.edu/xgabaix/publications,Harvard University
pco57,https://www.johnhcochrane.com,Hoover Institution on War Revolution & Peace
pla127,http://en.wikipedia.org/wiki/Jean-Jacques_Laffont,
psa57,https://www.nobelprize.org/prizes/economic-sciences/1970/samuelson/facts/,
pha222,http://post.economics.harvard.edu/faculty/hart/hart.html,Harvard University
pkr20,,University of Chicago
pja7,http://www.stanford.edu/~jacksonm,Stanford University
pjo20,https://sites.google.com/a/nyu.edu/boyan-jovanovic-home-page/,New York University (NYU)
pwe20,http://www.nber.org/~wei,Fudan University
pdu341,http://darrellduffie.com,Stanford University
pro53,,Princeton University
pno115,https://williamnordhaus.com/,Yale University
pgi173,,Universidad de Navarra
pro71,https://www.andrewkrose.net/,University of California-Berkeley
psi146,http://www.hanswernersinn.de,CESifo
pha54,http://emlab.berkeley.edu/users/bhhall/index.html,University of California-Berkeley
pmi37,http://www.gsb.columbia.edu/faculty/fmishkin/,Columbia University
psl10,http://www.otpr.org,University of Michigan
pro558,https://economics.yale.edu/people/faculty/mark-rosenzweig,Yale University
puh1,https://voices.uchicago.edu/haralduhlig/,University of Chicago
pke18,https://scholar.google.co.uk/citations?user=lIV7LhIAAAAJ&hl=en,UNSW Sydney
pai8,http://www.nber.org/people/joshua_aizenman,University of Southern California
pho488,http://economics.mit.edu/faculty/bengt,Massachusetts Institute of Technology (MIT)
pmi748,https://en.wikipedia.org/wiki/Jacob_Mincer,
pma110,http://personal.lse.ac.uk/machin/,London School of Economics (LSE)
pfa207,,
pth14,http://server.core.ucl.ac.be/staff/thisse.html,Université Catholique de Louvain
pbe81,http://www.stanford.edu/~bernheim/,Stanford University
ppi12,http://econ.lse.ac.uk/staff/cap/,London School of Economics (LSE)
pla64,https://www.hoover.org/profiles/edward-paul-lazear,
pjo44,http://BaselineScenario.com,National Bureau of Economic Research (NBER)
pba53,http://www.columbia.edu/~jb3064/,Columbia University
pdu62,http://www.christiandustmann.com/,University College London (UCL)
pha78,https://liberalarts.utexas.edu/economics/faculty/hamermes,Michigan State University
pha97,http://hanushek.stanford.edu,National Bureau of Economic Research (NBER)
pmo392,http://emlab.berkeley.edu/~moretti/,University of California-Berkeley
pki21,http://people.bu.edu/rking,Boston University
pat36,,
pvi149,http://blog.iese.edu/xvives,Universidad de Navarra
pab7,http://economics.mit.edu/faculty/abadie,Massachusetts Institute of Technology (MIT)
pme144,https://sites.google.com/site/costasmeghir/home,Yale University
pbe52,https://www0.gsb.columbia.edu/faculty/gbekaert/,Columbia University
pma498,http://scholar.harvard.edu/maskin,Harvard University
pro58,http://en.wikipedia.org/wiki/Sherwin_Rosen,
pat6,https://people.stanford.edu/athey/,Stanford University
pni25,,Oxford University
pjo35,https://www.econ.ku.dk/ansatte/emeriti/?pure=da/persons/34220,Københavns Universitet
pja49,http://www.motu.org.nz/about-us/people/adam-jaffe/,Motu: Economic & Public Policy Research
pmc29,https://sites.google.com/site/decrgdmckenzie/home,World Bank Group
pch864,http://victorchernozhukov.com,Massachusetts Institute of Technology (MIT)
pke4,http://www.econ.umn.edu/~kehoe/,Stanford University
pha532,,Fordham University
ple551,https://fof.cityu.edu.mo/en/list-13/800,City University of Macao
phi20,https://sites.uci.edu/dhirshle/,University of Southern California
psc166,http://www.econ.jku.at/schneider,Johannes-Kepler-Universität Linz
psh557,,University of York
pas9,,Princeton University
pta46,https://amtaylor.ucdavis.edu,Centre for Economic Policy Research (CEPR)
pqi76,https://scholar.google.com/citations?user=rthhT3QAAAAJhl=zh-CNauthuser=1,Xiamen University
ppi17,http://piketty.pse.ens.fr/,Paris School of Economics
pso18,,
pli253,,University of Cambridge
pti107,https://sites.google.com/site/aviralkumartiwari/home?authuser=0,Indian Institute of Management Bodh Gaya (IIMBG)
pan31,http://econ.ucsd.edu/~jandreon/,University of California-San Diego (UCSD)
pho22,http://www.econ.brown.edu/fac/Peter_Howitt/,Brown University
pgo50,https://gordon.economics.northwestern.edu,Centre for Economic Policy Research (CEPR)
pre4,https://www.kellogg.northwestern.edu/faculty/rebelo/htm/research.html,Centre for Economic Policy Research (CEPR)
pcl16,http://www.bis.org/author/stijn_claessens.htm,Yale University
pwe24,,Brown University
pon1,https://sites.google.com/site/stevenongena/,Universität Zürich
ped3,http://www.anderson.ucla.edu/faculty/sebastian.edwards/,University of California-Los Angeles (UCLA)
pmi499,http://elsa.berkeley.edu/~emiguel/,University of California-Berkeley
pbe359,,University of South Carolina
png6,http://www.columbia.edu/~sn2294,Columbia University
pze7,https://www.hks.harvard.edu/faculty/richard-zeckhauser,National Bureau of Economic Research (NBER)
pmo9,https://economics.mit.edu/faculty/semorris,Massachusetts Institute of Technology (MIT)
pba92,,
pbe27,https://scholar.princeton.edu/rbenabou,Princeton University
pal266,http://www.econ.yale.edu/faculty1/altonji.htm,Yale University
ple92,https://economics.ubc.ca/profile/thomas-lemieux/,University of British Columbia
pbr31,http://scholar.princeton.edu/markus,Princeton University
pgr38,http://www.michaelgreenstone.com/,University of Chicago
ple59,https://voices.uchicago.edu/levitt/,University of Chicago
ppe210,https://giovanniperi.ucdavis.edu/,University of California-Davis
pgr108,http://www.qfsfunds.com,Quantitative Financial Strategies
phe30,https://www.lse.ac.uk/geography-and-environment/people/academic-staff/vernon-henderson,London School of Economics (LSE)
pgn18,https://rady.ucsd.edu/people/faculty/gneezy/,University of California-San Diego (UCSD)
par7,,
pwr2,,University of Wisconsin-Madison
pch205,http://www.econ.ucsb.edu/~charness,
pdo31,http://en.wikipedia.org/wiki/Rudi_Dornbusch,
pfa48,https://www.econ.uni-bonn.de/iame/en/team/falk/armin,Rheinische Friedrich-Wilhelms-Universität Bonn
pro30,,
pea1,http://williameasterly.org/,National Bureau of Economic Research (NBER)
pro131,http://personal.lse.ac.uk/RODRIGU1,London School of Economics (LSE)
pdu117,,University of Chicago
pot15,,Università Commerciale Luigi Bocconi
pwo29,https://sites.google.com/view/woessmann-e,ifo Institut - Leibniz-Institut für Wirtschaftsforschung an der Universität München e.V.
pma443,https://sites.google.com/site/thierrymayer/,Sciences Po
pve7,https://tonyvenables.weebly.com/,Oxford University
pmc4,,
pst282,http://finance.wharton.upenn.edu/~stambaug/,National Bureau of Economic Research (NBER)
pmo48,https://econ.jhu.edu/directory/robert-a-moffitt/,Johns Hopkins University
pwr24,,
pbo243,,Rutgers University-New Brunswick
pkl2,http://www.klenow.com,Stanford University
pzo17,,Central University of Finance and Economics (CUFE)
pha79,http://www.ssc.wisc.edu/~bhansen/,University of Wisconsin-Madison
pvi69,,Vanderbilt University
pbe285,,University of Pennsylvania
pro1047,https://news.mit.edu/2017/professor-stephen-ross-inventor-of-arbitrage-pricing-theory-dies-0306,
pra660,http://emlab.berkeley.edu/~rabin/,University of California-Berkeley
pea5,,
pva185,https://www.rickvanderploeg.wordpress.com,Oxford University
peg11,https://www.bi.id.ethz.ch/personensuche/detail.do?pid=28A86&lang=DE,Centre for Economic Policy Research (CEPR)
ppe28,http://www.iies.su.se/~perssont/,Centre for Economic Policy Research (CEPR)
pjo23,,
pau27,http://www.indiana.edu/~idsspea/audretsch.html,Indiana University
pra388,http://www.tau.ac.il/~razin,Tel Aviv University
ppi130,http://web.mit.edu/rpindyck/www,Massachusetts Institute of Technology (MIT)
pko44,http://www.kotlikoff.net/,Boston University
pco205,https://sites.google.com/site/ocoibion,University of Texas-Austin
plu347,https://www.annamarialusardi.com/,Stanford University
pos21,http://www.andrewoswald.com,University of Warwick
pra154,http://econ.ucsd.edu/~vramey,University of California-San Diego (UCSD)
ppe73,https://sites.google.com/ulg.ac.be/pierre-pestieau,Université de Liège
psm33,https://sites.google.com/view/frank-smets/home,Universiteit Gent
pep2,,McGill University
pzi13,http://www.klausfzimmermann.de/,Maastricht University
ple74,,Ohio State University
pat7,,University College London (UCL)
pve75,http://www.pse.ens.fr/senior/verdier,Paris School of Economics
pze5,https://sites.google.com/site/yvesbzenou/,Monash University
phe33,https://www.nuffield.ox.ac.uk/people/profiles/david-hendry/,Rimini Centre for Economic Analysis (RCEA)
pgr20,http://web.mit.edu/gruberj/www,Massachusetts Institute of Technology (MIT)
pgr12,http://www.jeremygreenwood.net,University of Pennsylvania
pdi80,http://chicagobooth.edu/fac/douglas.diamond,University of Chicago
pmi73,https://bepp.wharton.upenn.edu/profile/mitchelo/,National Bureau of Economic Research (NBER)
pwi169,,
pnu17,https://nathannunn.arts.ubc.ca,"Canadian Institute for Advanced Research, Boundaries Membership and Belonging Program"
pba380,https://sites.google.com/site/mohsenbahmanioskooee,University of Wisconsin
pro57,,Toulouse School of Economics (TSE)
pra6,https://debrajray.com,New York University (NYU)
ppe174,http://www.lhpedersen.com/,Copenhagen Business School
pme30,http://www.sas.upenn.edu/~egme/index.html,University of Pennsylvania
pti51,,University of Texas-Austin
pke127,http://www.people.hbs.edu/wkerr/,Harvard University
psh275,http://faculty.haas.berkeley.edu/shapiro/,University of California-Berkeley
pro120,http://davidroodman.com,Open Philanthropy
pap95,,
pmc7,https://healthpolicy.usc.edu/author/daniel-mcfadden-ph-d/,University of Southern California
pfr10,https://www.nobelprize.org/prizes/economic-sciences/1976/friedman/facts/,
pma218,http://econ.lse.ac.uk/staff/amanning/index_own.html,London School of Economics (LSE)
ppa56,https://csef.it/people/marco-pagano/,Centro Studi di Economia e Finanza (CSEF)
pbe478,https://andrewbbernard.com,Dartmouth College
pka56,http://www.deankarlan.com,Northwestern University
pne56,http://www.columbia.edu/cu/sipa/RESEARCH/bios/rrn2.html,
psm12,https://www.chapman.edu/about-vernon-smith,Chapman University
pka41,http://mek1966.googlepages.com/home,University of Southern California
pmi415,http://scholar.princeton.edu/atif/home,Princeton University
psa60,http://gillessaintpaul.wordpress.com/,Paris School of Economics
psc26,http://www.princeton.edu/~joses,Columbia University
pur9,http://www.columbia.edu/~mu2166,National Bureau of Economic Research (NBER)
psy13,,University of Chicago
pfi115,https://www.wiwi.uni-konstanz.de/fischbacher/,Universität Konstanz
pde190,,Rijksuniversiteit Groningen
pbe53,http://www.econ.nyu.edu/user/benhabib/,New York University (NYU)
pba9,https://pbaltagi.wixsite.com/badibaltagi,Syracuse University
pth44,,Washington University in St. Louis
ppi29,http://econ.lse.ac.uk/staff/spischke,London School of Economics (LSE)
pde710,http://elsa.berkeley.edu/~sdellavi/,University of California-Berkeley
pmu108,http://gsbwww.uchicago.edu/fac/kevin.murphy/research/,University of Chicago
ple43,https://sites.google.com/bc.edu/arthur-lewbel,Boston College
pba124,https://en.wikipedia.org/wiki/Richard_Baldwin_(economist),International Institute for Management (IMD)
pto99,http://www.robertmtownsend.net,University of Chicago
pan2,https://sites.bc.edu/james-anderson/,Boston College
pel10,http://econ-www.mit.edu/faculty/index.htm?prof_id=gellison,Massachusetts Institute of Technology (MIT)
pdo10,http://www.lem.sssup.it/,Scuola Superiore Sant'Anna
pfu13,,ifo Institut - Leibniz-Institut für Wirtschaftsforschung an der Universität München e.V.
pru8,http://arielrubinstein.tau.ac.il,Tel Aviv University
pal67,http://www.imperial.ac.uk/people/f.allen,Imperial College
pca47,http://www.hss.caltech.edu/~camerer/camerer.html,California Institute of Technology
pwh8,http://economics.uwo.ca/people/faculty/whalley.html,University of Western Ontario
pgi28,http://people.bu.edu/sgilchri,New York University (NYU)
pen14,,University of Wisconsin-Madison
pto286,http://athena.sas.upenn.edu/~petra,University of Pennsylvania
pla15,http://www.philiplane.org,Trinity College Dublin
pka35,https://faculty.chicagobooth.edu/anil-kashyap,University of Chicago
ppa276,https://www.chicagobooth.edu/faculty/directory/p/lubos-pastor,University of Chicago
pfa2,http://www.stanford.edu/~fafchamp/,National Bureau of Economic Research (NBER)
pzi8,http://are.Berkeley.EDU/~zilber/,University of California-Berkeley
pba458,http://barrett.dyson.cornell.edu/,Cornell University
pdj4,https://www.fmg.ac.uk/people/simeon-djankov,London School of Economics (LSE)
pka426,https://www.chicagobooth.edu/faculty/directory/k/steven-neil-kaplan,University of Chicago
pbo9,http://www.ifs.org.uk/people.php?person_id=19,Oxford University
psh155,http://cowles.econ.yale.edu/faculty/shubik.htm,
pma562,http://www.managi-lab.com/english.html,Kyushu University
pkr80,http://econ.worldbank.org/staff/akraay,World Bank Group
psp7,http://www.stern.nyu.edu/faculty/bio/a-michael-spence,New York University (NYU)
pre73,https://www.r2rsquared.com,Centre for Macroeconomics (CFM)
pde32,https://sites.google.com/site/michaelbdevereux/,University of British Columbia
pma63,http://www.econ.queensu.ca/faculty/mackinnon,Queen's University
pch377,http://www.columbia.edu/~pc2167,Columbia University
pit3,,
psm77,https://research.monash.edu/en/persons/russell-smyth,Monash University
pka712,https://www.kanbur.dyson.cornell.edu,Cornell University
pbr142,http://www.ssc.wisc.edu/~wbrock/,University of Wisconsin-Madison
pru10,http://glennrudebusch.com/,Brookings Institution
pmo570,https://sites.google.com/site/magnemogstad/,University of Chicago
pkr102,http://www.princeton.edu/~pkrusell/,Stockholms Universitet
pge95,https://mypage.unibocconi.eu/nicolagennaioli/index.php?IdUte=154156idr=18104lingua=eng,Università Commerciale Luigi Bocconi
plo51,http://www.hss.cmu.edu/departments/sds/faculty/loewenstein.html,Carnegie Mellon University
pts139,,
plu85,,Trinity College Dublin
pvi7,http://www.econ.nyu.edu/user/violante,New York University (NYU)
pcu64,http://www.economics.harvard.edu/faculty/dcutler/dcutler.html,Harvard University
pwe95,http://www.ivo-welch.info,University of California-Los Angeles (UCLA)
ppa222,,University of Sydney
pca45,http://econ.jhu.edu/people/ccarroll,Johns Hopkins University
pbu137,http://willembuiter.com/,
pgo1,https://economics.yale.edu/people/faculty/pinelopi-goldberg,National Bureau of Economic Research (NBER)
phe517,,University of Sydney
pdi117,https://economics.ubc.ca/faculty-and-staff/w-erwin-diewert/,University of British Columbia
pga41,https://wp.nyu.edu/douglas_gale/,New York University (NYU)
pan22,http://www.adelaide.edu.au/directory/kym.anderson,Australian National University
psa510,http://www.columbia.edu/~xs23,Columbia University
pma528,https://www.colorado.edu/faculty/markusen,University of Colorado
pcl8,http://www.parisschoolofeconomics.com/clark-andrew/,Paris School of Economics
pme353,,
pju19,http://bucky.stanford.edu,Hoover Institution on War Revolution & Peace
pwr25,http://econ.jhu.edu/People/Wright/index.html,Johns Hopkins University
pja11,https://csef.it/people/tullio-jappelli/,Centro Studi di Economia e Finanza (CSEF)
phe156,https://blogs.ubc.ca/khead/,University of British Columbia
pfi257,http://sites.bu.edu/fisman/,Boston University
pkr393,,Stanford University
phu87,https://erikhurst.com,University of Chicago
plo171,http://web.mit.edu/alo/www/,Massachusetts Institute of Technology (MIT)
pga42,https://www.joshuagans.com/,University of Toronto
pcr111,,Victoria University of Wellington
pro72,http://www.rossihansberg.com,Centre for Economic Policy Research (CEPR)
psh9,https://economics.uchicago.edu/directory/robert-shimer,National Bureau of Economic Research (NBER)
pco185,http://sites.google.com/site/giancarlocorsetti/,European University Institute
pst24,https://www.nobelprize.org/prizes/economic-sciences/1982/stigler/facts/,
pko8,https://sites.google.com/site/garykoop/,University of Strathclyde
pol170,https://web.mit.edu/bolken,Massachusetts Institute of Technology (MIT)
pre276,https://campuspress.yale.edu/pascualrestrepo/,Yale University
pba1,http://ideas.repec.org/e/pba1.html,Boston College
pgo458,http://faculty.som.yale.edu/garygorton/,Yale University
psc224,,Michigan State University
psh144,http://www.umich.edu/~shapiro,University of Michigan
pkl131,http://emlab.berkeley.edu/~pkline/,University of California-Berkeley
pzi3,https://campuspress.yale.edu/zilibotti/,Yale University
pco34,,
pdo78,http://www.ddorn.net,Universität Zürich
phu97,http://www0.gsb.columbia.edu/faculty/ghubbard/,Columbia University
pdu48,https://real-estate.wharton.upenn.edu/profile/21470/,University of Pennsylvania
pta36,https://olin.wustl.edu/EN-US/about-olin/Pages/dean.aspx,Washington University in St. Louis
pky2,,University of California-Santa Barbara (UCSB)
pgo327,,National Bureau of Economic Research (NBER)
psa155,http://www.kellogg.northwestern.edu/faculty/sapienza/htm/research.htm,Northwestern University
pwe127,http://fisher.osu.edu/fin/faculty/weisbach/,Ohio State University
pga68,https://www.bis.org/author/leonardo_gambacorta.htm,Bank for International Settlements (BIS)
pan210,,National Bureau of Economic Research (NBER)
pwi45,,Harvard University
pmo42,http://en.wikipedia.org/wiki/Dale_T._Mortensen,
pko74,http://kortum.elisites.yale.edu,Yale University
pto4,http://cowles.econ.yale.edu/faculty/tobin.htm,
pgr107,http://mgrossman.ws.gc.cuny.edu/,City University of New York (CUNY)
pba605,http://www.econ.jhu.edu,Johns Hopkins University
pwa71,,
pbo544,http://www0.gsb.columbia.edu/faculty/pbolton/,Columbia University
pca1139,,Brunel University London
pbr221,,Oxford University
pal1182,https://www.stern.nyu.edu/faculty/bio/edward-altman,New York University (NYU)
psa3,https://sites.google.com/view/kjellsalvanes/home,Norges Handelshøyskole (NHH)
psh64,https://www.uwyo.edu/economics/faculty-staff/jason-shogren/index.html,University of Wyoming
pre8,http://www.helenerey.eu/,London Business School (LBS)
pca565,http://www.econ.ucdavis.edu/faculty/cameron/,University of California-Davis
pgo28,https://sites.google.com/view/pgourinchas,International Monetary Fund (IMF)
pwi23,https://www.newyorkfed.org/aboutthefed/orgchart/williams,Federal Reserve Bank of New York
pgr81,http://www.stern.nyu.edu/~wgreene,New York University (NYU)
pkl5,http://www.paulklemperer.org,Oxford University
pmo51,http://people.bu.edu/dilipm/,Boston University
ppa1164,,California Institute of Technology
pna176,http://voices.uchicago.edu/stefannagel/,University of Chicago
pva368,https://www0.gsb.columbia.edu/faculty/svannieuwerburgh/,Centre for Economic Policy Research (CEPR)
ppe42,https://www.kellogg.northwestern.edu/faculty/directory/petersen_mitchell_a.aspx,Northwestern University
psc313,,Massachusetts Institute of Technology (MIT)
pha425,http://new.uno.edu/profile/faculty/mohammad_hassan,University of New Orleans
pbo225,,Paris School of Economics
pwi200,http://www2.haas.berkeley.edu/Faculty/williamson_oliver.aspx,
pca108,https://scholar.princeton.edu/accase/home,Princeton University
ppl81,http://www.hss.caltech.edu/content/charles-r-plott,California Institute of Technology
pan181,http://post.economics.harvard.edu/faculty/antras/antras.html,Harvard University
pfr34,http://www.fratzscher.eu,Centre for Economic Policy Research (CEPR)
pbo134,http://econ.geo.uu.nl/boschma/boschma.html,Universiteit Utrecht
psc44,https://www.columbia.edu/~ss3501,Columbia University
ptr1,http://elsa.berkeley.edu/~train,University of California-Berkeley
pmy13,http://home.uchicago.edu/~rmyerson/,University of Chicago
pbl22,https://sites.dartmouth.edu/blanchflower/,Dartmouth College
pac17,https://schar.gmu.edu/profiles/zacs,London School of Economics (LSE)
psw9,https://www.ifpri.org/profile/johan-swinnen,International Food Policy Research Institute (IFPRI)
pbr241,http://www.socsci.uci.edu/~jkbrueck/,University of California-Irvine
psi735,https://people.stanford.edu/kenneths/,Stanford University
pko25,http://sites.google.com/site/kocherlakota009,National Bureau of Economic Research (NBER)
pbe18,http://www.steventberry.com,Yale University
psc19,http://sites.sas.upenn.edu/schorf,University of Pennsylvania
pad61,http://www.tobiasadrian.com,International Monetary Fund (IMF)
pse308,https://people.stanford.edu/aseru/,Stanford University
pan143,http://econ-www.mit.edu/faculty/index.htm?prof_id=angelet,Northwestern University
pwe34,http://blogs.cuit.columbia.edu/dew35/wp-admin/my-sites.php,Columbia University
pkr138,,Stanford University
pma1397,http://www.econ.berkeley.edu/~ulrike/research.html,University of California-Berkeley
pgr70,https://www.ifs.org.uk/people/profile/37,University of Manchester
pch40,,University of Minnesota
psc177,http://www.people.hbs.edu/dscharfstein/,Harvard University
por35,https://mitsloan.mit.edu/faculty/directory/athanasios-orphanides,Massachusetts Institute of Technology (MIT)
pbo726,,Bank for International Settlements (BIS)
pwh6,https://toniwhited.com,National Bureau of Economic Research (NBER)
psc61,,
pak203,http://www.ufukakcigit.com,University of Chicago
pne11,,
psm3,,
pgo91,http://www.tse-fr.eu/people/christian-gollier?lang=en,Toulouse School of Economics (TSE)
pmi28,https://www.brookings.edu/author/gian-maria-milesi-ferretti/,Brookings Institution
pva5,http://www.sims.berkeley.edu/~hal,University of California-Berkeley
pgo301,http://people.hbs.edu/pgompers,Harvard University
pod33,,University of South Africa (UNISA)
pca50,https://sites.google.com/view/fabio-canova-homepage/home,Centre for Economic Policy Research (CEPR)
pwo79,http://dns2.asia.edu.tw/~wong/,Asia University
pma114,http://www.igier.unibocconi.it/marcellino/,Università Commerciale Luigi Bocconi
psh70,https://shapiro.scholars.harvard.edu/,Harvard University
pbe98,http://www.sobecker.de,University of Warwick
psa708,https://personal.utdallas.edu/~tms063000/website/,University of Texas-Dallas
ptr35,https://www.manueltr.com/,Tel Aviv University
ppo36,http://www.olin.wustl.edu/faculty/pollak/,Washington University in St. Louis
pmo146,http://www.bus.ualberta.ca/rmorck/,University of Alberta
pba1389,http://www.bradmbarber.com/,University of California-Davis
pch129,http://www.ssc.wisc.edu/~mchinn,University of Wisconsin-Madison
psc116,http://billschwert.com,University of Rochester
psu6,https://www.coll.mpg.de/matthias-sutter,Universität zu Köln
pfe14,https://www.sas.upenn.edu/~jesusfv/,University of Pennsylvania
pwe141,https://economics.mit.edu/people/faculty/ivan-werning,Massachusetts Institute of Technology (MIT)
pat52,https://sites.google.com/site/andyatkeson/,University of California-Los Angeles (UCLA)
psa934,http://dartmouth.edu/~bsacerdo,Dartmouth College
pbo406,,University of Michigan
pmi179,http://www.econ.ucdavis.edu/faculty/dlmiller/,Cornell University
pha322,https://web.stanford.edu/~jhain/,
pmo265,,University of Edinburgh
pro507,,University of California-Los Angeles (UCLA)
pha552,http://www.ricardohausmann.com,Harvard University
pab10,http://finance.wharton.upenn.edu/~abel,University of Pennsylvania
pge9,http://www.gersbach.de/,Eidgenössische Technische Hochschule Zürich (ETHZ)
ple440,http://www.anderson.ucla.edu/faculty/edward.leamer/,
pbl92,http://www.sandraeblack.com/,Columbia University
pbe258,http://campuspress.yale.edu/dirkbergemann/,Yale University
pku48,http://bingweb.binghamton.edu/~kkar,State University of New York-Binghamton (SUNY)
pla111,https://profiles.warwick.ac.uk/ecskah-victor-lavy,University of Warwick
pst78,,Sciences Po
pfi264,http://economics.mit.edu/faculty/afink,Massachusetts Institute of Technology (MIT)
pha248,http://cear.gsu.edu,Georgia State University
pro554,,
pri8,https://www.sas.upenn.edu/~vr0j/,University of Pennsylvania
pro707,,Stanford University
plo190,https://www.worldbank.org/en/about/people/norman-loayza,World Bank Group
pme99,http://mba.yale.edu/faculty/profiles/metrick.shtml,Yale University
pna121,https://eml.berkeley.edu/~enakamura/,University of California-Berkeley
pal49,https://liberalarts.tulane.edu/departments/economics/people/james-alm,Tulane University
pne247,,University of Washington
pam182,http://www.stern.nyu.edu/faculty/bio/yakov-amihud,New York University (NYU)
pev23,,Federal Reserve Bank of Chicago
pro323,https://sites.google.com/site/jmarcrobin/,Sciences Po
pca333,http://www.crest.fr/pageperso/cahuc/cahuc.htm,Sciences Po
pfr226,,Erasmus Universiteit Rotterdam
pka63,https://www.ilr.cornell.edu/people/lawrence-kahn,CESifo
pru7,https://sites.google.com/site/christopherjruhm/home,University of Virginia
pti8,http://rady.ucsd.edu/faculty/directory/timmermann/,University of California-San Diego (UCSD)
pjo46,https://sites.google.com/site/oscarjorda/,Federal Reserve Bank of San Francisco
pke16,http://www.econ.umn.edu/~tkehoe,National Bureau of Economic Research (NBER)
pce99,,University of Tennessee-Knoxville
pqu8,http://johnquiggin.substack.com,University of Queensland
pab175,https://blogs.cornell.edu/abowd/,Luxembourg Institute of Socio-Economic Research (LISER)
pjo110,http://web.mit.edu/pjoskow/www/,Massachusetts Institute of Technology (MIT)
pri69,http://bear.cba.ufl.edu/ritter,University of Florida
pva387,http://www.virginia.edu/economics/vanwincoop.htm,University of Virginia
pst85,http://www.dartmouth.edu/~rstaiger/,Dartmouth College
pkr7,http://web.sas.upenn.edu/dkrueger/,University of Pennsylvania
pco66,http://www.arts.cornell.edu/econ/sc163/,National Bureau of Economic Research (NBER)
ple143,http://www.dartmouth.edu/~alevin,Dartmouth College
pba409,http://www.stanford.edu/~kbagwell/,Stanford University
pcu20,,
psu51,https://www.popecon.econ.uni-muenchen.de/personen/professoren/sunde/index.html,Ludwig-Maximilians-Universität München
pst393,,Uniwersytet Warszawski
pma143,https://faculty.wcas.northwestern.edu/~kmatsu/,Northwestern University
pro55,http://www.princeton.edu/~hsr/,Princeton University
pph81,http://pages.stern.nyu.edu/~tphilipp/,New York University (NYU)
psc136,http://www.et.vwl.uni-muenchen.de/index.html,Ludwig-Maximilians-Universität München
ple164,http://econ.korea.ac.kr/~jwlee/,Australian National University
pfr60,https://scholar.harvard.edu/kenfroot,Harvard University
pta61,http://www.econ.duke.edu/~get,Duke University
pge43,https://people.stanford.edu/gentzkow/,Stanford University
phe657,https://www.zhiguohe.net,Stanford University
pva54,https://sites.google.com/site/homepagejanvanours/,Erasmus Universiteit Rotterdam
ppa21,https://mitmgmtfaculty.mit.edu/japarker/,Massachusetts Institute of Technology (MIT)
pma1390,http://www.david-martimort-eco.com/,Toulouse School of Economics (TSE)
pbl79,,Harvard University
pkr29,https://sites.google.com/view/kramarzfrancis/home,Centre for Economic Policy Research (CEPR)
ppa92,https://www.upanizza.com/,The Graduate Institute of International and Development Studies
ple236,http://haas.berkeley.edu/faculty/leland.html,University of California-Berkeley
pho115,http://www.columbia.edu/~rh169,Columbia University
pgo144,,University of Toronto
pba284,http://eml.berkeley.edu/~webfac/bardhan/bardhan.htm,University of California-Berkeley
pfl78,http://sites.google.com/site/marcfleurbaey/Home,Paris School of Economics
pst466,https://sites.dartmouth.edu/dstaiger/,Dartmouth College
pwu8,http://www.stern.nyu.edu/~jwurgler,New York University (NYU)
pri12,http://web.mit.edu/rigobon/www/,Massachusetts Institute of Technology (MIT)
pwi97,https://gsb-faculty.stanford.edu/robert-wilson/,Stanford University
plo153,,
pmc46,http://www.econ.umn.edu/~erm,University of Minnesota
pde423,,Université Libre de Bruxelles
pph34,http://www.columbia.edu/~esp2/,
pki97,http://www.umich.edu/~mkimball/,University of Colorado
pga108,https://www.nottingham.ac.uk/Economics/people/simon.gaechter,University of Nottingham
psm143,https://webapp4.asu.edu/directory/person/947584,Arizona State University
psa1158,https://psantanna.com,Emory University
psu169,,University of East Anglia
pme273,http://harrisschool.uchicago.edu/faculty/web-pages/bruce-meyer.asp,University of Chicago
pgo256,,Federal Reserve Bank of New York
psh10,http://www.people.fas.harvard.edu/~shephard/,Harvard University
pko51,https://www.tax.mpg.de/en/public_economics/public_economics_people/prof_dr_kai_a_konrad,Centre for Economic Policy Research (CEPR)
pba1441,https://sites.google.com/site/srbaker/,National Bureau of Economic Research (NBER)
pco940,https://sites.google.com/site/coopereconomics/,Pennsylvania State University
pco144,http://faculty.chicagobooth.edu/george.constantinides/index.htm,University of Chicago
pbr87,http://brynjolfsson.com,National Bureau of Economic Research (NBER)
ppr27,http://lantpritchett.org,Harvard University
pcl69,http://www.columbia.edu/~rhc2,Columbia University
phe118,http://www.coll.mpg.de,Max-Planck-Gesellschaft
pma1319,https://hq.ssrn.com/submissions/MyPapers.cfm?partid=122768,UNSW Sydney
pan374,http://www.columbia.edu/~aa610,National Bureau of Economic Research (NBER)
pna133,,Monash University
phi111,,University of Michigan
ppo86,http://www.ssc.upenn.edu/~apostlew/,University of Pennsylvania
psa95,https://sites.google.com/view/luciosarno,University of Cambridge
pcr2,https://econweb.ucsd.edu/~vcrawfor/index.html,Oxford University
pho408,,University of Chicago
psc180,http://www.mit.edu/~aschoar/,Massachusetts Institute of Technology (MIT)
pre102,http://www.lucreziareichlin.eu,London Business School (LBS)
pbl16,https://www.ilr.cornell.edu/people/francine-blau,Cornell University
pzh80,https://tzha.net/,Federal Reserve Bank of Atlanta
pdr9,http://www.axel-dreher.de,Ruprecht-Karls-Universität Heidelberg
paf1,https://sites.google.com/view/aafonso/home,Universidade de Lisboa
pro407,http://emlab.berkeley.edu/users/cromer/index.shtml,University of California-Berkeley
pdo8,https://mdoepke.github.io/index.html,Centre for Economic Policy Research (CEPR)
pia2,https://www.matteoiacoviello.com/,Federal Reserve Board (Board of Governors of the Federal Reserve System)
pva498,https://personal.lse.ac.uk/vayanos/,London School of Economics (LSE)
pst16,https://www.kof.ethz.ch/sturm,Eidgenössische Technische Hochschule Zürich (ETHZ)
pro372,http://emlab.berkeley.edu/~arodeml/,"University of California at Berkeley, Department of Economics"
ppi39,http://www.stanford.edu/~pista/,Stanford University
pgo1031,https://www.goodman-bacon.com,Federal Reserve Bank of Minneapolis
por38,http://www.economics.utoronto.ca/oreo/,University of Toronto
pgi283,http://web.mit.edu/rgibbons/www/index.html,Massachusetts Institute of Technology (MIT)
pmu109,https://www.nuffield.ox.ac.uk/people/profiles/john-muellbauer/,Oxford University
psw16,http://www.ericswanson.org,University of California-Irvine
ple3,,University of Virginia
pch1911,,
ppe66,https://sites.google.com/view/rperotti/home,Università Commerciale Luigi Bocconi
plu153,http://www.sydneyludvigson.com,New York University (NYU)
pso215,https://econ.arizona.edu/people/gary-solon,University of Arizona
pje75,,Georgetown University
pwo72,,Nationale Bank van België/Banque national de Belqique (BNB)
peg7,https://sites.google.com/site/gautieggertsson/home,Brown University
pja39,,Cornell University
ppe202,http://www.ifo.de/peichl-a,ifo Institut - Leibniz-Institut für Wirtschaftsforschung an der Universität München e.V.
pba464,http://www.kaushikbasu.org/,Cornell University
pbo80,https://sites.google.com/site/olympiabover/,Centro de Estudios Monetarios y Financieros (CEMFI)
pge136,,University of Technology Sydney
pfo1,http://web.mit.edu/kjforbes/www,Massachusetts Institute of Technology (MIT)
pka37,,Brown University
pbr34,https://tbres.su.domains/,Stanford University
pcu87,https://sites.google.com/view/douglascumming/,Stevens Institute of Technology
pli551,http://www.baf.cuhk.edu.hk/staff/academicfaculty-detail.asp?DID=4&StaffID=502,University of Hong Kong
ppa503,http://economics.mit.edu/faculty/ppathak,National Bureau of Economic Research (NBER)
pje7,https://www.lse.ac.uk/social-policy/people/academic-staff/Professor-Stephen-Jenkins,London School of Economics (LSE)
pce4,http://people.brandeis.edu/~cecchett/,Brandeis University
pga326,http://www.sebastiangaliani.com/,University of Maryland
psc129,https://www.moritzschularick.com/,Sciences Po
pde18,https://fr.wikipedia.org/wiki/Andr%C3%A9_de_Palma,Université de Cergy-Pontoise
pha982,https://voices.uchicago.edu/christianhansen/,University of Chicago
pka660,https://gregkaplan.uchicago.edu,University of Chicago
ppe481,https://sites.google.com/site/joseluispeydroswebpage/,Libera Università Internazionale degli Studi Sociali Guido Carli (LUISS)
pal51,https://www.yann-algan.com/,HEC Paris (École des Hautes Études Commerciales)
pjo96,https://research.hhs.se/esploro/profile/magnus_johannesson/overview?institution=46SSOE_INST,Stockholm School of Economics
pod60,http://odean.org,University of California-Berkeley
pba451,,London School of Economics (LSE)
pro46,http://johnroemer.commons.yale.edu/,Yale University
pai23,http://www.princeton.edu/~yacine,Princeton University
pja91,,Northwestern University
pne15,https://www.eprg.group.cam.ac.uk/david-newbery/,Centre for Economic Policy Research (CEPR)
pma156,http://wbmacleod.net,National Bureau of Economic Research (NBER)
pkl21,,
pha441,https://haas.berkeley.edu/faculty/ann-harrison/,University of California-Berkeley
pho46,http://economics.stanford.edu/faculty/hoxby,Stanford University
pmo321,http://www.gla.ac.uk/schools/business/staff/hervemoulin/,University of Glasgow
pyo20,https://sites.google.com/site/motohiroyogo,Princeton University
pgi49,https://econ.washington.edu/people/domenico-giannone,Centre for Economic Policy Research (CEPR)
pst167,http://www.stavins.com,National Bureau of Economic Research (NBER)
pra365,https://www.imranrasul.com/,University College London (UCL)
psc98,http://www.som.yale.edu/faculty/pks4/,Yale University
pho256,http://globalgovernanceprogramme.eui.eu/research-areas/global-economics/,European University Institute
pse23,http://www.economics.harvard.edu/faculty/sen,Harvard University
pwo4,http://mwohar.unomaha.community/homepage.html,University of Nebraska-Omaha
pud2,http://www.economics.northwestern.edu/people/directory/christopher-udry.html,Northwestern University
pst116,,Universität Bern
pho200,https://sites.google.com/view/charlesholt/home,University of Virginia
pro180,https://jesse-rothstein.com,University of California-Berkeley
par13,,
psi285,,Université Catholique de Louvain
pfe28,https://www.wifo.ac.at/gabriel_felbermayr,WU Wirtschaftsuniversität Wien
pbe35,http://www.econ.ubc.ca/beaudry/homepage.htm,University of British Columbia
pte171,http://personal.lse.ac.uk/tenreyro/,London School of Economics (LSE)
pbo906,,Lebanese American University
pdo43,https://www.econ.uni-bonn.de/iame/en/team/dohmen,Rheinische Friedrich-Wilhelms-Universität Bonn
pwa157,http://www.leuphana.de/joachim-wagner.html,Leuphana Universität Lüneburg
ppr18,http://faculty.wcas.northwestern.edu/~gep575,Northwestern University
pst155,https://eml.berkeley.edu/~jsteinsson/,University of California-Berkeley
pca421,,
pyi43,https://sites.google.com/view/kamilyilmaz/,Koç Üniversitesi
pka853,https://sites.google.com/bc.edu/edward-j-kane,
pwa67,http://wacziarg.bol.ucla.edu,University of California-Los Angeles (UCLA)
pmu64,http://home.uchicago.edu/~cbm4/,University of Chicago
ppa335,,Brown University
pbr105,https://profiles.ucl.ac.uk/54820-alex-bryson,University College London (UCL)
pva310,,Rijksuniversiteit Groningen
pgi34,https://itzhakgilboa.weebly.com/,Tel Aviv University
pwe289,https://sites.google.com/site/perjoakimwesterlund/,Lunds Universitet
ppu14,http://www.brown.edu/Departments/Economics/Faculty/Louis_Putterman/,Brown University
pwe349,http://weberm.org,National Bureau of Economic Research (NBER)
pla83,http://people.bu.edu/lang/,Boston University
pka15,,King's College London
pro20,http://emlab.berkeley.edu/users/groland/,University of California-Berkeley
psm73,http://www-personal.umich.edu/~econjeff,University of Wisconsin-Madison
pma588,,
ppo212,,Ludwig-Maximilians-Universität München
pwe328,https://ceep.bit.edu.cn/english/People/Faculty/834c3eaaf12c4ee8af26aac6e8a1136c.htm,Beijing Institute of Technology
pke22,,International Monetary Fund (IMF)
ptr40,https://haas.berkeley.edu/faculty/francesco-trebbi/,University of California-Berkeley
phe190,http://web.ics.purdue.edu/~hertel/,Purdue University
pse31,https://profiles.ucalgary.ca/apostolos-serletis,University of Calgary
pko65,http://www.worldbank.org/en/about/people/m-ayhan-kose,World Bank Group
pka84,https://www.gracielakaminsky.com/,George Washington University
pfa35,http://elsa.berkeley.edu/users/farrell,University of California-Berkeley
pbo78,http://faculty.haas.berkeley.edu/borenste,University of California-Berkeley
pei64,https://liraneinav.sites.stanford.edu/,Stanford University
pma712,,Centre de Recherche en Économie et Statistique (CREST)
pho21,https://www.uva.nl/en/profile/h/o/c.h.hommes/c.h.hommes.html,Bank of Canada
pzu32,http://www.gabriel-zucman.eu,University of California-Berkeley
phe1,https://www.jonathanheathcote.com,Centre for Economic Policy Research (CEPR)
pfu47,,International Monetary Fund (IMF)
ple223,http://alevchenko.com,University of Michigan
pgo59,http://viking.som.yale.edu,Yale University
pba28,http://alum.mit.edu/www/barnett,University of Kansas
pbe54,https://sites.google.com/site/gipbert/,Università degli Studi di Torino
pqu1,https://www.econ.berkeley.edu/profile/john-m-quigley,
pcl55,,Federal Reserve Bank of Cleveland
pud9,,Indiana University
pch1746,,Yale University
psu303,http://faculty.chicagobooth.edu/amir.sufi/,University of Chicago
pch91,http://www.columbia.edu/~yc2271,University of Wisconsin-Madison
pma384,https://marriottschool.byu.edu/brigitte-madrian,Brigham Young University
psa323,https://people.clas.ufl.edu/sapping/,University of Florida
pco355,https://economics.mit.edu/people/faculty/arnaud-costinot,Massachusetts Institute of Technology (MIT)
pli332,,
pch425,https://elliott.gwu.edu/barry-chiswick,George Washington University
plt2,http://www.wiwiss.fu-berlin.de/fachbereich/vwl/luetkepohl/index.html,DIW Berlin (Deutsches Institut für Wirtschaftsforschung)
pba735,http://people.hbs.edu/mbaker,Harvard University
par85,https://sites.google.com/view/mark-armstrong/home,University College London (UCL)
pma549,http://www.rhsmith.umd.edu/faculty/vmax/,University of Maryland
ppa34,http://econ.duke.edu/~ap172,Duke University
ple259,https://faculty.chicagobooth.edu/christian-leuz,CESifo
phr5,http://lvb.wiwi.hu-berlin.de,Humboldt-Universität Berlin
psi32,https://isearch.asu.edu/profile/3164210,Arizona State University
pku75,http://econ.williams.edu/people/knk1,Williams College
pca244,,
pmi132,,University of Hong Kong
pwi12,https://sites.google.com/site/1954stephenwilliamson/,University of Western Ontario
pst824,https://scholar.harvard.edu/stantcheva,Harvard University
psm83,http://www.econ.cam.ac.uk/faculty/smith/index.html,University of Cambridge
pra166,http://econweb.ucsd.edu/~jrauch,University of California-San Diego (UCSD)
pzh71,http://www.parisschoolofeconomics.com/zhuravskaya-ekaterina/,Paris School of Economics
ppu2,https://diegopuga.org/,Centro de Estudios Monetarios y Financieros (CEMFI)
pho390,http://www.princeton.edu/~hhong,
ppo9,https://www.fabienpostelvinay.com/,University College London (UCL)
pwe40,http://www.weissassetmanagement.com/andrew.html,Boston University
ppa611,,Asian Development Bank
pca1233,https://bcallaway11.github.io,University of Georgia
psk23,https://jonskinner.org,Dartmouth College
pfu10,https://sites.google.com/view/donfullerton/home,National Bureau of Economic Research (NBER)
plo31,https://sites.google.com/view/lancelochner/home,University of Western Ontario
pwo9,http://www.nber.org/~jwolfers,University of Michigan
pgu36,,
psm18,https://www.bbk.ac.uk/our-staff/profile/8003558/ron-smith/,Birkbeck College
phs10,,University of Southern California
pwi50,https://www.stats.ox.ac.uk/people/frank-windmeijer,Oxford University
pgi66,,University of California-Los Angeles (UCLA)
peh4,,Frankfurt School of Finance and Management
pgy3,,University of Pennsylvania
pco70,https://economics.sas.upenn.edu/people/harold-l-cole,University of Pennsylvania
poz124,,Central Bank of Nigeria
pra16,https://sites.google.com/view/mortenoravn/home,Centre for Economic Policy Research (CEPR)
pbi148,,University of Rochester
pte183,http://businessinnovation.berkeley.edu/teece/,University of California-Berkeley
ppr1,http://prasad.aem.cornell.edu,Cornell University
psm28,http://www.rand.org/about/contacts/personal/smith/,
pbe100,http://www.uni-due.de/makrooekonomik/,
psc269,http://www.econ.yale.edu/~pschultz/,Yale University
pgr45,http://www.bwl.uni-kiel.de/vwlinstitute/auss/team_goerg.php,Kiel Institut für Weltwirtschaft - Leibniz Zentrum zur Erforschung globaler ökonomischer Herausforderungen (IfW) (Kiel Institute for the World Economy - Leibniz Center for Research on Global Economic Challenges)
pai4,http://www.minneapolisfed.org/publications_papers/pub_display.cfm?id=647,
pwe115,https://www.linkedin.com/in/enzo-weber/,Institut für Arbeitsmarkt- und Berufsforschung (IAB)
pti9,http://www.rug.nl/staff/m.p.timmer/index,Rijksuniversiteit Groningen
pka210,http://www.haas.berkeley.edu/faculty/katz.html,University of California-Berkeley
pmc32,http://mc4f.ee,Google Research
pwh46,,Massachusetts Institute of Technology (MIT)
pba99,http://www.edwardbbarbier.com/,Colorado State University
pru209,http://sites.google.com/site/aldorustichini/home,University of Minnesota
pre7,http://www.economics.utoronto.ca/diegor,University of Toronto
pha90,https://www.gla.ac.uk/researchinstitutes/bahcm/staff/nicholashanley/,"University of Glasgow, Institute of Biodiversity, Animal Health and Comparative Medicine"
pst4,http://folk.uio.no/kjstore/,University of Minnesota
pzw2,https://sites.google.com/view/josefzweimueller/home,Universität Zürich
pgu59,https://sites.google.com/site/sguriev/,London Business School (LBS)
pgi102,,
pde40,http://www.bsg.ox.ac.uk/people/stefan-dercon,Centre for Economic Policy Research (CEPR)
psp18,https://www.frbsf.org/our-people/economists/mark-spiegel/,Federal Reserve Bank of San Francisco
pke8,http://spot.colorado.edu/~kellerw,National Bureau of Economic Research (NBER)
pha228,http://www.halkos.gr/,University of Thessaly
pwa23,http://people.ucsc.edu/~walshc/,University of California-Santa Cruz (UCSC)
pca473,https://cattaneo.princeton.edu,Princeton University
ppe52,http://www.fperri.net,Federal Reserve Bank of Minneapolis
ppa701,https://sites.google.com/site/papaioannouelias/,London Business School (LBS)
pin77,,Goethe Universität Frankfurt am Main
pfa338,https://rfairlie.sites.luskin.ucla.edu/,University of California-Los Angeles (UCLA)
psh12,http://sites.google.com/site/shouyongsite/,Queen's University
pos23,https://gufaculty360.georgetown.edu/s/contact/0031Q00002YJVXvQAP/jonathan-ostry,Centre for Economic Policy Research (CEPR)
pca130,https://www.ucl.ac.uk/~uctppca/,University College London (UCL)
pjo400,https://www.kellogg.northwestern.edu/faculty/jones-ben/htm/research.htm,Northwestern University
ple131,http://www.michael-lechner.eu,Universität St. Gallen
pkh138,https://akhandelwal8.github.io/,Yale University
pje59,https://econ.jhu.edu/directory/olivier-jeanne/,Johns Hopkins University
pcr84,,
pwe97,http://www.philippeweil.com,Université Libre de Bruxelles
pva270,https://research.tilburguniversity.edu/en/persons/arthur-van-soest,Universiteit van Tilburg
pma6,http://www.ssc.upenn.edu/~gmailath/,University of Pennsylvania
poh1,http://www.leeohanian.com,University of California-Los Angeles (UCLA)
pba102,,Boston University
ped30,http://www.alexedmans.com,University of Pennsylvania
pho217,,University of California-Los Angeles (UCLA)
plo268,,
pkn35,,
pma337,,World Bank Group
poa3,,
pva353,https://www.icrea.cat/community/icreas/17562/jeroen-van-den-bergh/,Barcelona School of Economics (BSE)
pch504,https://sites.google.com/site/thomaschaney/,University of Southern California
plu63,http://www.jaysonlusk.com,Oklahoma State University
pcr113,http://www.idei.fr/member.php?i=31,Toulouse School of Economics (TSE)
pea15,http://www.arts.cornell.edu/econ/deasley/,Cornell University
pdo54,,
pla208,,University College London (UCL)
pdr61,,
plo185,https://voices.uchicago.edu/guidolorenzoni/,Northwestern University
pam39,,Federal Reserve Bank of New York
par43,,Hans Böckler Stiftung
pje39,http://www.enpc.fr/ceras/jehiel/,Paris School of Economics
pev4,https://pages.uoregon.edu/gevans/,University of Oregon
pma235,,University of Glasgow
pka445,http://econ.jhu.edu/people/karni/index.html,Johns Hopkins University
pva186,https://www.newyorkfed.org/research/economists/vanderklaauw/,Federal Reserve Bank of New York
pel18,http://www.econ.ucsd.edu/~gelliott,University of California-San Diego (UCSD)
pde118,https://sites.google.com/site/eddiedekelsite/,Tel Aviv University
pfo9,https://sites.google.com/view/lionelfontagne,Paris School of Economics
pha1189,,University of California-Los Angeles (UCLA)
ple349,http://www.professorlee.com,Stanford University
pgu24,http://fatihguvenen.com,University of Minnesota
pwa46,http://www.tc.umn.edu/~jwaldfog/,National Bureau of Economic Research (NBER)
pka329,http://www.johnson.cornell.edu/faculty/profiles/Karolyi/,Cornell University
pla68,http://www.igier.unibocconi.it/laferrara,Centre for Economic Policy Research (CEPR)
plo283,http://personal.anderson.ucla.edu/francis.longstaff/,University of California-Los Angeles (UCLA)
pqu9,http://econ.lse.ac.uk/staff/dquah/,London School of Economics (LSE)
ppa577,,Oklahoma State University
pho278,https://gspp.berkeley.edu/directories/faculty/hilary-hoynes,University of California-Berkeley
pja78,http://users.ox.ac.uk/~econ0247/,Oxford University
pgo95,http://econweb.ucsd.edu/~rogordon,University of California-San Diego (UCSD)
pvo5,http://www.jvoth.com,Universität Zürich
pep21,https://www.cmu.edu/tepper/faculty-and-research/faculty-by-area/profiles/epple-dennis.html,Carnegie Mellon University
pmi20,,
ppl11,,
pfa24,http://fairmodel.econ.yale.edu,Yale University
pli161,,University of North Carolina-Greensboro
pda171,https://russell-davidson.research.mcgill.ca,McGill University
pro86,https://sites.google.com/site/barbararossiwebsite/,Barcelona School of Economics (BSE)
pgt1,,Libera Università Internazionale degli Studi Sociali Guido Carli (LUISS)
psh27,http://www.wsharpe.com/,Stanford University
pde449,,World Bank Group
pvi52,http://sites.google.com/view/marie-claire-villeval,Université de Lyon
pev28,http://www.nd.edu/~wevans1,University of Notre Dame
phe40,http://www.geoffreyheal.com,Columbia University
pkl66,http://econ.worldbank.org/staff/lklapper,World Bank Group
pbi10,https://wp.nyu.edu/albertobisin/,New York University (NYU)
pfa127,,University of Queensland
ppu153,https://www.fuqua.duke.edu/faculty/manju-puri,Duke University
pdh29,https://faculty.crest.fr/xdhaultfoeuille/,Centre de Recherche en Économie et Statistique (CREST)
pvi437,https://sites.google.com/view/annette-vissing-jorgensen,Federal Reserve Board (Board of Governors of the Federal Reserve System)
pri130,http://en.wikipedia.org/wiki/Piet_Rietveld,
pba274,http://fmwww.bc.edu/ec/Basu.php,Boston College
pde497,http://scholar.harvard.edu/ddeming,Harvard University
pbo24,http://www.econ.queensu.ca/faculty/boadway,Queen's University
pka457,http://www.kacperczyk.net,Imperial College
phu45,http://www.dbhuffman.com,Luxembourg Institute of Socio-Economic Research (LISER)
pma1422,https://www.upf.edu/web/andreu-mas-colell/,Barcelona School of Economics (BSE)
pbe65,https://warwick.ac.uk/fac/soc/economics/staff/mdbernhardt/,University of Illinois at Urbana-Champaign
psc29,http://gobi.stanford.edu/facultybios/bio.asp?ID=196,Stanford University
pgi12,https://profiles.waikato.ac.nz/john.gibson,University of Waikato
phu100,https://business.purdue.edu/faculty/hummelsd/,Purdue University
pvo15,http://www.iiw.uni-bonn.de,Indiana University
pba242,,
pan676,,National University of Singapore (NUS)
poz20,http://www.econjournals.com,Nişantası Üniversitesi
pla73,,University of Western Ontario
pmc238,,
pbr44,https://brandt.economics.utoronto.ca/,University of Toronto
ppe484,https://sites.google.com/site/barbarapetrongolo/,Oxford University
pde56,http://www-personal.umich.edu/~alandear/,University of Michigan
pth26,https://personal.eur.nl/thurik/,Montpellier Business School
psu108,https://www.arvindsubramanian.org/,Peter G. Peterson Institute for International Economics (IIE)
phe59,http://faculty.haas.berkeley.edu/hermalin/,University of California-Berkeley
pee1,http://www.janeeckhout.com/,Barcelona School of Economics (BSE)
pde165,,National Bureau of Economic Research (NBER)
pgr314,https://gps.ucsd.edu/faculty-directory/joshua-graff-zivin.html,University of California-San Diego (UCSD)
pla354,,London School of Economics (LSE)
pca205,http://personal.lse.ac.uk/casellif/,London School of Economics (LSE)
png97,https://www.nguyenduckhuong.org/,University of Cambridge
pme67,https://sites.google.com/view/lukas-menkhoff/,Humboldt-Universität Berlin
pwe155,,Tel Aviv University
ppa511,https://sites.dartmouth.edu/npavcnik/,Dartmouth College
pde187,,University College Dublin
psi29,https://www.nobelprize.org/prizes/economic-sciences/1978/simon/facts/,
pgi23,https://sites.google.com/site/mariassuntagiannetti/Home,Stockholm School of Economics
pfa17,http://www.econ.upenn.edu/~hfang,University of Pennsylvania
psr38,,
pke132,,Inter-American Development Bank
pdy4,https://phildybvig.com,Southwestern University of Finance and Economics (SWUFE)
pqu2,http://www-rcf.usc.edu/~quadrini,University of Southern California
pko46,http://sjkoopman.net,Tinbergen Instituut
pru25,https://sites.google.com/site/juanfrubioramirez/,Emory University
pda76,,
ple351,http://web.mit.edu/flevy/www/,Massachusetts Institute of Technology (MIT)
pgi18,,Centre for Economic Policy Research (CEPR)
pde613,http://are.berkeley.edu/~alain/,University of California-Berkeley
psa843,http://areweb.berkeley.edu/~sadoulet/,
pni95,http://www.stanford.edu/~niederle,Stanford University
pru5,http://editorialexpress.com/jrust,Georgetown University
pre160,https://sites.google.com/view/lucrenneboog/home,Universiteit van Tilburg
pco561,http://economics.uwo.ca/faculty/conley/,University of Western Ontario
pth258,http://www.hec.fr/thesmar,Massachusetts Institute of Technology (MIT)
pzi83,https://sites.dartmouth.edu/jzinman/,Dartmouth College
pre105,,KU Leuven
phu352,,Peking University
phu113,https://www.tilburguniversity.edu/staff/h-p-huizinga,Universiteit van Tilburg
ppo728,https://eller.arizona.edu/people/james-l-powell,University of Arizona
phi209,https://en.wikipedia.org/wiki/Jack_Hirshleifer,
pra576,,Centre d'études prospectives et d'informations internationales (CEPII)
pic3,http://www.andreaichino.it/,Alma Mater Studiorum - Università di Bologna
pmo37,https://www.nobelprize.org/prizes/economic-sciences/1985/modigliani/facts/,
pst391,http://pages.stern.nyu.edu/~jstroebe/index.html,National Bureau of Economic Research (NBER)
pba670,,Federal Reserve Bank of Chicago
ple572,,University of California-Berkeley
pwi51,http://www-management.wharton.upenn.edu/FacultyScreens/Winter.htm,University of Pennsylvania
pfa3,http://rogerfarmer.com,University of Warwick
pbo202,http://www.igier.unibocconi.it/boeri,Università Commerciale Luigi Bocconi
pde1077,,London School of Economics (LSE)
pmi18,https://www.nobelprize.org/prizes/economic-sciences/1990/miller/facts/,
pha777,http://faculty.washington.edu/jarrad/,University of Washington
por7,https://kevinhorourke.com,Oxford University
pha4,http://faculty.chicagobooth.edu/milton.harris/,University of Chicago
ple318,http://www.stanford.edu/~jdlevin/,Stanford University
ple189,,
pfe43,http://www.johnfernald.net,INSEAD
pco35,,
pto111,,University of Chicago
pwo147,,Northwestern University
pph31,http://faculty.tuck.dartmouth.edu/gordon-phillips/,Dartmouth College
pre34,https://www.tse-fr.eu/people/patrick-rey,Toulouse School of Economics (TSE)
pgr65,http://en.wikipedia.org/wiki/Herschel_Grossman,
pza107,https://sites.google.com/site/basitakzafar/,University of Michigan
pag16,,University of Manchester
ple386,http://www.umich.edu/~jamesl,
pve25,http://www.pitt.edu/~vester/,University of Pittsburgh
pbr614,,University of California-Los Angeles (UCLA)
ptr44,http://www.rotman.utoronto.ca/~dtrefler/,University of Toronto
pne27,https://hcp.hms.harvard.edu/people/joseph-p-newhouse,National Bureau of Economic Research (NBER)
pse218,http://faculty.london.edu/hservaes,London Business School (LBS)
pea25,,
pfl34,http://www.cba.ufl.edu/faculty/facultyinfo.asp?WEBID=281,
plu82,https://sjlundberg.weebly.com/,University of California-Santa Barbara (UCSB)
pst61,https://wwz.unibas.ch/en/stutzer/,Universität Basel
pha279,http://www.econ.cam.ac.uk/faculty/harvey/,University of Cambridge
pfe65,http://www.walter-eucken-institut.de/das-institut/personen/prof-dr-lars-p-feld.html,Walter Eucken Institut
psi57,http://www.tayfunsonmez.net/,Boston College
pmu30,http://www.marshall.usc.edu/faculty/kjmurphy,University of Southern California
pwi82,https://pwwilson.com,"Clemson University, Emeritus College"
psc165,https://www.rwi-essen.de/rwi/team/person/christoph-m-schmidt,RWI - Leibniz-Institut für Wirtschaftsforschung
pir1,http://irelandp.com,Boston College
pne85,,University of Chicago
pli259,http://query.nytimes.com/gst/fullpage.html?res=9902E6D8103AF936A2575BC0A9679D8B63,
pde44,http://www.de-la-croix.be,Université Catholique de Louvain
pec27,https://econ.tamu.edu/catherine-eckel/,Texas A&M University
pcu47,http://www.flaviocunha.com,Rice University
phu137,,RAND
pha83,https://sites.google.com/site/fumiohayashi/home,National Graduate Institute for Policy Studies (GRIPS)
psv22,http://people.su.se/~jsven/,Stockholms Universitet
ppe145,,Washington University in St. Louis
pgr476,http://scholar.harvard.edu/green,Harvard University
pmc60,https://en.wikipedia.org/wiki/John_McMillan_(economist),
pau21,http://www.ma.huji.ac.il/~raumann/,Hebrew University of Jerusalem
pja203,https://www.iseg.ulisboa.pt/aquila/homepage/f9481,Universidade de Lisboa
pde1353,https://sites.google.com/site/clementdechaisemartin/,Sciences Po
plj2,,Stockholm School of Economics
pst95,http://holger-strulik.org,Georg-August-Universität Göttingen
pvi114,,Oxford University
pda455,https://econweb.ucsd.edu/~gdahl/,University of California-San Diego (UCSD)
pdo103,http://dolado.blogspot.com/,Universidad Carlos III de Madrid
pbu20,https://people.duke.edu/~acb8/Burnside/Home.html,Duke University
pno11,https://www.nobelprize.org/prizes/economic-sciences/1993/north/facts/,
ppr174,http://www.columbia.edu/~ap3116,Columbia University
pma25,http://icepp.gsu.edu/profile/jorge-martinez-vazquez/,Georgia State University
pka406,,University of Southern California
pma2363,,Princeton University
pwe483,,
psc146,,New York University (NYU)
pca77,,New York University (NYU)
pka270,https://www.asc.ohio-state.edu/kagel.4/,
pva299,,Universiteit van Tilburg
pco358,http://www.econ.ucla.edu/costa/,University of California-Los Angeles (UCLA)
pbe259,https://economia.uniroma2.it/faculty/148/becchetti-leonardo,"Università degli Studi di Roma ""Tor Vergata"""
par274,http://www.arkolakis.com,Yale University
pda66,http://www.nber.org/vitae/vita150.htm,University of California-Los Angeles (UCLA)
pmc79,https://www.productivity.ac.uk/people/professor-philip-mccann/,University of Manchester
poc7,https://ockenfels.uni-koeln.de/ao,Universität zu Köln
pfi4,https://www.chicagofed.org/people/f/fisher-jonas-d-m,Federal Reserve Bank of Chicago
pbi43,,HEC Paris (École des Hautes Études Commerciales)
pbe56,http://econ.ucsb.edu/~tedb,University of California-Santa Barbara (UCSB)
pde392,http://delong.typepad.com/main/,University of California-Berkeley
pdi128,,Harvard University
pko590,http://www.personal.ceu.hu/staff/Botond_Koszegi/,Rheinische Friedrich-Wilhelms-Universität Bonn
pfu8,,Harvard University
pwa205,http://personal.eur.nl/wakker/index.htm,Erasmus Universiteit Rotterdam
pcr18,,University of Minnesota
psi78,,Centre for Applied Macroeconomic Analysis
pdu104,https://sites.google.com/view/pascaline-dupas/home?authuser=0,Princeton University
pde173,http://www.unige.ch/ses/ecopo/demelo/Jaime.html,Fondation pour les études et recherches sur le développment international (FERDI)
ple258,http://www.leydesdorff.net/list.htm,
pch261,,University of California-Santa Cruz (UCSC)
pro190,http://personal.psu.edu/m7r,Pennsylvania State University
plu27,http://www.nber.org/~luttmer,Dartmouth College
pos55,https://www.nobelprize.org/prizes/economic-sciences/2009/ostrom/facts/,
pve34,http://www.sais-jhu.edu/carlos-vegh,Johns Hopkins University
pbu16,https://www.nobelprize.org/prizes/economic-sciences/1986/buchanan/facts/,
pfa220,http://www.krannert.purdue.edu/faculty/mfaccio/home.asp,Purdue University
pbo47,https://rse.anu.edu.au/about/staff-directory/professor-alison-booth,Australian National University
pdi178,,
pxi88,http://www.princeton.edu/~wxiong/,Princeton University
pal64,http://dor.hbs.edu/fi_redirect.jhtml?facInfo=res&facEmId=lalfaro,Harvard University
pja86,https://seemajayachandran.com,Princeton University
pma507,http://faculty.unibocconi.eu/massimomarinacci/,Università Commerciale Luigi Bocconi
pwe359,https://www.bwl.uni-mannheim.de/weber/,
psu644,https://lsun20.github.io/,Centro de Estudios Monetarios y Financieros (CEMFI)
pko61,http://www.jozefkonings.com,Nazarbayev University
pme66,https://ase.tufts.edu/economics/people/peopleMetcalf.htm,Tufts University
pgh108,http://personal.lse.ac.uk/ghatak/,London School of Economics (LSE)
pst365,,University of Chicago
pdo36,https://sites.google.com/view/fredericdocquier,Luxembourg Institute of Socio-Economic Research (LISER)
pje46,https://www.econ.queensu.ca/people/faculty/glenn-jenkins,Queen's University
pho4,https://public.econ.duke.edu/~vjh3/,Duke University
pic1,,University of Arizona
pli76,http://www8.gsb.columbia.edu/cbs-directory/detail/frl1,National Bureau of Economic Research (NBER)
pan42,https://economics.virginia.edu/people/simon-anderson,University of Virginia
pod31,https://blogs.cornell.edu/odonoghue/,Cornell University
pto104,,International Monetary Fund (IMF)
pde1,http://www.sbs.ox.ac.uk/tax/,Oxford University
pno182,http://faculty.wcas.northwestern.edu/noto/,Northwestern University
pwe185,https://sites.google.com/view/jorgenweibull/,Stockholm School of Economics
pca21,http://www.caliendo.de,Universität Potsdam
pgr231,,University of California-Los Angeles (UCLA)
pha1102,,Arizona State University
pba76,https://www.upjohn.org/about/upjohn-team/staff/timothy-j-bartik,W.E. Upjohn Institute for Employment Research
pth20,http://ipl.econ.duke.edu/dthomas,Duke University
pgo200,https://voices.uchicago.edu/golosov/,University of Chicago
pro248,https://johnrogerseconomist.net,Fudan University
pna255,https://agecon.tamu.edu/people/nayga-jr-rodolfo-m/,Texas A&M University
pde131,,
pwi238,,University of Sussex
pde650,http://faculty-gsb.stanford.edu/demarzo/,Stanford University
pwe334,https://www.stanford.edu/group/mcnollgast/cgi-bin/wordpress/,Stanford University
phu9,http://users.nber.org/~jhunt/,Rutgers University-New Brunswick
pwa40,http://www.johnson.cornell.edu/faculty-research/faculty/mw46/,Cornell University
psc69,http://www.stanford.edu/~schneidr/,Stanford University
pmu87,,Harvard Graduate School of Education
pbe151,https://search.asu.edu/profile/10341,Arizona State University
pag47,http://www.ushakrisna.com,National University of Singapore (NUS)
psh42,,National Bureau of Economic Research (NBER)
pco206,https://sites.google.com/view/pierrephilippecombes/,Sciences Po
pva412,https://www.tinbergen.nl/person/1466/sweder-van-wijnbergen,Universiteit van Amsterdam
pja604,https://www.xavierjaravel.com/,London School of Economics (LSE)
pye37,,National Bureau of Economic Research (NBER)
pbl56,https://chancellor.wisc.edu/about,
pci47,http://www.antoniociccone.eu,Fundación de Estudios de Economía Aplicada (FEDEA)
pzh45,http://www.ifpri.org/srstaff/ZhangX.asp,International Food Policy Research Institute (IFPRI)
pho12,,Centre for Economic Policy Research (CEPR)
pfr95,https://m-fritsch.de/,Friedrich-Schiller-Universität Jena
pho272,,Cornell University
ppo21,https://www.jbs.cam.ac.uk/people/michael-pollitt/,University of Cambridge
pta125,https://web.econ.ku.dk/ftarp/,Københavns Universitet
pdu558,https://sites.google.com/view/martin-dufwenberg,Purdue University
pka119,http://kahnfrance.com/cmk/,University of Illinois at Urbana-Champaign
pit14,https://itskhoki.com/,University of California-Los Angeles (UCLA)
psc64,http://www.worldbank.org/en/about/people/s/sergio-schmukler,World Bank Group
pla18,https://sites.google.com/view/ricardolagos/,New York University (NYU)
pde83,http://www.imf.org/external/np/cv/CV.aspx?AuthID=128,Centre for Economic Policy Research (CEPR)
pir25,http://www.dartmouth.edu/~dirwin,Dartmouth College
pbu78,,European Central Bank
pst178,http://www.rotman.utoronto.ca/%7Ewstrange/,University of Toronto
psa605,,Université Libre de Bruxelles
pwe10,https://www.em-strasbourg.com/fr/chercheur/enseignants/weill-laurent,Université de Strasbourg
pba722,http://www.mbalcilar.net,University of New Haven
pka365,https://peterkaradi.com,European Central Bank
pgi162,https://sites.google.com/view/stefanogiglio/,Yale University
pwi9,http://www.volkerwieland.com,Goethe Universität Frankfurt am Main
ppa636,http://thomaspalley.com/,Hans Böckler Stiftung
pkl19,http://www.cmu.edu/dietrich/sds/people/in-memoriam/steven-klepper.html,
pka669,http://faculty.washington.edu/karpoff/,University of Washington
pwa73,https://sites.google.com/site/etiennewasmer/home,New York University Abu Dhabi
psc174,http://www.diw.de/cv/en/jschupp,DIW Berlin (Deutsches Institut für Wirtschaftsforschung)
pla194,,
pro746,http://faculty.maxwell.syr.edu/rosenthal,Syracuse University
pba505,https://appcenter.chicagobooth.edu/Apps/FacultyStaffDirectory/FSDView.aspx?person_id=870,University of Chicago
phe368,http://faculty.arts.ubc.ca/jhelliwell/,University of British Columbia
psa51,http://www.surrey.ac.uk/economics/people/joao_santos_silva/index.htm,University of Surrey
pfr22,https://leeps.ucsc.edu/people/details/dan-friedman,University of Essex
pdi189,https://www.risksresearch.com/,HEC Montréal (École des Hautes Études Commerciales)
pgu93,http://refet.bilkent.edu.tr,Bilkent Üniversitesi
pli184,http://www.ksg.harvard.edu/jeffreyliebman/,Harvard University
pbe203,,Universität Bern
pgr127,http://www.nottingham.ac.uk/economics/staff/details/david_greenaway.html,University of Nottingham
plo26,http://www.federalreserve.gov/econresdata/j-david-lopez-salido.htm,Centre for Economic Policy Research (CEPR)
psc367,https://sites.google.com/a/brown.edu/smschenn/home,Brown University
pga77,http://luisgaricano.eu,London School of Economics (LSE)
pch567,,University of Wisconsin-Madison
pha418,http://tomashavranek.cz,Univerzita Karlova v Praze
pgr24,,Stanford University
pgo19,,
pmo131,,
pju57,http://www.tse-fr.eu/people/bruno-jullien,Toulouse School of Economics (TSE)
pma73,,
pti17,,
psh874,,Montpellier Business School
pma174,,
pge194,,University of California-Berkeley
pme136,https://www.clevelandfed.org/people/profiles/m/mester-loretta-j,University of Pennsylvania
pfr18,http://www.liberamentis.org,London School of Economics (LSE)
pli54,,Peking University
pst75,http://www.sterndavidi.com,Australian National University
pmi103,https://sites.google.com/site/jianjunmiaobook/,Zhejiang University
pco40,https://www.nobelprize.org/prizes/economic-sciences/1991/coase/facts/,
pde418,http://sites.google.com/site/degrysehans/,KU Leuven
pwe32,https://people.ceu.edu/andrea_weber,Centre for Economic Policy Research (CEPR)
pha305,https://sites.google.com/site/timhattonwebsite/,Australian National University
pdu24,http://www.jeanmariedufour.com,McGill University
pji183,https://www.researchgate.net/profile/Qiang_Ji2,Chinese Academy of Sciences
pne29,https://scholars.duke.edu/display/per1676282,Resources for the Future (RFF)
pbo45,http://www.tilburguniversity.edu/webwijs/show/?uid=a.l.bovenberg,Universiteit van Tilburg
pol63,,National Bureau of Economic Research (NBER)
phe429,,DePaul University
ppa261,http://www.rff.org/parry.cfm,International Monetary Fund (IMF)
plu550,https://voices.uchicago.edu/jensludwig/,University of Chicago
pfa165,https://fan.princeton.edu/,Princeton University
pwo89,https://www.ifo.de/wohlrabe-k,ifo Institut - Leibniz-Institut für Wirtschaftsforschung an der Universität München e.V.
pge238,,University of Pennsylvania Law School
pcr1,https://cramton.umd.edu/,Universität zu Köln
pfa12,https://mypage.unibocconi.eu/carloambrogiofavero/,Università Commerciale Luigi Bocconi
pka21,http://www.thekaufmannpost.net,Brookings Institution
pbo25,http://econ.ucsb.edu/~bohn/,University of California-Santa Barbara (UCSB)
pja709,https://sites.google.com/view/christopher-james/home,University of Florida
pro222,http://econ.lse.ac.uk/staff/pmr/,London School of Economics (LSE)
pra1195,,
pbr268,http://pages.stern.nyu.edu/~sbrown/,New York University (NYU)
pgl14,http://www.apec.umn.edu/people/paul-glewwe,University of Minnesota-St. Paul
pab32,,University of Maryland
pta60,http://www.mstaylor1.org,University of Calgary
pca46,https://sites.google.com/view/tim-cason,Purdue University
psa1748,,
pbu155,,Wageningen Universiteit en Researchcentrum
pde1433,,Harvard University
pno50,,Georgia State University
pka357,https://sites.google.com/site/loukaskarabarbounis/,University of Minnesota
pza207,https://www.bostonfed.org/people/bank/egon-zakrajsek.aspx,Federal Reserve Bank of Boston
pha63,https://reinhardhansen.github.io/,Copenhagen Business School
pad89,,Stanford University
pve137,https://sites.google.com/site/frankverbo/,KU Leuven
pdu3,https://sites.socsci.uci.edu/~duffy/,University of California-Irvine
pbr264,https://giesbusiness.illinois.edu/profile/jeffrey-brown,University of Illinois at Urbana-Champaign
pph37,http://harrisschool.uchicago.edu/faculty/web-pages/tomas-philipson.asp,University of Southern California
pmu563,,
pth54,,University of Rochester
pbe209,https://www.uva.nl/en/profile/b/e/r.m.w.j.beetsma/r.m.w.j.beetsma.html,Universiteit van Amsterdam
pno49,https://sites.google.com/view/ilannoy,Gran Sasso Science Institute (GSSI)
pgo53,http://www.avigoldfarb.com,University of Toronto
pde80,http://www.econ.uchile.cl/jdegregorio,Universidad de Chile
pst378,,
pma412,https://research-repository.uwa.edu.au/en/persons/00031798,Monash University
pag57,http://www.markaguiar.com,University of Rochester
plo65,,University of Warwick
pwo165,,Centre for Economic Policy Research (CEPR)
pve40,https://www.gsb.columbia.edu/faculty/lveldkamp,Columbia University
pmo661,https://benjaminmoll.com/,London School of Economics (LSE)
pal938,https://users.nber.org/~almond/,Columbia University
pde51,http://www.nber.org/~denardim,University of Minnesota
pso277,,Government of the United States
pho54,http://www.barthobijn.net,Arizona State University
pfi57,,University of Rochester
psp13,https://www.kellogg.northwestern.edu/faculty/directory/spulber_daniel.aspx,Northwestern University
pva219,https://profiles.imperial.ac.uk/t.valletti,Imperial College
pqi25,http://www.kellogg.northwestern.edu/faculty/qian/index.html,Northwestern University
pch1494,http://scholar.harvard.edu/chodorow-reich,Harvard University
pke151,,University of Notre Dame
pne58,https://sites.google.com/site/edwardnelsonresearch/,Federal Reserve Board (Board of Governors of the Federal Reserve System)
pba111,http://www.hec.unil.ch/pbacchetta,Université de Lausanne
pbr203,http://giorgiobrunello.jimdo.com,Università degli Studi di Padova
pro477,http://www.ifpri.org,International Food Policy Research Institute (IFPRI)
poa2,,Luxembourg Institute of Socio-Economic Research (LISER)
pfr203,https://sites.google.com/site/ericfrenchecon/,University College London (UCL)
pba366,,King's College London
pec3,http://zvi-eckstein.com,Centre for Economic Policy Research (CEPR)
ppe413,https://sites.google.com/view/gert-peersman/home,Universiteit Gent
pla338,https://marc-lavoie.com/,Université d'Ottawa
pte111,http://www-personal.umich.edu/~ltesar/,University of Michigan
pya75,http://www.umich.edu/~deanyang,University of Michigan
pku30,https://scholar.google.com/citations?user=FNao_6sAAAAJ&hl=en,Southern Illinois University
pch343,http://www.christoffersen.com,
pba170,http://www.mbattaglini.com,Cornell University
pte4,,
pne133,,Northwestern University
pro1226,https://sites.google.com/site/chrisrotheconomics/home,Universität zu Köln
pco55,https://dcomin.host.dartmouth.edu/,Dartmouth College
pye21,,University of California-Berkeley
pjo72,,
pde35,http://www.newyorkfed.org/research/economists/delnegro/,Federal Reserve Bank of New York
psc8,https://sites.google.com/a/bc.edu/fabio-schiantarelli/research,Boston College
peh1,http://arts-sciences.buffalo.edu/economics/faculty/faculty-directory/ehrlich.html,State University of New York-Buffalo (SUNY)
pch323,https://faculty.som.yale.edu/jameschoi/,Yale University
pze2,https://business.columbia.edu/szeldes,Columbia University
pbe72,http://www.law.harvard.edu/faculty/bebchuk,Centre for Economic Policy Research (CEPR)
pma470,https://sites.google.com/uji.es/inma-martinez-zarzoso/,Universitat Jaume I
pli1032,http://econweb.tamu.edu/li/,Texas A&M University
ppo25,http://home.uchicago.edu/~rposner/,
pba1135,,
pco132,http://darp.lse.ac.uk/Cowell.htm,London School of Economics (LSE)
pre44,http://sitemason.vanderbilt.edu/econ/reinganum,Vanderbilt University
pnu52,http://www.ifw-members.ifw-kiel.de/~peter_nunnenkamp_ifw_kiel_de,Kiel Institut für Weltwirtschaft - Leibniz Zentrum zur Erforschung globaler ökonomischer Herausforderungen (IfW)
pky6,,University of Maryland
pfe454,http://docentes.fe.unl.pt/~mferreira/,Universidade Nova de Lisboa
pgr781,,Oregon State University
pwa33,http://econ.la.psu.edu/BiographyPages/wallace_bio.html,Pennsylvania State University
phu74,,
pfr119,https://sites.google.com/brown.edu/johnnfriedman/home,Brown University
pmi156,http://www.virgiliumidrigan.com/,New York University (NYU)
pmo298,https://crest.science/user/Alain-MONFORT/,Centre de Recherche en Économie et Statistique (CREST)
pbo95,http://www.arnoudboot.nl,Universiteit van Amsterdam
pvy2,http://cowles.econ.yale.edu/faculty/vytlacil.htm,Yale University
pma2176,https://www.matteomaggiori.com/,Stanford University
pbr341,,University of Michigan
pjo442,,
pki305,,
psh109,http://pluto.huji.ac.il/~mseytan/,Hebrew University of Jerusalem
pwa253,,International Monetary Fund (IMF)
pre193,,Michigan State University
pio6,http://sites.tufts.edu/yioannides/,Tufts University
peh2,https://courses.cit.cornell.edu/rge2,Cornell University
pma319,,Boston University
ppr36,,Imperial College
ple135,https://www.ariklevinson.com,Georgetown University
pbr168,,University of British Columbia
ppi37,http://www.stanford.edu/~piazzesi,National Bureau of Economic Research (NBER)
pvi41,http://sites.google.com/site/mvivarel/,Università Cattolica del Sacro Cuore
pwy2,https://www.charleswyplosz.info/,The Graduate Institute of International and Development Studies
pch362,http://thomaschemmanur.com/,Boston College
pma186,https://academicweb.nd.edu/~nmark/,University of Notre Dame
pfo101,http://www.econ.ubc.ca/nfortin/hmpgfort.htm,University of British Columbia
ppo114,,Cato Institute
pte1,,Aarhus Universitet
pba2106,,
pyi12,,
pli62,https://sites.google.com/view/francesco-lippi/bio,Istituto Einaudi per l'Economia e la Finanza (EIEF)
pta27,https://robtaylor.droppages.site,University of Bath
pzh420,http://apps.olin.wustl.edu/faculty/zhou,Washington University in St. Louis
pty13,http://econ.la.psu.edu/~jtybout/tyboutj.html,National Bureau of Economic Research (NBER)
poo5,http://oosterbeek.economists.nl/,Universiteit van Amsterdam
pha276,http://www.ip.mpg.de,Max-Planck-Gesellschaft
pka42,,National Bureau of Economic Research (NBER)
pdu263,http://www.arindube.com,University of Massachusetts-Amherst
pfu157,,
pco248,https://alexcoad.com/,Waseda University
pla4,https://sites.google.com/site/rafaellalive/,Université de Lausanne
pse18,https://sites.google.com/brown.edu/robertoserrano/home,Brown University
pma551,,International Food Policy Research Institute (IFPRI)
ptr10,http://pravinktrivedi.com,Indiana University
pgi285,http://elsa.berkeley.edu/~gilbert/,University of California-Berkeley
pfr26,http://www.wti.org,Universität Bern
pfe17,,Centre for Economic Policy Research (CEPR)
pst21,https://www.uoguelph.ca/lang/people/thanasis-stengos,University of Guelph
pwa22,https://sites.wustl.edu/pingwang/,Washington University in St. Louis
pgo22,http://sites.google.com/site/douglasgollin/,Tufts University
pch86,,Georgia State University
psc82,https://sites.google.com/view/fabianoschivardi,Istituto Einaudi per l'Economia e la Finanza (EIEF)
pcl20,http://mclem.org,Peter G. Peterson Institute for International Economics (IIE)
pgr125,http://harrisschool.uchicago.edu/faculty/web-pages/jeffrey-grogger.asp,Luxembourg Institute of Socio-Economic Research (LISER)
pho691,https://people.ucas.ac.cn/~ymhong?language=en,University of Chinese Academy of Sciences
psi31,,Vanderbilt University
pfo139,,HEC Paris (École des Hautes Études Commerciales)
pre196,https://economics.uchicago.edu/directory/philip-j-reny,University of Chicago
pad1,http://adam.vwl.uni-mannheim.de/1528.0.html,Universität Mannheim
pzi46,https://sites.google.com/site/stanzin2/,National Bureau of Economic Research (NBER)
psu32,https://sites.google.com/site/paolosurico/,London Business School (LBS)
pja54,https://www.census.gov/about/leadership/deputy-director.html,Government of the United States
pva139,https://sites.google.com/view/jovb,KU Leuven
pko142,http://www.korinek.com,Centre for Economic Policy Research (CEPR)
phe60,http://www.ifn.se/mh,Institutet för Näringslivsforskning (IFN)
pwh49,http://www.stern.nyu.edu/~lwhite,New York University (NYU)
pch151,http://www.som.yale.edu/faculty/jc576/default.htm,National Bureau of Economic Research (NBER)
pov5,https://www.lse.ac.uk/geography-and-environment/people/academic-staff/henry-overman,London School of Economics (LSE)
pve269,,Instituto Politécnico Nacional
psh114,http://www.goizueta.emory.edu/faculty/JayShanken/,National Bureau of Economic Research (NBER)
pst130,,Government of the United Kingdom
ppa81,http://chrispapageorgiou.com,International Monetary Fund (IMF)
pwi7,http://www.econ.jku.at/winter,Johannes-Kepler-Universität Linz
pve27,http://www.verspagen.nl,Maastricht University
pdu194,http://web.stanford.edu/~mgduggan/,Stanford University
pne3,http://research.stlouisfed.org/econ/cneely/,Federal Reserve Bank of St. Louis
pgu40,https://www.cemfi.es/~guner/,Centro de Estudios Monetarios y Financieros (CEMFI)
pkn5,http://web.mit.edu/knittel/www/,Massachusetts Institute of Technology (MIT)
pba832,https://sites.google.com/site/cjsbaumeister/,University of Notre Dame
pyo93,http://yotoyotov.com,Drexel University
ple99,https://automatizados.com.ar/eduardo-levy-yeyati/,Universidad Torcuato Di Tella
pst106,http://wiiw.ac.at,Wiener Institut für Internationale Wirtschaftsvergleiche (WIIW)
ppo193,https://www.piie.com/experts/senior-research-staff/simon-potter,Peter G. Peterson Institute for International Economics (IIE)
psc538,http://en.wikipedia.org/wiki/Anna_Schwartz,
pme221,,Yale University
ppe635,http://econ.williams.edu/people/ppedroni,Williams College
plu17,https://sites.google.com/site/lustighanno/,University of California-Los Angeles (UCLA)
pla366,https://www.ewf.uni-bayreuth.de/en/,Universität Bayreuth
pro48,,Princeton University
pha110,,Bank of Greece
ppe135,http://peitz.vwl.uni-mannheim.de/,Universität Mannheim
pzh151,http://www.apu.ac.jp/~wbz1,Ritsumeikan Asia Pacific University
pbe138,http://www.nd.edu/~jbergstr,University of Notre Dame
psa123,https://sites.google.com/view/aysegulsahin/home,Princeton University
pbo31,https://www.youtube.com/c/MicheleBoldrin-Videos,Washington University in St. Louis
pne362,http://www.columbia.edu/~mn2191,Columbia University
pgh7,http://www.unc.edu/~eghysels,University of North Carolina-Chapel-Hill
pni42,https://sites.google.com/view/mortennielsen/,Aarhus Universitet
pno89,https://sph.umich.edu/faculty-profiles/norton-edward.html,University of Michigan
pkn49,http://www.iep.ru/en/personalia/knobel-aleksandr-yurevich.html,Gaidar Institute for Economic Policy
pdr1,https://www.federalreserve.gov/econres/john-c-driscoll.htm,Federal Reserve Board (Board of Governors of the Federal Reserve System)
pmo75,https://wp.nyu.edu/jmorduch/,New York University (NYU)
pga696,http://www.aronaldg.org/,Pennsylvania State University
pfa87,https://sites.wustl.edu/fazz/,Washington University in St. Louis
pll45,https://adriana-llerasmuney.squarespace.com/,University of California-Los Angeles (UCLA)
pgo34,https://www.russellsage.org/news/memoriam-peter-gottschalk,
pwr20,http://cas.umkc.edu/econ/economics/faculty/wray/raymain.html,University of Missouri-Kansas City
pfu92,http://www.andreasfuster.com,École Polytechnique Fédérale de Lausanne (EPFL)
pti96,http://www.ofce.sciences-po.fr/pages-chercheurs/home-timbeau.htm,Sciences Po
ple553,,Brookings Institution
pse120,http://www.newschool.edu/nssr/faculty/?id=4e54-6b79-4e41-3d3d,The New School
pma232,http://spot.colorado.edu/~maskus/,University of Colorado
pgr376,,Monash University
pda367,http://faculty.haas.berkeley.edu/ldavis/,University of California-Berkeley
pbl165,,University of Oregon
pth113,https://people.unil.ch/mathiasthoenig/,Université de Lausanne
psi296,http://www.ruf.rice.edu/~rsickles/,Rice University
pmi16,https://faculty.unlv.edu/smiller/,University of Nevada-Las Vegas
pra230,,University of California-Berkeley
pin18,,Vanderbilt University
pro227,http://www.perossi.org/,University of California-Los Angeles (UCLA)
pwo100,,
pml7,http://mueller.gernot.googlepages.com/,Eberhard-Karls-Universität Tübingen
pje4,http://finance.wharton.upenn.edu/~jermann/,University of Pennsylvania
pmo316,,
pad158,https://www.renee-adams.com/,Oxford University
pma372,,"Department of Geography, University of Cambridge"
pfl40,,University of Wisconsin-Madison
pne1,https://ericneumayer.wordpress.com/,London School of Economics (LSE)
pst41,,Federal Reserve Bank of New York
ppe7,http://www.princeton.edu/~pesendor/,Princeton University
pbl23,https://harris.uchicago.edu/directory/dan-black,University of Chicago
pla465,http://econ.lse.ac.uk/staff/clandais/cgi-bin/index.php,London School of Economics (LSE)
pzh29,http://theinvestmentcapm.com/index.html,Ohio State University
pma885,,World Bank Group
pna472,,University of Texas-Dallas
pli302,http://www.riksbank.se/research,Sveriges Riksbank
pbu180,https://www.human.cornell.edu/people/rvb1,Cornell University
pra44,http://www.tarunramadorai.com,Imperial College
pza30,http://www.econ.ucla.edu/zame,University of California-Los Angeles (UCLA)
ptr76,http://www.vcharite.univ-mrs.fr/pp/trannoy/index.htm,Aix-Marseille Université
pts51,,Yale University
pro1069,https://scholar.google.com/citations?user=Em0s4iIAAAAJ&hl=fr,Montpellier Business School
pba400,,University of Toronto
psm84,http://www.socsci.uci.edu/~ksmall,University of California-Irvine
pst94,http://www.rochester.edu/news/show.php?id=3527,
pev9,http://davidsevans.org,University of Chicago Law School
psw10,http://econweb.rutgers.edu/nswanson/,Rutgers University-New Brunswick
pmo32,https://sites.google.com/site/monacellitommaso,Università Commerciale Luigi Bocconi
pla299,http://www.baf.cuhk.edu.hk/services/StaffFrame.asp?StaffID=86&DID=4&Type=Faculty,Chinese University of Hong Kong
pro64,,Vanderbilt University
pkl126,http://users.nber.org/~kling,National Bureau of Economic Research (NBER)
psc49,https://en.wikipedia.org/wiki/Suzanne_Scotchmer,
pcl24,,University of Reading
pha148,http://www.ma.huji.ac.il/hart,Hebrew University of Jerusalem
pmi137,http://www.patrickminford.net/,Centre for Economic Policy Research (CEPR)
pbu123,https://www.wiwi.hu-berlin.de/de/professuren/vwl/wtm2/mitarbeiter/burda,Centre for Economic Policy Research (CEPR)
pju54,https://www.econ.ku.dk/ansatte/emeriti/?pure=da/persons/142900,Københavns Universitet
phu141,http://www.wzb.eu/en/persons/steffen-huck-0,Wissenschaftszentrum Berlin für Sozialforschung (WZB)
pmi185,http://www.iwh-halle.de/en/about-the-iwh/people/detail/javier-miranda,Leibniz-Institut für Wirtschaftsforschung Halle (IWH)
per53,,International Monetary Fund (IMF)
pwe42,https://p.wz.pwr.edu.pl/~weron.rafal/,Politechnika Wrocławska
pca193,http://luiscabral.net/,New York University (NYU)
pmi14,https://sites.google.com/view/kevin-milligan,University of British Columbia
pca6,https://publicpolicy.cornell.edu/people/john-cawley/,National Bureau of Economic Research (NBER)
phe103,,University of Economics Ho Chi Minh City
pmo645,http://www.massimomorelli.eu/,Università Commerciale Luigi Bocconi
plo223,https://sites.google.com/a/hawaii.edu/inessalove/,World Bank Group
psp27,http://sites.tufts.edu/enricospolaore/,Tufts University
phe157,https://www.sbs.ox.ac.uk/community/people/thomas-hellmann,Oxford University
pte64,https://www.anderson.ucla.edu/faculty-and-research/accounting/faculty/teoh,University of California-Los Angeles (UCLA)
pkn6,https://www.nottingham.ac.uk/economics/people/richard.kneller,University of Nottingham
pco39,http://files.nyu.edu/tc60/public,New York University (NYU)
pbl13,,Ohio State University
pgo308,https://www.flame.edu.in/faculty/rajeev-k-goel,Consiglio Nazionale delle Ricerche
pki52,https://sites.google.com/view/alan-kirman,École des Hautes Études en Sciences Sociales (EHESS)
pko20,http://www.columbia.edu/~wk2110,Columbia University
pri143,http://johngriley.com,University of California-Los Angeles (UCLA)
plo21,,International Monetary Fund (IMF)
psu39,https://faculty.som.yale.edu/shyamsunder/,Yale University
pco192,,University of Sydney
pkl31,https://www.uva.nl/profiel/k/l/f.r.kleibergen/f.r.kleibergen.html,Universiteit van Amsterdam
pet6,,University of Pennsylvania
pjo98,http://www.york.ac.uk/economics/our-people/staff-profiles/andrew-m-jones/,University of York
pro88,,Federal Reserve Bank of Boston
pwi3,http://davidwildasin.us,University of Kentucky
ple107,https://sites.google.com/site/sokbae,Centre for Microdata Methods and Practice (CEMMAP)
pha52,,University of California-Los Angeles (UCLA)
pes90,https://estache.wordpress.com/,Université Libre de Bruxelles
ppr2,http://www.ucl.ac.uk/~uctp100,University College London (UCL)
ppo97,,Northwestern University
pgo49,http://gsbadg.uchicago.edu/,National Bureau of Economic Research (NBER)
pku26,http://www.econ.ucsb.edu/~pjkuhn,CESifo
pde227,,International Monetary Fund (IMF)
psc340,http://www.homepages.ucl.ac.uk/~uctpusc/,University College London (UCL)
pku10,https://www.nobelprize.org/prizes/economic-sciences/1971/kuznets/,
ptu3,https://matthewturner.org/,Brown University
pju70,,University of Maryland
pma1341,https://sites.google.com/view/bhash/home,University of California-Irvine
pmo1560,https://faculty.wcas.northwestern.edu/jmokyr/,Northwestern University
ple1119,https://fnce.wharton.upenn.edu/profile/lewisk/,University of Pennsylvania
pho162,https://gufaculty360.georgetown.edu/s/contact/00336000014RcL5AAK/harry-holzer,Georgetown University
pbi159,http://www.javierbianchi.com,Federal Reserve Bank of Minneapolis
pst279,,
pzh194,http://www.cuhk.edu.hk/eco/staff/jszhang/jzhang.htm,Zhejiang University
pka143,http://are.berkeley.edu/~karp/,University of California-Berkeley
pha161,https://www.imperial.ac.uk/people/j.haskel,Centre for Economic Policy Research (CEPR)
pha351,http://www.stephane.hallegatte.eu,World Bank Group
pba592,http://www.creates.au.dk/en/people/researchfellows/olebarndorff-nielsen,
pfi13,https://eller.arizona.edu/people/price-v-fishback,University of Arizona
pde570,https://antoinedechezlepretre.github.io/,London School of Economics (LSE)
pfo74,,
psa110,,Luxembourg Institute of Socio-Economic Research (LISER)
ppa900,,Yale University
ppe234,,University of Chicago
pfo95,,Università degli Studi di Modena e Reggio Emilia
pte231,http://economics.mit.edu/faculty/ptemin,
pbu12,http://econ.lse.ac.uk/staff/rburgess/,London School of Economics (LSE)
pan105,https://anderson.are.berkeley.edu/,University of California-Berkeley
paz5,,Washington University in St. Louis
pma173,https://www.crei.cat/people/albert-marcet/,Barcelona School of Economics (BSE)
pal282,,International Food Policy Research Institute (IFPRI)
pso113,http://www.uh.edu/~bsorense,University of Houston
pso40,https://econweb.ucsd.edu/~jsobel/,University of California-San Diego (UCSD)
psu257,,Federal Reserve Bank of Chicago
pal165,,New York University Abu Dhabi
pch73,https://jaypilchoi.com/,Michigan State University
pev5,https://sites.google.com/a/georgetown.edu/evansmdd/,Georgetown University
phu36,https://bradhumphreys.faculty.wvu.edu/home,West Virginia University
pgi6,http://people.umass.edu/gintis,
pbe619,https://u.osu.edu/ben-david.1/,Ohio State University
pch34,https://sites.google.com/site/chatterjeesatyajit/home,Federal Reserve Bank of Philadelphia
psu241,https://www.sem.tsinghua.edu.cn/en/info/1240/7145.htm,Tsinghua University
ppo132,http://faculty.london.edu/rportes/,London Business School (LBS)
pel76,https://sites.google.com/site/tellingsensse/,Stockholm School of Economics
pwi192,,University of Michigan
pha489,https://sites.google.com/site/tarekalexanderhassan/papers,Boston University
pst92,https://www.kcl.ac.uk/sspp/departments/european-studies/people/staff/academic/stockhammere.aspx,King's College London
pfe232,,Tel Aviv University
ppa463,http://www.kellogg.northwestern.edu/faculty/papanikolaou/htm/index.html,Northwestern University
pvi157,http://www.duke.edu/~viswanat,Duke University
pla423,https://sites.google.com/site/augustinlandier/,HEC Paris (École des Hautes Études Commerciales)
pmo6,https://unu.edu/merit/about/expert/prof-dr-pierre-mohnen,United Nations University-Maastricht Economic Research Institute of Innovation and Technology (UNU-MERIT)
pmu269,http://www.econ.brown.edu/fac/Kaivan_Munshi,Brown University
pvo196,http://www.econ.ucla.edu/tvwachter,University of California-Los Angeles (UCLA)
pjo287,http://people.stern.nyu.edu/kjohn/,New York University (NYU)
phe460,,Universidad de Oviedo
pfe104,http://sites.bu.edu/ivanf/,Boston University
pgo456,,University of Bradford
pfl8,https://sites.google.com/view/cjflinn-homepage,New York University (NYU)
ple417,,
pei5,http://center.uvt.nl/staff/eijffing/,Universiteit van Tilburg
pzh411,https://sites.google.com/site/zhangdayong/,Southwestern University of Finance and Economics (SWUFE)
pda33,http://www.columbia.edu/~drd28/,Columbia University
pst124,https://www.unibz.it/en/faculties/economics-management/academic-staff/person/36390-steven-stillman,Libera Università di Bolzano / Freie Universität Bozen
pwe54,https://sites.google.com/site/guglielmoweber/,Università degli Studi di Padova
pad14,,University of South Carolina
pgl13,http://www.frbsf.org/economic-research/economists/reuven-glick/,Federal Reserve Bank of San Francisco
pyi44,,Federal Reserve Bank of Dallas
pbh106,http://www.wipol.uni-oldenburg.de/en/28429.html,Carl von Ossietzky Universität Oldenburg
pme850,http://klausmeyer.co.uk,University of Western Ontario
pbu242,https://sites.google.com/site/fjbuera/,Washington University in St. Louis
ptr108,https://sites.google.com/site/christophtrebesch/,Kiel Institut für Weltwirtschaft - Leibniz Zentrum zur Erforschung globaler ökonomischer Herausforderungen (IfW)
pma172,https://www.asc.ox.ac.uk/people/professor-james-malcomson,Oxford University
pbu44,http://www.ecn.bris.ac.uk/www/ecsb/home.html,University of Bristol
pho91,http://www.geoffreymhodgson.uk/,Loughborough University
pba636,http://www.econ.duke.edu/people/bayer,Duke University
pgo329,,University of Cambridge
pwa284,https://www.ohe.org/news/memoriam-adam-wagstaff-1959-2020,
pfr37,http://www.uu.nl/staff/KFrenken/,Universiteit Utrecht
pch2349,,Washington University in St. Louis
psv8,http://cgeg.sipa.columbia.edu/about/people,Columbia University
pli1280,https://faculty.utah.edu/u0233184-Karl_V._Lins/hm/index.hml,University of Utah
pgr293,http://www.ceps.eu/member/daniel-gros,Centre for European Policy Studies (CEPS)
pdu519,https://www.insead.edu/faculty-research/faculty/bernard-dumas/personal-site,INSEAD
psc789,http://pages.stern.nyu.edu/~pschnabl/index.html,New York University (NYU)
pke85,https://www.claudiakemfert.de/en/biography/,DIW Berlin (Deutsches Institut für Wirtschaftsforschung)
pjo88,http://www.econ.umn.edu/~lej/,University of Minnesota
pgr43,http://ben.orsee.org,Universität Wien
ppe90,,Federal Reserve Bank of Boston
pcr77,http://www.econ.umd.edu/faculty/profiles/cropper,University of Maryland
pki187,http://gking.harvard.edu,Harvard University
pro962,https://en.wikipedia.org/wiki/Nathan_Rosenberg,
pba190,https://sites.google.com/site/bargainoliv/,Université de Bordeaux
pyu5,https://fba.um.edu.mo/faculty/junyu/,University of Macau
pgu101,,Università Commerciale Luigi Bocconi
pse24,https://www.nobelprize.org/prizes/economic-sciences/1994/selten/facts/,
pmi314,http://sites.google.com/site/steliosecon/,National Bureau of Economic Research (NBER)
pgu73,http://www.princeton.edu/~fgul/,Princeton University
pze9,http://en.wikipedia.org/wiki/Arnold_Zellner,
pot22,,Asian Development Bank
pbu249,http://home.uchicago.edu/~bursztyn/,University of Chicago
pze3,http://josephzeira.weebly.com/,Centre for Economic Policy Research (CEPR)
psm1,http://www.lonessmith.com,University of Wisconsin-Madison
pjo446,,
pch756,http://sites.google.com/site/mbchernov,University of California-Los Angeles (UCLA)
pxe1,http://www.aueb.gr/users/xepapadeas/xepapadeas/,Alma Mater Studiorum - Università di Bologna
pca340,http://www.hsph.harvard.edu/david-canning/,Harvard University
pfu109,,Kyoto University
pla600,http://www.economics.harvard.edu/faculty/lamont,Harvard University
pbo372,https://economics.uchicago.edu/directory/st%C3%A9phane-bonhomme,University of Chicago
pho502,https://voices.uchicago.edu/richardhornbeck/,University of Chicago
pch17,http://www.ucl.ac.uk/economics/people/chesher,University College London (UCL)
pde468,https://www.olivierdeschenes.org/,University of California-Santa Barbara (UCSB)
pca969,http://mrcarter.ucdavis.edu,University of California-Davis
pbo555,http://sites.google.com/site/chadpbown/,Peter G. Peterson Institute for International Economics (IIE)
pwa884,http://www.stern.nyu.edu/faculty/bio/paul-wachtel,New York University (NYU)
pme280,https://karelmertens.com/,Federal Reserve Bank of Dallas
pwe11,,Shanghai Jiao Tong University
pbl17,http://www-personal.umich.edu/~hoytb/,University of Michigan
pbe459,,Northwestern University
pfr88,,University of Essex
pha87,http://www.dice.hhu.de,Heinriche-Heine-Universität Düsseldorf
pfa89,http://www.janfagerberg.org/,Universitetet i Oslo
pmo62,https://profiles.warwick.ac.uk/ecslaj-omer-moav,University of Warwick
pgr453,,
ppa82,http://www.columbia.edu/~ap2231/,Columbia University
ppe143,https://www.lancaster.ac.uk/lums/people/david-peel,Lancaster University
phe97,https://www.hwr-berlin.de/en/prof/eckhard-hein/,Hans Böckler Stiftung
plu192,http://ylu6.weebly.com/,Tsinghua University
pko143,https://www.robertkollmann.com,Université Paris-Est
pca134,https://econweb.ucsd.edu/~rcarson/,University of California-San Diego (UCSD)
pto149,http://www.newyorkfed.org/research/economists/topa/index.html,Federal Reserve Bank of New York
pga109,,Università Politecnica delle Marche
pvi31,http://www.people.hbs.edu/lviceira,Harvard University
ppi123,,Helmut Schmidt Universität Hamburg
pma212,,Columbia University
pho45,http://www.thomas-holmes.com,University of Minnesota
pgo37,http://www.agora.group/,UNSW Sydney
pko29,https://ufind.univie.ac.at/de/person.html?id=101800,Universität Wien
pso47,https://harris.uchicago.edu/directory/konstantin-sonin,University of Chicago
psc874,https://www.dianeschanzenbach.com,Georgetown University
pma855,,International Monetary Fund (IMF)
pxu2,,Cheung Kong Graduate School of Business
psa116,https://bsalanie.github.io/,Columbia University
pwa807,http://www.darden.virginia.edu/faculty-research/directory/francis-e-warnock/,University of Virginia
pcr29,https://sites.google.com/view/jeromecreel,Sciences Po
pch1293,https://fintech.gatech.edu,Georgia Institute of Technology
psa385,http://people.hbs.edu/rsadun,Harvard University
ppa1004,,Shanghai Jiao Tong University
psc30,,Universitas Mercatorum
pbo84,https://www.amse-aixmarseille.fr/en/members/boucekkine,Aix-Marseille Université
pra338,http://www.econ.ucsd.edu/~gramey/,
plj7,https://sites.google.com/site/larsljungqvistsse/,Stockholm School of Economics
pro347,http://scholars.duke.edu/person/davidr,Duke University
pam311,,
pbi78,http://florin.bilbiie.googlepages.com/home,University of Cambridge
pli18,http://www.frbsf.org/economic-research/economists/zheng-liu/,Federal Reserve Bank of San Francisco
pse39,http://www.cemfi.es/~sentana,Centro de Estudios Monetarios y Financieros (CEMFI)
pwe503,,University of Maryland
pma2520,https://www.kalinamanova.com/,University College London (UCL)
pne74,,
phe10,https://sites.google.com/view/jean-jacques-herings/home,Universiteit van Tilburg
pbu202,,University of Pennsylvania
ptr71,https://www.mathiastrabandt.com,Goethe Universität Frankfurt am Main
pad105,,University of Alberta
ppr355,http://econweb.umd.edu/~prucha/,University of Maryland
pku653,https://scholar.google.co.in/citations?user=_vZgaBYAAAAJ&hl=en,Indian Institute of Management Nagpur
pco20,https://www.lse.ac.uk/health-policy/people/professor-joan-costa-font,London School of Economics (LSE)
psh20,,Monash University
psm20,http://www.econ.yale.edu/faculty1/smith.htm,Yale University
pmc14,https://www.wjmckibbin.com,Australian National University
ple369,http://www.rug.nl/staff/b.w.lensink,Rijksuniversiteit Groningen
ppa652,http://aede.osu.edu/our-people/mark-partridge,Gran Sasso Science Institute (GSSI)
pgo420,http://www4.ncsu.edu/~bkgoodwi/personal/,North Carolina State University
pro361,http://finance.wharton.upenn.edu/~mrrobert/,University of Pennsylvania
pkr26,https://sites.google.com/view/kalakrishnapsu,Pennsylvania State University
psa604,http://www-personal.umich.edu/~ssalant/,University of Michigan
pgr134,http://www.hbs.edu/faculty/Pages/profile.aspx?facId=718917,Harvard University
ple338,http://www.econ.surrey.ac.uk/people/plevine/,University of Surrey
psl6,https://economics.ubc.ca/faculty-and-staff/margaret-slade/,University of British Columbia
pfr190,http://www.econ.upf.edu/~freixas/,Barcelona School of Economics (BSE)
phe316,,Sciences Po
pwo206,http://www.econ.uzh.ch/faculty/wolf.html,Universität Zürich
pbh37,,
pbo138,http://www.personal.psu.edu/geb3,Pennsylvania State University
pmi205,http://www.parisschoolofeconomics.eu/en/news/philippe-michel-young-researcher/,
ppe335,,
psh1006,http://joseph-s-shapiro.com,National Bureau of Economic Research (NBER)
pec5,http://eml.berkeley.edu/~fechenique/,University of California-Berkeley
pwe237,http://www.econ.uzh.ch/faculty/weber.html,Universität Zürich
psh47,http://www.hss.caltech.edu/~mshum,California Institute of Technology
pta370,http://sites.northwestern.edu/alirezat,Northwestern University
pki4,https://michaeltkiley.github.io/,Federal Reserve Board (Board of Governors of the Federal Reserve System)
pro145,http://pages.stern.nyu.edu/~nroubini/,New York University (NYU)
pli72,http://siepr.stanford.edu/scholars/hongbin-li,Stanford University
pcz8,https://www.kuleuven.be/wieiswie/en/person/00046474,KU Leuven
pqa33,https://www.zef.de/about-zef/zef-faculty/prof-dr-matin-qaim,Rheinische Friedrich-Wilhelms-Universität Bonn
pgo419,https://sites.google.com/view/agoyal145,Université de Lausanne
phe121,http://www.tau.ac.il/~zvih/,Tel Aviv University
pco353,http://users.ox.ac.uk/%7Eeconpco/,Oxford University
pkn11,,
pim10,http://www.jeanimbs.com,Centre for Economic Policy Research (CEPR)
pko146,http://www.econ.uiuc.edu/~roger,University of Illinois at Urbana-Champaign
par15,https://www.fuqua.duke.edu/faculty/ashish-arora,Duke University
pkl37,http://www.compasslexecon.com/professionals/bio?id=152,University of California-Los Angeles (UCLA)
psa191,https://my.vanderbilt.edu/kamalsaggi/,Vanderbilt University
pma1315,http://www.econ.yale.edu/faculty1/maggi.htm,Yale University
pca582,https://www.laurentcalvet.com,SKEMA Business School
pma618,,University of California-Berkeley
pko198,http://www.kornai-janos.hu,
pba742,http://scholar.harvard.edu/baqaee,University of California-Los Angeles (UCLA)
pxi68,https://dachxiu.chicagobooth.edu,University of Chicago
pdo274,https://www.deakin.edu.au/about-deakin/people/chris-doucouliagos,Deakin University
pbl4,http://www.santafe.edu/~leb,Cornell University
pma44,http://www.tse-fr.eu/people/thierry-magnac,Toulouse School of Economics (TSE)
pmo12,http://www.econ.uni-bonn.de/with2/,Rheinische Friedrich-Wilhelms-Universität Bonn
ppa367,http://faculty.wcas.northwestern.edu/~apa522/,Northwestern University
pca1563,https://engineering.nyu.edu/faculty/peter-carr,
pli716,https://sites.google.com/view/kaili/home,University of British Columbia
pco389,,
pgo279,http://laurent.gobillon.free.fr/,Paris School of Economics
pwe107,http://web.mit.edu/bwerner/www/,Massachusetts Institute of Technology (MIT)
pta314,http://faculty.haas.berkeley.edu/stadelis/,University of California-Berkeley
pka175,http://www.nd.edu/~jkaboski,University of Notre Dame
pma182,,Paris School of Economics
pdu397,http://sites.uci.edu/gduncan/,"University of California, Irvine - School of Education"
psc51,http://ideas.repec.org/e/psc51.html,Heriot-Watt University
pda995,http://kentdaniel.net/,Columbia University
pme246,https://wp.nyu.edu/guido_menzio/,National Bureau of Economic Research (NBER)
pde116,https://people.smu.edu/kdesmet/,Centre for Economic Policy Research (CEPR)
pdi67,http://julian.digiovanni.ca,Federal Reserve Bank of New York
pmu116,https://sites.google.com/site/hmumtaz77/,Queen Mary University of London
pre488,,Universidade de Santiago de Compostela
ptu166,http://en.wikipedia.org/wiki/Gordon_Tullock,
psa1535,https://www.bde.es/investigador/en/menu/research_staff_a/Saurina__Jesus.html,Banco de España
phe120,http://web.mit.edu/rhenders/www/home.html,Massachusetts Institute of Technology (MIT)
pba412,,
pch99,http://checchi.economia.unimi.it,Università degli Studi di Milano
pko155,https://phoebekoundouri.org/,Athens University of Economics and Business (AUEB)
ppi108,,Resources for the Future (RFF)
pho107,,University of Tokyo
pch240,https://www.uts.edu.au/about/uts-business-school/news/vale-professor-carl-chiarella,
pre63,http://www.cemfi.es/~repullo/,Centro de Estudios Monetarios y Financieros (CEMFI)
pbe188,http://econ.ucsd.edu/~elib,University of California-San Diego (UCSD)
pse75,,Centro de Estudios Monetarios y Financieros (CEMFI)
pto157,http://www.econ.ucla.edu/tornell/,University of California-Los Angeles (UCLA)
psz8,,"Department of Kinesiology, University of Michigan"
pzh164,http://scholar.google.com.sg/citations?hl=en&user=LlQ_grEAAAAJ,China University of Petroleum
pja325,http://sites.google.com/site/nirjaimovich/,Universität Zürich
ptu94,https://sites.google.com/view/bertiltungodden/home,Norges Handelshøyskole (NHH)
pre313,,
pdu86,,University of Notre Dame
pad119,https://sites.google.com/site/jeromeadda16/,Università Commerciale Luigi Bocconi
pmi3,https://people.smu.edu/dmillimet/,Southern Methodist University
pma1417,https://economics.ucla.edu/person/rosa-liliana-matzkin/,University of California-Los Angeles (UCLA)
pde12,http://www.wouterdenhaan.com,London School of Economics (LSE)
pha320,https://researchmap.jp/read0034833?lang=en,Yamato University
pde139,http://harrisdellas.net/,Universität Bern
pga40,http://www.brookings.edu/experts/galew,Brookings Institution
pso104,http://www.wharton.upenn.edu/faculty/souleles.html,University of Pennsylvania
pve68,http://www.columbia.edu/~ev2124,Columbia University
pme56,http://www.academicwebpages.com/preview/mehra/,Arizona State University
pce45,http://www.gilbertcette.net/,Neoma Business School
pmc81,http://research.stlouisfed.org/econ/mccracken,Federal Reserve Bank of St. Louis
pco94,https://sites.google.com/site/deancorbae/,University of Wisconsin-Madison
phe64,http://www-users.york.ac.uk/~jdh1,University of York
pkn42,,
psp83,http://www.tau.ac.il/~rani,University College London (UCL)
pfo195,https://elliott.gwu.edu/james-foster,George Washington University
pga124,,
ple119,http://andrewleigh.org,"Parliament of Australia, House of Representatives"
psa250,http://www.newyorkfed.org/rmaghome/economist/santos/contact.html,Federal Reserve Bank of New York
pup16,https://www.ramanuppal.com,Groupe EDHEC (École de Hautes Études Commerciales du Nord)
pmo492,http://www.amody.com,International Monetary Fund (IMF)
pba891,http://www.suleymanbasak.com/,Centre for Economic Policy Research (CEPR)
pba4,http://perso.uclouvain.be/luc.bauwens/Bauwens.htm,Université Catholique de Louvain
pwi70,http://www.brookings.edu/scholars/cwinston.htm,Brookings Institution
pbj3,http://pure.au.dk/portal/da/chbj@asb.dk,Aarhus Universitet
pgi36,,Barclays Corporate and Investment Bank
ple111,https://www.frbsf.org/economic-research/economists/sylvain-leduc/,Federal Reserve Bank of San Francisco
pco1135,,
pko58,https://evzenkocenda.github.io,Univerzita Karlova v Praze
pch127,https://sites.google.com/site/laurenscherchye/home,KU Leuven
pco51,https://economics.ubc.ca/faculty-and-staff/brian-r-copeland/,University of British Columbia
pca5,https://economia.uc3m.es/acabrales/,Universidad Carlos III de Madrid
pch80,https://sites.rutgers.edu/roberto-chang/,Rutgers University-New Brunswick
pco745,http://excen.gsu.edu/jccox/,Georgia State University
pmi460,https://economics.cornell.edu/tapan-mitra,
pmu102,https://econweb.ucsd.edu/~kamurali/,University of California-San Diego (UCSD)
pok13,http://homepages.nyu.edu/~eo1/,New York University (NYU)
pmi44,https://stonecenter.gc.cuny.edu/people/milanovic-branko/,World Bank Group
plo162,https://economics.cornell.edu/michael-lovenheim,Cornell University
ppr57,https://sites.google.com/site/presbitero/,International Monetary Fund (IMF)
pin7,https://www.rug.nl/staff/r.c.inklaar,Rijksuniversiteit Groningen
peb3,https://www.kellogg.northwestern.edu/faculty/directory/eberly_janice_c/,National Bureau of Economic Research (NBER)
pcl48,http://www.iga.ucdavis.edu/gclark.html,Syddansk Universitet
psi394,,Wellesley College
ple80,http://faculty.haas.berkeley.edu/levine/,University of California-Berkeley
pbe272,https://sites.google.com/site/michelbeineeconomics/,Université du Luxembourg
pja111,https://www.canr.msu.edu/people/thomas-jayne,Michigan State University
psa958,,"Helsingin yliopisto, Matematiikan ja tilastotieteen laitos"
pal356,http://home.uchicago.edu/~falvare/,University of Chicago
psz25,http://www.personal.ceu.edu/staff/Adam_Szeidl/,Centre for Economic Policy Research (CEPR)
pwo132,https://sites.google.com/site/francoischarleswolff/home,Université de Nantes
psc133,http://schmitz.uni-koeln.de/index.php?s=mitarbeiter&t=schmitz,Universität zu Köln
pya107,,Columbia University
pru68,,London School of Economics (LSE)
pro264,https://sites.google.com/site/grochete,University of California-Irvine
pwr4,https://www.wrighteconomics.com/,National University of Singapore (NUS)
psu123,https://sites.google.com/site/jenssuedekum/,Heinriche-Heine-Universität Düsseldorf
pmu50,,
pwo47,,University of Wisconsin-Madison
pkh176,,
phu149,,University of California-Santa Cruz (UCSC)
pbu13,,Purdue University
pka141,http://www1.kellogg.northwestern.edu/facdir/facpage.asp?sid=514,Northwestern University
pri96,https://blogs.ubc.ca/johnries/,University of British Columbia
pgr285,https://economics.ubc.ca/profile/david-green/,University of British Columbia
pko150,,Chapman University
pam50,http://amadormanuel.me,National Bureau of Economic Research (NBER)
pha368,,Université Libre de Bruxelles
pmo232,http://mba.yale.edu/faculty/profiles/mobarak.shtml,Yale University
pde69,,KU Leuven
ple601,http://www.econ.ohio-state.edu/levin/,Ohio State University
psi60,https://campusdirectory.ucsc.edu/cd_detail?uid=boxjenk,University of California-Santa Cruz (UCSC)
pdr25,http://www.tau.ac.il/~drazen/,University of Maryland
phi17,http://unionstats.gsu.edu/bhirsch/,Georgia State University
pna187,http://www.hbs.edu/rnanda,Harvard University
pst122,,European Central Bank
pfi105,https://research.vu.nl/en/persons/carolyn-fischer,Université d'Ottawa
pti137,http://xuantian.info,Tsinghua University
pac11,,University of Texas-Austin
pma206,,Oxford University
plu94,http://mitsloan.mit.edu/faculty/detail.php?in_spseqno=41235&co_list=F,Massachusetts Institute of Technology (MIT)
pga74,,Université Catholique de Louvain
pil21,http://www.ilzetzki.com,London School of Economics (LSE)
pra175,https://experts.mcmaster.ca/display/racinej,McMaster University
pmi428,https://personal.lse.ac.uk/michaels/,London School of Economics (LSE)
pmi133,,University of Warwick
pwa36,https://econweb.ucsd.edu/~jwatson/,University of California-San Diego (UCSD)
pco326,https://www.ecb.europa.eu/pub/research/authors/profiles/guenter-coenen.en.html,European Central Bank
pgh16,,International Monetary Fund (IMF)
pba818,http://www.fuqua.duke.edu/faculty_research/faculty_directory/bansal/,Duke University
phu98,http://www0.gsb.columbia.edu/faculty/ghuberman/,Columbia University
pwi239,https://faculty-directory.dartmouth.edu/heidi-lie-williams,National Bureau of Economic Research (NBER)
pan130,,Università degli Studi di Torino
phu366,https://about.peterhull.net/,Brown University
pkr410,http://korykroft.com,University of Toronto
ppa255,,Resources for the Future (RFF)
pch94,http://business.uic.edu/faculty/robert-chirinko,University of Illinois at Chicago
ppr114,,KU Leuven
pch420,http://spot.colorado.edu/~cheny/,University of Colorado
pgh2,http://faculty.washington.edu/ghiro,University of Washington
psa395,https://sites.dartmouth.edu/asamwick/,National Bureau of Economic Research (NBER)
ptr23,,Purdue University
pka1111,,
pga1,https://www.heinz.cmu.edu/faculty-research/profiles/gaynor-martins,Carnegie Mellon University
pma135,,University of Toronto
pkn7,https://sites.brown.edu/brianknight/,Brown University
pde179,http://www.nber.org/~rdehejia,New York University (NYU)
pde619,https://dee.stanford.edu,Stanford University Graduate School of Education
pwa356,,Federal Reserve Board (Board of Governors of the Federal Reserve System)
pps2,http://users.rcn.com/gpsach/,
pyo43,http://www.econ.jhu.edu/people/young,Government of the United States
pel319,https://sites.google.com/a/ualberta.ca/sadok-el-ghoul/,"University of Alberta, Campus Saint-Jean"
pwa204,https://economics.indiana.edu/about/faculty/walker-james.html,Indiana University
pli177,http://www.econ.nyu.edu/user/lizzeria,New York University (NYU)
pha1258,https://www.hbs.edu/faculty/Pages/profile.aspx?facId=333598,Harvard University
ppo31,http://www.ifo.de/poutvaara-p,University College London (UCL)
phu6,https://sites.google.com/georgetown.edu/mark-huggett/home,Georgetown University
pva106,https://www.eur.nl/people/eddy-van-doorslaer-0,Erasmus Universiteit Rotterdam
pan9,https://people.miami.edu/profile/72af8a0343b13d52cd772847023073b3,University of Miami
pha313,http://www.haraldhau.com,Swiss Finance Institute
pud12,,Linköpings Universitet
pve121,https://research.vu.nl/en/persons/erik-verhoef,Vrije Universiteit Amsterdam
pxu119,,Duke University
pmi86,https://economix.fr/fr/membre/mignon-valerie,Centre d'études prospectives et d'informations internationales (CEPII)
pcr47,https://sites.google.com/site/tfcrossley/,University of Michigan
pen3,,Universidad de Chile
pmo129,http://www-rcf.usc.edu/~moonr,University of Southern California
pca393,http://web.iese.edu/campa,Universidad de Navarra
phy3,http://robjhyndman.com,Monash University
pag38,http://www.rotman.utoronto.ca/Ajay.Agrawal/,University of Toronto
pur49,http://www.econ.umd.edu/faculty/profiles/urzua,University of Maryland
pca56,http://vasco-m-carvalho.github.io,University of Cambridge
pdr66,https://sites.google.com/site/annadreber/,Stockholm School of Economics
pva27,https://sites.google.com/view/dickvandijk/,Erasmus Universiteit Rotterdam
pba248,http://tigger.uic.edu/~gib/,University of Illinois at Chicago
ped63,http://www.pik-potsdam.de/members/edenh,Potsdam-Institut für Klimafolgenforschung (PIK)
phe369,,
plu10,http://sites.google.com/view/alucas,Vrije Universiteit Amsterdam
pro69,http://www.econ.uconn.edu/ross/ross.htm,University of Connecticut
pbo332,http://www.princeton.edu/~lboustan/,Princeton University
pco85,http://community.middlebury.edu/~colander/,
psh2,http://karlshell.com,Cornell University
pca4,https://www.gu.se/en/about/find-staff/fredrikcarlsson,Göteborgs Universitet
pti260,https://sites.google.com/site/rociotitiunik/,Princeton University
phe163,https://sites.uwm.edu/heywood/,University of Wisconsin
pfr135,https://gps.ucsd.edu/faculty-directory/caroline-freund.html,University of California-San Diego (UCSD)
pwi26,https://www.frbsf.org/economic-research/economists/daniel-wilson/,Federal Reserve Bank of San Francisco
pwa390,http://www0.gsb.columbia.edu/faculty/nwang/,Columbia University
pbl61,http://www.uni-trier.de/?id=2323,Universität Trier
psh162,http://faculty-gsb.stanford.edu/shaw/,Stanford University
pha310,,
pro566,,
pbo666,,
pat44,http://rspas.anu.edu.au/~athu/,Australian National University
pca14,,University of Chicago
ppr99,http://ricardotruglia.bol.ucla.edu/,National Bureau of Economic Research (NBER)
pit4,http://web.pdx.edu/~ito/,Portland State University
pho504,http://www.bis.org/author/boris_hofmann.htm,Bank for International Settlements (BIS)
pro93,http://www.sfu.ca/~robson,Simon Fraser University
plo117,http://www.econ.brown.edu/fac/Glenn%5FLoury/louryhomepage/,Brown University
pfa22,http://www.wiwi.uni-frankfurt.de/profs/faia,Goethe Universität Frankfurt am Main
pty1,http://homepage.univie.ac.at/jean-robert.tyran/,Universität Wien
pri41,http://www.arnoriedl.com/,Maastricht University
pbo295,,École de Management de Normandie
pbo43,,
pel11,https://www.birmingham.ac.uk/staff/profiles/business/elliott-robert.aspx,University of Birmingham
pfi17,http://www.ilr.cornell.edu/directory/gsf2,Cornell University
pvo47,,University of Economics Ho Chi Minh City
psa997,,Centre for Econometrics and Applied Research
ple113,http://www.nottingham.ac.uk/%7Elezsl/main.htm,University of Nottingham
pte114,http://tertilt.vwl.uni-mannheim.de/,Universität Mannheim
pbr469,http://www.iae.csic.es/investigadorPersonalAbout.php?idinvestigador=7,Barcelona School of Economics (BSE)
pbe134,https://sites.google.com/view/prof-dr-helmut-bester/home,Freie Universität Berlin
pfe188,,World Bank Group
pgo624,http://paulgp.github.io,Yale University
ppo41,https://dr.ntu.edu.sg/entities/person/Nick-Powdthavee,Nanyang Technological University
pec26,http://tuck.dartmouth.edu/faculty/faculty-directory/b-espen-eckbo,Dartmouth College
pba669,https://sites.google.com/g.ucla.edu/marthajbailey/,University of California-Los Angeles (UCLA)
pli22,https://gufaculty360.georgetown.edu/s/contact/0031Q00002fgIvmQAE/nuno-lim%C3%A3o,Georgetown University
pfo3,http://afosterri.org,Brown University
pen67,http://time-series.net,University of Alabama-Tuscaloosa
pka44,,National Bureau of Economic Research (NBER)
pju154,,
pto21,,
pst2,https://www.warwick.ac.uk/go/msteel/,University of Warwick
pke13,http://www.ssc.wisc.edu/~jkennan,University of Wisconsin-Madison
pku361,http://explore.georgetown.edu/people/ak659/?PageTemplateID=364,Georgetown University
pma1243,,Washington University in St. Louis
pze41,https://www.wu.ac.at/finance/people/faculty/zechner/,Centre for Economic Policy Research (CEPR)
pro1247,https://jonathandroth.github.io/,Brown University
pho41,https://researchmap.jp/read0042836/?lang=en,Asian Growth Research Institute (AGI)
pmo86,http://campuspress.yale.edu/moscarini/,Yale University
psk11,http://www.stanford.edu/~skrz/,Stanford University
ppo244,http://www.alexanderpopov.org,European Central Bank
pra457,,Leibniz-Zentrum für Europäische Wirtschaftsforschung (ZEW)
pco166,http://people.bu.edu/cockburn,National Bureau of Economic Research (NBER)
pya140,,Seinan Gakuin University
pwi498,,
pka453,https://sites.google.com/site/lbkahn/,University of Rochester
pbi114,https://www.anderson.ucla.edu/faculty-and-research/strategy/faculty/bikhchandani,University of California-Los Angeles (UCLA)
pal293,https://www.rug.nl/r.j.m.alessie,Rijksuniversiteit Groningen
pge60,http://en.wikipedia.org/wiki/Paul_Geroski,
pfe146,https://www.lse.ac.uk/International-Inequalities/People/Francisco-H.-G.-Ferreira,London School of Economics (LSE)
pwa410,http://w-reed-walker.com,University of California-Berkeley
pas4,https://sites.google.com/site/guidoascari/,Università degli Studi di Pavia
pba509,,Institute for Fiscal Studies (IFS)
psi336,https://sites.nd.edu/esims/,University of Notre Dame
pbi171,https://sites.google.com/view/francescobianchi/home,Johns Hopkins University
pca683,https://sites.google.com/view/dariocaldara,Federal Reserve Board (Board of Governors of the Federal Reserve System)
plu40,http://mit.econ.au.dk/vip_htm/alunde/,Aarhus Universitet
pbh22,https://sites.google.com/site/srbhalotra/,University of Warwick
pha49,http://www.uni-marburg.de/fb02/makro,Philipps-Universität Marburg
pdu249,http://www.econ2.jhu.edu/People/duffee,Johns Hopkins University
paa13,,Federal Reserve Bank of Chicago
pco548,,University of Utah
ple147,https://www.demog.berkeley.edu/faculty/ronald-demos-lee/,University of California-Berkeley
pba34,http://people.rit.edu/~aabgsh,Rochester Institute of Technology
pec1,https://www.neconomides.com,New York University (NYU)
pme346,https://albertjmenkveld.com,Tinbergen Instituut
pfu6,,
pdo13,http://econ.ucsc.edu/~mpd/,University of California-Santa Cruz (UCSC)
par65,http://jscottarmstrong.com,
pwu111,https://sites.google.com/view/jingcynthiawu/,National Bureau of Economic Research (NBER)
pya275,https://www.chicagobooth.edu/faculty/directory/y/constantine-yannelis,University of Chicago
pch177,https://sites.google.com/view/christophe-hurlin/home,Université d'Orléans
pba80,https://faculty.unibocconi.eu/pierpaolobattigalli/,Università Commerciale Luigi Bocconi
psc205,https://profiles.waikato.ac.nz/riccardo.scarpa,Durham University
poy2,https://pauloyer.people.stanford.edu/,Stanford University
pth51,,
pmo197,https://sites.google.com/site/massimomottawebpage/,Barcelona School of Economics (BSE)
pbe108,https://sites.google.com/site/kristianbehrens/,Université du Québec à Montréal (UQAM)
pwa346,http://finance.wharton.upenn.edu/~jwachter/,University of Pennsylvania
pba1477,,
pwi165,,
pmo70,https://politicalarithmetick.com/,
pne71,,DIW Berlin (Deutsches Institut für Wirtschaftsforschung)
pau28,https://sites.google.com/site/raphaelauer/home,Bank for International Settlements (BIS)
psk27,http://www.socsci.uci.edu/~sskaperd/,University of California-Irvine
plu143,https://noralustig.tulane.edu/,Tulane University
plu185,http://public.kenan-flagler.unc.edu/faculty/lundblac,University of North Carolina-Chapel-Hill
pgo192,https://economia.uc3m.es/jgonzalo/,Universidad Carlos III de Madrid
pal597,http://en.wikipedia.org/wiki/Armen_Alchian,
pce70,https://www.newyorkfed.org/research/economists/Cetorelli,Federal Reserve Bank of New York
psa1486,http://docentes.fe.unl.pt/~psc/,Universidade Nova de Lisboa
pag15,https://sites.google.com/view/victoraguirregabiriaswebsite/home,University of Toronto
pho42,,Trinity College Dublin
pwh23,http://www.karlwhelan.com,University College Dublin
pla387,http://www.albany.edu/~klahiri/,"University at Albany, State University of New York (SUNY)"
pko698,http://web.mit.edu/lkogan2/www/,Massachusetts Institute of Technology (MIT)
pho55,https://sites.google.com/view/horvath/,Univerzita Karlova v Praze
pfo64,http://www.ecn.ulaval.ca/~bfor,Université Laval
pgi270,http://personal.lse.ac.uk/gibbons,London School of Economics (LSE)
pmu32,https://www.fox.temple.edu/directory/ram-mudambi-rmudambi,Temple University
psh190,https://sites.google.com/ozshy.com/ozshy,Federal Reserve Bank of Atlanta
pco44,http://fabcol.free.fr,Toulouse School of Economics (TSE)
pde313,http://manthosdelis.wix.com/manthosdelis,Audencia Nantes École de Management
pcu60,,World Bank Group
pdy1,https://www.susandynarski.com/,National Bureau of Economic Research (NBER)
psn9,http://www.hertie-school.org/en/who-we-are/profile/person/snower/,Centre for Economic Policy Research (CEPR)
pye42,http://www.stern.nyu.edu/~dyermack,New York University (NYU)
pto24,http://www.svt.ntnu.no/iso/ragnar.torvik/default.htm,Norges teknisk-naturvitenskaplige universitet (NTNU)
pta825,,
pso229,,
pgo158,https://sites.google.com/site/fgourio,Federal Reserve Bank of Chicago
pvo70,https://sites.google.com/view/tim-vogelsang-msu/,Michigan State University
pch1037,,Feng Chia University
pfa153,http://www.ifo.de,ifo Institut - Leibniz-Institut für Wirtschaftsforschung an der Universität München e.V.
ppo61,http://bingweb.binghamton.edu/~polachek/,State University of New York-Binghamton (SUNY)
pqu66,,International Food Policy Research Institute (IFPRI)
pva325,https://personal.eur.nl/hkvandijk/,
pes64,http://esteban.iae-csic.org,Barcelona School of Economics (BSE)
pwa298,,Luxembourg Institute of Socio-Economic Research (LISER)
pcr27,,WU Wirtschaftsuniversität Wien
pfi50,https://www.insper.edu.br/pt/docentes/sergio-pinheiro-firpo,Insper
pum41,,Lebanese American University
psc349,,Bank for International Settlements (BIS)
ppo66,,Universidade Nova de Lisboa
pke311,http://real-faculty.wharton.upenn.edu/benkeys/,University of Pennsylvania
ppa73,http://www.uh.edu/~dpapell/,University of Houston
pai26,http://econ.cam.ac.uk/aidt,University of Cambridge
pso51,https://sites.google.com/view/rodrigo-r-soares/,Insper
ppa393,,Istituto Einaudi per l'Economia e la Finanza (EIEF)
pki156,https://gkirchst.ulb.be,Université Libre de Bruxelles
pha113,https://www.card.iastate.edu/people/dermot-hayes,Iowa State University
pba751,https://sites.lsa.umich.edu/rudib/,ifo Institut - Leibniz-Institut für Wirtschaftsforschung an der Universität München e.V.
pba253,,Vrije Universiteit Amsterdam
pdo525,,University of International Business and Economics (UIBE)
pwo6,http://www.myrnawooders.com,Vanderbilt University
pwe79,http://www.econ.ucla.edu/poweill,National Bureau of Economic Research (NBER)
pba423,http://www.msu.edu/user/baillie,Michigan State University
pso437,https://sites.google.com/site/isaacsorkin/,Stanford University
pro188,,Scuola Superiore Sant'Anna
pmi190,http://www.andrewleigh.com/blog/?p=5335,
psc344,https://johannes-schmieder.com,Boston University
pch787,https://sites.google.com/site/davinchor/,Dartmouth College
pno13,https://www.sbs.ox.ac.uk/about-us/people/thomas-noe,Oxford University
pwi246,https://sites.google.com/site/mattwiswall/,Johns Hopkins University
pka338,https://joint-research-centre.ec.europa.eu/dartis-kancs_en,European Commission
pwa1023,https://eml.berkeley.edu/~crwalters/,University of California-Berkeley
pam57,https://sites.ucmerced.edu/amuedo-dorantes,University of California-Merced
pca260,http://sites.google.com/georgetown.edu/matthewcanzoneri/home,
par171,,Federal Reserve Bank of Minneapolis
ppe431,http://econ.duke.edu/~peretto/,Duke University
pca270,"http://www.carlocarraro.org/,https://www.unive.it/data/people/5592277/pubblicazioni",Università Ca' Foscari Venezia
pca537,http://sites.google.com/site/lorenzocaliendo/home,Yale University
pla110,http://saullach.weebly.com/,Hebrew University of Jerusalem
pki84,http://econ.korea.ac.kr/~cjkim/,Korea University
psc56,https://scaillet.ch,Université de Genève
pul22,,University of California-Riverside
pog2,,University College Dublin
pla608,http://www.hks.harvard.edu/fs/rlawrence/,Harvard University
pni197,https://researchmap.jp/read0012591?lang=en229520e17560c007669.html?mode=pc,Kobe University
pki184,https://philippkircher.com,Cornell University
pco188,https://economics.uq.edu.au/profile/2270/timothy-coelli,University of Queensland
pma705,http://econ.worldbank.org/staff/wmaloney,World Bank Group
pwh4,http://research.stlouisfed.org/econ/wheelock/,Federal Reserve Bank of St. Louis
pja142,,Copenhagen Business School
pbi95,,Claremont Graduate University
pwi6,http://www.econ.uzh.ch/en/people/faculty/winkelmann.html,Universität Zürich
pst198,http://www-rcf.usc.edu/~jstrauss,University of Southern California
pha48,https://www.nobelprize.org/prizes/economic-sciences/1994/harsanyi/facts/,
pot2,,Federal Reserve Bank of Dallas
pbr269,https://www.cbe.anu.edu.au/about-us/about-us/people/?profile=Markus-Brueckner&tab=biograph,Australian National University
pme29,,New York University (NYU)
pka371,https://econ.uconn.edu/person/chihwa-kao/,University of Connecticut
pgi147,http://www.yale.edu/gillingham,Yale School of the Environment
pch972,https://sites.google.com/site/alexanderchudik/,Federal Reserve Bank of Dallas
pbl21,,University of Warwick
pmo126,https://ce.gatech.edu/directory/person/patricia-l-mokhtarian,Georgia Institute of Technology - School of Civil & Environmental Engineering
pha974,http://www.econ.ucla.edu/harberger,University of California-Los Angeles (UCLA)
pmo43,,Bank for International Settlements (BIS)
par34,http://www.boraganaruoba.com,University of Maryland
pva218,http://www.ulb.ac.be/cours/solvay/vanpottelsberghe/,Université Libre de Bruxelles
pve215,http://www9.georgetown.edu/faculty/fgv/,Georgetown University
phi15,http://econ.biu.ac.il/en/hillman,Bar Ilan University
psh65,http://www.federalreserve.gov/research/staff/sharpestevea.htm,Federal Reserve Board (Board of Governors of the Federal Reserve System)
pwa224,http://rjwaldmann.blogspot.com,
ppa539,,University of California-Davis
pvi9,https://www.nobelprize.org/prizes/economic-sciences/1996/vickrey/,
pen132,https://economics.ucsd.edu/faculty-and-research/faculty-profiles/engelberg.html,University of California-San Diego (UCSD)
pma225,http://www.ralfmartin.me.uk,London School of Economics (LSE)
pst261,https://startz.weebly.com/,University of California-Santa Barbara (UCSB)
pst3,https://sites.google.com/view/rolandstrausz/home,Centre for Economic Policy Research (CEPR)
ppe255,,Banco de España
pca42,https://obits.cleveland.com/obituaries/cleveland/obituary.aspx?n=charles-t-carlstrom&pid=177430471&f,
ppe58,,Universiteit van Amsterdam
pca67,https://sites.google.com/view/jeffreycarpentershomepage/home,Middlebury College
plo422,,
pta912,,Carnegie Mellon University
ppo171,http://sites.google.com/site/jjmpotters/,Universiteit van Tilburg
phe527,http://scholar.harvard.edu/hendren/home,Harvard University
pkl9,http://www.tufts.edu/~mklein/,Tufts University
ply9,http://faculty.haas.berkeley.edu/lyons/,University of California-Berkeley
pca484,,
pfi133,https://eepe.ethz.ch/people/professor/massimo-filippini.html,Universitá della Svizzera Italiana (USI)
pma336,http://www.marinescu.eu,"University of Pennsylvania, School of Social Policy & Practice"
pwa65,,Federal Reserve Board (Board of Governors of the Federal Reserve System)
pga245,https://sites.google.com/view/ceciliagarciapenalosa,Aix-Marseille Université
pho151,http://www.teckho.com/,National University of Singapore (NUS)
pok11,,Keio University
pre6,https://carey.jhu.edu/faculty/faculty-directory/alessandro-rebucci-phd,Johns Hopkins University
pna56,http://www.tommasonannicini.eu,Università Commerciale Luigi Bocconi
pma513,https://crei.cat/people/martin/,Barcelona School of Economics (BSE)
pla224,https://sites.google.com/view/fabianlange/home,McGill University
pli391,http://www.lippi.ws,Istituto Einaudi per l'Economia e la Finanza (EIEF)
pol64,https://www.unige.ch/gsem/fr/recherche/corps-professoral/tous/marcelo-olarreaga/,Université de Genève
png19,https://research.monash.edu/en/persons/yew-kwang-ng,Monash University
pch519,https://faculty.chicagobooth.edu/pradeep-chintagunta,University of Chicago
pst389,https://bit.ly/3yPEeU7,Göteborgs Universitet
pba824,https://www.michaeldbauer.com,Federal Reserve Bank of San Francisco
psh497,,George Washington University
ppa681,,Indiana University
pha804,http://www.justinehastings.com,University of Washington
pch595,https://sites.google.com/site/jpchevallier,Université Paris-Saint-Denis (Paris VIII)
pgi71,https://www.nottingham.ac.uk/economics/people/index.aspx,University of Nottingham
pja222,http://www.sesp.northwestern.edu/profile/?p=21526&/KiraboJackson/,Northwestern University
pel109,https://sites.google.com/view/toddelder/,Michigan State University
pbi197,,
pku6,http://fkubler.googlepages.com/,Universität Zürich
pwi356,,University of Sheffield
pri248,http://www.econ.pitt.edu/fantin/,University of Pittsburgh
pge41,,
pst274,http://www.hendrix.edu/maer-network/default.aspx?id=15184&ns1_mtid=15184&ns1_mtt=1&ns1_mid=33,Deakin University
plo13,http://www.rug.nl/staff/b.los/,Rijksuniversiteit Groningen
pma547,https://sites.google.com/site/bartoszamackowiak/,European Central Bank
pko254,https://sites.google.com/site/dimitriskorobilis/Research,University of Glasgow
pgo428,,Peter G. Peterson Institute for International Economics (IIE)
pya337,http://ihome.ust.hk/~cehyang/,Hong Kong University of Science and Technology
pwi1,,Ludwig-Maximilians-Universität München
pcr53,,London School of Economics (LSE)
pwa169,https://english.phbs.pku.edu.cn/2019/fulltime_0920/118.html,Peking University
pro229,https://sites.google.com/site/dprohner/,The Graduate Institute of International and Development Studies
pga447,,Université de Montréal
pal171,http://ksghome.harvard.edu/~allcoth/,Harvard University
pgi131,https://sites.google.com/site/decrgxaviergine/home,World Bank Group
pji212,,Banco de España
pki18,,Seoul National University
pai9,,Brown University
pba129,https://sites.google.com/view/gbarlevy,Federal Reserve Bank of Chicago
phe470,https://www.econ.uzh.ch/en/people/faculty/hemous.html,Universität Zürich
pfi93,,
pge21,,Organisation de Coopération et de Développement Économiques (OCDE)
pst527,http://laits.utexas.edu/~stahl/Stahl.html,University of Texas-Austin
pba599,https://sites.google.com/site/baumsnow/home,University of Toronto
psl34,,Duke University
pzh156,,Peking University
pba283,http://pareto.uab.es/sbarbera,Barcelona School of Economics (BSE)
pde305,https://sites.google.com/site/bramderock,Université Libre de Bruxelles
pvi23,,University of Washington
pga472,http://pareto.uab.es/lgambetti/,Barcelona School of Economics (BSE)
pbe206,https://sites.google.com/view/gianlucabenigno,Centre for Economic Policy Research (CEPR)
pca74,https://sites.google.com/site/efremcastelnuovo/,Università degli Studi di Padova
pkl8,http://en.wikipedia.org/wiki/Lawrence_Klein,
phe315,http://sites.gsu.edu/gheutel/,Georgia State University
pmc17,,Boston University
pve11,http://www.gustavoventura.com/,Arizona State University
pox4,,University of Waikato
pch1446,http://yanchen.people.si.umich.edu/,University of Michigan
ple6,http://www.keunlee.com,Chung-Ang University
pgl23,,University of California-Irvine
pko589,,London Business School (LBS)
pfe73,http://www.stanford.edu/~jfearon/,
ple337,,European Central Bank
pma158,http://www.sas.upenn.edu/~manovski/,University of Pennsylvania
pow3,http://research.stlouisfed.org/econ/owyang,Federal Reserve Bank of St. Louis
pna12,https://www.jamesmnason.net/,Australian National University
pfo48,https://sites.google.com/site/alessandrafoglisite/,Federal Reserve Bank of Minneapolis
pco725,,University of Waikato
pfi199,http://elsa.berkeley.edu/econ/faculty/finan_f.shtml,University of California-Berkeley
pdr111,,Northwestern University
pme152,,University of California-Berkeley
psu92,http://www.cemfi.es/~suarez,Centro de Estudios Monetarios y Financieros (CEMFI)
pmi139,,
pun2,https://sites.bc.edu/utku-unver,Deakin University
pgy1,http://gylfason.hi.is,Centre for Economic Policy Research (CEPR)
pmc26,https://sites.tufts.edu/margaretmcmillan/,Tufts University
plu38,http://www.richmondfed.org/research/economists/bios/lubik_bio.cfm,Federal Reserve Bank of Richmond
pmo697,http://personal.unizar.es/jamolina/,Universidad de Zaragoza
pta193,https://sites.google.com/site/georgetavlasresearch/home,Bank of Greece
pca97,https://www.iae.csic.es/people/faculty/cardoso-ana-rute,Barcelona School of Economics (BSE)
pwi242,,
pki2,https://sites.google.com/site/homepagejfk/,Universiteit van Amsterdam
pal73,https://sites.google.com/view/carlo-altavilla/home,European Central Bank
pch386,https://www.chichilnisky.com/,Columbia University
pri51,https://www.empiricalecon.rw.fau.de/team/prof-regina-t-riphahn-ph-d/,Friedrich-Alexander-Universität Erlangen-Nürnberg
pbr467,https://sites.google.com/site/abelbrodeur/,Université d'Ottawa
pca439,http://www.econ.ucdavis.edu/faculty/scarrell/,University of Texas-Austin
pla255,,
pca519,https://econ.williams.edu/profile/gcaprio/,Williams College
pha378,http://www.aei.org/scholars/scholarID.26/scholar.asp,Hoover Institution on War Revolution & Peace
pst255,http://economics.uwo.ca/faculty/stinebrickner/,University of Western Ontario
pzh588,,Tsinghua University
pfo220,http://sites.google.com/a/newschool.edu/duncan-foley-homepage/home,The New School
pat68,https://www.mit.edu/~atkin/,Massachusetts Institute of Technology (MIT)
pan132,http://jamesang.weebly.com/,Nanyang Technological University
ppo94,,Stanford University
pca475,http://en.wikipedia.org/wiki/David_Cass,
pst145,,University of Michigan
pde113,https://www.parisschoolofeconomics.eu/fr/demange-gabrielle/,Paris School of Economics
ple284,https://hooilean.wordpress.com/,"Institute of International Education, New Era University College"
pma874,http://www.tuck.dartmouth.edu/faculty/faculty-directory/erin-mansur,Dartmouth College
pwu69,http://arec.oregonstate.edu/faculty2/wu.html,North Carolina State University
pvi304,http://faculty.london.edu/vvig,London Business School (LBS)
pwo109,,UNESCO IICBA
pth2,,
phu263,,
psc42,http://schmidt-hebbel.com,Universidad del Desarrollo
pot1,http://faculty.unibocconi.eu/marcom.ottaviani/,Università Commerciale Luigi Bocconi
ppl107,https://www.mikkelpm.com,University of Chicago
pma1059,,University of California-Davis
pha1028,https://sites.google.com/site/johnhamecon/home,New York University Abu Dhabi
pwa234,http://www.waugheconomics.com/,Federal Reserve Bank of Minneapolis
phe137,https://www.zew.de/en/team/fhe/,Leibniz-Zentrum für Europäische Wirtschaftsforschung (ZEW)
pma385,https://www.parisschoolofeconomics.eu/en/margolis-david/,Paris School of Economics
pma753,http://www.janmagnus.nl/,Vrije Universiteit Amsterdam
pst139,http://www.ac.uk/collections/geographyandenvironment/whoswho/profiles/storper,London School of Economics (LSE)
pbo182,https://sites.google.com/view/walter-bossert/,Université de Montréal
pdo605,,Harvard University
pyu185,,London School of Economics (LSE)
pni5,,Organisation de Coopération et de Développement Économiques (OCDE)
pfl25,,International Monetary Fund (IMF)
pfa4,https://sites.google.com/view/giorgiofagiolo/home,Scuola Superiore Sant'Anna
pme170,http://people.anu.edu.au/xin.meng/,Australian National University
pdo313,http://www.utexas.edu/cola/depts/economics/faculty/donalds,University of Texas-Austin
pra52,https://rranciere.academia.edu/,Centre for Economic Policy Research (CEPR)
pbo190,https://www.maastrichtuniversity.nl/l-borghans,Maastricht University
ppa461,http://www.personeel.unimaas.nl/f.palm/,Maastricht University
pgr8,http://www.henridegroot.net,Tinbergen Instituut
pal240,,University of California-Davis
pgu220,http://faculty.chicagobooth.edu/veronica.guerrieri/,University of Chicago
pma1118,https://starebs.com/,Indian Institute of Foreign Trade (IIFT)
pde225,http://people.few.eur.nl/cdevries/,Erasmus Universiteit Rotterdam
ppe67,https://are.berkeley.edu/people/jeffrey-perloff,University of California-Berkeley
pma2031,http://mansur.masih.net,Universiti Kuala Lumpur
pco636,,Freie Universität Berlin
pma119,http://www.newyorkfed.org/research/economists/martin/index.html,Federal Reserve Bank of New York
pno17,http://www.volkernocke.com,Universität Mannheim
phr34,https://sites.google.com/site/jo4horner/,Toulouse School of Economics (TSE)
ppe152,http://www.newyorkfed.org/research/economists/pesenti/index.html,Federal Reserve Bank of New York
pal153,https://jim-albrecht.facultysite.georgetown.edu/,Georgetown University
pwa27,http://www.warwick.ac.uk/go/kfwallis,University of Warwick
psh256,http://home.uchicago.edu/~amshaikh,University of Chicago
ple543,https://www.uni-augsburg.de/en/fakultaet/wiwi/prof/bwl/lehmann/research/,Universität Augsburg
pva496,,University of California-San Diego (UCSD)
ppo12,http://fportier.wordpress.com/,University College London (UCL)
pne138,,University of Chicago
pba229,https://sbaier.wixsite.com/scottbaier,Clemson University
pbo10,http://www.cirano.qc.ca/~boyerm,Université de Montréal
pde1414,https://www.bu.edu/questrom/profile/jerome-detemple/,Boston University
ppa153,http://econ.msu.edu/faculty/papke/index.php,Michigan State University
pju101,,
pja188,,World Bank Group
phe224,https://sites.google.com/view/stephanheblich/about,University of Toronto
pzi120,https://sites.google.com/site/jamesziliak/,University of Kentucky
pti5,http://sites.google.com/site/cedrictilleheid/,The Graduate Institute of International and Development Studies
ppe207,http://www.wiwi.uni-frankfurt.de/en/departments/finance/lehrstuhl/prof-loriana-pelizzon/home-profess,Leibniz-Institut für Finanzmarktforschung SAFE (Sustainable Architecture for Finance in Europe)
pkr252,https://sites.google.com/site/vjkrishna/,Pennsylvania State University
pwa928,,Nanjing University of Science and Technology
pla492,https://sites.google.com/site/davidlagakos/home,Boston University
pro377,http://people.ucsc.edu/~jmrtwo,University of California-Santa Cruz (UCSC)
pbr58,,Arizona State University
pmo414,http://www.emanuelmoench.com,Frankfurt School of Finance and Management
pga362,https://research.monash.edu/en/persons/jiti-gao,Monash University
pgr439,http://en.wikipedia.org/wiki/Alan_Greenspan,
pel36,https://www.rug.nl/staff/j.p.elhorst/,Rijksuniversiteit Groningen
pla170,http://en.wikipedia.org/wiki/Sanjaya_Lall,
pna157,https://www.wimnaude.com,Rheinisch-Westfälische Technische Hochschule Aachen
psa80,http://pantheon.yale.edu/~ls529/~,Yale University
ptr222,,Gaidar Institute for Economic Policy
ptr38,http://gattonweb.uky.edu/faculty/Troske/,University of Kentucky
pta51,https://www.linkedin.com/in/andreatambalotti/,
pbe5,https://sites.google.com/view/samuel-bentolila-home,Centro de Estudios Monetarios y Financieros (CEMFI)
pai18,,University of Florida
pfe163,http://real-faculty.wharton.upenn.edu/fferreir/,University of Pennsylvania
pwa463,,Federal Reserve Bank of Atlanta
pst59,http://www.nottingham.ac.uk/Economics/people/chris.starmer,University of Nottingham
pve80,http://web.mit.edu/adrienv/www/,Massachusetts Institute of Technology (MIT)
pma134,https://sites.google.com/view/esfandiarmaasoumi/home,Emory University
pri30,http://www-rcf.usc.edu/~ridder/,University of Southern California
pcr3,https://business.purdue.edu/faculty/mcrucini/,Purdue University
pne64,http://people.bu.edu/afnewman,Boston University
pee3,,Lille Économie et Management (LEM)
par79,,
pzu31,http://www.sarahzubairy.com,Texas A&M University
pra33,http://research.stlouisfed.org/econ/ravikumar/,Federal Reserve Bank of St. Louis
pph1,https://sites.google.com/umn.edu/christopherphelan/home,University of Minnesota
pcr107,http://www.newyorkfed.org/research/economists/crump/index.html,Federal Reserve Bank of New York
pbr526,https://wisostat.uni-koeln.de/de/institut/professoren/breitung,Universität zu Köln
pya208,https://sites.google.com/york.ac.uk/takashi-yamagata/home,University of York
pbl45,,Paris School of Economics
pmo263,http://folk.uio.no/karlom,Universitetet i Oslo
pls1,http://www.loeschel.eu,Ruhr-Universität Bochum
pde117,http://www.carloalberto.org/people/faculty/fellows/del-boca/,Università degli Studi di Torino
pha154,http://www6.uis.no/ansatt/hausken/,Universitetet i Stavanger
pfe181,http://ferrer.iae-csic.org/,Barcelona School of Economics (BSE)
pso397,http://en.wikipedia.org/wiki/Kenneth_Sokoloff,
phi113,https://cesarhidalgo.com,Toulouse School of Economics (TSE)
pma1336,http://en.wikipedia.org/wiki/Beno%C3%AEt_Mandelbrot,
pgr26,http://www.iwh-halle.de/asp/Person.asp?rgp&lang=e,Leibniz-Institut für Wirtschaftsforschung Halle (IWH)
pya634,https://larisayarovaya.wordpress.com/,University of Southampton
pbl268,,Universidad de Alicante
pge209,https://sites.google.com/view/georgarakos,European Central Bank
pha883,http://www.hks.harvard.edu/fs/rhanna/,Harvard University
pma413,http://skmallick.busman.qmul.ac.uk,Queen Mary University of London
pco98,http://milescorak.com,City University of New York (CUNY)
pcl99,http://econweb.ucsd.edu/~j1clemens/,University of California-San Diego (UCSD)
pca392,https://sites.google.com/site/scalonico/,Columbia University
pja19,https://sites.google.com/berkeley.edu/michael-jansson/,University of California-Berkeley
pru237,,Georgia State University
pda64,,University College Dublin
pva480,https://voices.uchicago.edu/vavra/,University of Chicago
pbl88,,Stockholm School of Economics
pwi122,http://www.msu.edu/~ec/faculty/wilson/wilson.html,Michigan State University
pni159,,Federal Reserve Bank of Minneapolis
pda222,,Duke University
pkh256,,Harvard University
pmc174,http://www.people.virginia.edu/~jem6x,University of Virginia
pgr130,http://www.econ.queensu.ca/pub/faculty/gregory/,Queen's University
pme62,http://www4.gsb.columbia.edu/cbs-directory/detail/138231/Stephan+Meier,Federal Reserve Bank of Boston
pma1138,,Università degli Studi di Torino
pdh6,,UC Berkeley School of Law
pst501,,Instituto Tecnológico y de Estudios Superiores de Monterrey (ITESM)
pmu110,http://homepage.univie.ac.at/Dennis.Mueller/,Universität Wien
pro223,,University of Florida
pfa13,,China Agricultural University
pbo515,,Royal Holloway
pya379,http://www.econ.berkeley.edu/~yagan,University of California-Berkeley
pwi457,https://sites.google.com/view/willenresearch/home,Federal Reserve Bank of Boston
pst89,https://www.uu.nl/staff/FCStam,Universiteit Utrecht
pge353,http://sites.google.com/site/gerzoo00/home,Johns Hopkins University
pcr135,https://sites.google.com/site/brunocrepon/home,Centre de Recherche en Économie et Statistique (CREST)
pma929,http://www.eonerc.rwth-aachen.de/fcn,Rheinisch-Westfälische Technische Hochschule Aachen
pgu126,,Northwestern University
pbl229,http://www.nottingham.ac.uk/economics/people/michael.bleaney,University of Nottingham
pva16,http://www1.fee.uva.nl/scholar/,Universiteit van Amsterdam
pla306,http://douglaslaxton.org,
pis15,http://myweb.fsu.edu/misaac/,Florida State University
pji14,https://www.bde.es/investigador/en/menu/people/research_staff_a/Jimeno_Serrano__Juan_Francisco.html,Banco de España
pri265,,University of Illinois at Chicago
pgr216,http://en.wikipedia.org/wiki/Edward_Gramlich,
pmi250,http://www.economics.harvard.edu/faculty/miron/miron.html,Harvard University
pma1585,https://personal.lse.ac.uk/martiniw/,London School of Economics (LSE)
pst591,https://fordschool.umich.edu/faculty/robert-stern,
pwu3,http://faculty.baruch.cuny.edu/lwu/,City University of New York (CUNY)
pca496,http://www.columbia.edu/~ac186/,Columbia University
pbo856,https://www.researchgate.net/profile/Lutz_Bornmann,"Max Planck Gesellschaft, Generalverwaltung (Max Planck Society, Administrative Headquarters)"
pst689,,Stockholms Universitet
pla288,http://lucalambertini.altervista.org/luca-lambertinis-home-page/?doing_wp_cron=1607329559.1135280132,Alma Mater Studiorum - Università di Bologna
pbo1012,https://sites.google.com/view/borusyak/,University College London (UCL)
por6,https://www.econ.iastate.edu/people/peter-orazem,Iowa State University
pal30,https://sites.google.com/site/stefaniaalbanesi/,University of Miami
pmo270,http://www.bus.lsu.edu/mocan/,Louisiana State University
pre66,https://frischsenteret.no/person-details/?person_id=knutro,Universitetet i Oslo
pst180,,University of Colorado
pwi55,http://www.ma.huji.ac.il/~mseyal/,Lancaster University
pgr247,http://www.bristol.ac.uk/cmpo/people/researchers/gregg/,University of Bath
pes29,,Rensselaer Polytechnic Institute
pho173,https://www.polver.uni-konstanz.de/hoeffler/team/prof-dr-anke-hoeffler/,"Universität Konstanz, Fachbereich Politik- und Verwaltungswissenschaft (University of Konstanz, Department of Politics and Public Administration)"
pho27,http://mason.gmu.edu/~dhouser,George Mason University
pfa201,http://www.doynefarmer.com,Oxford University
pdr53,http://www.bis.org/author/mathias_drehmann.htm,Bank for International Settlements (BIS)
pke88,,
pbe183,https://sites.google.com/site/bobecker2/,Stockholm School of Economics
ppa129,https://people.bu.edu/paserman,Boston University
pas75,http://www.bates.edu/news/2011/08/25/aschauer-death-announcement/,
pgu29,https://sites.google.com/site/timothywguinnanec/,Yale University
pgo236,http://www.hec.unil.ch/people/lgoette,Université de Lausanne
pni105,,Bar Ilan University
pbe413,,Stanford University
psc225,https://www.rug.nl/staff/l.j.r.scholtens/,Rijksuniversiteit Groningen
pwe7,,Vanderbilt University
pmc138,https://alisdairmckay.com,Federal Reserve Bank of Minneapolis
pmo473,,International Monetary Fund (IMF)
pse40,,Boston College
pga26,http://www.carloalberto.org/people/garibaldi/,Università degli Studi di Torino
pmo351,http://www.news.ucdavis.edu/search/news_detail.lasso?id=9550,
pzh43,http://www.xiaodongzhu.net,University of Hong Kong
pos39,http://home.uchicago.edu/~eoster/,Brown University
pco678,,
pjo135,https://sites.google.com/view/jbjones-albany/home,Federal Reserve Bank of Richmond
pmc38,https://sites.google.com/site/petermcadamshomepage/home,European Central Bank
pru142,http://www.cepe.ethz.ch/people/profs/thomarut,University of Wisconsin-Madison
pte2,https://www.econ.iastate.edu/tesfatsi/,Iowa State University
ppe19,http://www.eief.it/eief/index.php/people/faculty-az?id=174,Istituto Einaudi per l'Economia e la Finanza (EIEF)
pta111,,Fundação Getúlio Vargas (FGV)
pgu327,https://sites.dartmouth.edu/agustman/,Dartmouth College
pni171,,ifo Institut - Leibniz-Institut für Wirtschaftsforschung an der Universität München e.V.
pet16,https://www.unifi.it/p-doc2-2019-0-A-2d2a362a3b28-0.html,Università degli Studi di Firenze
pla809,,
pka128,,Hebrew University of Jerusalem
pkh243,http://econ.jhu.edu/directory/m-ali-khan/,Johns Hopkins University
pta65,http://www.otalavera.com,University of Birmingham
pla219,,Universiti Putra Malaysia (UPM)
pwe74,http://www.bruceweinberg.net,Ohio State University
psk75,,World Bank Group
pge82,http://homepage.univie.ac.at/thomas.gehrig/,Universität Wien
pha381,http://www.econ.yale.edu/~pah29/,Yale University
pha444,https://sites.google.com/view/kazunobu-hayakawa/home,Government of Japan
pwr23,http://are.berkeley.edu/~wright,University of California-Berkeley
pvo43,https://www.jura.uni-hamburg.de/die-fakultaet/personenverzeichnis/voigt-stefan.html,Universität Hamburg
pse334,,University of Nottingham
ppr159,https://www.wu.ac.at/economics/mitarbeiter-innen/prettner-k/,WU Wirtschaftsuniversität Wien
pam56,,University of Iowa
pst825,,Universidad de San Andrés
pmi131,http://faculty.insead.edu/mihov/,INSEAD
pho142,,Federal Reserve Bank of Richmond
pca309,,
pmc78,https://netfiles.uiuc.edu/mcmillen/www/,University of Illinois at Urbana-Champaign
psp34,https://haas.berkeley.edu/faculty/spiller-pablo/,University of California-Berkeley
psu42,https://personal.utdallas.edu/~d.sul/,University of Texas-Dallas
pst237,http://scholar.harvard.edu/tomasz/,Harvard University
pmi1108,https://prachimishra.in/,Ashoka University
pel126,https://www.ed.ac.uk/profile/prof-mike-elsby,University of Edinburgh
pmo418,,Federal Reserve Bank of New York
pdu26,http://www.tse-fr.eu/people/pierre-dubois,Toulouse School of Economics (TSE)
pra93,https://economics.uq.edu.au/profile/2330/prasada-rao,University of Queensland
pfl14,,
pro875,,Stockholms Universitet
poc37,,Banco de la Republica de Colombia
pyi32,https://faculty.fiu.edu/~hyilmazk/,Florida International University
pra615,http://ronaldratti.com,University of Missouri
pen106,,Harvard University
pkr231,http://www.econ.ku.dk/ctk,Københavns Universitet
pru3,https://sites.google.com/site/frugemurcia/,McGill University
pga953,http://sites.google.com/view/davidgabauer,Lincoln University
pwh13,,Pennsylvania State University
ple321,http://sites.google.com/site/danielledermanworldbank/,Texas A&M University
phe219,http://wpcarey.asu.edu/directory/stafffaculty.cfm?cobid=2148031,
pfa31,https://giovannifacchini.wixsite.com/scientist-site,University of Nottingham
pbe63,https://agecon.unl.edu/beghin,University of Nebraska
pmc28,,George Mason University
pme156,,
pco156,http://www.birmingham.ac.uk/economics-matt-cole,University of Birmingham
psb1,http://www.newyorkfed.org/research/economists/sbordone/index.html,Federal Reserve Bank of New York
pbr854,https://www.heinz.cmu.edu/faculty-research/profiles/branstetter-lee,Carnegie Mellon University
pos1,http://www.economics.utoronto.ca/osborne/index.html,University of Toronto
pan244,https://nikolaosantonakakis.com,University of Nicosia
psr34,http://faculty.haas.berkeley.edu/dsraer/,University of California-Berkeley
pca89,http://www.jyrc.org,University of Notre Dame
pda295,http://www.di.ens.fr/~aspremon/Claude/,Université Catholique de Louvain
pyo3,https://sites.google.com/view/ericyoung/home,University of Virginia
pwe284,,
pxi26,,Boston College
psc107,https://www.creedexperiment.nl/creed/people.php?name=arthur,Universiteit van Amsterdam
pru113,http://sites.google.com/site/michelerutasite/,International Monetary Fund (IMF)
pgi20,http://raffaellagiacomini.wix.com/research,University College London (UCL)
por40,,University of Pennsylvania
ple252,http://www.spatial-econometrics.com,University of Toledo
pma1262,http://www.unife.it/dipartimento/economia/pubblicazioni/quaderni-del-dipartimento,Sustainability Environmental Economics and Dynamics Studies (SEEDS)
pmo364,https://www.tse-fr.eu/people/michel-moreaux,
pst44,https://publicchoice.gmu.edu/thomas-stratmann,George Mason University
pfr43,http://post.economics.harvard.edu/faculty/fryer/fryer.html,Harvard University
pdu147,,University of Warwick
pca561,https://www.nhh.no/en/employees/faculty/alexander-wright-cappelen/,Norges Handelshøyskole (NHH)
pnt7,,University of Southampton
pbj6,http://www.sofi.su.se/~abj/,Stockholms Universitet
pgr508,https://crest.science/user/Jean-Michel-GRANDMONT/,Università Ca' Foscari Venezia
pho549,,Universitetet i Oslo
pre371,http://www.davidreiley.com,"Google, Inc."
ppa1068,,University of Miami
pca428,https://filipecampante.org,Johns Hopkins University
pde20,http://sites.google.com/site/giannidefraja/,University of Nottingham
pca168,,
pbo305,https://sites.google.com/view/ericwbond,Vanderbilt University
pla570,,Georgia State University
pfe231,http://www.trfetzer.com,University of Warwick
pba894,,University of Birmingham
pso60,http://www1.eeg.uminho.pt/economia/rjsousa/,Universidade do Minho
pki15,http://www.siaw.unisg.ch/org/siaw/web.nsf/wwwPubPersonEng/Kirchg%C3%A4ssner+Gebhard?opendocument,
plo34,https://www.economics.ox.ac.uk/faculty/hamish-low,Oxford University
pmo593,,Williams College
pma140,http://www.johnmatsusaka.com,University of Southern California
ppo702,,University of Chicago
pru241,http://www.nasonline.org/member-directory/deceased-members/50953.html,
pto34,http://maximotorero.com,United Nations
psp16,http://www.antoniospilimbergo.com/,University of Michigan
ppa5,https://economics.illinois.edu/profile/parente,University of Illinois at Urbana-Champaign
plu199,http://www.luttmer.org,University of Minnesota
pca1469,,University of Reading
pth3,http://homepages.ed.ac.uk/jthomas1/,University of Edinburgh
pke44,,Cornell University
pbu181,,University of California-Berkeley
psq3,,
ppf1,https://eeecon.uibk.ac.at/~pfaffermayr/,Österreichisches Institut für Wirtschaftsforschung (WIFO)
pha10,http://homepage.univie.ac.at/nikolaus.hautsch/,Universität Wien
ple206,https://www.PeterLeeson.com,George Mason University
pdu64,,International Monetary Fund (IMF)
pha227,,Federal Reserve Board (Board of Governors of the Federal Reserve System)
pma178,http://econ.ucsd.edu/~mmachina/,University of California-San Diego (UCSD)
pte49,http://www.marcoterrones.com/,Universidad del Pacífico
pzo41,,Háskóla Íslands
pst380,https://sites.google.com/site/adamstoreygard/,Tufts University
pfa388,https://www.epfl.ch/labs/sfi-rf/,École Polytechnique Fédérale de Lausanne (EPFL)
psc169,,Asian Infrastructure Investment Bank
pst458,http://aysps.gsu.edu/paula-stephan.html,National Bureau of Economic Research (NBER)
ppr38,https://www.linkedin.com/in/mirjamvanpraag/?originalSubdomain=nl,Centre for Economic Policy Research (CEPR)
psa30,http://www.rich.frb.org/research/economists/Pierre-Daniel_Sarte.cfm,Federal Reserve Bank of Richmond
psh307,http://sites.google.com/site/romansheremeta/,Case Western Reserve University
pru83,https://doi.org/10.1002/cjas.1292,
pch1518,https://sites.google.com/site/inkoocho/,Emory University
pkh17,http://www.diw.de/de/diw_01.c.100376.de/ueber_uns/menschen_am_diw_berlin/mitarbeiter/innen/mitarbeit,DIW Berlin (Deutsches Institut für Wirtschaftsforschung)
pia22,https://web.unica.it/unica/page/it/simona_iammarino,Gran Sasso Science Institute (GSSI)
pya156,http://savage.wharton.upenn.edu,University of Pennsylvania
pha247,https://www.gsb.stanford.edu/faculty-research/faculty/bard-harstad,Stanford University
ple714,http://www.econ.ucsb.edu/~sleroy/webpage/,University of California-Santa Barbara (UCSB)
pra180,https://files.stlouisfed.org/files/htdocs/publications/review/2016-06-17/in-memoriam-robert-h-rasche,
pbu91,,Resources for the Future (RFF)
pdu98,,Oberlin College
pde627,http://www.rug.nl/staff/g.j.de.vries/index,Rijksuniversiteit Groningen
pna134,https://www.upf.edu/web/rosemarie-nagel,Barcelona School of Economics (BSE)
ple65,http://leuven.economists.nl,Universitetet i Oslo
psp2,https://blogs.ubc.ca/barbaraspencer/,University of British Columbia
pli213,https://sites.google.com/site/cmikaellindahl/home,Göteborgs Universitet
pga415,http://www.piie.com/staff/author_bio.cfm?author_id=653,Peter G. Peterson Institute for International Economics (IIE)
phu202,http://www.unifr.ch/appecon/en/team/martin-huber/,Université de Fribourg - Universität Freiburg
pha151,https://sites.google.com/view/jamesharrigan/home,University of Virginia
pwe195,http://www.niesr.ac.uk/staff/staffdetail.php?StaffID=226,King's College London
pha6,http://www.stanford.edu/~hammond/,University of Warwick
pwa151,http://www.alex-wagner.com,Centre for Economic Policy Research (CEPR)
pto82,http://faridtoubal.com/,Université Paris-Dauphine (Paris IX)
pdi467,http://www.stanford.edu/diamondr,Stanford University
pfi15,,
pfa1,https://faculty.insead.edu/fatas,INSEAD
pba280,http://business-school.exeter.ac.uk/about/people/profile/index.php?web_id=Ian_Bateman,University of Exeter
pbe105,https://www.parisschoolofeconomics.eu/fr/benassy-quere-agnes/,Paris School of Economics
pya366,http://yanagizawadrott.com,Universität Zürich
pfu45,https://profmichaelfunke.de/,Universität Hamburg
pal199,http://www.ophi.org.uk,Oxford University
pno88,,Oxford University
pzh370,http://authors.repec.org/pro/pzh370/,Hunan University
ppa91,https://hpatrinos.com/,Luxembourg Institute of Socio-Economic Research (LISER)
pba542,http://sites.google.com/site/regisbarnichon/,Federal Reserve Bank of San Francisco
pca605,http://www.albertocavallo.com,Harvard University
pgr309,,
ppo168,http://sandraponcet.weebly.com/,Centre d'études prospectives et d'informations internationales (CEPII)
ptr286,https://www.danieltreisman.org/,"University of California, Los Angeles, Department of Political Science"
pce135,http://www.eugeniocerutti.com/,International Monetary Fund (IMF)
ple705,http://www.hss.caltech.edu/~jledyard/,California Institute of Technology
pcu15,http://fic.wharton.upenn.edu/fic/,Temple University
pgr95,http://bryangraham.github.io/econometrics/,University of California-Berkeley
psa492,http://www.tau.ac.il/~sadka/,Tel Aviv University
pka189,http://www.columbia.edu/~nk2339,Yale University
pli57,https://sites.bu.edu/blipman/,Boston University
pli374,,
pba328,https://spencerbanzhaf.wordpress.ncsu.edu,National Bureau of Economic Research (NBER)
pan114,http://staff.cbs.dk/sa,Copenhagen Business School
pde134,http://www.lse.ac.uk/collections/IIM/whosWho/deMeza.htm,London School of Economics (LSE)
psc309,,University of Oregon
png37,https://sites.google.com/view/rachelngai/home,London School of Economics (LSE)
pdr2,,
pka612,http://mkandori.web.fc2.com/,University of Tokyo
psa2182,https://economics.cornell.edu/seth-sanders,Cornell University
pko2,http://www.kellogg.northwestern.edu/Faculty/Directory/Korajczyk_Robert.aspx,Northwestern University
pbu107,http://www.econ.ucla.edu/arielb/,University of California-Los Angeles (UCLA)
pja61,,"Universität Bern, Institut für Soziologie"
pvo82,https://www.anderson.ucla.edu/faculty_pages/nico.v/,University of California-Los Angeles (UCLA)
pmo81,http://personal.rhul.ac.uk/uhte/023/,Royal Holloway
pha354,http://www.econ.jhu.edu/People/Harrington/,Johns Hopkins University
ppa228,https://www.ivey.uwo.ca/faculty/directory/simon-parker/,University of Western Ontario
ppe479,https://sites.google.com/site/georgegpennacchi/,University of Illinois at Urbana-Champaign
pmi38,https://sites.google.com/site/pdmizen/,Bank of England
pta479,https://orcid.org/0000-0001-5446-7093,"Tokai University, School of Global Studies (Tokai University, School of Global Studies)"
ple364,,Université de Pau et des Pays de l'Adour
pba961,http://sites.google.com/site/samuelbazzi/,Boston University
ple192,http://www.plegros.net,Université Libre de Bruxelles
pim5,https://sites.google.com/usc.edu/ayse-imrohoroglu/home,University of Southern California
pca55,,World Bank Group
pah63,http://personal.lse.ac.uk/ahlfeldg/,London School of Economics (LSE)
pda67,,
pbe249,http://www.econ.ucdavis.edu/faculty/bergin/,University of California-Davis
ppa494,https://personal.eur.nl/paap/,Erasmus Universiteit Rotterdam
pho493,https://scholar.princeton.edu/kateho,
pzh243,http://ssrn.com/author=201341,Hong Kong University of Science and Technology (HKUST)
pcr20,http://gcruces.cedlas.org,Universidad de San Andrés
ppa683,https://sites.google.com/site/fernandoparro1,Pennsylvania State University
pva83,https://www.dnb.nl/en/research/personal-pages/maarten-van-rooij/,de Nederlandsche Bank
pbr129,https://sites.google.com/view/martinbrown,Universität St. Gallen
psc28,https://www.nobelprize.org/prizes/economic-sciences/1979/schultz/facts/,
pau84,https://people.stanford.edu/aauclert/,Stanford University
pas34,https://sites.google.com/view/gbasheim,Universitetet i Oslo
pbr127,https://www.nuffield.ox.ac.uk/people/profiles/stephen-broadberry/,Centre for Economic Policy Research (CEPR)
plu193,https://sites.google.com/site/atpetterlundborg/,Lunds Universitet
pch1190,https://www.inchoi.site,Sogang University
psp64,https://sites.google.com/site/giancarlospagnoloshomepage/,"Università degli Studi di Roma ""Tor Vergata"""
pca441,,Università degli Studi di Padova - Dipartimento di Scienze Statistiche
pfa9,http://patriot.net/~faustj/jon,Federal Reserve Board (Board of Governors of the Federal Reserve System)
pba317,,Kühne Logistics University
pso320,http://www.creedexperiment.nl/creed/people.php?name=sonnemans,Universiteit van Amsterdam (University of Amsterdam)
pga233,http://faculty.las.illinois.edu/fgahvari/,University of Illinois at Urbana-Champaign
pfi118,https://sites.google.com/site/decrgdeonfilmer/,World Bank Group
pbu314,https://www.sciencespo.fr/department-economics/en/researcher/moshe-buchinsky.html,Sciences Po
phu151,,Vanderbilt University
par32,https://sites.google.com/site/mohamedarouri/,Université Côte d'Azur
pru22,http://www.kimjruhl.com,University of Wisconsin-Madison
psc769,https://www.bostonfed.org/people/bank/scott-schuh.aspx,Federal Reserve Bank of Boston
pbe977,https://sites.google.com/site/davidwberger/,Duke University
pmu153,,University of Nottingham
pfo39,https://www.sciencespo.fr/osc/fr/node/1609.html,Sciences Po
pro267,http://en.wikipedia.org/wiki/Robert_W._Rosenthal,
pba568,,
psh383,https://sites.wustl.edu/yshin,Washington University in St. Louis
pko37,https://www.en.econhist.econ.uni-muenchen.de/people/professoren/komlos1/index.html,Ludwig-Maximilians-Universität München
pbr146,https://sites.google.com/site/bramoulley/,Aix-Marseille Université
pku60,https://michaelkumhof.weebly.com/,Bank of England
pbe186,,London School of Economics (LSE)
plo30,,World Bank Group
per54,,"Centre for Household, Income, Labour and Demographic Economics (CHILD)"
psp114,https://sites.google.com/site/ysprumont/,Deakin University
pkl29,http://www.card.iastate.edu/facstaff/profile.aspx?id=24,Cornell University
pvr5,https://susan-vroman.facultysite.georgetown.edu/,Georgetown University
pba128,,Université de Namur
pga128,http://www.ehu.es/Gardeazabal,Universidad del País Vasco - Euskal Herriko Unibertsitatea
plo357,http://dare.agsci.colostate.edu/people/faculty/dr-john-b-loomis/,Colorado State University
pfr260,http://www.robert-h-frank.com,
pwe522,,
pfi241,https://www.iab.de/123/section.aspx/Mitarbeiter/26984670,Institut für Arbeitsmarkt- und Berufsforschung (IAB)
pmo240,http://www.econ.iastate.edu/faculty/moschini/,Iowa State University
pbu118,https://www.banque-france.fr/en/economics-statistics/research/economists-and-researchers/c,Banque de France
ple85,https://jlegallo.github.io/,"Institut National de Recherche pour l'Agriculture, l'Alimentation et l'Environnement (INRAE)"
pcu115,http://www.georgetown.edu/cumby/,Georgetown University
pla112,https://sites.google.com/view/sajal-lahiri/home,Southern Illinois University
ppr134,https://sites.google.com/site/professorbrucepreston/,UNSW Sydney
pma505,https://sites.google.com/a/georgetown.edu/annamariamayda/,Georgetown University
pba2,http://go.warwick.ac.uk/sbartram/,University of Warwick
pgu174,https://sites.google.com/site/pabloaguerronquintana/,Boston College
ppe83,,Wellesley College
psc22,https://www.wifa.uni-leipzig.de/iwp/team/schnabl.html,Universität Leipzig
pca164,http://www.business.uiuc.edu/campello/index.html,University of Illinois at Urbana-Champaign
pfa264,,Università degli Studi di Pisa
pco324,,University of Essex
pgo64,,University of Rochester
pgu2,https://euroamericanassociation.blogspot.com/2020/05/43-maria-carmen-guisan-professor-of.html,Universidade de Santiago de Compostela
pmu44,http://www.econweb.umd.edu/~murrell/,University of Maryland
pmi112,https://sites.google.com/site/alexmichaelidesucy/,Imperial College
pry5,http://homepages.ulb.ac.be/~frycx/,Université Catholique de Louvain
pha298,http://www.econ.queensu.ca/faculty/hartwick,Queen's University
pry32,https://sites.wustl.edu/stephenryan/,National Bureau of Economic Research (NBER)
pzi26,http://www.danielzizzo.com/,University of Queensland
pmi456,https://apps.wpcarey.asu.edu/directory/people/profile.cfm?person=2259044,Arizona State University
pgo188,http://www.gottlieb.ca,National Bureau of Economic Research (NBER)
pin31,https://robinnes.weebly.com/,University of California-Merced
pgu852,https://www.huseyingulen.com/,Purdue University
psn39,http://econ-www.mit.edu/faculty/snyder/,Massachusetts Institute of Technology (MIT)
pbe515,https://business.utsa.edu/faculty/profiles/beladi-hamid.html,University of Texas-San Antonio
pcl6,http://www.grgclarke.com,Texas A&M International University
ple240,https://sites.google.com/view/hervelebihaneconomics,Banque de France
pra423,http://faculty.fuqua.duke.edu/~rampini/,Duke University
pgr109,http://www.llakes.ac.uk/people/francis.green,"UCL Institute of Education, LLAKES Centre for Research on Learning and Life Chances"
pvo2,http://www.brown.edu/Departments/Economics/Faculty/Rajiv_Vohra/,Brown University
pma2008,https://web.iss.u-tokyo.ac.jp/~matsumur/,University of Tokyo
pne173,,Banca d'Italia
pas40,https://econ.williams.edu/profile/qha1/,Williams College
pva2,https://sites.google.com/view/basvanderklaauw,Vrije Universiteit Amsterdam
pbe959,https://www.danieljbenjamin.com/,University of Southern California
pko133,http://www.ckolstad.org,Stanford University
pdo227,http://www-personal.umich.edu/~kathrynd/index.html,University of Michigan
pmo433,https://molinari.economics.cornell.edu,Cornell University
pli466,https://economics.ucdavis.edu/people/fzlinder/peter-linderts-webpage,University of California-Davis
pwo172,http://economics.mit.edu/faculty/wolitzky,Massachusetts Institute of Technology (MIT)
pjo146,https://sites.google.com/site/robjohnson41/,University of Notre Dame
pma142,http://www.simonemanganelli.org,European Central Bank
psi689,,
pha224,https://sites.google.com/view/haider-webpage,Michigan State University
pbr231,,Oklahoma State University
pko215,,Leibniz-Institut für Wirtschaftsforschung Halle (IWH)
pgr144,,DIW Berlin (Deutsches Institut für Wirtschaftsforschung)
pbl129,http://www.pensions-institute.org/,City St George's
poi6,http://en.wikipedia.org/wiki/Walter_Oi,
pbr267,https://www.worldbank.org/en/about/people/m/miriam-bruhn,World Bank Group
pgr141,,University of York
pzi75,,Tel Aviv University
pgo104,https://sites.google.com/site/edgould,Centre for Economic Policy Research (CEPR)
pve110,https://www.crei.cat/people/jventura/,Barcelona School of Economics (BSE)
pji114,https://panlebarwick.github.io/,University of Wisconsin-Madison
pma403,http://www.econ.upenn.edu/~stevenma/,University of Pennsylvania
pbr256,https://www.icmacentre.ac.uk/people/chris-brooks,University of Reading
pko35,https://sites.google.com/a/bc.edu/hideo-konishi/,Boston College
pal158,http://www.hks.harvard.edu/fs/jaldy/,Harvard University
pog9,https://sites.google.com/site/masaoogakiphd/home,Doshisha University
psc151,http://www.diw.de/cv/en/cschroeder,DIW Berlin (Deutsches Institut für Wirtschaftsforschung)
pvo58,http://www.jonathanvogel.com,National Bureau of Economic Research (NBER)
pna205,http://mba.yale.edu/faculty/profiles/nalebuff.shtml,Yale University
pwa118,,Royal Holloway
phe77,https://www.econ.iastate.edu/people/david-hennessy,Iowa State University
pca133,https://sites.google.com/site/naurofcampos/,University College London (UCL)
pgo21,https://sites.google.com/view/pierogottardi/home,University of Essex
pre86,https://profiles.canterbury.ac.nz/Bob-Reed/about,University of Canterbury
pth283,,
ppa618,http://people.su.se/~palme/,Stockholms Universitet
pki134,http://sagiri.kitao.googlepages.com,National Graduate Institute for Policy Studies (GRIPS)
psi13,http://www.economics.utoronto.ca/siow,University of Toronto
pst400,https://sites.lsa.umich.edu/mstep/,University of Michigan
pmi365,,University of Calgary
pma305,,University of Auckland
pta756,https://www.dmitrytaubinsky.com/,University of California-Berkeley
pba279,http://nash-equilibrium.com,Indiana University
pla92,http://laf.bus.umich.edu,University of Michigan
pmi418,http://perseus.iies.su.se/~kmitm/,Centre for Economic Policy Research (CEPR)
psi59,https://faculty.mccombs.utexas.edu/Clemens.Sialm/,University of Texas-Austin
psh141,http://www.uwyo.edu/economics/faculty-staff/sherrill-shaffer/index.html,Australian National University
pfo15,https://www.nobelprize.org/prizes/economic-sciences/1993/fogel/facts/,
pve70,,INSEAD
pjo240,,Toulouse School of Economics (TSE)
pno75,http://www2.warwick.ac.uk/fac/soc/economics/staff/dnovy/,London School of Economics (LSE)
pgu134,http://www.lguerrieri.com,Federal Reserve Board (Board of Governors of the Federal Reserve System)
pri109,http://www.columbia.edu/~mhr21/,Columbia University
pfr24,http://www.econ.ubc.ca/fpatrick/index.htm,University of British Columbia
poo11,http://www.frankvanoort.com,Erasmus Universiteit Rotterdam
pda13,https://www.jean-pierre.danthine.ch,École Polytechnique Fédérale de Lausanne (EPFL)
pfu14,https://www1.ier.hit-u.ac.jp/en/teacher/issuance/index/fukao/,Hitotsubashi University
pko239,,Universiteit van Tilburg
pmi904,,University of Chicago
pba151,http://www.rwi-essen.de,RWI - Leibniz-Institut für Wirtschaftsforschung
pha76,http://www.olin.wustl.edu/faculty/hamiltonb,Washington University in St. Louis
psc295,,World Bank Group
pra60,http://xavier-ragot.fr/pages/research.html,Sciences Po
pli35,http://www.francescolissoni.com,Université de Bordeaux
pje78,http://remijedwab.com,George Washington University
par8,http://www.warwick.ac.uk/go/arulampalam/,University of Warwick
pdo567,,
pha1042,,Bank of England
pse237,https://www.newschool.edu/nssr/faculty/Mark-Setterfield/,The New School
pfi186,,Panteion University of Social and Political Sciences
pdo89,,
pga574,https://sites.google.com/monash.edu/lata-gangadharan/home?pli=1,Monash University
pga222,http://business.pitt.edu/katz/faculty/gal-or.php,University of Pittsburgh
pre75,https://www.aei.org/scholar/vincent-r-reinhart/,American Enterprise Institute
pva668,http://www.gsb.stanford.edu/users/jvb2,
pha672,http://www.lebow.drexel.edu/hammoudehs/,Drexel University
pbr656,,
pha1238,https://www.nottingham.ac.uk/economics/people/dave.harvey,University of Nottingham
pcl34,http://www.pubpol.duke.edu/people/faculty/clotfelter/index.html,Duke University
pst68,http://www2.warwick.ac.uk/fac/soc/economics/staff/faculty/stewart/,University of Warwick
pco481,http://econ.sciences-po.fr/staff/nicolas-coeurdacier,Sciences Po
pco852,https://sites.google.com/view/monicacostadias/home,Institute for Fiscal Studies (IFS)
pba1945,,Brunel University London
pca680,,Universidad de Navarra
pfl35,http://www.newyorkfed.org/research/economists/fleming,Federal Reserve Bank of New York
pku226,http://www.keithkuester.eu,Rheinische Friedrich-Wilhelms-Universität Bonn
pha8,https://sites.google.com/view/michaelhaliassos/home,Goethe Universität Frankfurt am Main
pwo44,http://www.guntramwolff.net,Bruegel
pbr257,http://en.wikipedia.org/wiki/David_Bradford_%28economist%29,
pdu4,http://www.ecn.ulaval.ca/~jyves/index.html,"Centre de Recherche sur les Risques, les Enjeux Économiques et les Politiques Publiques (CRREP)"
pva147,https://www.frbsf.org/our-people/economists/robert-valletta/,Luxembourg Institute of Socio-Economic Research (LISER)
pfr64,https://sites.google.com/site/peterfredrikssonuu/,Uppsala Universitet
pry6,http://sites.bu.edu/mrysman/,Boston University
pla158,,Duke University
pbi55,http://www.unive.it/persone/billio,Università Ca' Foscari Venezia
pko289,,Federal Reserve Bank of Richmond
pba175,http://www.wiwi.uni-bonn.de/bayer/,Rheinische Friedrich-Wilhelms-Universität Bonn
ptr17,https://sites.google.com/view/antonellatrigari/home,Università Commerciale Luigi Bocconi
pib6,http://pantheon.yale.edu/~ri23,Imperial College
pha558,http://www1.fee.uva.nl/pp/jhartog/,Universiteit van Amsterdam
pha107,https://www.clevelandfed.org/research/economists/haubrich-joseph-g,Federal Reserve Bank of Cleveland
pfa323,http://www.frankfabozzi.com,Groupe EDHEC (École de Hautes Études Commerciales du Nord)
ppr89,https://culverhouse.ua.edu/news/directory/michael-price/,University of Alabama-Tuscaloosa
pbe260,http://www.marcfbellemare.com,University of Minnesota-St. Paul
pko326,http://environment.yale.edu/kotchen,National Bureau of Economic Research (NBER)
pba685,https://barunik.github.io,Univerzita Karlova v Praze
pmu40,https://sites.google.com/view/toshimukoyama/home,Georgetown University
pga29,http://didattica.unibocconi.it/mypage/index.php?IdUte=49676&cognome=GALASSO&nome=VINCENZO&urlBackMy=,Università Commerciale Luigi Bocconi
pfr218,https://www.bis.org/author/jon_frost.htm,University of Cambridge
pbr825,https://www.american.edu/kogod/faculty/bruno.cfm,American University
pje16,http://www.sbs.oxford.edu/timjenkinson,Oxford University
pko394,http://www.scottkom.com/,Harvard University
pke165,,University of Pennsylvania
pta173,https://sites.google.com/view/robertftamura/home,Clemson University
pai25,https://karl.aiginger.wifo.ac.at/,Europaplattfrom Wien-Brüssel
pde5,,Leicester University
pwa898,https://schar.gmu.edu/about/faculty-directory/zhi-wang,University of International Business and Economics (UIBE)
pcr36,http://personal.lse.ac.uk/crescenz,London School of Economics (LSE)
piw9,https://researchmap.jp/ichiro_iwasaki/teaching_experience?lang=en,Okinawa University
psc293,,Österreichisches Institut für Wirtschaftsforschung (WIFO)
pha129,https://www.usp.br/nereus,Universidade de São Paulo
pla295,https://schaeffer.usc.edu/people/darius-lakdawalla-ph-d/,University of Southern California
pjo288,http://nielsjohannesen.net,Københavns Universitet
pch20,http://sites.google.com/site/yongsungchang/,Seoul National University
pfr73,https://business.louisville.edu/faculty-research/faculty-directory/per-g-fredriksson-phd/,University of Louisville
pst479,https://voices.uchicago.edu/larsstole/,University of Chicago
pbr121,https://ctbrownlees.github.io/,Barcelona School of Economics (BSE)
psp176,http://rady.ucsd.edu/people/faculty/sprenger/,University of California-San Diego (UCSD)
pvi147,http://www.economics.ox.ac.uk/index.php/staff/vines/,Australian National University
pho182,http://www.econ-law.se,Institutet för Näringslivsforskning (IFN)
pco141,http://www.rebelcole.com,Florida Atlantic University
ppe433,https://sites.google.com/view/hanspeters,Maastricht University
pra161,https://wwz.unibas.ch/en/persons/ranaldo-angelo/,Swiss Finance Institute
pso287,http://www.olavsorenson.net,University of California-Los Angeles (UCLA)
pba77,https://m-bassetto.github.io,Rice University
pfi106,https://www.zeppelin-university.com/chairs/international-economics/index.php,Zeppelin Universität
pha652,,Harvard University
pch837,,World Bank Group
pho156,http://www.econ.duke.edu/~kdh9,University of California-Davis
pur103,,University of Birmingham
pke42,https://sites.google.com/view/christiankeuschnigg/home,Universität St. Gallen
por44,https://sites.google.com/site/emanuelornelaseo/,Fundação Getúlio Vargas (FGV)
pbr76,http://politics.as.nyu.edu/object/stevenbrams,New York University
pkr176,http://econ.duke.edu/people/kranton,Duke University
pla25,http://www.frbsf.org/economic-research/economists/kevin-lansing/,Federal Reserve Bank of San Francisco
pah103,https://faculty.marshall.usc.edu/Kenneth-Ahern/,University of Southern California
pda143,,University of Western Ontario
pro136,http://frobertnicoud.weebly.com/,Université de Genève
pci158,,European Commission
plu177,https://alexander-ludwig.com/,Goethe Universität Frankfurt am Main
psc73,,
pse604,,Bilkent Üniversitesi
pso138,,Danmarks Tekniske Universitet
pra328,,Universidad de Chile
ppa763,,National University of Singapore (NUS)
pbu95,https://www.brookings.edu/experts/gary-burtless/,Brookings Institution
pma427,http://www.cespri.unibocconi.it/malerba,Università Commerciale Luigi Bocconi
phe112,,Université d'Ottawa
pse325,,University of Manchester
pfl10,http://www.massimoflorio.com,Centre for Industrial Studies (CSIL)
pge34,http://www.victoria.ac.nz/sacl/about/staff/norman-gemmell,Victoria University of Wellington
pva137,http://www.fee.uva.nl/creed,Universiteit van Amsterdam (University of Amsterdam)
pse56,http://www.pse.ens.fr/senik,Paris School of Economics
ptu41,http://www.uclouvain.be/en-237347.html?id_person=38,Université Catholique de Louvain
psc240,https://www.kuleuven.be/wieiswie/en/person/00009398,KU Leuven
pfr54,http://people.stern.nyu.edu/afrazzin/,Yale University
pga75,https://rodgarratt.com,University of California-Santa Barbara (UCSB)
psm60,https://www.econ.queensu.ca/people/faculty/gregor-w-smith,Queen's University
pst291,,Harvard University
pri20,https://economics.ubc.ca/faculty-and-staff/w-craig-riddell/,University of British Columbia
pmu176,https://sites.google.com/view/andreasimueller/,Centre for Economic Policy Research (CEPR)
pha382,,Georgetown University
pho188,https://profiles.waikato.ac.nz/mark.holmes,University of Waikato
ppo238,http://personal.lse.ac.uk/POLK/,London School of Economics (LSE)
pmi87,http://www.msu.edu/~minetti/,Michigan State University
psa1990,http://personal.lse.ac.uk/sampsont,London School of Economics (LSE)
pbe364,,International Monetary Fund (IMF)
png36,http://mdri.org.vn,Mekong Development Research Institute
ptu36,http://cetucker.scripts.mit.edu/,Massachusetts Institute of Technology (MIT)
pta247,http://sites.google.com/site/davidgtarr/,Tbilisi State University
pza79,http://crest.fr/user/Jean-Michel-ZAKOIAN,Centre de Recherche en Économie et Statistique (CREST)
pzh134,http://sites.google.com/site/haozhouspersonalhomepage/,Tsinghua University
pgr13,,
pir36,https://sites.google.com/site/nagoreiriberri/,Universidad del País Vasco - Euskal Herriko Unibertsitatea
pna30,http://www.linkedin.com/in/narula1,University of Reading
pfr84,https://kelley.iu.edu/faculty-research/faculty-directory/profile.html?id=FRATIANN,
pse146,,Université Libre de Bruxelles
pho155,,
pal184,https://sulealan.com,European University Institute
pnu99,,University of Southern California
pgu11,,Banco de Portugal
ppe198,http://en.wikipedia.org/wiki/David_Pearce_%28economist%29,
pla153,https://www.econ.iastate.edu/people/harvey-lapan,Iowa State University
pco32,,Boston College
pso16,http://home.datacomm.ch/paulsoderlind/,Universität St. Gallen
phe110,https://www.tse-fr.eu/fr/people/christian-hellwig,Centre for Economic Policy Research (CEPR)
pfo236,http://business.usf.edu/faculty/forsythe/,Wayne State University
pmi161,https://dmitra.expressions.syr.edu/,Syracuse University
pwo59,https://www.unsw.edu.au/staff/alan-woodland,UNSW Sydney
pbu390,,George Mason University
ppl16,http://www.ploberger.com,Washington University in St. Louis
pde41,http://www.ecb.int/pub/scientific/wps/author/html/profile_11378.en.html,European Central Bank
pwo284,https://www.christiankwolf.com,Massachusetts Institute of Technology (MIT)
pma1913,,Queen Mary University of London
pen22,https://www.coll.mpg.de/engel.html,Max-Planck-Gesellschaft
pme196,http://www.rmetcalfe.net,National Bureau of Economic Research (NBER)
pih2,https://coss.fsu.edu/keith-ihlanfeldt/,Florida State University
pfi110,https://sites.google.com/view/professormanfredmfischer,WU Wirtschaftsuniversität Wien
pli288,https://sites.google.com/umd.edu/joshualinn/home,University of Maryland
pla429,https://scholar.google.co.uk/citations?user=9G9NwVsAAAAJ&hl=en,Hang Seng University of Hong Kong
pbu38,https://www.publicfinance.rw.fau.eu/,CESifo
pla938,,
pco508,http://myweb.fsu.edu/djcooper/,Florida State University
pke59,http://www.princeton.edu/~pbkenen/,
pjo76,https://portal.research.lu.se/sv/persons/lars-jonung,Lunds Universitet
pte12,https://sites.google.com/view/etekin,American University
pva277,https://neeltjevanhoren.com/,Universiteit van Amsterdam
per17,http://www.federalreserve.gov/research/staff/ericssonneilr.htm,George Washington University
pyi101,https://www.maxwell.syr.edu/directory/john-m-yinger,Syracuse University
pab179,,
par153,,Université Clermont Auvergne
pda31,http://www.econ.ku.dk/dalgaard/,Københavns Universitet
pzi23,http://www.dartmouth.edu/~ericz,Dartmouth College
pch893,http://www.hks.harvard.edu/about/faculty-staff-directory/amitabh-chandra,Harvard University
psc175,,DIW Berlin (Deutsches Institut für Wirtschaftsforschung)
pma1637,,Kammer für Arbeiter und Angestellte für Wien
pbe904,https://sites.google.com/site/abergeaudeco/,HEC Paris (École des Hautes Études Commerciales)
pma447,https://people.bu.edu/ma,Boston University
pco73,http://www.duke.edu/~coleman,Duke University
pbo275,,Università Commerciale Luigi Bocconi
psm68,https://www.tilburguniversity.edu/staff/j-a-smulders,Universiteit van Tilburg
pdi273,http://www9.georgetown.edu/faculty/dibab,Georgetown University
pme276,,Federal Reserve Bank of New York
pwi109,,Vrije Universiteit Amsterdam
pmu188,http://www.betriebslehre.uni-goettingen.de,Georg-August-Universität Göttingen
pca549,http://www.davidecantoni.net,Ludwig-Maximilians-Universität München
pwo357,https://sites.google.com/site/johanneswohlfartecon/home,Universität zu Köln
pdi76,https://beta-economics.fr/annuaire/1/diebolt_claude/,Association Française de Cliométrie
psa394,,
pao12,https://en.wikipedia.org/wiki/Masahiko_Aoki,
psa150,https://www.juanmsanchezecon.com/,Federal Reserve Bank of St. Louis
pst18,http://gsbwww.uchicago.edu/fac/per.stromberg/research/,Institute for Financial Research (SIFR)
ppa381,http://economics.uc3m.es/personal/evi-pappa/,Centre for Economic Policy Research (CEPR)
pdo106,http://faculty.london.edu/jdow/index.html,London Business School (LBS)
pfi48,,University of Cambridge
phe281,,Universiteit van Tilburg
pbe22,https://wwz.unibas.ch/en/faculty/people-and-areas/berentsen-aleksander-economic-theory/prof-dr-aleks,Federal Reserve Bank of St. Louis
pme283,https://sites.google.com/site/lemelosi/,University of Warwick
pca459,http://www.phil.frb.org/econ/homepages/hpcarlino.html,Federal Reserve Bank of Philadelphia
pho353,,Stanford University
pbl37,http://chrisblattman.com,University of Chicago
ppo594,https://sites.google.com/view/davidpowell/,RAND
pyu120,,Emory University
pxi126,,Shanghai Jiao Tong University
psu126,,
pbr280,,
pdi145,http://www.rug.nl/staff/h.w.a.dietzenbacher/,Chinese Academy of Sciences
ple579,https://ethang.host.dartmouth.edu,Dartmouth College
pro260,https://blogs.ubc.ca/tomross/,University of British Columbia
pca27,http://www1.chapman.edu/~camera/,Chapman University
pca140,,
pwa152,,Massachusetts Institute of Technology (MIT)
pri43,https://sites.google.com/view/raymond-riezman/home,Aarhus Universitet
pna236,,
ppu96,https://amiyatosh.github.io/,University of Texas-Austin
pbe357,https://steliosbekiros.com,Athens University of Economics and Business (AUEB)
pca117,http://docenti.unicatt.it/eng/Lorenzo_Cappellari/,Università Cattolica del Sacro Cuore
pma763,http://www.eui.eu/Personal/rmarimon/,European University Institute
psu5,http://www.econ.ucsd.edu/~yisun,University of California-San Diego (UCSD)
pca136,,Rutgers University-Newark
pke17,http://www.toddkeister.com,Rutgers University-New Brunswick
phi98,,University of Pennsylvania
pme529,http://people.tamu.edu/~jmeer/,Texas A&M University
pvo28,https://www.vwl.uni-mannheim.de/von-thadden/,Universität Mannheim
plo115,,Universidad de Chile
pha269,https://colm-harmon.squarespace.com,Edith Cowan University
pbi26,,
pka18,http://www.yu.edu/faculty/jkahn,Yeshiva University
pal70,https://sites.google.com/site/georgealessandria2/home,University of Rochester
pbe303,https://sites.google.com/site/bermaniheid/,Aix-Marseille Université
pma10,,City University
pve136,http://www.dartmouth.edu/~bventi/,Dartmouth College
pta303,,Chuo University
ple589,https://sites.google.com/site/junsoolee/home,University of Alabama-Tuscaloosa
pbo131,http://janboone.github.io/homepage/,Universiteit van Tilburg
pco464,,Georgetown University
pda225,http://www.msu.edu/~davidso4,Michigan State University
pig12,https://www.imf.org/en/Research/Researcher-CV/Author/Igan-Deniz?AuthID=163#Background,International Monetary Fund (IMF)
pic10,,
phe168,,Sciences Po
psy2,https://sites.google.com/view/csyropoulos,Drexel University
pfa184,https://fally.are.berkeley.edu/,University of California-Berkeley
pmi52,http://pcmichaud.github.io,HEC Montréal (École des Hautes Études Commerciales)
plo1,,Federal Reserve Bank of San Francisco
pde254,https://sites.google.com/view/mariadepaola,Università degli Studi della Calabria
pwa470,,Australian National University
psi260,https://sites.google.com/a/york.ac.uk/luigi-siciliani/home,University of York
pmu359,,"University of Wisconsin-Madison, Department of Population Health Sciences"
pde887,https://deryugina.com,University of Illinois at Urbana-Champaign
pge30,http://davidgenesove.weebly.com,Hebrew University of Jerusalem
pha77,https://scholar.google.be/citations?user=faJIXqUAAAAJ&hl=en,Université Catholique de Louvain
pvo37,,
plo518,https://www.michelle-lowry.com/,Drexel University
pba202,,University of California-Riverside
pha2,http://www.hassler.se,Stockholms Universitet
pch496,,Georgetown University
pgu198,,University of Birmingham
pst443,http://personal.lse.ac.uk/sturmd/,London School of Economics (LSE)
pmc264,https://mcgarry.scholar.ss.ucla.edu/,University of California-Los Angeles (UCLA)
pos5,,University of Manchester
pha89,https://sites.google.com/view/galinahale/,University of California-Santa Cruz (UCSC)
pha333,http://kylehandley.com,University of California-San Diego (UCSD)
ple114,https://sites.biu.ac.il/en/daniel-levy,Tbilisi State University
pge201,https://sites.google.com/site/ulfgerdtam/,Lunds Universitet
ple392,http://econ.byu.edu/faculty/Lefgren/index.dhtml,Brigham Young University
pcr25,http://idei.fr/member/jcremer.html,Toulouse School of Economics (TSE)
pca757,http://sites.dartmouth.edu/eucascio/,Dartmouth College
pva293,,Vrije Universiteit Amsterdam
pca106,http://cvianac.googlepages.com/carloscarvalho,Pontifícia Universidade Católica do Rio de Janeiro
pra409,,Brigham Young University
pmo629,https://sites.google.com/site/jamescmorley/,University of Sydney
pda245,,National Bureau of Economic Research (NBER)
pja165,https://marekjarocinski.github.io,European Central Bank
pwa395,,Fudan University
pow7,https://people.hamilton.edu/aowen,Hamilton College
pdi81,,North Carolina State University
pas35,http://www.newyorkfed.org/research/economists/ashcraft/index.html,Federal Reserve Bank of New York
pro355,http://finance.wharton.upenn.edu/~nroussan/,University of Pennsylvania
pta345,http://www.unilim.fr/lape/staff/full-time/Amine-Tarazi,Université de Limoges
pfe139,https://economics.dartmouth.edu/people/james-feyrer,Dartmouth College
pwo18,http://www.rich.frb.org/research/economists/,Federal Reserve Bank of Richmond
pwe163,http://minneapolisfed.org/research/economists/staffdetails_fwd.cfm?lname=weber&fname=w,Federal Reserve Bank of Atlanta
psi753,https://sites.google.com/view/avik-sinha,Gnanam School of Business
pmu162,https://www.bc.edu/bc-web/schools/carroll-school/faculty-research/faculty-directory/alicia-munnell.h,Boston College
pwr19,https://gavin-wright.humsci.stanford.edu/,Stanford University
pmu63,http://econ.ucsd.edu/muendler/,University of California-San Diego (UCSD)
pra1,http://www.jbs.cam.ac.uk/research/faculty/rau.html,University of Cambridge
pbu112,,London School of Economics (LSE)
ple1172,,Rutgers University-Newark
pme64,http://folk.uio.no/hmehlum/,Universitetet i Oslo
psi181,https://sites.google.com/site/silvermanecon/,Arizona State University
pku86,http://scholar.google.com/citations?user=mhL5AQoAAAAJhl=en,George Mason University
pob33,https://sites.google.com/site/ezraoberfield/,Cornell University
pse207,http://www.utdallas.edu/~sethi,University of Texas-Dallas
pch800,,Brown University
pla169,http://www.slaurent.net,Aix-Marseille Université
pbr527,,Universitatea din Bucureşti
pjo99,http://www.people.virginia.edu/~wrj8y,University of Virginia
pca1266,http://mypage.unibocconi.eu/elenacarletti/,Università Commerciale Luigi Bocconi
pkn21,https://www.cgu.edu/people/tom-kniesner/,Claremont Graduate University
pch840,http://joshuachan.org,Purdue University
pka1052,http://rkaniel.simon.rochester.edu/,University of Rochester
pwa222,http://www.randallwalsh.com/,University of Pittsburgh
poe1,http://oechssler.uni-hd.de,Ruprecht-Karls-Universität Heidelberg
pfr15,,
pwu130,,Shanghai Jiao Tong University
pga644,https://www.neilgandal.com/,Tel Aviv University
ped1,,International Monetary Fund (IMF)
pse753,https://in.bgu.ac.il/en/humsos/Econ/pages/staff/AnerSela.aspx,Ben Gurion University of the Negev
pva126,https://sites.google.com/site/valentinyiakos/,University of Manchester
pmc59,https://sites.google.com/site/jamesjmcandrews/home,University of Pennsylvania
pca351,http://www.eduardocavallo.com/,Inter-American Development Bank
ppi138,,Université du Luxembourg
pca195,https://giuseppecavaliere.wixsite.com/giuseppe,Alma Mater Studiorum - Università di Bologna
pfe373,https://www.pauljferraro.com,Johns Hopkins University
pbo573,,Federal Reserve Bank of New York
pcr86,https://facultystaff.richmond.edu/~dcrousho/,Columbia University
psi314,http://www.human.cornell.edu/bio.cfm?netid=kis6,Cornell University
pra49,http://chrault3.free.fr/,Université d'Orléans
ppr249,http://econweb.rutgers.edu/prusa/,Rutgers University-New Brunswick
por100,https://sites.google.com/view/francescortegaa,Luxembourg Institute of Socio-Economic Research (LISER)
psa895,http://courses.cit.cornell.edu/des16/,Cornell University
psc219,http://www.arbeitsmarkt.wiso.uni-erlangen.de,Friedrich-Alexander-Universität Erlangen-Nürnberg
pan162,http://geodacenter.asu.edu/,Arizona State University
plu197,,Boston University
pan256,https://sites.google.com/view/siwan-anderson/home,University of British Columbia
ple1,http://www.brandeis.edu/~blebaron,Brandeis University
pga173,https://sites.google.com/site/alessandrogavazza/,Centre for Economic Policy Research (CEPR)
psp48,http://www.diw.de,DIW Berlin (Deutsches Institut für Wirtschaftsforschung)
pco1085,http://www.linwilliamcong.com,Cornell University
psu591,,National University of Singapore (NUS)
pzi11,http://faculty.washington.edu/ezivot,University of Washington
pre653,,
pmi900,,Columbus State University
pfe55,https://www.ubi.pt/Pessoa/jjmf,Universidade da Beira Interior
pdu7,,
pst425,http://janstuhler.wordpress.com/,Universidad Carlos III de Madrid
pte104,,Oxford University
pvi152,https://sites.google.com/view/james-vickery,Federal Reserve Bank of Philadelphia
pme301,,
pha949,,
pli628,,Zhejiang University
pmc111,http://agecon2.tamu.edu/people/faculty/mccarl-bruce/,Texas A&M University
pdu275,https://research.stlouisfed.org/econ/dupor,Federal Reserve Bank of St. Louis
pli630,http://www.rlipsey.com,
pga968,https://www.rug.nl/staff/j.h.garretsen/,Rijksuniversiteit Groningen
pmo334,,BI Handelshøyskolen
pha225,,University of Sussex
paz11,http://www.marina-azzimonti.com,Federal Reserve Bank of Richmond
pse5,http://www.columbia.edu/~rs328,Columbia University
psm105,,University of Bristol
pma276,https://sites.uclouvain.be/poresp/cv/cv_maniquet.pdf,Université Catholique de Louvain
pma680,,Basque Centre for Climate Change (BC3)
pwa149,https://www.uni-augsburg.de/de/fakultaet/wiwi/prof/bwl/wagner/team/wagner/,Universität Augsburg
pbo471,http://www.benjaminborn.de,Rheinische Friedrich-Wilhelms-Universität Bonn
ppi1,http://www.brown.edu/research/projects/pitt/,Brown University
pdi298,https://www.jbs.cam.ac.uk/faculty-research/faculty-a-z/elroy-dimson/,London Business School (LBS)
psu33,https://www4.fbe.hku.hk/~wsuen,University of Hong Kong
pba132,,Eberhard-Karls-Universität Tübingen
pma380,,European Central Bank
pma50,https://pmrsmartins.wixsite.com/website,Universidade Nova de Lisboa
ppo117,https://www.iza.org/people/fellows/2751/jacques-poot,University of Waikato
pbe573,https://lucabenati.ch/,
ppe16,http://montoya.econ.ubc.ca,University of British Columbia
pch608,,Xiamen University
pda416,http://faculty.haas.berkeley.edu/dalbo,University of California-Berkeley
pal422,http://www.bangor.ac.uk/business/staff/yener_altunbas.php.en,
pba460,http://sites.google.com/site/bassaxsite/home,Luxembourg Institute of Socio-Economic Research (LISER)
pbe425,,KU Leuven
psn35,https://sites.dartmouth.edu/csnyder/,Dartmouth College
pta279,http://faculty.wcas.northwestern.edu/~ett094/,Northwestern University
pka646,,
phu175,,Österreichisches Institut für Wirtschaftsforschung (WIFO)
pch236,http://www.uic.edu/~fjc,University of Illinois at Chicago
ple285,http://www.transportist.org,University of Minnesota
pbi12,http://sites.google.com/site/mbitler,University of California-Davis
pza69,https://sites.google.com/view/zazzaro,Money and Finance Research group (Mo.Fi.R.)
pga66,https://www.law.gmu.edu/faculty/directory/fulltime/garoupa_nuno,George Mason University
phi86,https://researchportalplus.anu.edu.au/en/persons/hal-hill,Australian National University
pqu49,http://www.johnquah.com/,National University of Singapore (NUS)
pdo118,,University of Sussex
ppa1363,https://sites.google.com/view/prof-theodore-panagiotidis/,University of Macedonia
pgo190,,Hong Kong University of Science and Technology (HKUST)
pzi50,https://www.zew.de/team/nrz,Leibniz-Zentrum für Europäische Wirtschaftsforschung (ZEW)
pfi2,https://research.manchester.ac.uk/en/persons/david.fielding,University of Otago
pga16,https://sites.google.com/site/pietgautier/home,Vrije Universiteit Amsterdam
pho209,http://www.rhodler.net,Universität St. Gallen
pro146,http://mayet.som.yale.edu/~geert/,Yale University
pdu391,https://sites.google.com/view/pradeepdubey/,Stony Brook University - SUNY
ppe258,,
psc60,,Ludwig-Maximilians-Universität München
pli10,https://sites.google.com/view/omar-licandro/home,Barcelona School of Economics (BSE)
pmo438,https://moralbenito.weebly.com/,Banco de España
pkr130,http://sites.google.com/site/philippkrueger/,Université de Genève
pse116,https://sites.google.com/site/settenrico/,Banca d'Italia
pmo380,https://sites.google.com/view/gabrielmontes,Universidad de Buenos Aires
psc184,,Christian-Albrechts-Universität Kiel
pla724,,Copenhagen Business School
phi7,https://www.nobelprize.org/prizes/economic-sciences/1972/hicks/facts/,
phu114,http://www.nd.edu/~dhungerm,University of Notre Dame
pro423,https://sites.google.com/site/heathernroyer/,University of California-Santa Barbara (UCSB)
pza33,https://mzavodny.domains.unf.edu/,University of North Florida
pst581,,
phe161,,Helmut Schmidt Universität Hamburg
pni115,http://center.uvt.nl/staff/nijman/,Universiteit van Tilburg
pmi286,https://sites.google.com/site/giordanomionhp/,ESSEC Business School
pbi192,https://alexbick.weebly.com,Federal Reserve Bank of St. Louis
pod4,http://www.nuigalway.ie,National University of Ireland
pro303,,
pgr40,http://econ.ucsd.edu/~tgroves,University of California-San Diego (UCSD)
pli669,http://www.psc.isr.umich.edu/events/archive/2000/lillard-obit.html,
pfo80,http://sites.google.com/site/francoiseforges/,Université Paris-Dauphine (Paris IX)
pfo165,http://people.su.se/~forsl/,Stockholms Universitet
pei27,https://sites.google.com/site/andrealeisfeldt/,University of California-Los Angeles (UCLA)
pfe32,http://www2.bc.edu/~fersonwa,Boston College
pge1,https://www.bis.org/author/gaston_gelos.htm,Centre for Economic Policy Research (CEPR)
phs8,http://oir.ctm.nthu.edu.tw/p/404-1487-164292.php,National Tsing Hua University
pfr211,,
pde668,https://www.siue.edu/business/departments-staff/rdemirer.shtml,Southern Illinois University
psc854,https://sites.google.com/view/armin-schwienbacher,SKEMA Business School
pyo133,https://k-ris.keio.ac.jp/html/100000577_en.html,Tokyo Metropolitan University
pdi12,http://www.huwdixon.org,Cardiff University
pga142,https://www.unimi.it/en/ugov/person/marzio-galeotti,Università degli studi di Milano Dipartimento di Scienze e Politiche Ambientali
pda284,https://gufaculty360.georgetown.edu/s/contact/0031Q000021vmDOQAY/jishnu-das,National Bureau of Economic Research (NBER)
pra851,https://sites.google.com/site/econrauh/,University of Cambridge
ppe159,,Brookings Institution
pki214,,Government of Japan
pte85,,University of Cambridge
pch389,,Boston University
psh379,https://profiles.uts.edu.au/Xunpeng.Shi,University of Technology Sydney
psc92,https://sites.google.com/unical.it/vincenzoscoppa/home,Università degli Studi della Calabria
pke264,http://finance.aalto.fi/en/people/keloharju/,Aalto-yliopisto
pca171,http://economia.uniandes.edu.co/cardenas,Universidad de los Andes (Colombia)
pwa115,,University of Warwick
pdo56,http://web.me.com/whistler4/DavidsMusic,University of British Columbia
pbr162,https://crei.cat/people/broner/,Barcelona School of Economics (BSE)
prh14,,University of Michigan
psc65,,Centre for Economic Policy Research (CEPR)
pbi63,http://www.personal.psu.edu/hxb11/,Pennsylvania State University
pwi93,https://sites.google.com/site/wiederholtmirko/,Sciences Po
pmi419,https://amaliarmiller.faculty.virginia.edu/,University of Virginia
psp199,https://personal.lse.ac.uk/spinnewi/,London School of Economics (LSE)
pan228,https://ignazioangeloni.home.blog/,Harvard University
pco163,,Paris School of Economics
pwa1211,,St. Petersburg State University
psk25,https://sites.google.com/site/oskarskans/,Uppsala Universitet
pon27,,University of Cambridge
pwh15,,Appalachian State University
pbh84,http://ubhattac.people.ust.hk/,Hong Kong University of Science and Technology (HKUST)
pro107,,European Central Bank
pbr126,https://people.unil.ch/mariusbrulhart/,Université de Lausanne
pko101,,Leibniz-Institut für Finanzmarktforschung SAFE (Sustainable Architecture for Finance in Europe)
pbl164,,Uppsala Universitet
psa1068,http://www.anyasamek.com,University of Southern California
pth368,https://thorbecke.economics.cornell.edu/,Cornell University
pst8,https://sites.google.com/site/oddrunestraume,Universidade do Minho
phu177,http://www.econ2.jhu.edu/people/hu/,Johns Hopkins University
pmo72,https://sites.google.com/site/moreiramarceloj/,Fundação Getúlio Vargas (FGV)
pvi38,https://are.berkeley.edu/people/sofia-berto-villas-boas,University of California-Berkeley
pwe114,https://graduateinstitute.ch/academic-departments/faculty/beatrice-weder-di-mauro,The Graduate Institute of International and Development Studies
pte102,http://bertha.tepper.cmu.edu,Carnegie Mellon University
psa494,https://sites.google.com/site/yasuyukisawadapage/main,University of Tokyo
pho613,https://sites.google.com/view/markhoekstra,University of Texas-Austin
pmo288,https://sites.google.com/site/cyrilmonnet/,Bank for International Settlements (BIS)
pta706,http://jetaylor.ucdavis.edu,University of California-Davis
pmo237,http://www.cirano.qc.ca/fr/bottin/cv.php?coderelation=1125,
phi146,http://papers.ssrn.com/sol3/cf_dev/AbsByAuth.cfm?per_id=363726,Georgetown University
phu734,https://www.bangor.ac.uk/staff/bbs/khaled-hussainey-609390/cy,Bangor University
pdi339,,Victoria University
pba288,http://hrabrin-bachev.my.contact.bg/,Institute of Agricultural Economics (IAE)
pno108,,
pbh25,http://www.homepages.ucl.ac.uk/~uctpvbh/,University of Texas-Austin
ppi14,https://pages.uoregon.edu/jpiger/,University of Oregon
ppa130,http://sites.google.com/view/hjpaarsch/,University of Central Florida
ppo485,https://www.apec.umn.edu/people/stephen-polasky,University of Minnesota-St. Paul
pca504,,Peking University
ppa250,http://faculty.chicagobooth.edu/stavros.panageas/,University of Chicago
pbe91,,
pwo94,http://nikolauswolf.eu,Centre for Economic Policy Research (CEPR)
pha477,,
pku579,https://www.bauer.uh.edu/pkumar,University of Houston
pzi93,https://scholar.princeton.edu/zidar/publications,Princeton University
pwi107,http://www.noahwilliams.xyz,University of Miami
phe114,http://www.ifpri.org/srstaff/headeyd.asp,International Food Policy Research Institute (IFPRI)
pdi45,,
psc70,http://www.minneapolisfed.org/research/economists/staffdetails.cfm?au_autonum_id=4,Federal Reserve Bank of Minneapolis
pku210,http://www.mariannakudlyak.com,Federal Reserve Bank of San Francisco
ptu103,http://artsandsciences.virginia.edu/economics/facultystaff/set5h.html,University of Virginia
pst179,https://www.insead.edu/faculty-research/faculty/mark-stabile,INSEAD
pmo274,,Université Libre de Bruxelles
pma722,https://sites.google.com/site/roccomacchiavello/,London School of Economics (LSE)
pgo87,https://libertadgonzalez.com/,Barcelona School of Economics (BSE)
pjo75,http://www.ggy.bris.ac.uk/staff/staff_johnston.html,
pth73,https://tu-dresden.de/gsw/wirtschaft/fiwi/die-professur/beschaeftigte?set_language=en,Technische Universität Dresden
pwa360,,Ludwig-Maximilians-Universität München
pea6,http://earle.gmu.edu,George Mason University
pqu42,https://sites.google.com/site/francescoquatraro/,Università degli Studi di Torino
pla49,https://sites.google.com/site/francoislangothome,Paris School of Economics
pde597,,Organisation de Coopération et de Développement Économiques (OCDE)
ppe241,http://www.sfu.ca/~pendakur,Simon Fraser University
pha91,,Mendelova Univerzita v Brnĕ
pbo323,https://www.research.tilburguniversity.edu/en/persons/peter-borm,Universiteit van Tilburg
pro189,http://moya.bus.miami.edu/~probins/,University of Miami
pch395,http://www.cuhk.edu.hk/eco/staff/tlchong/tlchong3.htm,Chinese University of Hong Kong
ppa164,http://www.palacios-huerta.com,London School of Economics (LSE)
pfr219,http://www.econ.tuwien.ac.at/fuernkranz/,Technische Universität Wien
pro457,https://sites.google.com/a/udesa.edu.ar/mrossi/,Universidad de San Andrés
pda201,http://www.gwebspace.de/professordana,McGill University
pca264,http://www.microtheory.uni-jena.de/team/members/cantner/,Friedrich-Schiller-Universität Jena
pgr111,https://www2.clarku.edu/faculty/facultybio.cfm?id=12,National Bureau of Economic Research (NBER)
psh131,https://sites.google.com/view/kwanhoshin/home,Korea University
pos32,https://web.stanford.edu/~ost/,Stanford University
pbo128,http://www.ekki.org,Groupe EDHEC (École de Hautes Études Commerciales du Nord)
phu183,https://sites.google.com/view/paulhubert,Sciences Po
ppu13,,University of Essex
pho90,http://www.RandallHolcombe.com,Florida State University
pca219,https://sites.google.com/site/evecarlacaroli/home,Université Paris-Dauphine (Paris IX)
pme45,http://www.econ.ucdavis.edu/people/cmm,University of California-Davis
pko5,,Copenhagen Business School
pha176,https://president.richmond.edu/,University of Richmond
pru6,http://www.clev.frb.org/Research/economists/rupert/index.htm,University of California-Santa Barbara (UCSB)
pma757,,
pst944,https://scholar.harvard.edu/straub,Harvard University
pde483,,Université de Genève
pja312,http://janeba.vwl.uni-mannheim.de/,Universität Mannheim
pbe122,https://economics.wustl.edu/people/marcus-berliant,Washington University in St. Louis
pha836,http://en.wikipedia.org/wiki/Frank_Hahn,
pco15,https://sites.google.com/site/jcconesa/,Stony Brook University - SUNY
pno26,http://www.dice.uni-duesseldorf.de/,Heinriche-Heine-Universität Düsseldorf
pcl82,https://econintl.com,Peter G. Peterson Institute for International Economics (IIE)
pme693,,
pha860,,
pva171,http://www.vkooten.net,University of Victoria
pra205,,Monash University
pbr791,http://www.brogaard.utah.edu/,University of Utah
pma1190,https://www.uwyo.edu/economics/faculty-staff/charles-mason/index.html,University of Wyoming
pst352,,
pmc216,http://www.bis.org/author/patrick_mcguire.htm,Bank for International Settlements (BIS)
pma1291,http://home.cerge-ei.cz/matejka/,Center for Economic Research and Graduate Education and Economics Institute (CERGE-EI)
pbo569,http://zvibodie.com,
ppe155,https://sites.google.com/view/joelperess,INSEAD
pfl22,,"University of Pennsylvania, department of history"
ppl8,http://plug.economists.nl/,Universiteit van Amsterdam
plh1,https://scholar.google.com/citations?user=WbdaifUAAAAJhl=fr,TEPP Fédération de Recherche Théorie et Évaluation des Poliques Publiques
pbe431,,Northwestern University
pst48,https://sites.google.com/site/stevensterneconomics/home,Stony Brook University - SUNY
ppr58,https://www.pradosdelaescosura.com/,Universidad Carlos III de Madrid
ppa285,http://www.hec.ca/profs/parent.daniel.html,HEC Montréal (École des Hautes Études Commerciales)
pve103,http://economics.uc3m.es/personal/carlos-velasco/,Universidad Carlos III de Madrid
pel167,,Universität St. Gallen
pen41,https://sites.google.com/site/rubenenikolopov/,Barcelona School of Economics (BSE)
pco341,,
pfr109,http://christian.francq140.free.fr/,Centre de Recherche en Économie et Statistique (CREST)
pde704,https://www.homepages.ucl.ac.uk/~uctpand/,Centre for Microdata Methods and Practice (CEMMAP)
pdi21,https://sites.google.com/uniroma1.it/dibartolomeo/,"""Sapienza"" Università di Roma"
pha1002,,University of Toronto
pti63,http://econ.worldbank.org/research,World Bank Group
pzh690,,Yonsei University
pch1832,,Hellenic Mediterranean University
pri33,http://melbourneinstitute.com/staff/dribar/default.html,University of Melbourne
pvi18,,Amazon.com
pgu538,http://people.bu.edu/guren/,Boston University
pve144,http://www.igier.unibocconi.it/vegaredondo,Università Commerciale Luigi Bocconi
pco350,,Universität St. Gallen
pmi45,,University of Connecticut
pra65,http://www.vijayendrarao.org,"Roberta Buffett Institute for Global Affairs, Northwestern University"
pca105,,Queen Mary University of London
pdi592,https://sites.google.com/site/rafaeldixcarneiro/,Duke University
pkr60,http://www.en.isto.bwl.uni-muenchen.de,Ludwig-Maximilians-Universität München
pja17,http://www.djaeger.org,University of St. Andrews
pma1072,http://giovamarin.altervista.org,Fondazione ENI Enrico Mattei (FEEM)
pga8,http://econweb.rutgers.edu/gang/research,
pde792,,Háskólinn í Reykjavík
pma488,https://www.cbs.dk/en/staff/jmsi,Copenhagen Business School
pku116,http://econweb.umd.edu/~kuersteiner/,University of Maryland
pro118,https://www.frbatlanta.org/research/economists/roberds-william.aspx?panel=1,Federal Reserve Bank of Atlanta
ple108,https://sites.google.com/site/miguelleonledesmaspernonalsite/Home,Centre for Economic Policy Research (CEPR)
pda51,http://morris.marginalq.com,Rutgers University-Newark
pca72,,University of Oregon
pbe109,https://sites.google.com/site/mvkbelot/,Cornell University
pkh185,,International Food Policy Research Institute (IFPRI)
pse46,https://sites.google.com/view/paulsegerstrom,Stockholm School of Economics
pca304,,University of Melbourne
pba341,https://www.business.uzh.ch/de/research/professorships/emap/team/uschibackes.html,Universität Zürich
pba1112,http://www.stijnbaert.eu,Universiteit Gent
psz11,http://www.arianeszafarz.eu/,Université Libre de Bruxelles
pim3,https://sites.google.com/view/seloimrohoroglu,University of Southern California
psu35,http://www.st-and.ac.uk/~ajs10/home.html,Centre for Economic Policy Research (CEPR)
pad11,,Rensselaer Polytechnic Institute
pda34,http://www.ex.ac.uk/~jehd201/,University of Exeter
pwi163,,University of York
pca1184,https://www.jdcarrillo.org,University of Southern California
pch288,https://anushachari.weebly.com,Hoover Institution on War Revolution & Peace
pdo145,https://www.une.edu.au/staff-profiles/business/bdollery,University of New England
pro786,http://economics.mit.edu/faculty/nrose,National Bureau of Economic Research (NBER)
pne96,https://christopherneilson.github.io/,Yale University
pze33,http://www.uq.edu.au/economics/a-z-listing,University of Queensland
pma1163,,Università Commerciale Luigi Bocconi
pkl51,,
psm6,http://www.economics.utoronto.ca/msmart/,University of Toronto
pmc284,,University of Illinois at Chicago
pbi299,https://carolabinder.sites.haverford.edu/,University of Texas-Austin
pce28,https://sites.google.com/a/nyu.edu/dac12/,Institutet för Näringslivsforskning (IFN)
pge26,https://garance-genicot.facultysite.georgetown.edu/,Georgetown University
pba622,,
paz74,https://sites.google.com/site/ghazalaazmat/,
pla260,http://blogs.helsinki.fi/lanne/,Helsingin Yliopisto
pla36,https://www.julialane.org/,New York University (NYU)
pla302,,Vrije Universiteit Amsterdam
psh1114,https://sunwayuniversity.edu.my/sunway-business-school/staff-profiles/professor-arshian-sharif,Korea University
ppa1071,http://www.bis.org/author/frank_packer.htm,Bank for International Settlements (BIS)
pho15,,
pso140,https://www.soete.nl/,United Nations University-Maastricht Economic Research Institute of Innovation and Technology (UNU-MERIT)
pal675,https://sites.google.com/site/treballen/,National Bureau of Economic Research (NBER)
phi11,,Pennsylvania State University
pco762,https://people.unipi.it/fulvio_corsi/,Università degli Studi di Pisa
pku693,https://web.stanford.edu/~mordecai,Stanford University
pgl73,https://www.povertyactionlab.org/glennerster,Massachusetts Institute of Technology (MIT)
phe54,https://mgmt.wharton.upenn.edu/profile/henisz/,University of Pennsylvania
psh559,http://www.econ.ucla.edu/shapley/,
pku21,https://www.utu.fi/en/people/timo-kuosmanen,Turun Yliopisto
pca231,http://sites.google.com/site/candelonbertrand1/,Université Catholique de Louvain
pli535,http://dyson.cornell.edu/people/profiles/li.php,Cornell University
pma141,http://www.marianamazzucato.com,University College London (UCL)
pca344,http://www.econ.cam.ac.uk/faculty/cavalcanti/index.html,University of Cambridge
pni18,https://www.au.dk/en/show/person/hnielsen@econ.au.dk,Aarhus Universitet
pni29,http://alum.mit.edu/www/niepelt,Universität Bern
pko6,https://koren.mk/,Centre for Economic Policy Research (CEPR)
pfe62,http://www.lumsa.it/giovanni-ferri,Money and Finance Research group (Mo.Fi.R.)
pjo225,http://www.hec.unil.ch/ejondeau/,Université de Lausanne
pba10,http://sites.google.com/site/barriossalvador/home,European Commission
pfa265,http://www.econ.ucla.edu/pfajgelbaum/,University of California-Los Angeles (UCLA)
pst185,,Linnéuniversitet
pch570,,University of Maryland
psc438,,
pti149,,Harvard University
pde52,,Fundación de Estudios de Economía Aplicada (FEDEA)
pir23,http://irsova.com/,Univerzita Karlova v Praze
pco1187,,Boston University
pvo93,https://research4agrinnovation.org/partner/,Rheinische Friedrich-Wilhelms-Universität Bonn
pno56,https://www.piie.com/experts/senior-research-staff/marcus-noland,Peter G. Peterson Institute for International Economics (IIE)
pbu250,https://sites.google.com/view/paula-bustos-economist/,Centre for Economic Policy Research (CEPR)
pro1120,http://mattrognlie.com,Northwestern University
pcl85,https://sites.google.com/site/jamescloyne/,University of California-Davis
pch548,http://sites.google.com/site/angusccc/,University of Macau
pch1296,http://www.nber.org/~dlchen/,Toulouse School of Economics (TSE)
pro259,,Oxford University
pco167,,International Monetary Fund (IMF)
pfe99,https://sites.google.com/site/andreapferrero/,Oxford University
peb16,http://sites.google.com/site/medevecon,University of Nottingham
pgo281,https://www.joshua-goodman.com,Boston University
peh7,https://sceco.umontreal.ca/english/department-directory/professors/professor/in/in14340/sg/LarsEhle,Centre Interuniversitaire de Recherche en Économie Quantitative (CIREQ)
pha212,https://sites.google.com/view/andreas-haufler,Ludwig-Maximilians-Universität München
pes57,https://sites.google.com/view/marcela-eslava/home,Universidad de los Andes (Colombia)
pmi1005,https://pascalmichaillat.org,University of California-Santa Cruz (UCSC)
pya100,http://www.darden.virginia.edu/web/Faculty-Research/Directory/Full-time/Dennis-T-Yang/,University of Virginia
pkr97,https://jankregel.org,Tallinna Tehnikaülikool
pke318,http://belkcollege.uncc.edu/directory/franz-w-kellermanns,University of North Carolina-Charlotte
pgu99,https://www.parisschoolofeconomics.eu/fr/gurgand-marc/,Paris School of Economics
phe365,https://sites.google.com/site/kyleherkenhoff/,University of Minnesota
pgl16,http://www.econ.upf.edu/~glitz/,Barcelona School of Economics (BSE)
pho36,http://www.faculty.econ.northwestern.edu/faculty/horowitz/,Northwestern University
pur18,,
pce51,https://sites.google.com/view/cervellati/home,Centre for Economic Policy Research (CEPR)
pji20,http://www.econ.upf.edu/~jimenez,Fundación de Estudios de Economía Aplicada (FEDEA)
pha601,http://www.otago.ac.nz/economics/staff/haug.html,University of Otago
pba1134,https://econ.tamu.edu/formeralum/in-remembrance-1938-2004/,
pen12,,Humboldt-Universität Berlin
psm185,https://research-repository.uwa.edu.au/en/persons/lee-smales,University of Western Australia
pri271,https://business.okstate.edu/directory/21341.html,Oklahoma State University
pra28,http://www.paurabanal.net,International Monetary Fund (IMF)
pgo15,http://fnce.wharton.upenn.edu/profile/930/,University of Pennsylvania
pkr127,https://sites.google.com/site/econkristensen/,Centre for Microdata Methods and Practice (CEMMAP)
pth25,,Georgia Institute of Technology
pgr333,http://economics.huji.ac.il/facultye/gronau/cv.pdf,Hebrew University of Jerusalem
pia3,https://www.iq.harvard.edu/people/stefano-iacus,Harvard University
pzh357,https://www.yifanzhang.net,Chinese University of Hong Kong
pci40,,International Monetary Fund (IMF)
pkh5,https://www.aubhik-khan.net,Ohio State University
pbo27,,
pga17,https://andreagaleottiblog.wordpress.com/,London Business School (LBS)
pco315,,Vanderbilt University
par66,http://www.parisschoolofeconomics.eu/fr/arrondel-luc/,Paris School of Economics
pny18,http://www.nyarko.com/,New York University (NYU)
pfr9,,University of Minnesota
pkr86,http://www.diw.de,DIW Berlin (Deutsches Institut für Wirtschaftsforschung)
pko425,https://sites.lsa.umich.edu/amanda-kowalski/,University of Michigan
pwa179,https://toddbwalker.com,Indiana University
pra705,,
pwr6,https://research.minneapolisfed.org/mark-wright/,Federal Reserve Bank of St. Louis
phu448,https://sites.google.com/site/fhuber7/,Paris-Lodron Universität Salzburg
pur10,http://columbia.edu/~msu2101,Columbia University
ppe212,http://www2.warwick.ac.uk/fac/soc/economics/staff/academic/perry,University of Warwick
ppe62,https://www.asc.ohio-state.edu/peck.33/,Ohio State University
psa836,http://www.tau.ac.il/~samet,Tel Aviv University
pna218,https://mauronapoletano.org,Scuola Superiore Sant'Anna
psc117,https://sites.google.com/site/maikschmeling/Home,Centre for Economic Policy Research (CEPR)
ppu18,https://www.aoek.uni-hannover.de/3721.html,Leibniz Universität Hannover
phj5,,Göteborgs Universitet
ptr85,http://www.nicolastreich.com,Toulouse School of Economics (TSE)
psc768,http://hschwandt.com,Northwestern University
psi414,https://sebastian-siegloch.com,Universität zu Köln
pda55,https://my.vanderbilt.edu/andrewdaughety/,Vanderbilt University
phe34,http://www.dice.hhu.de/en/diceteam/professors/prof-dr-paul-heidhues.html,Heinriche-Heine-Universität Düsseldorf
plk4,https://sites.google.com/site/katrinecv/,Norges Handelshøyskole (NHH)
pla17,https://www.fss.ulaval.ca/notre-faculte/repertoire-du-personnel/guy-lacroix?lang=en,Université Laval
pve266,http://www.erim.nl/people/marno-verbeek,Erasmus Universiteit Rotterdam
pca881,http://www.federalreserve.gov/econresdata/mark-a-carlson.htm,Federal Reserve Board (Board of Governors of the Federal Reserve System)
psi354,http://real.wharton.upenn.edu/~sinai/,University of Pennsylvania
pfe128,https://www.worldbank.org/en/about/people/a/ana-margarida-fernandes,World Bank Group
psl22,http://www.slacalek.com,European Central Bank
pgr34,https://cymyng.wordpress.com/,Australian National University
pbe1,,Texas A&M University
pse72,http://www.ssc.wisc.edu/~aseshadr/,University of Wisconsin-Madison
phi51,https://hindriksjean.com,Université Catholique de Louvain
pji300,https://www.ruixuejia.com/,University of California-San Diego (UCSD)
pwe37,,New Economic School (NES)
pal4,https://alosferrer.github.io,Lancaster University
pka57,https://sites.google.com/site/daijikawaguchi/,University of Tokyo
psc54,http://cowles.econ.yale.edu/~scarf/index.htm,
pma67,http://www.e.u-tokyo.ac.jp/finance-g/english/teacher/04.html,University of Tokyo
pmc16,http://www.esri.ie,Economic and Social Research Institute (ESRI)
pir28,http://www.farmdoc.uiuc.edu/irwin/,University of Illinois at Urbana-Champaign
pto156,,Harvard University
pcl65,,University of California-Davis
phe271,http://www.uni-siegen.de/fb5/ewp,Universität Siegen
pso34,"https://www.ucm.es/fundamentos-analisis-economico2/sosvilla-rivero,-simon",Universidad Complutense de Madrid
pga165,https://sites.google.com/view/gino-gancia-qmul/home,Università degli Studi di Milano-Bicocca
pla447,http://www-personal.umich.edu/~jlaitner/,University of Michigan
pca503,,Maastricht University
ppr43,http://prof-rajagopal.com,Instituto Tecnológico y de Estudios Superiores de Monterrey (ITESM)
pwo149,,Griffith University
pne112,,The Graduate Institute of International and Development Studies
psa107,,University of Miami
pgo681,http://healthpolicy.usc.edu,University of Southern California
pjo10,http://www.ifau.se,Government of Sweden
pts32,,Tel Aviv University
pza225,http://users.ox.ac.uk/~wadh4073/,Oxford University
pda145,https://sites.google.com/site/hdalbis/,ESSEC Business School
pwr17,http://www.econ.ox.ac.uk/members/simon.wren-lewis/,Oxford University
pzh846,,East China University of Science and Technology
psc282,https://sschulh1.wordpress.com,Federal Reserve Bank of Dallas
pse47,https://econ.uconn.edu/person/kathleen-segerson/,University of Connecticut
psu192,http://www.nd.edu/~jsulliv4/,University of Notre Dame
pso90,,The Citadel
pla289,http://www.wiso.uni-hamburg.de/ifw,Universität Hamburg
pas3,https://www.cmh.ens.fr/en/author/philippe-askenazy/,Government of France
pbr16,https://www.unibocconi.it/en/faculty/stefano-breschi,Università Commerciale Luigi Bocconi
pba121,http://faculty.smu.edu/nbalke/BalkeWebpageindex.htm,Southern Methodist University
pha178,,Ohio State University
ptu191,,Cornell University
pse69,http://www4.ncsu.edu/~jjseater/,North Carolina State University
phy11,,Motu: Economic & Public Policy Research
pre77,https://sites.google.com/site/jimrebitzer/,Boston University
pdo40,,
psj10,,Rutgers University-New Brunswick
pdo220,http://people.ucsc.edu/~cdobkin/,University of California-Santa Cruz (UCSC)
pca783,https://are.ucdavis.edu/people/faculty/colin-carter/,University of California-Davis
pch701,,Aarhus Universitet
pum40,https://scholar.google.com/citations?user=aXx3i0kAAAAJhl=en,Zayed University
pku274,https://sites.google.com/site/kuhnecon/home,Rheinische Friedrich-Wilhelms-Universität Bonn
phe212,,Leibniz-Institut für Finanzmarktforschung SAFE (Sustainable Architecture for Finance in Europe)
pdo42,https://sites.google.com/site/cherylrdoss/,Tufts University
pmi66,https://econ.uchile.cl/es/academico/amicco,Universidad de Chile
pro652,http://sydney.edu.au/arts/economics/staff/profiles/john.romalis.php,Macquarie University
pre355,,Massachusetts Institute of Technology (MIT)
pel9,http://www.faculty.econ.northwestern.edu/faculty/ely/,Northwestern University
pch138,,Peking University
plo82,https://www.brookings.edu/experts/adam-looney/,Brookings Institution
pbr492,,Monash University
pte14,,Universiteit van Amsterdam
ppe261,http://www.nicolapersico.com,New York University (NYU)
pdu43,http://carecon.org.uk/Users/paul,University of Cape Town
pmy5,,Adelaide University
pjo116,http://www.handels.gu.se/econ/johansson-stenman/,Göteborgs Universitet
pca228,,North Carolina State University
pbo185,http://www.gmu.edu/departments/economics/pboettke,Mercatus Center
ppe391,http://www.raganpetrie.org,CESifo
pwa297,,University of Pennsylvania
pbr145,https://sites.google.com/view/lucasbretschgerweb/startseite,Eidgenössische Technische Hochschule Zürich (ETHZ)
pka441,,University of Niigata Prefecture
peu2,https://sites.google.com/view/stefano-eusepi/home,University of Texas-Austin
pve33,https://sites.google.com/site/fmpvermeulen/,KU Leuven
pho419,http://www.hogarthrobin.com,Barcelona School of Economics (BSE)
pxi184,,Bank for International Settlements (BIS)
pbe391,,Australian National University
par319,,International Food Policy Research Institute (IFPRI)
pev42,,
pha24,https://www.uaeu.ac.ae/en/cbe/profile.shtml?email=ahatemi@uaeu.ac.ae,United Arab Emirates University
ppi451,http://economics.ucla.edu/person/rodrigo-pinto/,University of Chicago
pba243,,University of Vermont
pde234,https://carydeck.weebly.com/,University of Alabama-Tuscaloosa
pga10,,
pba338,,Tsinghua University
pda61,https://www.johnbryandavis.net,Marquette University
pbe44,http://www.researchoninnovation.org,Boston University School of Law
pju62,https://dyson.cornell.edu/faculty-research/faculty/drj3/,Cornell University
pri152,http://www.columbia.edu/~flr9/,Columbia University
pkl39,http://econ.ucsc.edu/~kkletzer/,University of California-Santa Cruz (UCSC)
pst535,https://sites.google.com/site/straubroland/,European Central Bank
ppn1,https://sites.google.com/site/iplpng/,National University of Singapore (NUS)
pga309,,University of California-Los Angeles (UCLA)
phi153,http://en.wikipedia.org/wiki/Albert_O._Hirschman,
pzh153,https://sites.google.com/site/jzhangzn/,Federal Reserve Bank of Chicago
ppo153,https://sites.google.com/site/gregoryponthieresite/home,Centre de Recherche en Économie et Management (CREM)
ppr55,http://mypage.unibocconi.eu/paolaprofeta/,Università Commerciale Luigi Bocconi
pcu27,http://www.vicentecunat.com,London School of Economics (LSE)
pji52,http://www.columbia.edu/~wj2006,Columbia University
pau5,https://www.tse-fr.eu/fr/people/emmanuelle-auriol,Toulouse School of Economics (TSE)
pbr361,,Texas A&M University
pmi740,http://silviamirandaagrippino.com/,Federal Reserve Bank of New York
pko1102,https://www.andrew.cmu.edu/user/bkovak/,Carnegie Mellon University
psw7,http://www.olin.wustl.edu/faculty/swinkels/,Washington University in St. Louis
per18,,Universidad Carlos III de Madrid
ppe17,https://www.davidperezcastrillo.com/,Barcelona School of Economics (BSE)
psh722,http://www.bis.org/author/ilhyock_shim.htm,Bank for International Settlements (BIS)
pwe297,https://sites.google.com/site/matthewdwebb/,Carleton University
pst602,http://www.qeh.ox.ac.uk/people/arDetails?qeh_id=STE1FF,Oxford University
pfr76,,Luxembourg Institute of Socio-Economic Research (LISER)
pre651,,Central South University
ppo349,http://www.columbia.edu/~cp2124/,Columbia University
pba1733,http://www.jmbarrero.com,Instituto Tecnólogico Autónomo de México (ITAM)
pde1020,http://sites.google.com/site/guidodeblasiohomepage/Home,Banca d'Italia
ppi197,http://www.justinrpierce.com,Federal Reserve Board (Board of Governors of the Federal Reserve System)
pwa121,https://sites.google.com/view/danielwaldenstrom/,Institutet för Näringslivsforskning (IFN)
pgr209,http://paulinegrosjean.canalblog.com/,UNSW Sydney
pab39,https://liberalarts.utexas.edu/economics/faculty/ja8294,University of Texas-Austin
pti73,http://www.felix-tintelnot.wikidot.com,University of Chicago
pki115,http://www.ioe.ac.uk/staff/EIDT_7.html,Institute of Education
pde836,https://wsb.wisc.edu/directory/faculty/yongheng-deng,University of Wisconsin-Madison
psk88,http://vskreta.wixsite.com/vskreta,University of Texas-Austin
pmi35,http://www.socsci.uci.edu/~fmilani/,University of California-Irvine
pfo78,https://www.unr.edu/business/faculty-and-staff/fossen-frank,University of Nevada-Reno
pvo136,https://sites.google.com/view/francescovona/home,"Università degli Studi di Milano, Dipartimento di Scienze e Politiche Ambientali"
pho239,http://www.mariehoerova.net/,European Central Bank
pvo208,,City St George's
pgu94,,Vrije Universiteit Amsterdam
psc296,http://legacy.iza.org/en/webcontent/personnel/photos/index_html?key=1575,Luxembourg Institute of Socio-Economic Research (LISER)
pmu97,https://sites.google.com/view/jakob-roland-munch,Københavns Universitet
pbi249,http://www.cgdev.org/expert/nancy-birdsall,Center for Global Development (CGD)
ptu45,,European Commission
pco242,,Vanderbilt University
pga304,,New York University (NYU)
phe20,https://www.wabash.edu/aboutwabash/president,Shadow Open Market Committee
pro950,,University of Technology Sydney
pcr199,https://sites.google.com/site/henrikcronqvist,Chapman University
plo154,http://jamesrlothian.com/,Fordham University
pka293,https://sites.google.com/site/gtkambourov/,University of Toronto
pso49,http://mailbox.univie.ac.at/gerhard.sorger,Universität Wien
pco557,http://www.wellesley.edu/economics/faculty/coilec,National Bureau of Economic Research (NBER)
pfv1,http://idei.fr/member.php?i=36,Toulouse School of Economics (TSE)
pwi38,,University of Maryland
pna222,http://sites.google.com/site/econsalvador,University of Western Ontario
ply29,http://webuser.bus.umich.edu/tplyon/,University of Michigan
psa1696,http://www.columbia.edu/~bns3,Columbia University
pko77,http://bellarmine.lmu.edu/~jkonow/,Christian-Albrechts-Universität Kiel
piy4,http://stripe.colorado.edu/~iyigun/,University of Colorado
psa114,http://www.albany.edu/~ms339,"University at Albany, State University of New York (SUNY)"
pma177,http://www.vwl.uni-muenchen.de/ls_marin/,Ludwig-Maximilians-Universität München
ppe296,https://sites.google.com/site/mariapetrovaphd/,Barcelona School of Economics (BSE)
pma676,https://sites.google.com/site/marcomariottiwebsite/,Queen Mary University of London
pko293,http://economics.gmu.edu/people/mkoyama2,Mercatus Center
pra269,https://praschky.github.io/,Monash University
pfa115,,
pli167,https://sites.google.com/view/jeremylise,Cornell University
pda10,http://www.riskresearch.org,London School of Economics (LSE)
pol82,,Federal Reserve Board (Board of Governors of the Federal Reserve System)
pra286,http://www.francescoravazzolo.com/,Libera Università di Bolzano / Freie Universität Bozen
phu288,,Peter G. Peterson Institute for International Economics (IIE)
pde444,https://iris.ucl.ac.uk/iris/browse/profile?upi=LMDEA95,University College London (UCL)
pdr157,https://www2.warwick.ac.uk/fac/soc/economics/staff/mdraca/,University of Warwick
pwa82,http://wolfwagner.de/index.html,Erasmus Universiteit Rotterdam
pma370,https://sites.google.com/site/giovannimastrobuoni/,Università degli Studi di Torino
pli342,https://www.sauder.ubc.ca/people/robin-lindsey,University of Alberta
pch1415,,Cheung Kong Graduate School of Business
pti14,,
pdi319,http://www.jdingel.com,Columbia University
paa6,,Government of Norway
pwu24,https://www.business.rutgers.edu/faculty/yangru-wu,Rutgers University-Newark
psi89,https://www.henrysiu.com/,University of British Columbia
pne62,,Sciences Po
pmo519,https://www.mohaddes.org/,Australian National University
pan79,https://sites.google.com/view/manuelaangelucci/home,University of Texas-Austin
pbe104,https://www.ub.edu/gim/members/germa-bel/,Universitat de Barcelona
pro44,https://pure.au.dk/portal/en/persons/michael-rosholm(aae32dbc-b363-40df-b2a9-e187272b6b45).html,Aarhus Universitet
pmu154,,Queen Mary University of London
pfr45,https://sites.google.com/site/wwwfredjjawadicom/,Université Paris-Nanterre (Paris X)
pma1325,,Paris School of Economics
pmo104,https://sites.google.com/site/jmorenoternero/,Universidad Pablo de Olavide
pmc65,,Appalachian State University
psa736,http://harrisschool.uchicago.edu/faculty/web-pages/raaj-sah.asp,University of Chicago
pbj2,https://www.bjornland.no/,BI Handelshøyskolen
pha1103,https://sites.google.com/view/marinahalac,Yale University
psc348,http://www.utdt.edu/ver_contenido.php?id_contenido=2277&id_item_menu=4523,Universidad Torcuato Di Tella
pam25,,Pennsylvania State University
psl14,,Swansea University
pmo943,http://joanmonras.weebly.com/,Barcelona School of Economics (BSE)
pwu181,,European Forest Institute
pma404,https://sites.google.com/site/sophoclesmavroeidis/,Oxford University
pyo53,,Pusan National University
pga1288,https://sites.google.com/site/antoniofgalvao/home,Michigan State University
pst471,,University of Western Ontario
pmi187,,Aston University
pre144,https://www.e3.uni-kiel.de/de,Christian-Albrechts-Universität Kiel
pde255,https://roa.nl/a.degrip,Maastricht University
pbr193,https://www.frisch.uio.no/english/personell/berntmb/,Universitetet i Oslo
pou3,https://ideas.repec.org/e/pou3.html,Centre for Macroeconomics (CFM)
pda116,,Federal Reserve Bank of San Francisco
pmi211,https://iris.ucl.ac.uk/iris/browse/profile?upi=JMICK84,University College London (UCL)
pda162,https://www.darvas.online/,Bruegel
pan395,http://www.oecd.org/eco/Dan_Andrews_OECD_CV.pdf,Organisation de Coopération et de Développement Économiques (OCDE)
pla61,https://sites.google.com/site/nicolacetera/,Alma Mater Studiorum - Università di Bologna
pfe429,https://jesusfelipe.net/,Asian Institute of Management
ppa30,https://business.vanderbilt.edu/bio/david-parsley/,Vanderbilt University
pfi266,,Bank for International Settlements (BIS)
pjo89,,Agence Internationale de l'Énergie
pro65,http://www.econ.rutgers.edu/home/rockoff,Rutgers University-New Brunswick
pri55,http://www.imf.org/external/np/cv/CV.aspx?AuthID=108,International Monetary Fund (IMF)
pka319,,University of Michigan
psc264,https://toddschoellman.com/,Federal Reserve Bank of Minneapolis
pba45,http://momentoseconomicos.com,Universidade Nova de Lisboa
pna13,https://www.nobelprize.org/prizes/economic-sciences/1994/nash/,
pwi271,,Centre for Economic Policy Research (CEPR)
pqi75,,Shanghai Jiao Tong University
pbr19,https://isdc.org/team/tilman-brueck/,International Security and Development Center (ISDC)
plo320,http://www.bridgetterrylong.com,National Bureau of Economic Research (NBER)
ple1182,,Southwestern University of Finance and Economics (SWUFE)
pda280,https://sites.google.com/site/haianhhdang/,Indiana University
pju42,http://www.uh.edu/~cjuhn,University of Houston
pco530,http://www.people.hbs.edu/scole,Harvard University
pgl33,http://mypage.iu.edu/~gglomm/,Indiana University
pto19,https://www.udesa.edu.ar/cuerpo-docente/mariano-tommasi,Universidad de San Andrés
pde664,,
ppo323,https://crei.cat/people/ponzetto/,Barcelona School of Economics (BSE)
pga255,,Universidad Nacional de La Plata
pda45,https://sites.google.com/brown.edu/pedrodalbo/home,Brown University
pwe458,,Universität Siegen
pch1658,http://www.igidr.ac.in/people/non-resident-honorary-distinguished-fellow/,
pol25,https://sites.google.com/site/econolaols/home,Göteborgs Universitet
pfa701,https://www.smithschool.ox.ac.uk/person/professor-sam-fankhauser,Oxford University
pgh25,,
pve84,http://www.hicn.org,Université Libre de Bruxelles
pdu1,https://personal.eur.nl/dur/,Erasmus Universiteit Rotterdam
prh19,https://mitsloan.mit.edu/faculty/directory/matthew-rhodes-kropf,Massachusetts Institute of Technology (MIT)
pkr148,https://ies.fsv.cuni.cz/en/contacts/institute-members/17152303,Univerzita Karlova v Praze
psw14,,University of California-Davis
psu435,,University of California-Davis
psc215,https://www.econ.uzh.ch/en/people/faculty/schmutzler.html,Universität Zürich
phe166,https://faculty-gsb.stanford.edu/henry/Homepage/Homepage.htm,
pba291,https://sites.google.com/site/yanbai06/,University of Rochester
pko186,,Bank of Canada
ped27,https://sites.dartmouth.edu/eedmonds/,Dartmouth College
psa1569,http://www.ssc.wisc.edu/~whs/,
pha554,http://www.hardouvelis.gr,University of Piraeus
pdo3,http://www.iandomowitz.com,
pca162,https://sites.google.com/view/raulcaruso/home,Università Cattolica del Sacro Cuore
pbe86,http://www.economics.utoronto.ca/benjamin/,University of Toronto
pwi178,,Universität Wien
psh195,https://manishashah.net,National Bureau of Economic Research (NBER)
ped22,,Uppsala Universitet
pga388,https://sites.google.com/site/erwangautiereconomics/,Université Paris-Dauphine (Paris IX)
pke147,https://kkerstens.github.io/,Lille Économie et Management (LEM)
pbo516,https://realestate.vt.edu/about/people/Kevin-Boyle.html,Virginia Polytechnic Institute and State University (Virginia Tech)
pva87,https://sites.google.com/site/vandenbusschehylke,Centre for Economic Policy Research (CEPR)
pmo1306,,University of Nottingham
pwh7,https://sites.google.com/site/whangyjhomepage/,Seoul National University
phu425,,China Europe International Business School
pjo38,https://sites.google.com/site/dmjolliffe/,World Bank Group
pvo279,,Stanford University
psi185,,
pci57,,European Central Bank
psu476,http://www.jcsuarez.com,Duke University
pcr38,https://www.frbsf.org/economic-research/economists/vasco-curdia/,Federal Reserve Bank of San Francisco
pke157,,University of Chicago
pma199,https://sites.google.com/site/martinellicesar/home,George Mason University
pbc1,http://www.petribockerman.fi/,Labore
pgr605,,Politecnico di Milano
pco30,http://www.pubpol.duke.edu,Duke University
pwa400,,Stockholm School of Economics in Riga (SSE Riga)
pch286,https://nchuae.nchu.edu.tw/en/member_info.php?no=9,National Chung-Hsing University
pga85,https://sites.google.com/view/christina-gathmann/start,Luxembourg Institute of Socio-Economic Research (LISER)
pli449,,Vrije Universiteit Amsterdam
pga130,https://sites.google.com/site/garrigacarlos/,Federal Reserve Bank of St. Louis
pro819,,Norges miljø- og biovitenskapelig universitet
pba619,,Institutt for Samfunnsforskning (ISF)
pmo257,http://www.petramoser.net,New York University (NYU)
pfo10,https://sites.google.com/view/mogens-fosgerau,Københavns Universitet
pca546,http://faculty.wcas.northwestern.edu/~iac879/,Northwestern University
ppa211,,Montpellier Business School
pfo144,http://www-personal.umich.edu/~jtfox/,Rice University
pka235,https://sites.google.com/site/leojkaas,European University Institute
pma97,https://en.wikipedia.org/wiki/Thomas_Mayer_%28American_economist%29,
pwe206,http://drfd.hbs.edu/fit/public/facultyInfo.do?facInfo=ovr&facId=496493,Harvard University
pha189,https://yoram-halevy.faculty.economics.utoronto.ca/,University of Toronto
pra174,,ifo Institut - Leibniz-Institut für Wirtschaftsforschung an der Universität München e.V.
pcu44,https://econweb.ucsd.edu/~jbcullen/,University of California-San Diego (UCSD)
psc432,http://people.brandeis.edu/~schoenle/,Brandeis University
pes92,https://economics.ubc.ca/profile/mukesh-eswaran/,University of British Columbia
pav41,http://www.bis.org/author/stefan_avdjiev.htm,Bank for International Settlements (BIS)
pvl21,http://hse-econ.fi/valimaki/,Aalto-yliopisto
pzi72,,Williams College
pbe68,http://www.rug.nl/staff/s.beugelsdijk/,Rijksuniversiteit Groningen
pya659,,Harvard University
pgr271,https://crawford.anu.edu.au/people/academic/quentin-grafton,Australian National University
pba316,http://www.diw.de,DIW Berlin (Deutsches Institut für Wirtschaftsforschung)
pru105,http://www.ceibs.edu/faculty/cv/101395.shtml,China Europe International Business School
pde279,http://www.geoffroydeclippel.net/,Brown University
pal429,http://www.frbatlanta.org/research/economists/david_altig.cfm,
pat77,https://enghinatalay.github.io,Federal Reserve Bank of Philadelphia
pha188,https://sites.google.com/site/mhalla1980/,WU Wirtschaftsuniversität Wien
pho226,http://www.steinholden.com,Norges miljø- og biovitenskapelig universitet
ptr78,https://liberalarts.utexas.edu/economics/faculty/profile.php?eid=trejosj,University of Texas-Austin
pei6,http://faculty.washington.edu/te/,University of Washington
pdw1,https://www.jerrydwyer.com/,Australian National University
pru215,http://economics.vassar.edu/bios/paruud.html,Vassar College
pme225,,European Central Bank
pwo243,,
phe292,http://www.psych.ubc.ca/~henrich/home.html,University of British Columbia
pmo388,http://www.economia.puc.cl/jmontero,Pontificia Universidad Católica de Chile
pve145,https://personal.eur.nl/veenhoven,
pja40,http://sites.google.com/site/djansenresearch/,Tinbergen Instituut
pfe125,http://claudferraz.googlepages.com/,Pontifícia Universidade Católica do Rio de Janeiro
pte24,http://www.clsbe.lisboa.ucp.pt/docentes/url/pteles/,Centre for Economic Policy Research (CEPR)
ppa407,http://albertfpark.com,Hong Kong University of Science and Technology (HKUST)
pra38,http://www.kansascityfed.org/speechbio/rappaport.cfm,Federal Reserve Bank of Kansas City
pfi54,http://www.fidrmuc.net,Lille Économie et Management (LEM)
pge153,http://www.gerlagh.nl/,Universiteit van Tilburg
pgo313,,University of York
poz8,https://sites.google.com/site/decrgberkozler/home,Stanford University
pgo285,,World Bank Group
pge160,http://sites.google.com/site/kristophergerardishomepage/Home,Federal Reserve Bank of Atlanta
pny9,http://www.nyborg.ch,Universität Zürich
psp218,https://gsb-faculty.stanford.edu/jann-spiess,Stanford University
ppr17,https://www.bde.es/wbe/en/areas-actuacion/analisis-e-investigacion/investigadores/investigadores-ord,Banco de España
pgo5,,Federal Reserve Bank of Atlanta
ppi167,https://sites.google.com/view/paolo-pinotti,Università Commerciale Luigi Bocconi
pwo119,https://sites.google.com/view/wollmershaeuser/startseite,ifo Institut - Leibniz-Institut für Wirtschaftsforschung an der Universität München e.V.
pcu70,https://www.cuervo-cazurra.com/,Northeastern University
pku627,,ICFAI University
pan129,https://sites.google.com/site/alexanashomepage/,State University of New York-Buffalo (SUNY)
pko253,http://sites.google.com/view/marcin-kolasa/,International Monetary Fund (IMF)
pko1017,,
pte309,https://www.umich.edu/~sjterry,University of Michigan
pga282,http://www.ofce.sciences-po.fr/pages-chercheurs/home-gaffard.htm,Sciences Po
psa1059,,University of Leeds
pwe276,http://users.ox.ac.uk/~econ0610/,Oxford University
pen16,http://sites.google.com/site/hubertoennis/,Federal Reserve Bank of Richmond
pba1106,https://www.econ.uzh.ch/en/people/faculty/bartling.html,Universität Zürich
pba469,http://www2.bc.edu/~balduzzp,Boston College
pco305,https://sites.google.com/view/paola-conconi-website/,Oxford University
pab230,http://www.hec.edu/Faculty-Research/Faculty-Directory/ABDELLAOUI-Mohammed,HEC Paris (École des Hautes Études Commerciales)
pse312,http://idei.fr/vitae.php?i=53,Toulouse School of Economics (TSE)
psa823,,Federal Reserve Bank of Richmond
pha695,,Imperial College
pit23,http://www.koichiroito.com,University of Chicago
pth101,,University of East Anglia
ppo119,http://markus-poschke.research.mcgill.ca,McGill University
pbo821,http://christopherbollinger.com,University of Kentucky
ped25,http://sitemason.vanderbilt.edu/econ/eden,Vanderbilt University
pgo11,http://paulgomme.github.io,Concordia University
pch173,https://www.imf.org/external/np/CV/Pdf/711847.pdf,International Monetary Fund (IMF)
pjo235,,
pfa260,https://www.chicagofed.org/people/f/faberman-jason,Federal Reserve Bank of Chicago
pmo1084,,Bank for International Settlements (BIS)
psr18,http://statsokonomen.no/erik-o-sorensen-cv/,Norges Handelshøyskole (NHH)
pad90,,World Bank Group
phe142,https://sites.ua.edu/dhenderson/,Luxembourg Institute of Socio-Economic Research (LISER)
ple913,https://sites.google.com/view/sorenleth,Københavns Universitet
ptr169,http://www.tilburguniversity.edu/webwijs/show/?uid=s.t.trautmann,Universiteit van Tilburg
pmo818,https://sites.google.com/unimib.it/claudio-morana,Università degli Studi di Milano-Bicocca
pbe826,http://en.wikipedia.org/wiki/Mark_Berger_%28economist%29,
pch123,http://www.princeton.edu/~gchow,Princeton University
pmy7,http://www.dpmyatt.org/,London Business School (LBS)
pva152,,World Bank Group
ppa107,,Organisation de Coopération et de Développement Économiques (OCDE)
pme53,https://economics.illinois.edu/profile/marcelom,University of Illinois at Urbana-Champaign
pwe22,,Otto-Friedrich Universität Bamberg
phu15,http://www.vanderbilt.edu/econ/faculty/huang.html,Vanderbilt University
pde50,,European Central Bank
pla48,https://sites.google.com/view/wdlastrapes/home,University of Georgia
pli492,http://people.tamu.edu/~jlindo/,National Bureau of Economic Research (NBER)
pba20,,Purdue University
pga14,https://sites.google.com/view/franciscoagallego,Pontificia Universidad Católica de Chile
ply3,https://www.brandeis.edu/facultyguide/person.html?emplid=c68be5f10489adb925c37f876bcdbd52b969987b,National Bureau of Economic Research (NBER)
pfa161,https://www.usn.no/om-usn/kontakt-oss/ansatte/martin-falk-article228663-6688.html,Universitetet i Sørøst Norge
pch208,https://www.lse.ac.uk/geography-and-environment/people/academic-staff/paul-cheshire,University of London → London School of Economics and Political Science (LSE) - Department of Geography & Environment
pfa37,https://nataliafabra.org/,Centre for Economic Policy Research (CEPR)
pwh5,http://econweb.rutgers.edu/white/,Rutgers University-New Brunswick
pwu192,https://scholar.google.com/citations?user=1MR66EoAAAAJhl=zh-CN,Hainan University
pzh1078,,Nanjing University of Science and Technology
psc930,https://eml.berkeley.edu/~schoefer/,University of California-Berkeley
pch1596,http://www.ericchyn.com,National Bureau of Economic Research (NBER)
pyo185,https://wku.edu.cn/en/faculty/imran-yousaf-ph-d/,Prince Sultan University
pbo1132,https://sites.google.com/site/bonevateodora/home,Rheinische Friedrich-Wilhelms-Universität Bonn
pna497,https://business.leeds.ac.uk/faculty/staff/1503/dr-muhammad-ali-nasir,University of Leeds
par618,https://www.davidargente.com,Yale University
pga1138,http://voices.uchicago.edu/ganong,University of Chicago
pbe986,https://gavsis.gelisim.edu.tr/fbekun/kimlik,İstanbul Gelişim Üniversitesi
paw47,https://www.researchgate.net/profile/Sefa-Awaworyi-Churchill/publications,RMIT University
pad288,https://scholar.google.com/citations?user=4OZxt5YAAAAJ&hl=en&oi=ao,Yakin Doğu Üniversitesi
pku506,http://www.lorenzkueng.com,Universitá della Svizzera Italiana (USI)
psh958,https://bs-ecust-edu-cn-s.sslvpn.ecust.edu.cn:8118/szky/teacherdetail/oid/09108/m/jsml,East China University of Science and Technology
pmo1074,http://www.simonmongey.com,Federal Reserve Bank of Minneapolis
pzh498,https://www.bing-zhang.com/,Nanjing University of Finance and Economics
psu577,,Xiamen University
pki472,,Lebanese American University
pve458,https://www.emilverner.com/,Massachusetts Institute of Technology (MIT)
pfa356,https://sites.google.com/site/andreasfagereng/,BI Handelshøyskolen
pce231,https://sites.google.com/view/oguzhancepni/home?authuser=0,Central Bank of the United Arab Emirates
phu488,https://sites.google.com/site/kilianhuberecon/,University of Chicago
pha1278,https://sites.google.com/site/ingarhaaland/,Norges Handelshøyskole (NHH)
pda935,http://www.eduardodavila.com,Yale University
pyu332,https://sme.bit.edu.cn/gbszdw/gbjxzy/gbsyyjjx/126462.htm,Beijing Institute of Technology
pgo916,https://sites.google.com/view/marta-golin/home,Universität Zürich
pmi1080,,Excelia Business School
pac129,,Bond University
pkh566,https://scholar.google.com/citations?user=Xka_ngYAAAAJhl=en,Curtin University
ptc17,,African Governance and Development Institute (AGDI)
pfa702,,University of California-Santa Barbara (UCSB)
pmu707,,North South University
pir70,https://scholar.google.com/citations?user=CPuuS-AAAAAJhl=en,Beijing Institute of Technology
pal529,http://www.chanamjadali.com,University of Lahore City Campus
pfr282,http://carlbenediktfrey.com/,Oxford University
pzy12,http://www.tomzylkin.com,University of Richmond
pdu481,https://www.mbs-education.com/faculte-recherche/faculte-et-departements/annuaire-professeurs/dubey-rameshwar/,Liverpool John Moores University
pjg3,http://economics.mit.edu/faculty/sjaeger,Massachusetts Institute of Technology (MIT)
pca1386,https://www.researchgate.net/profile/Nguyen_Canh4?ev=hdr_xprf&_sg=tRJty_rUI6tWUc-oov_4Rc596e0D1GRjbt,University of Economics Ho Chi Minh City
pca1329,http://michelacarlana.com,Harvard University
pro1315,http://www.danielianrock.com,University of Pennsylvania
pco826,http://scorreia.com/,Federal Reserve Bank of Richmond
phe531,http://www.guojunhe.com,University of Hong Kong
pce110,,International Monetary Fund (IMF)
pkn73,https://www.diegokaenzig.com,Northwestern University
pyi113,http://ylbcufe.weebly.com/,Beijing University of Aeronautics and Astronautics (Beihang University)
pne183,,Australian National University
pve332,https://www.leuphana.de/en/institutes/imaf/persons/patrick-velte.html,Leuphana Universität Lüneburg
pal885,https://www.healthinequalitylab.org/,Stanford University
pfi99,https://sites.google.com/view/fingerrobert/home,Eidgenössische Technische Hochschule Zürich (ETHZ)
phu594,,Yale University
pab499,,University of Ghana
pha1127,https://www.su.se/english/profiles/jhaus-1.282919,Stockholms Universitet
pda919,https://www.efzg.unizg.hr/katedre-29721/medjunarodna-ekonomija-29784/clanovi-30025/prof-dr-sc-marina,Sveučilište u Zagrebu
pze202,,Centre de Recherche en Économie et Statistique (CREST)
pot62,https://sites.google.com/site/ottonellopablo/home,University of Michigan
pgu654,,Universidade de Lisboa
pph137,,University of Central Oklahoma
pcl102,http://www.damianclarke.net/,Universidad de Chile
pso417,https://sites.google.com/view/drksohag,St. Petersburg State University
pak156,http://cevatgirayaksoy.com,European Bank for Reconstruction and Development (EBRD)
pzh744,https://sites.google.com/a/umich.edu/xqzhou/,Federal Reserve Bank of Dallas
pra563,,Iqra University
pda402,https://sites.google.com/site/dauthecon/,Institut für Arbeitsmarkt- und Berufsforschung (IAB)
ppa1139,,American University of the Middle East
pjo233,https://callumjones.github.io/,Federal Reserve Board (Board of Governors of the Federal Reserve System)
pla655,http://www.lamadon.com,University of Chicago
psh703,,Lille Économie et Management (LEM)
pba1010,,Lietuvos Agrarinės Ekonomikos Institutas (LAEI)
pst716,http://philippstrack.com,Yale University
pka876,https://maxkasy.github.io/home/,Harvard University
psg8,https://www.jakobsogaard.com,Københavns Universitet
pgo412,https://sites.google.com/site/mathgoutte/,Université Paris-Saclay
pca1212,https://sites.google.com/site/stefanocarattini/,Georgia State University
pma2618,https://researchers.lincoln.ac.nz/wanglin.ma,Lincoln University
pfe480,http://jamesfeigenbaum.github.io,Boston University
pbo840,http://jmboehm.github.io,London School of Economics (LSE)
pdw12,https://pdworczak.com/,Group for Research in Applied Economics (GRAPE)
pse737,http://bradleysetzler.com,Pennsylvania State University
ple1010,http://www.danjlewis.com,University College London (UCL)
ppa1172,http://www.nityapandalainayar.com,University of Texas-Austin
psc921,https://carloschwarz.eu/,Università Commerciale Luigi Bocconi
pmo1049,http://www.economoser.com/,National Bureau of Economic Research (NBER)
pmo1065,,Universitetet i Stavanger
psh718,,Nankai University
pba575,http://www.paballand.com/,Harvard University
pdo459,,Süleyman Demirel Üniversitesi
pma1570,https://sites.google.com/site/cpmagazzino/home,Università LUM Giuseppe Degennaro
ppi516,https://sites.google.com/site/laurapilossoph/,Duke University
pwa614,http://scholar.google.com/citations?user=g87CyaYAAAAJ&hl=en,Hunan University
pfa271,https://www.researchgate.net/profile/Fateh_Belaid2,King Abdullah Petroleum Studies and Research Center (KAPSARC)
pch1559,http://www.lucaschancel.info,Paris School of Economics
pdo446,http://www.sdoerr.com,Bank for International Settlements (BIS)
pzi116,,briq Institute on Behavior and Inequality
phj12,https://www.jonashjort.com/,Columbia University
pla1002,https://scholar.google.com/citations?user=Pbjnz4IAAAAJ&hl=en,University of Bath
pba2070,https://www.alexbartik.com,University of Illinois at Urbana-Champaign
pji273,,Nankai University
pve303,https://sites.google.com/site/vvenkate/,New York University (NYU)
pal621,https://sites.google.com/view/inakialdasoro,Bank for International Settlements (BIS)
ppl63,http://nyfedeconomists.org/plosser/,Federal Reserve Bank of New York
pas170,,London South Bank University
pxu79,http://www.guoxu.org,University of California-Berkeley
pba557,,Massey University
pad77,http://www.yale.edu/adhvaryu,University of Michigan
pno250,http://paulnovosad.com,Dartmouth College
pto480,http://a-torgovitsky.github.io/,University of Chicago
psh1382,,Beijing Institute of Technology
pva659,https://staff.lincoln.ac.uk/794ec32a-bb46-49d4-a514-c135a8826f1e,Toshkent Xalqaro Vestminster Universiteti
pli1117,http://www.shengwu.li,Harvard University
psc554,https://sites.google.com/site/schepensglenn,European Central Bank
pbr259,,National University of Singapore (NUS)
phe736,https://bhebert.people.stanford.edu/,Stanford University
pvi341,https://www.santannapisa.it/en/maria-enrica-virgillito,Scuola Superiore Sant'Anna
psc568,http://scholar.harvard.edu/schreger/,Harvard University
pwi342,http://www.caseyjwichman.com,Georgia Institute of Technology
pug17,,Università degli Studi di Milano-Bicocca
pph135,,La Trobe University
psu615,,University of Economics Ho Chi Minh City
pfi153,http://sebastian-findeisen.com,Universität Konstanz
pma3109,,United Arab Emirates University
psc824,https://economics.mit.edu/faculty/fschilb,Massachusetts Institute of Technology (MIT)
psk7,https://fet.unipu.hr/fet/marinko.skare,Sveučilište Jurja Dobrile u Puli
pma693,https://sites.google.com/site/antoinedavidmandel/,Université Paris 1 (Panthéon-Sorbonne)
pra194,https://www.adb.org/adbi/about/staff-profiles/dil-rahut,Asian Development Bank
pji245,,Xiamen University
pch679,https://sites.google.com/site/xichennj/,Yale University
pmo1401,http://www.davidmolitor.com,University of Illinois at Urbana-Champaign
ppr390,https://sites.google.com/site/fcomunozma/,CUNEF Universidad
pad258,,University of Maine
pdh18,http://www.sdhingra.com,London School of Economics (LSE)
psc782,https://sites.google.com/site/mwschwert/,University of Pennsylvania
pzi155,https://sites.google.com/site/sethdavidzimmerman/home,Yale University
pst847,,Imperial College
pel359,,United Arab Emirates University
ppi49,,Columbia University
pde1038,https://akbis.gaziantep.edu.tr/detay/?A_ID=196697_docent_mehmet-akif-destek,Gaziantep Üniversitesi
pza419,http://adamzaremba.pl/,Uniwersytet Ekonomiczny w Poznaniu
pas310,http://samuelasher.com,National Council of Applied Economic Research (NCAER)
psa1792,https://sites.google.com/site/yuyasasaki/,Vanderbilt University
pul71,https://www.mauricioulate.com,Federal Reserve Bank of San Francisco
paf50,http://www.afrouzi.com,National Bureau of Economic Research (NBER)
pgo953,,National Bureau of Economic Research (NBER)
psi263,,Griffith University
pre517,http://www.thomas-renault.com,Université Paris-Saclay
pch379,http://www.researchgate.net/profile/Lanouar_Charfeddine/,University of Qatar
pse401,,Éklore-ed School of Management (ESC Pau)
pbr214,http://www.eni.Uni-stuttgart.de,Syddansk Universitet
pas226,http://elliottash.com,Eidgenössische Technische Hochschule Zürich (ETHZ)
pch1221,https://www.sangyupchoi.com,Yonsei University
ppe959,https://mpelger.people.stanford.edu/,Stanford University
pwi408,https://sites.google.com/site/johannesfwieland/,University of California-San Diego (UCSD)
pbo336,https://www.iies.su.se/about-us/the-iies/2.11550/timo-boppart-1.117449,Universität Zürich
per145,http://www.bilgeerten.com,Northeastern University
pcr213,http://matteocrosignani.com/,University of Michigan
pfa225,http://www.fariaecastro.net,Federal Reserve Bank of St. Louis
pyu85,http://www.stanford.edu/~ayurukog,Stanford University
pci212,,Universidad de Murcia
pfa386,http://fanhaichao.weebly.com,Fudan University
pto326,https://alexisakira.github.io,Emory University
pca601,https://sites.google.com/site/juliacagehomepage/,Sciences Po
pbo852,https://lbocola.people.stanford.edu/,Stanford University
ppa1120,,Hatay Mustafa Kemal Üniversitesi
pag45,https://sites.socsci.uci.edu/~dagrawa4/,University of California-Irvine
pch1111,http://www.chahrour.net,Cornell University
ppa1430,http://nicholaswpapageorge.com,Johns Hopkins University
pmi632,https://profiles.ucl.ac.uk/64212,University College London (UCL)
pst849,https://sites.google.com/site/clsteinwender/,Ludwig-Maximilians-Universität München
pho672,https://sites.google.com/site/martinblomhoffholm/,Universitetet i Oslo
pal1092,,Universidad Nacional de Loja
phe627,https://wiiw.ac.at/philipp-heimberger-s-1138.html,Wiener Institut für Internationale Wirtschaftsvergleiche (WIIW)
pst816,http://bryan-stuart.com,Federal Reserve Bank of Philadelphia
phu279,https://www.aihunjra.com/,Institut de Préparation à l'Administration et à la Gestion (IPAG)
pac42,https://sushantacharya.github.io,University of Melbourne
pde1022,http://jeffdenning.com,National Bureau of Economic Research (NBER)
pso409,,Multimedia University
plu438,https://www.ralphluetticke.com/,Centre for Economic Policy Research (CEPR)
pfo237,http://www.crei.cat/people/fornaro/,Barcelona School of Economics (BSE)
pwa105,http://mypage.unibocconi.eu/hanneswagner,Università Commerciale Luigi Bocconi
pco913,https://people.ucd.ie/conlon.thomas,University College Dublin
pho433,http://john-joseph-horton.com/,New York University (NYU)
pom27,,Qassim University
psh1124,https://www.researchgate.net/profile/Umer_Shahzad,Anhui University of Finance and Economics
phu447,https://www.rug.nl/staff/n.hussain/,Rijksuniversiteit Groningen
pma1006,https://cm1518.github.io/,University of Notre Dame
pba1412,https://sites.google.com/site/saleembahaj/home,Bank of England
pth272,http://personal.lse.ac.uk/THWAITES/,University of Nottingham
pan759,https://www.peter-andre.com/,Leibniz-Institut für Finanzmarktforschung SAFE (Sustainable Architecture for Finance in Europe)
ple471,https://sites.google.com/site/tlebarbanchon/home,Università Commerciale Luigi Bocconi
psc798,https://sites.google.com/view/lindamarleneschilling,Washington University in St. Louis
pbo938,http://www.christopheboehm.com/,University of Texas-Austin
pma3102,http://www.christosmakridis.com,Arizona State University
pjo350,http://home.uchicago.edu/~j1s,University of Chicago
pkh569,https://scholar.google.com/citations?user=oRilUVcAAAAJhl=en,Beijing Institute of Technology
plo626,http://benlockwood.com,University of Pennsylvania
pfe513,https://andreas-ferrara.com/,University of Pittsburgh
poh37,,World Bank Group
psi739,https://sanjayrajsingh.github.io/,Federal Reserve Bank of San Francisco
pan599,,Oxford University
phu616,http://www.huangjk.com,University of Illinois at Urbana-Champaign
ple582,https://vinfutureprize.org/members/dr-thai-ha-le/,Institut de Préparation à l'Administration et à la Gestion (IPAG)
plu433,https://sites.google.com/site/stephanluck/,Federal Reserve Bank of New York
pma442,https://univ-cotedazur.fr/annuaire/frederic-marty,Sciences Po
ppa182,https://scholar.google.com/citations?user=ZidYwiQAAAAJhl=eloi=ao,Aristotle University of Thessaloniki
pwi499,,Indiana University
pal359,https://sites.google.com/site/claudiutiberiualbulescu/home,Université de Poitiers
pbo779,https://www.aislinnbohren.com,Carnegie Mellon University
pke223,,European Central Bank
ppa1181,http://www.pascalpaul.de,Federal Reserve Bank of San Francisco
pni406,,South China University of Technology
psc52,https://www.schmidheiny.name/,Centre for Economic Policy Research (CEPR)
pre490,https://alexreesjones.github.io/,University of Pennsylvania
pbl209,https://sites.google.com/view/blandin,Vanderbilt University
pdi551,https://datascience.uni-hohenheim.de,Universität Hohenheim
pbo1151,http://home.fau.edu/cboudreaux/web,Florida Atlantic University
pph91,,Nelson Mandela Metropolitan University
peh23,http://www.bis.org/author/torsten_ehlers.htm,Bank for International Settlements
pde1228,https://economics.uchicago.edu/directory/manasi-deshpande,University of Chicago
ppo405,http://www.unipi.gr/unipi/en/mpolemis.html,University of Piraeus
pma3315,https://kenkyu-web.hosei.ac.jp/Profiles/112/0011125/profile.html,Hosei University
pto237,http://christophertonetti.com,Stanford University
pau102,https://scholar.google.com/citations?user=FgvxEhYAAAAJ&hl=en,Abu Dhabi School of Management
pke209,https://sites.google.com/site/matthiaskehrig/,Duke University
pri214,https://friosavila.github.io,Universidad Privada Boliviana
pvu11,https://sites.google.com/site/vuongqh2019,Université Libre de Bruxelles
pml46,http://www.karstenmueller.com,National University of Singapore (NUS)
pko378,http://andreaskotsadam.wordpress.com/,Universitetet i Oslo
pgu524,https://sites.google.com/site/khhguesmi2017/home,Groupe Paris Graduate School of Management
pza123,http://sites.google.com/site/chahirzaki/,Université d'Orléans
psc777,https://sites.google.com/site/edouardschaal/,Barcelona School of Economics (BSE)
pwh68,http://www.laurawherry.com,New York University (NYU)
pzo110,http://www.eric-zou.com/,National Bureau of Economic Research (NBER)
pei70,https://sites.google.com/site/eiserttim/home,Universidade Nova de Lisboa
pbh89,https://sites.google.com/site/manudeepbhuller,Universitetet i Oslo
pdi388,https://www.marcusdillender.com/,Vanderbilt University
pal346,,Norges miljø- og biovitenskapelig universitet
pli570,https://orcid.org/0000-0002-4835-927X,Beijing Institute of Technology
pwo217,http://www.arlene-wong.com,Princeton University
ple945,https://www.researchgate.net/profile/Sang_Ho_Lee5,Chonnam National University
pba244,https://www.rmit.edu.au/contact/staff-contacts/academic-staff/b/batten-professor-jonathan,RMIT University
pmi702,https://www.ot.mgt.tum.de/log/team/minner/,Technische Universität München
psh202,http://sites.google.com/site/adamshap/,Federal Reserve Bank of San Francisco
pme185,http://sites.google.com/site/friederikemengel/,University of Essex
pvo139,,School of Oriental and African Studies (SOAS)
pbe1338,https://www.learningcollider.org/peter-bergman,University of Texas-Austin
pdo2,http://www.estima.com,Estima
pxe5,http://dxefteris.googlepages.com,University of Cyprus
pba1401,https://gufaculty360.georgetown.edu/s/faculty-profile?netID=mb3023,Cornell University
pzh471,https://scholars.cityu.edu.hk/en/persons/lin-zhang(82d36211-2260-4aa7-9419-aa6e663fdaf6).html,"School of Energy and Environment, City University of Hong Kong"
pel264,https://www.brunel.ac.uk/people/ahmed-elamer,Brunel University London
pbe1067,https://sites.google.com/view/benzarti/?authuser=1,University of California-Santa Barbara (UCSB)
pbo699,,Gaidar Institute for Economic Policy
pal280,http://www.african-review.com/,NILE VALLEY MULTIVERSITY (Nile Valley Multiversity)
pka1669,,Gaidar Institute for Economic Policy
pse666,https://robertseamans.com/,New York University (NYU)
pma1755,http://ocf.berkeley.edu/~jmagruder,University of California-Berkeley
pra605,http://rapson.ucdavis.edu,University of California-Davis
pmo1146,,Institut Supérieur de Gestion de Gabès
pal97,,Oxford University
ple754,http://www.cesifo-group.de/lergetporer-p,Technische Universität München
psm127,https://sites.google.com/site/jonathansmithphd/,Georgia State University
pdi434,http://www.jan.ditzen.net,Libera Università di Bolzano / Freie Universität Bozen
pha907,,University of Pennsylvania
pdr141,http://thomas-drechsel.com,Johns Hopkins University
pfi338,http://www.stefanofiorin.com,Università Commerciale Luigi Bocconi
pbu218,,Bank of England
ppa1470,https://orcid.org/0000-0002-0030-1781,"P. G. Department of Commerce, Magadh University"
pko451,http://www.urbaneconomics.nl,Vrije Universiteit Amsterdam
pan227,http://sites.google.com/site/philippeandradeeconomics/,Federal Reserve Bank of Boston
pde896,http://www.anthonydefusco.com,National Bureau of Economic Research (NBER)
pha1094,http://walkerhanlon.com/,Northwestern University
pne193,https://www.ifo.de/neumeier-f,ifo Institut - Leibniz-Institut für Wirtschaftsforschung an der Universität München e.V.
pli817,http://www.sites.google.com/site/yueliecon/,"University at Albany, State University of New York (SUNY)"
pqu97,https://sites.google.com/site/pabloquerubin/,"New York University, Department of Politics"
pse464,http://www.davidseim.com/,Stockholms Universitet
pwi451,https://economics.byu.edu/directory/riley-wilson,Brigham Young University
psc453,https://www.dice.hhu.de/en/diceteam/professors/prof-dr-hannah-schildberg-hoerisch,Heinriche-Heine-Universität Düsseldorf
pmo1210,http://www.jackmountjoy.net,University of Chicago
pin87,,Macquarie University
psp102,https://jspenkuch.github.io,Northwestern University
ple1138,http://roeelevy.com,Tel Aviv University
ppa1083,https://sites.google.com/site/evgeniapassari/,Université Paris-Dauphine (Paris IX)
pku113,https://www.satenkumar.com/,Australian National University
pla954,http://nathanlane.info,Oxford University
pja181,https://www.philadelphiafed.org/our-people/julapa-jagtiani,Federal Reserve Bank of Philadelphia
pgi103,https://sites.google.com/site/jignaciogimeneznadal/,Universidad de Zaragoza
psa2079,,جامعه جده
pbo433,http://www.ivm.vu.nl/en/people/researchers/environmental-economics/botzen/index.asp,Vrije Universiteit Amsterdam
ppe325,https://sites.google.com/view/ivanpetrella/home/,Centre for Economic Policy Research (CEPR)
pwi218,https://sites.google.com/site/davidwiczer/,Luxembourg Institute of Socio-Economic Research (LISER)
pma2722,https://sites.google.com/view/bmarx,Boston University
pse663,https://sites.google.com/site/ersevernini/,National Bureau of Economic Research (NBER)
pde735,https://scholar.google.com/citations?user=aEnFrQwAAAAJ&hl=en,Panteion University of Social and Political Sciences
pba1613,,Vaasan yliopisto
pbu214,https://researchportalplus.anu.edu.au/en/persons/paul-burke,Australian National University
pja531,http://orcid.org/0000-0001-9778-7345,Universidad de Castilla La Mancha
pch431,https://sites.google.com/site/yongqiangchu/,University of North Carolina-Charlotte
pgi174,http://www.oseagiuntella.com,University of Pittsburgh
pcz10,https://sites.google.com/site/robertczudaj/,Technische Universität Bergakademie Freiberg
pbo522,,Université de Pau et des Pays de l'Adour
pwi453,http://alexanderwillen.com,Norges Handelshøyskole (NHH)
pfe315,https://sites.google.com/site/brunoferman/home,Fundação Getúlio Vargas (FGV)
ple914,http://www.syleetim.net/,Queen Mary University of London
pch353,,Bank of Canada
pyi76,https://en.nsd.pku.edu.cn/faculty/fulltime/y/520194.htm,Peking University
pba1660,https://www.johnmbarrios.org,Washington University in St. Louis
pca325,https://sites.google.com/site/giovannicaggiano72/home,Monash University
pah189,http://iitk.ac.in/new/wasim-ahmad,Indian Institute of Technology Kanpur
pfe193,,Instituto Politécnico de Portalegre
pda815,,Indian Institute of Management Bangalore (IIMB)
pna248,https://sites.google.com/site/gjnatvik/,BI Handelshøyskolen
pgo110,https://sites.usc.edu/gottlieb/,London School of Economics (LSE)
pja726,https://ibs.hainanu.edu.cn/info/1350/8631.htm,Hainan University
pfo293,https://elizaforsythe.web.illinois.edu/,University of Illinois at Urbana-Champaign
pfa173,http://www.uni-marburg.de/cnms/wirtschaft,CESifo
pfa200,https://sites.google.com/site/econrenatofaccini/,Danmarks Nationalbank
pbe644,,Fernuniversität in Hagen
pde730,https://jondequidt.com,Stockholms Universitet
pal145,http://www.bankofcanada.ca/profile/jason-allen/,University of Wisconsin-Madison
ptz18,,University of Thessaly
pag129,http://www.philippager.com/,Universität Mannheim
pde294,http://econ.upf.edu/ddebortoli,Barcelona School of Economics (BSE)
pba562,https://www.unive.it/data/persone/23832560,Università Ca' Foscari Venezia
pti242,https://sites.google.com/site/timmeryannick/,Federal Reserve Board (Board of Governors of the Federal Reserve System)
pse304,https://petr-sedlacek.com,UNSW Sydney
pba1509,,Bank for International Settlements (BIS)
pke424,https://sites.google.com/site/rohankekre/,University of California-Berkeley
pvi316,http://neumann.hec.ca/pages/nicolas.vincent/,HEC Montréal (École des Hautes Études Commerciales)
pzh497,http://siqizheng.mit.edu,Massachusetts Institute of Technology (MIT)
pzl8,https://ulfzoelitz.com/,Universität Zürich
pve240,http://www.fvenmans.com,London School of Economics (LSE)
pal824,https://www.diane-alexander.com,University of Pennsylvania
pha1276,,Bank for International Settlements (BIS)
pra788,,European Xtramile Centre of African Studies (EXCAS)
ppa196,https://sites.google.com/site/elenapastorino1econ/home?authuser=0,Hoover Institution on War Revolution & Peace
pst593,https://www.michaelrstrain.com,Georgetown University
pnw19,,University of Central Lancashire
pal276,https://www.researchgate.net/profile/Md_Mahmudul_Alam,Universiti Utara Malaysia
pbe722,http://www.columbia.edu/~mcb2270/,Columbia University
pal1010,http://mamdouhabdulazizsalehalfaryan.academia.edu/research,University of Portsmouth
psc355,,Fraunhofer-Gesellschaft
pfe214,https://naffe15.github.io/,Alma Mater Studiorum - Università di Bologna
pga933,https://sites.google.com/view/bertrandgarbinti/,Centre de Recherche en Économie et Statistique (CREST)
pbt7,https://www.nhh.no/en/employees/faculty/aline-buetikofer,Norges Handelshøyskole (NHH)
pbe989,http://felipebenguria.weebly.com,University of Kentucky
pli1503,https://people.ucas.ac.cn/~lijianping,University of Chinese Academy of Sciences
pgu727,http://germangutierrezg.com/,New York University (NYU)
pcr150,https://lsa.umich.edu/econ/people/faculty/jcravino.html,University of Michigan
pst598,https://joesteinberg.com/,University of Toronto
pgi259,https://sites.google.com/a/unipv.it/giudici/,Università degli Studi di Pavia
pgr529,https://www.dpgross.com,Duke University
ple634,http://www.dereklemoine.com,University of Arizona
pki563,https://sites.google.com/view/hyunseobkim,Federal Reserve Bank of Chicago
pbo878,http://www.mit.edu/~bonatti/,Massachusetts Institute of Technology (MIT)
pal451,http://www.psu.edu.sa,Prince Sultan University
pmo544,https://www.rieti.go.jp/users/morikawa-masayuki/index_en.html,"Research Institute of Economy, Trade and Industry (RIETI)"
pwy6,,Rijksuniversiteit Groningen
pri230,http://www.giovanni-ricco.com/,University of Warwick
pew6,https://michaelewens.com,Columbia University
pbi247,http://www.sakibigio.net,National Bureau of Economic Research (NBER)
pcu144,https://sites.google.com/site/weicuiweb/,University College London (UCL)
pnu38,https://www.galonuno.com,Centre for Economic Policy Research (CEPR)
pja349,https://matthewjaremski.com/,Utah State University
pmi184,,Organisation de Coopération et de Développement Économiques (OCDE)
ple706,http://econ.williams.edu/people/jl14,International Food Policy Research Institute (IFPRI)
pco1061,,Bank for International Settlements (BIS)
ple583,http://personal.lse.ac.uk/leen,London School of Economics (LSE)
pbo393,http://www.emine.biz,International Monetary Fund (IMF)
pfo131,http://www.fossowambasamuel.com,Groupe ESC Toulouse
pre299,https://www.wu.ac.at/pepp/staff/rezai-armon,International Institute for Applied Systems Analysis (IIASA)
pwa696,,Nanjing University of Aeroneautics and Astronautics
pra238,http://www.rolandrathelot.com,Centre for Economic Policy Research (CEPR)
pgr364,http://www.greenwoodeconomics.com,University of Melbourne
pop18,http://www.ryanoprea.com,University of California-Santa Cruz (UCSC)
pme542,,Federal Reserve Bank of Atlanta
plu377,,Federal Reserve Bank of Cleveland
pcz11,http://czaj.org/,Univerzita Karlova v Praze
psc448,https://sites.google.com/site/econschmidt/home,European Central Bank
pkc2,,Anadolu Üniversitesi
pma2160,http://scholar.google.co.in/citations?user=D2QoDN8AAAAJ&hl=en,Mantu Kumar Mahalik (IIT Kharagpur)
pgr567,http://sites.google.com/site/grassibasile/,Università Commerciale Luigi Bocconi
ppi325,https://www.gaborpinter.eu/,Bank for International Settlements (BIS)
pki546,https://sites.google.com/view/cynthiakinnan,Tufts University
pda786,https://www.diegodaruich.com/,University of Southern California
pzh419,http://www.yjanezhang.com,UNSW Sydney
pje133,http://michaeljetter.weebly.com/,University of Western Australia
pro1421,https://www.linkedin.com/in/merwan-roudane-41166236b/,
pka822,https://www.mcc-berlin.net/ueber-uns/team/kalkuhl-matthias.html,Mercator Research Institute on Global Commons and Climate Change (MCC)
pda888,https://scholar.google.com/citations?user=oSyUY9txtr0Chl=en,Great Lakes Institute of Management
ppe642,http://www.stanford.edu/~perssonp/index.html,Stanford University
pre360,https://mreguant.github.io,Barcelona School of Economics (BSE)
pco610,https://www.jonathancolmer.com,University of Virginia
pfe552,,Ural Federal University
pya131,https://sites.google.com/view/vincentyao,Georgia State University
pro1146,http://nber.org/~robbinsj,University of Illinois at Chicago
pma1788,https://alexeymakarin.github.io/,Massachusetts Institute of Technology (MIT)
pha1310,http://www-personal.umich.edu/~chausman/research.html,National Bureau of Economic Research (NBER)
ppe422,https://sites.google.com/site/rheathpeters/,Tulane University
pan527,https://findanexpert.unimelb.edu.au/profile/757679-tomohiro-ando,University of Melbourne
pbr190,http://www.tombroekel.de,"Geographisches Institut, RWTH Aachen"
pch1792,,Soochow University
psc516,https://sites.google.com/site/lawrencedwschmidt/,Massachusetts Institute of Technology (MIT)
pqi54,https://bizfaculty.nus.edu.sg/faculty-details/?profId=671,National University of Singapore (NUS)
pdo218,https://sites.google.com/view/mathiasdolls,ifo Institut - Leibniz-Institut für Wirtschaftsforschung an der Universität München e.V.
pdi19,https://sites.google.com/site/emindinlersoz/,Government of the United States
pko970,http://serhiykozak.com,University of Maryland
pka1382,https://sites.google.com/view/rupalkamdar,Indiana University
pst421,http://www.andreassteinmayr.net,University College London (UCL)
phu598,https://sites.google.com/view/toanhld,University of Economics Ho Chi Minh City
pge192,https://sites.google.com/site/georgiosgeorgiadis111/,European Central Bank
pgr297,https://sites.google.com/view/francescogrigoli,Georgetown University
pgu612,https://sites.google.com/view/selimgulesci/,Trinity College Dublin
pte191,,Queen Mary University of London
pla637,http://martalachowska.weebly.com,Federal Reserve Bank of Chicago
psp229,https://www.bsprungkeyser.com/,University of Pennsylvania
psh726,,Federal Reserve Bank of New York
pga755,http://www.sganapati.com,Georgetown University
por114,http://people.bu.edu/jortner/,Boston University
pgu546,,"""Sapienza"" Università di Roma"
pam134,http://sites.google.com/site/fscoamodio/,McGill University
pju214,https://www.ragnarjuelsrud.com,Universitetet i Oslo
pwa494,http://assets.wharton.upenn.edu/~was/,University of Pennsylvania
pli495,,University of Hull
pal427,https://www.guidoalfani.eu/,Università Commerciale Luigi Bocconi
pra541,https://tyleransom.github.io,University of Oklahoma
ptr393,https://sites.google.com/site/straiberman/,New York University (NYU)
pso571,https://sites.google.com/site/giuseppesorrenti85/,Universiteit van Amsterdam
pmi407,,DIW Berlin (Deutsches Institut für Wirtschaftsforschung)
pdi363,https://sites.google.com/view/eugendimant/,University of Nottingham
ppa251,https://sites.google.com/site/npgpalma/,University of Manchester
psc650,https://www.diw.de/staff/en/wschill,DIW Berlin (Deutsches Institut für Wirtschaftsforschung)
pth366,http://www.michaelthaler.com,University College London (UCL)
plo110,http://econ.ohio-state.edu/trevon,National Bureau of Economic Research (NBER)
ple928,https://sites.google.com/site/anthonylepinteur/home,Université du Luxembourg
pwa667,http://www.olivierwang.com,New York University (NYU)
pme642,http://www.geertmesters.com,Federal Reserve Bank of New York
ple692,http://www.fernandoleibovici.com,Southern Methodist University
phy13,https://henryrhyatt.com,Government of the United States
pru106,http://www.jaredcrubin.com/,Chapman University
pim33,https://sites.google.com/site/clemimbert/,Sciences Po
psi1127,https://sites.google.com/site/siegenthalermichael/home,Eidgenössische Technische Hochschule Zürich (ETHZ)
pge328,https://sites.google.com/site/fransgerard/,University College London (UCL)
ppo637,http://www.hbs.edu/faculty/Pages/profile.aspx?facId=736825,Harvard University
ppu86,,Universitatea Româno-Americană
pri321,,Lahore University of Management Sciences
psc351,https://ianschmutte.org,University of Georgia
pch1683,http://peterchristensen.net,University of California-Santa Cruz (UCSC)
pgo820,https://fagonza4.github.io,King's College London
pch1228,https://personal.ntu.edu.sg/jtchen/,Nanyang Technological University
pda851,https://sites.google.com/site/olivierdarmouni/,Columbia University
pko790,http://www.juliankozlowski.com/,Federal Reserve Bank of St. Louis
pny23,http://www.anantnyshadham.com,University of Michigan
pfu9,,Universidade do Coimbra
per213,http://kaeriksson.ucdavis.edu,University of California-Davis
pkr246,https://www.kripfganz.de,University of Exeter
pfa548,https://sites.google.com/view/adrien-fabre,Centre International de Recherche sur l'Environnement et le Développement (CIRED)
pme762,http://www.brianmelzer.com,Dartmouth College
phu293,http://www.johnerichumphries.com,Yale University
pri173,https://www.tuhh.de/hrmo/team/prof-dr-c-m-ringle.html,Technische Universität Hamburg-Harburg (TUHH) (Hamburg University of Technology)
pha383,https://www.benjaminhansen.org/,University of Oregon
ppu77,https://profiles.uts.edu.au/talis.putnins,University of Technology Sydney
ppr415,http://www.brianprest.com,Resources for the Future (RFF)
pva651,https://sites.google.com/site/felipev84/Home,University of British Columbia
pni384,http://econweb.ucsd.edu/~pniehaus/,University of California-San Diego (UCSD)
pgr571,https://sites.google.com/view/klaus-gruendler,ifo Institut - Leibniz-Institut für Wirtschaftsforschung an der Universität München e.V.
ppe799,https://sites.google.com/site/giovannipellegrinopg/,Università degli Studi di Padova
pvo187,http://www.bis.org/author/goetz_von_peter.htm,Bank for International Settlements (BIS)
pla883,https://ebenlazarus.github.io,University of California-Berkeley
pzy8,http://sites.google.com/site/yanoszylberberg/,University of Bristol
ppr456,http://andreaprestipino.com,Federal Reserve Board (Board of Governors of the Federal Reserve System)
pre385,http://www.julianreif.com,University of Illinois at Urbana-Champaign
pli1242,https://www3.nd.edu/~elieber/,University of Notre Dame
pma2677,https://sites.google.com/view/cmadeira/,Banco Central de Chile
pzh896,,Sichuan University
ped70,https://sites.google.com/site/anthonyedohome/,
pka964,,Università degli Studi di Milano
ppi372,https://sites.google.com/site/piapinger/,Universität zu Köln
par531,https://sites.google.com/view/dmitry-arkhangelsky,Centro de Estudios Monetarios y Financieros (CEMFI)
pbe1273,https://economics.mit.edu/faculty/maberaja,Massachusetts Institute of Technology (MIT)
pal1270,,Université Internationale de Rabat
pyu225,https://minchulyum.github.io/,Centre for Economic Policy Research (CEPR)
pta633,http://sites.google.com/site/yuehuatang/,University of Florida
pos133,http://www.jospinaeconomics.net/,Banco de la Republica de Colombia
psc988,https://www.ufv.ca/faculty-business-and-computing/deans-office/schinckus-chris.htm,
paj35,http://www.ajzenman.com,McGill University
pwa726,,Baylor University
pmi138,https://sites.google.com/site/minoiucamelia/,Federal Reserve Bank of Atlanta
pfa513,http://pages.ucsd.edu/~yfadlon/,University of California-San Diego (UCSD)
pft1,,EDC Paris Business School
pme858,http://www.kylemeng.com,University of California-Santa Barbara (UCSB)
pca1576,https://www.economics.utoronto.ca/gabriel.carroll/,University of Toronto
pdr105,https://sites.google.com/a/fulbrightmail.org/moritzdrupp/home,Universität Hamburg
pmi322,http://www.ernestmiguelez.com,University College London (UCL)
pla866,http://timothyjlayton.com,National Bureau of Economic Research (NBER)
psc940,https://mollyschnell.com/,National Bureau of Economic Research (NBER)
pca722,http://www.indiana.edu/~spea/faculty/carley-sanya.shtml,University of Pennsylvania
pad48,http://www.tassoadamopoulos.com,York University
pdh37,http://sites.google.com/view/emmanueldhyne/home,Nationale Bank van België/Banque national de Belqique (BNB)
pde369,http://www.gder.info,École Polytechnique Fédérale de Lausanne (EPFL)
ple494,https://www.robertlehmann.net,ifo Institut - Leibniz-Institut für Wirtschaftsforschung an der Universität München e.V.
pjo83,,Clark University
pde1498,https://www.gsb.stanford.edu/faculty-research/faculty/ed-dehaan,Stanford University
por110,https://sites.google.com/site/oreficegianluca/home,Université Paris-Dauphine (Paris IX)
pch1344,https://sites.google.com/site/chaoransite/,York University
pli704,https://sites.google.com/view/sebastianlink,ifo Institut - Leibniz-Institut für Wirtschaftsforschung an der Universität München e.V.
pbr739,https://lucabrugnolini.github.io/,
pri396,https://emmaalriley.wordpress.com/research/,Oxford University
pma1610,,Oxford University
pab241,,Ural Federal University
pco827,https://sites.google.com/view/ricardocorrea/home,Federal Reserve Board (Board of Governors of the Federal Reserve System)
pro704,,Banca d'Italia
pch372,https://sites.google.com/site/chenkaiji/,Emory University
pbe1128,http://alexbell.net/,Georgia State University
pha871,https://sites.google.com/view/jarkkoharju/,Tampereen Yliopisto
pfa156,https://sites.google.com/view/harald-fadinger,Universität Wien
phi214,,Handelshochschule Leipzig
pda415,,Federal Reserve Bank of Dallas
pfo216,http://faculty.tuck.dartmouth.edu/teresa-fort/,Dartmouth College
pbl102,https://benblau.wixsite.com/mysite,Utah State University
pwa817,http://www.thomas-walther.info,Universiteit Utrecht
pco213,http://italocolantone.com,Università Commerciale Luigi Bocconi
pco986,https://sites.google.com/site/nikolaimcook/,Wilfrid Laurier University
pya385,,Shenzhen University
pbo439,http://www.parisschoolofeconomics.com/bozio-antoine/en/index.htm,Paris School of Economics
pda496,http://yannisdafermos.com/,School of Oriental and African Studies (SOAS)
pma869,https://mariomacis.net/,Johns Hopkins University
phe456,,Jinan University
pde1061,http://rdecker.net,Federal Reserve Board (Board of Governors of the Federal Reserve System)
pga940,https://sites.google.com/view/andygarin/research,Carnegie Mellon University
pan448,http://www.ofce.sciences-po.fr/pages-chercheurs/antonin.htm,Collège de France
pme371,,George Washington University
pgr804,https://sites.bu.edu/talgross/,Boston University
plo464,http://www.saralowes.com/,University of California-San Diego (UCSD)
pak300,,Australian Catholic University
pdo441,https://www.newyorkfed.org/research/economists/dogra,Federal Reserve Bank of New York
piv98,,La Trobe University
ppe860,http://www.brunopellegrino.com,CESifo
pth350,https://opportunityinsights.org/team/nicolaj-thor/,Harvard University
pna721,http://joananaritomi.com,London School of Economics (LSE)
pmi744,,University of Michigan
pco421,https://www.courtemanche.org/,University of Kentucky
pgr92,https://www.essca.eu/en/faculty-and-research/faculty/permanent-faculty/gilles-grolleau/,École Supérieure des Sciences Commerciales d'Angers (ESSCA)
pro914,http://www.rudirocha.org,Instituto de Estudos Para Políticas de Saúde
pho265,http://www.rotman.utoronto.ca/FacultyAndResearch/Faculty/FacultyBios/Hoffman.aspx,University of Toronto
ppu56,https://www.benjaminpugsley.com,University of Notre Dame
pce131,https://sites.google.com/site/ambropo/home,Centre for Macroeconomics (CFM)
pas138,https://sites.google.com/site/vasriyan,Barcelona School of Economics (BSE)
psa1082,http://r-santaeulalia.net,Barcelona School of Economics (BSE)
pri405,https://kevinrinz.github.io,Federal Reserve Bank of Cleveland
pgl86,,Österreichisches Institut für Wirtschaftsforschung (WIFO)
pli361,http://yaoli.people.ust.hk/,Hong Kong University of Science and Technology (HKUST)
pbo874,,Stanford University
pli778,,National University of Singapore (NUS)
pba1440,http://jacobbastian.com,Rutgers University-New Brunswick
psa547,http://anamariasantacreu.weebly.com/,Southern Methodist University
pmc143,http://mcmahonecon.com,Centre for Economic Policy Research (CEPR)
pul37,https://sites.google.com/site/gulyssea/,Oxford University
pzh303,http://junjiezhang.org/,Duke Kunshan University
ppr113,http://www.fcm.uni-hannover.de/prokopczuk.html,Leibniz Universität Hannover
pra1254,https://gragusa.org,"""Sapienza"" Università di Roma"
pki193,http://www.worldbank.org/en/about/people/t/talip-kilic,World Bank Group
pso450,http://www.donghosong.com,Johns Hopkins University
pba1149,http://www.danybahar.com,Luxembourg Institute of Socio-Economic Research (LISER)
pmo432,https://sites.google.com/view/sauromocetti,Banca d'Italia
pts24,http://tsoutsoura.com,Centre for Economic Policy Research (CEPR)
pwh60,,Monash University
pst441,http://www.sascha-steffen.de,Frankfurt School of Finance and Management
pma2173,http://saimaecon.com/,Federal Reserve Board (Board of Governors of the Federal Reserve System)
pme812,http://nikita-melnikov.com,
pco1139,https://emanuelecolonnelli.com/,University of Chicago
pst192,,Česká Zemìdìlská Univerzita
pbi170,http://www.africagrowth.com/academic_staff.htm,Africagrowth Institute (Africagrowth Institute)
psh553,https://sites.google.com/site/hshigeoka/,Simon Fraser University
pma1327,http://www.cla.temple.edu/economics/catherine-maclean/,Temple University
pde912,https://scholar.google.com/citations?user=na0a1DcAAAAJ,"Università di Bari Aldo Moro, Dipartimento di Scienze Politiche"
pmu472,https://sites.google.com/site/nickmullershomepage/home,Carnegie Mellon University
pal993,https://www.researchgate.net/profile/Andrew_Alola,İstanbul Gelişim Üniversitesi
psh367,https://mshayo.weebly.com/,Hebrew University of Jerusalem
pga986,https://sites.google.com/view/garciamacia/,International Monetary Fund (IMF)
pla525,http://www.bradjlarsen.com,National Bureau of Economic Research (NBER)
phu666,,University of Waikato
psa770,https://www.jamelsaadaoui.com/,Université Paris-Saint-Denis (Paris VIII)
pso464,http://www-personal.umich.edu/~ssotelo/,University of Michigan
ppo573,https://www.jilliangrennan.com/,University of California-Berkeley
pph87,http://toanphan.org,Federal Reserve Bank of Richmond
pwa648,http://www.ceep.net.cn/en/N1.asp?id=150,Beijing Institute of Technology
ppo414,https://www.econ.uzh.ch/en/people/faculty/pomeranz.html,Universität Zürich
pmj1,http://www.isabellemejean.com/,Sciences Po
pay39,http://ideas.repec.org/e/pay39.html#articles,"Hamad Bin Khalifa University, Islamic Finance and Economy Program"
pri213,https://sites.google.com/site/ricknejohanna/,Stockholms Universitet
pbu277,https://sites.google.com/view/lorenzoburlon,European Central Bank
pbo300,,Universiteit Gent
pde1065,http://www.maartenderidder.com,London School of Economics (LSE)
pch466,,Macquarie University
pan546,https://sites.google.com/site/martineckhoffandresen/,Universitetet i Oslo
pne394,https://aneuhierl.github.io,Purdue University
ppa1555,http://ceciliaparlatore.com/,Centre for Economic Policy Research (CEPR)
ppa842,http://www.theodorepapageorgiou.com/,Boston College
ple409,http://www.robinslee.com,Harvard University
pgo766,https://sites.google.com/site/jgoupillelebret/,École Normale Supérieure de Lyon
pka688,http://sites.google.com/site/kkarbownik/,Emory University
pmo1127,https://authors.repec.org/confirm%215f3997a7d753c5703b413861b1abfddc,
pst906,https://www.mcc-berlin.net/en/about/team/steckel-jan.html,Mercator Research Institute on Global Commons and Climate Change (MCC)
pha1298,,World Bank Group
pbi175,https://ubys.medeniyet.edu.tr/ABPDS/AcademicInformation/BilgiGoruntulemev2/Index?pid=u6uPPRUDox4S0Pk,İstanbul Medeniyet Üniversitesi
pin45,https://sites.google.com/view/roulainglesi-lotz/Home/short-biographic-note?authuser=0,University of Pretoria
pfo173,,"Statsvetenskapliga Instiutionen, Uppsala Universitet"
ptu137,https://lesleyjturner.com/,University of Chicago
pri290,,Université d'Ottawa
phe592,https://www.sebastianheise.com,Federal Reserve Bank of New York
ppe705,,Inter-American Development Bank
pla628,https://francoislafond.info,Oxford University
pla673,https://sites.google.com/view/etiennelale/,Centre Interuniversitaire de Recherche en Analyse des Organisations (CIRANO)
pba913,https://www.uaf.edu/cbsm/index.php,University of Alaska-Fairbanks
pal957,http://christophalbert.weebly.com,Università degli Studi di Torino
pto32,http://people.pwf.cam.ac.uk/fmot2/,University of Cambridge
psa638,https://www.ivanvsavin.org/,Universitat Autònoma de Barcelona
pli728,https://sites.google.com/site/liulieconomics/,International Monetary Fund (IMF)
pfa7,,Gran Sasso Science Institute (GSSI)
pro763,https://sites.google.com/site/roeselfelix/,Technische Universität Carolo-Wilhelmina zu Braunschweig
pma1993,http://mahong.weebly.com/research.html,Tsinghua University
pca1286,https://sites.google.com/site/mccasaslozano/,International Monetary Fund (IMF)
pro605,https://mauricio-romero.com/,Instituto Tecnólogico Autónomo de México (ITAM)
pwa655,https://ceep.bit.edu.cn/english/People/Faculty/da04131c0f074131bbe6351b9c0df1db.htm,Beijing Institute of Technology
pch1542,https://www.cherniwchan.org,McMaster University
pwu157,,Massey University
psa885,,Maastricht University
pho751,http://alexjhollingsworth.com,National Bureau of Economic Research (NBER)
phe304,,University of Cambridge
pdi215,http://econ-www.mit.edu/grad/dimaggio,Massachusetts Institute of Technology (MIT)
pzh997,http://www.mit.edu/~zhuh/Zhu.html,Massachusetts Institute of Technology (MIT)
pik13,https://sites.google.com/site/daisukeikeda2011/home,Bank of Japan
ppe835,http://seperez.ucdavis.edu,University of California-Davis
pku84,http://www.wzb.eu/de/personen/dorothea-kuebler,Wissenschaftszentrum Berlin für Sozialforschung (WZB)
psa1336,https://sites.google.com/view/dariosansone,University of Exeter
psa631,http://sites.google.com/site/damianosandri/,International Monetary Fund (IMF)
pne117,http://www.uni-trier.de/index.php?id=50130,Universität Trier
psi653,https://www.carlsingletoneconomics.com/,University of Stirling
pre29,https://ereuben.net/,New York University Abu Dhabi
pda768,https://sites.google.com/site/chimainy/,International Monetary Fund (IMF)
ppe173,https://www.rwi-essen.de/en/rwi/team/person/joerg-ankel-peters,RWI - Leibniz-Institut für Wirtschaftsforschung
prj3,https://www.researchgate.net/profile/Husam_Rjoub/contributions,Palestine Polytechnic University
pgr483,,Lunds Universitet
pkh511,http://www.econgaurav.com,University of California-San Diego (UCSD)
pch2101,https://sites.google.com/site/jaewchoi1203,Seoul National University
pda156,https://sites.google.com/site/conchitadambrosio,"University of Luxembourg, Department of Behavioural and Cognitive Sciences"
pze127,,Öko-Institut
phe422,https://www.upjohn.org/about/upjohn-team/staff/brad-j-hershbein,W.E. Upjohn Institute for Employment Research
pfa662,https://eml.berkeley.edu/~faberb/,University of California-Berkeley
pra1202,http://sites.google.com/view/lindsey-raymond,Massachusetts Institute of Technology (MIT)
pfu131,https://sites.google.com/site/hidemichifujii/Home,Kyushu University
pch429,http://sites.google.com/site/edouardchalle/,Paris School of Economics
pfr146,http://www.uni-marburg.de/fb02/fiwi/team/friehe,Philipps-Universität Marburg
pgi368,http://www.giorcellimichela.com,University of California-Los Angeles (UCLA)
pbr610,https://apps.ualberta.ca/directory/person/dpbrown,University of Alberta
pmi1021,https://www.armandomiano.com,Centro Studi di Economia e Finanza (CSEF)
png123,https://www.iuw.uni-hannover.de/en/ttnguyen,Leibniz Universität Hannover
por158,https://arielortizbobea.github.io,Cornell University
pkr274,https://www.carolinekrafft.com,University of Minnesota
pmy11,http://community.middlebury.edu/~cmyers/index.html,Middlebury College
pva533,https://www.juditvall.com/,Universitat de Barcelona
pma2423,https://sites.google.com/site/clementmalgouyres/,Paris School of Economics
pra817,,University College London (UCL)
psa1183,,Università Commerciale Luigi Bocconi
pwo85,http://www.upjohninstitute.org/staff/woodbury.html,Michigan State University
pru76,http://e-web.sgh.waw.pl/mrubas,Szkoła Główna Handlowa w Warszawie
pse261,http://sites.google.com/site/martaserragarcia/,University of California-San Diego (UCSD)
psi682,,Universidade Católica de Brasilia
pic12,https://www.shotaichi.com/,Queen's University
pxu211,http://www.mingzhixu.com/,Peking University
psu477,https://mitsloan.mit.edu/faculty/directory/andrew-gordon-sutherland,Massachusetts Institute of Technology (MIT)
pba1451,,Université de Tunis El Manar
pma1091,http://www.amaurel.net,Duke University
pbu198,http://sites.google.com/site/thomasbuser/,Tinbergen Instituut
psa880,http://lutzsager.de,ESSEC Business School
pli1113,http://www.lindenconsulting.org/,University of California-San Francisco (UCSF)
pau40,http://sites.google.com/site/stephaneauray/,Centre de Recherche en Économie et Statistique (CREST)
pca696,http://www.catalini.com,Massachusetts Institute of Technology (MIT)
pma2128,https://sites.google.com/site/lalaxma,University of Kentucky
pfr353,,American Society of Anesthesiologists
pfo387,,
psa822,https://misatosato.github.io/,London School of Economics (LSE)
ppi210,https://sites.google.com/view/facundopiguillem,Istituto Einaudi per l'Economia e la Finanza (EIEF)
pqi142,http://www.sydney.edu.au/business/about/our-people/academic-staff/buhui-qiu.html,University of Sydney
pmu156,,Barcelona School of Economics (BSE)
pal364,http://www.harunalp.net,Federal Reserve Board (Board of Governors of the Federal Reserve System)
pbh34,http://www.buseco.monash.edu.au/depts/eco/staff/mitabhattacharya.php,Monash University
pec58,http://fpeckert.me,University of California-San Diego (UCSD)
pkl139,https://scholar.google.com/citations?user=8RcwU5IAAAAJ,European Commission
pjo101,,Universiteit van Tilburg
pda513,https://sites.google.com/site/joelmichaeldavid/,Federal Reserve Bank of Chicago
pol281,https://scholar.google.com/citations?hl=enuser=XkA55kkAAAAJview_op=list_workssortby=pubdate,Federal Reserve Bank of Kansas City
pur43,https://sites.google.com/view/jorgemuribe/home,Universitat Oberta de Catalunya
pho526,https://sites.google.com/site/martinhodula/home,Česká Národní Banka
ple212,http://ibs.org.pl/en/team/piotr-lewandowski/,Instytut Badań Strukturalnych
pst1028,,North Dakota State University
pwo288,https://mwolfunisg.github.io/website/,Universität St. Gallen
pge131,https://sebastian-gechert.com,Technische Universität Chemnitz
pni300,https://sites.google.com/site/marianikolaidi/,University of Greenwich
pva377,http://www.imf.org/external/np/cv/AuthorCV.aspx?AuthID=179,International Monetary Fund (IMF)
pga775,https://garciasantana.weebly.com,World Bank Group
pha661,https://sites.google.com/view/institutionaleconomist/home,Bournemouth University
pne320,https://sites.google.com/view/tsvetelinanenova,Bank for International Settlements (BIS)
pak216,,Central Bank of Nigeria
ptr354,http://sites.google.com/site/victortroster/,Universitat de les Illes Balears
pfe210,http://www.aureliofernandez.net,Universitat Rovira I Virgili Tarragona
phi178,https://julianhinz.com,Universität Bielefeld
pga361,https://sites.google.com/view/ggaballo,HEC Paris (École des Hautes Études Commerciales)
pli969,http://cem.cau.edu.cn/art/2020/3/24/art_34695_143.html,China Agricultural University
pbu309,https://www.jbuggle.com,Leopold-Franzens-Universität Innsbruck
pba869,http://www.aurelienbaillon.com,EMLYON Business School
ple907,https://sites.google.com/site/clairelelargeeconomics/home,Université Paris-Saclay
pde268,,Northwestern University
pre556,,European Central Bank
ppa1108,https://economics.uq.edu.au/profile/9755/lionel-page,University of Queensland
pva842,https://ag.purdue.edu/agecon/Pages/Profile.aspx?strAlias=vandermd&intDirDeptID=4,Purdue University
pba354,http://www.barigozzi.eu/,Alma Mater Studiorum - Università di Bologna
phe339,http://sites.google.com/site/mabhenry/,Pennsylvania State University
pah162,http://www.toniahnert.com,Centre for Economic Policy Research (CEPR)
pve97,https://sites.google.com/view/francescoventurini/home-page,Università degli Studi di Urbino
psh1087,https://www.bracu.ac.bd/about/people/muhammad-shafiullah-phd,Brac University
pfl92,,Université Paris 1 (Panthéon-Sorbonne)
pmo493,http://sites.google.com/site/moxnes,BI Handelshøyskolen
pmi878,https://sites.google.com/view/massimo-minesso-ferrari/home,European Central Bank
pfe103,,Universidad Adolfo Ibáñez
pla789,http://www.vegardlarsen.com,BI Handelshøyskolen
pmo1247,https://webapps.unitn.it/du/it/Persona/PER0055145/Curriculum,Università degli Studi di Trento
pgo372,https://marcogonzaleznavarro.com,University of California-Berkeley
psz66,https://ktk.pte.hu/en/colleagues/dr-laszlo-szerb,Pécsi Tudományegyetem
pli632,http://www.nicolalimodio.com,Università Commerciale Luigi Bocconi
pda791,https://sites.google.com/site/jonathanmvdavis/,University of Oregon
pre128,http://sites.google.com/site/jjamesreade,University of Reading
pni401,https://milena-nikolova.owlstown.net/,Rijksuniversiteit Groningen
pco502,http://www2.ceris.cnr.it/coccia.htm,Arizona State University
psh332,,Indian Institute of Management Lucknow (IIML)
pbi235,,Utah State University
pis173,,Centre for Econometrics and Applied Research
pyi193,https://sites.google.com/site/moisesyi/,Government of the United States
psa940,http://sites.google.com/site/czrsantos,Fundação Getúlio Vargas (FGV)
pbe1014,https://brianbbeach.com/,National Bureau of Economic Research (NBER)
pma3110,https://sites.google.com/site/lrmartineza,"Emory University, Department of Political Science"
pqu87,http://www.idiv.de/bioecon,Universität Leipzig
pde612,http://didattica.unibocconi.eu/mypage/index.php?IdUte=211300&cognome=DECAROLIS&nome=FRANCESCO&urlBac,Università Commerciale Luigi Bocconi
pra1028,https://sites.google.com/a/iith.ac.in/dr-badri-narayan-rath/publications,"Department of Liberal Arts, Indian Institute of Technology Hyderabad"
pga1311,,Fudan University
pwu28,,University of Sydney
psa1629,,University of British Columbia
pma365,http://econweb.umd.edu/~masatlioglu/,University of Maryland
pso259,http://www.tommasosonno.com,Alma Mater Studiorum - Università di Bologna
pfl154,http://aaronflaaen.com,Federal Reserve Board (Board of Governors of the Federal Reserve System)
pen52,https://www.awi.uni-heidelberg.de/de/lehrstuehle/wirtschaftspolitik/team/prof-dr-zeno-enders,Ruprecht-Karls-Universität Heidelberg
phe854,https://iiasa.ac.at/staff/edgar-hertwich,International Institute for Applied Systems Analysis (IIASA)
psa1467,,Federal Reserve Bank of Philadelphia
pro951,https://www.philadelphiafed.org/our-people/raluca-a-roman,Federal Reserve Bank of Kansas City
pbl188,http://zacharybleemer.com,Princeton University
pgr104,https://sites.google.com/site/prgreenc/home,Norges teknisk-naturvitenskaplige universitet (NTNU)
ppr538,https://www.martaprato.com/,Università Commerciale Luigi Bocconi
pfr176,https://www.ou.nl/web/open-universiteit/zoek-medewerker#!user/BFR,Auckland University of Technology
pma383,http://www.econ.ucla.edu/mazzocco/,University of California-Los Angeles (UCLA)
pra335,,Nationale Bank van België/Banque national de Belqique (BNB)
pvo54,http://web.utk.edu/~cvossler/,University of Tennessee-Knoxville
pma1386,https://almarciano.wordpress.com,Università degli Studi di Torino
pda658,https://sites.google.com/site/davoodalhosseini/,Bank of Canada
pco102,https://www.ingenio.upv.es/en/person/?id=17,INGENIO (CSIC-UPV)
pvi417,,University College London (UCL)
phu77,http://www.huynh.tv,Indiana University
pyu112,http://www.uni-goettingen.de/en/114620.html,Georg-August-Universität Göttingen
pla1013,https://sites.google.com/site/hlarreguy,Instituto Tecnólogico Autónomo de México (ITAM)
pga872,https://jorgelgarcia.github.io,Texas A&M University
pth92,https://sites.google.com/site/konstantinostheodoridis/,Cardiff University
pwt1,https://sites.google.com/site/wuethricheconomics/research,University of California-San Diego (UCSD)
pba2035,https://mbackus.github.io,University of California-Berkeley
pco428,http://sites.google.com/site/luciacorno/,Università Cattolica del Sacro Cuore
pdr163,http://lolow.github.io,RFF-CMCC European Institute on Economics and the Environment (EIEE)
pwa1228,,Beijing Institute of Technology
pco861,https://www.bennettinstitute.cam.ac.uk/about-us/person/diane-coyle/,University of Cambridge
pga544,http://www.nottingham.ac.uk/Economics/people/john.gathergood,University of Nottingham
pha763,https://sites.google.com/site/casperwormhansen/,Københavns Universitet
pus47,,İstanbul Ticaret Üniversitesi
pse492,http://enriqueseira.weebly.com/,University of Notre Dame
pau80,https://sites.google.com/site/estebanmaucejo/,Arizona State University
pjo131,http://web.mac.com/noeldjohnson/,George Mason University
pap53,,Universidad Miguel Hernández
pvi267,http://www.vilkov.net,Frankfurt School of Finance and Management
pbo440,,European Central Bank
pse222,http://people.tamu.edu/~dserra,Texas A&M University
pzi103,http://www.tomzimmermann.net/,Universität zu Köln
pja652,https://www.linkedin.com/in/naji-jalkh-phd-ba506528/,Université Saint-Joseph
pgo789,http://www.bengolub.net,Northwestern University
pwu144,http://thuwujing.net/,Tsinghua University
pal968,https://sites.google.com/site/aladangady/,Federal Reserve Board (Board of Governors of the Federal Reserve System)
paj18,,Université de la Manouba
ppe676,https://economics.missouri.edu/people/pesko,University of Missouri
pbo330,https://sites.google.com/site/nicolaborri/,Libera Università Internazionale degli Studi Sociali Guido Carli (LUISS)
pfu70,,Oxford University
ppi282,,Universidad de Sevilla
pzh166,,Renmin University of China
pvi115,http://www.pedrovicente.org/,Universidade Nova de Lisboa
pjo354,https://sites.google.com/site/andrewjohnstoneconomics/,National Bureau of Economic Research (NBER)
pkr278,,London School of Economics (LSE)
pca974,https://sites.google.com/site/ecampiglio/,Alma Mater Studiorum - Università di Bologna
pse696,https://gregorsemieniuk.net,University of Massachusetts-Amherst
par194,https://ardiad.github.io/,HEC Montréal (École des Hautes Études Commerciales)
pag103,https://sites.google.com/site/amandayagan/,Rutgers University-New Brunswick
pwi196,http://www.pitt.edu/~alistair/,University of Pittsburgh
pbe1072,,Australian National University
pbh111,https://sites.google.com/site/bhattaraisaroj/,University of Texas-Austin
pho468,,European Central Bank
phe101,https://gattonweb.uky.edu/faculty/herrera/,University of Kentucky
pva666,http://www.arnaolafsson.com/,Copenhagen Business School
paa22,http://www.norges-bank.no/en/about/research/economists/aastveit-knut-are/,Norges Bank
pli804,http://yongzhengliu.weebly.com/,Renmin University of China
pde936,https://sites.google.com/site/emiliodepetrischauvin,Pontificia Universidad Católica de Chile
pca462,https://www.uantwerpen.be/en/staff/danny-cassimon/,Universiteit Antwerpen
pfu62,,Universitá della Svizzera Italiana (USI)
pba2170,https://www.laurabakkensen.com/,University of Oregon
pmu434,https://sites.google.com/site/mulierklaas/home,KU Leuven
ple1094,https://sites.google.com/site/munseob,University of California-San Diego (UCSD)
pba1118,https://docenti.unisa.it/024744/home,Università degli Studi di Salerno
pfe27,https://laurent-ferrara.org,Australian National University
pev50,https://sites.google.com/site/davidkevans/research,Center for Global Development (CGD)
pzh73,http://www.iza.org/en/webcontent/personnel/photos/index_html?key=1966,Renmin University of China
pmo471,,Asian Development Bank
pbe831,http://lpbeland.com,Carleton University
ppe625,https://peizhuan.github.io/,Cornell University
pza179,https://azaklan.github.io,Universität Rostock
pbu421,,Boston University
psc276,https://www.rsm.nl/people/dirk-schoenmaker/,Erasmus Universiteit Rotterdam
ply50,,Masarykova Univerzita
plo75,http://www.columbia.edu/~sl2331/,University of Melbourne
pgo799,http://person.zju.edu.cn/en/gbl,Zhejiang University
pmy46,https://sites.google.com/site/ericacatherinemyers/,University of Calgary
pho845,https://researchers.adelaide.edu.au/profile/mohammadrazib.hossain#,University of Adelaide
phu303,https://semen.buaa.edu.cn/info/1094/2283.htm,Beijing University of Aeronautics and Astronautics (Beihang University)
pya165,https://sites.google.com/view/erdalyalcin/home,"Hochschule Konstanz Technik, Wirtschaft und Gestaltung (HTWG)"
pro681,https://sites.google.com/site/franroch/,Universidad Torcuato Di Tella
pqi40,,University of Connecticut
pul61,http://aves.erciyes.edu.tr/r.ulucak/,Erciyes Üniversitesi
pdi555,,University of Chicago
pci93,https://www.stevecicala.com,Tufts University
poc33,https://sites.google.com/site/drmartinoconnell/,University of Wisconsin-Madison
pco647,http://sites.google.com/site/jecolliardengl/home,HEC Paris (École des Hautes Études Commerciales)
pmo587,,Syracuse University
pci38,http://www.wne.uw.edu.pl/~cieslik,Uniwersytet Warszawski
pgu868,,École de Management Léonard de Vinci
pwi194,https://sites.google.com/site/twillems85/,Bank of England
ppu105,http://www.zimp.ro,Universitatea Româno-Americană
pka513,http://www.goek.wiwi.uni-due.de/en/team/martin-karlsson/,Universität Duisburg-Essen
pmi121,https://www.southampton.ac.uk/people/5xcr8l/professor-tapas-mishra,University of Southampton
pva96,http://sites.google.com/site/juanfvargas/,Università degli Studi di Torino
pli1687,https://sites.google.com/site/kailiwebpage,Peking University
phu639,https://sites.google.com/view/thanhhuynh/home?authuser=0,Monash University
pve271,http://www.joaquinvespignani.com,University of Tasmania
ple912,http://mpleung.github.io,University of California-Santa Cruz (UCSC)
psa1112,https://www.jamessaunoris.com,Eastern Michigan University
pja278,https://petrjansky.cz/,Univerzita Karlova v Praze
pvi480,http://www.ferdinandvieider.com,Universiteit Gent
pki654,https://cep.lse.ac.uk/_new/people/person.asp?id=729,London School of Economics (LSE)
pha1075,https://www.hakimov.info,Université de Lausanne
pma1884,http://sergiomayordomo.wordpress.com/,Banco de España
pad164,http://anjaliadukia.com,University of Chicago
pnc9,,Université de Dschang
pzh769,,Renmin University of China
ppo600,https://sites.google.com/site/alexpoirierecon/,Georgetown University
psa1164,http://www.tau.ac.il/~itaysap/,
pbi274,https://normsandbehavior.sas.upenn.edu/,University of Pennsylvania
pal438,https://malmunia.github.io/,CUNEF Universidad
pfr223,http://faculty.sites.uci.edu/freedman,University of California-Irvine
pcr200,https://ldcrane.github.io/,Federal Reserve Board (Board of Governors of the Federal Reserve System)
pha1448,,Curtin University
pro730,https://sites.google.com/site/jlrothbaum/home,George Washington University
pja191,https://sites.google.com/virginia.edu/tarunjain/,Indian Institute of Management Ahmedabad (IIMA)
pto454,http://www.f.waseda.jp/yastodo/en/index.html,Waseda University
pke326,http://pinarkeskin.com,Luxembourg Institute of Socio-Economic Research (LISER)
pph84,https://sites.google.com/site/davidcphillipseconomics/,University of Notre Dame
psu268,http://www.vladyslavsushko.com,Bank for International Settlements (BIS)
pwr11,http://www.diw.de/cv/en/kwrohlich,DIW Berlin (Deutsches Institut für Wirtschaftsforschung)
psi728,https://siemroth.github.io/,University of Essex
pge297,,Paris School of Economics
pta983,https://sites.google.com/site/dtannenbaum/,University of Nebraska
pgi233,https://danielegirardi.github.io/,University of Massachusetts-Amherst
ppo453,,Northwestern University
pfe269,https://scholar.google.com.au/citations?user=RY4nEroAAAAJ&hl=en,University of Western Sydney
pso238,https://aaronsojourner.org,W.E. Upjohn Institute for Employment Research
pch2200,https://scholar.google.com/citations?user=YPqNJMwAAAAJhl=en,"School of Automotive Business, Hubei University of Automotive Technology"
pan104,https://baannik.github.io/webpage/index.htm,"Università degli Studi di Roma ""Tor Vergata"""
pmo745,http://www.ericmonnet.eu,Paris School of Economics
pla704,https://sites.google.com/site/andrealanteri/,Duke University
pta758,https://sites.google.com/site/mmtecon/home,International Monetary Fund (IMF)
pwe408,http://www.jeff-weaver.com/,University of Southern California
pki330,,Tongji University
pti253,https://www.jonathantimmis.com/,World Bank Group
pba1489,,Texas A&M University
pri317,https://sites.google.com/site/luciarizzica/,Banca d'Italia
pno102,https://sites.google.com/site/danielenosenzoeconomics/,Aarhus Universitet
pri81,,Universitat Autònoma de Barcelona
pvo314,https://www.uni-goettingen.de/en/prof.+dr.+sebastian+vollmer/450695.html,Georg-August-Universität Göttingen
pad337,https://business.cornell.edu/profiles/jma369/,Cornell University
pan607,https://www.rwi-essen.de/en/rwi/team/person/mark-andor,RWI - Leibniz-Institut für Wirtschaftsforschung
pko104,https://www.ieseg.fr/en/faculty-and-research/professor/?id=1740,Lille Économie et Management (LEM)
pwe147,https://sites.google.com/view/jacobweisdorf/home,"""Sapienza"" Università di Roma"
pyu191,,China Europe International Business School
pna612,https://sites.google.com/site/filipponatoli/,Banca d'Italia
pha1629,https://www.kareemhaggag.com/,University of California-Los Angeles (UCLA)
pma3398,https://alexandermackay.org/,University of Virginia
pis84,https://sites.google.com/view/ingoeisphording,Max-Planck-Gesellschaft
psh655,,University of California-Berkeley
psh410,http://www.ssc.wisc.edu/~xshi,University of Wisconsin-Madison
pro694,https://davideromelli.com,Trinity College Dublin
pku16,http://www.andrekurmann.com,Drexel University
paz40,http://www.princeton.edu/~jazar,Princeton University
pos103,http://www.adam-osman.com,University of Illinois at Urbana-Champaign
pha853,,European Investment Bank (EIB)
pla495,http://www.kurtlavetti.com,National Bureau of Economic Research (NBER)
ppl71,https://sites.google.com/view/billplakandaras,Democritus University of Thrace
pko599,http://www.kolotilin.com/,UNSW Sydney
pfe171,http://www.giuliofella.net,Centre for Macroeconomics (CFM)
pma2533,,Politechnika Wrocławska
pbr482,https://sites.google.com/site/falkbraeuning/,Federal Reserve Bank of Boston
pst611,https://michaelstepner.com,University of Toronto
pbe57,http://www.paulbelleflamme.com,Université Catholique de Louvain
pbu145,,Akademia Leona Koźmińskiego
pri439,http://robertjrichmond.com,New York University (NYU)
pbe688,http://research.economics.unsw.edu.au/abenyishay,College of William and Mary
psh947,https://mcmcs.github.io,Federal Reserve Bank of Philadelphia
pal212,https://www.sites.google.com/site/luigialdieri/,Università degli Studi di Salerno
ppf31,https://mpfarrho.github.io,WU Wirtschaftsuniversität Wien
pei36,http://teisenbach.github.io/,Federal Reserve Bank of New York
pma894,http://www.julienmartin.eu,Université du Québec à Montréal (UQAM)
pis227,http://ryan.israelsen.com,Michigan State University
pya480,http://orcid.org/0000-0002-7554-3507,Centre for Econometrics and Applied Research
pxu45,http://xuzhiwei09.wix.com/econ,Fudan University
pvu51,https://sites.google.com/view/trungvuecons,Loughborough University
pno87,,Abu Dhabi University
pni15,http://www.york.ac.uk/economics/our-people/staff-profiles/cheti-nicoletti/,University of York
pst856,https://marshallsteinbaum.org/,University of Utah
pmu612,https://sites.google.com/view/mulabdic,World Bank Group
phe438,https://sites.google.com/view/juanherreno,Columbia University
pfo180,,UNSW Sydney
pwo95,https://www.ffb.unibe.ch/index_eng.html,Universität Bern
pco368,https://orcid.org/0000-0002-2636-3155,Université d'Orléans
pfr40,https://www.fratesi.net,"Politecnico di Milano, Department of Architecture, Built Environment and Construction Engineering (ABC)"
pch1472,https://sites.google.com/view/michael-christl,Universidad Loyola Andalucía
ple621,http://datasearch.uts.edu.au/business/staff/finance/details.cfm?StaffId=8430,Deakin University
pna555,https://scholar.google.com/citations?user=ZhbgTmMAAAAJ&hl=en,"College of Economics and Administrative Sciences,Al Imam Mohammad Ibn Saud Islamic University (IMSIU)"
psh533,https://researchers.mq.edu.au/en/persons/hanlin-shang,Macquarie University
pfr395,https://sites.google.com/view/rebeccafreeman/home,Bank of England
pfi86,https://scholar.google.com/citations?user=NGJS9vkAAAAJ&hl=en,Universität Basel
pde200,https://sites.google.com/site/olivierdejonghe/,Universiteit van Tilburg
pcl142,http://www.econ.queensu.ca/faculty/clark,Queen's University
pzh636,http://lianmingzhu.weebly.com/,Osaka University
png237,,Học viện chính trị khu vực 2
pga530,https://sites.google.com/site/petergalswebsite/,Organisation de Coopération et de Développement Économiques (OCDE)
pzh220,http://sites.google.com/site/jidongzhou77/,Yale University
psa521,http://www.fabiosanteramo.net,European University Institute
pca279,http://emiliocalvano.wix.com/emiliocalvano,Centro Studi di Economia e Finanza (CSEF)
pey2,http://aeyq.free.fr/,Université de Lausanne
psa1125,https://sites.google.com/site/fesaffie/,University of Virginia
pfu124,http://www.andreas-fuchs.net,Kiel Institut für Weltwirtschaft - Leibniz Zentrum zur Erforschung globaler ökonomischer Herausforderungen (IfW)
phy28,http://www-personal.umich.edu/~jmhyman/,Amherst College
pye63,https://sites.google.com/view/buminyenmez,Washington University in St. Louis
pal407,,Banca d'Italia
psh254,https://pauls.staff.sdu.dk/,Syddansk Universitet
pdu242,http://www.rubendurante.net,Sciences Po
pco1173,http://annamcostello.com/,University of Chicago
pbi297,https://esca.epri.com/research-staff.html,Electric Power Research Institute
ppe377,https://sites.google.com/site/pestelecon/,Maastricht University
pas39,http://www.niazasadullah.com/,Universiti Malaya
pch1400,http://www.ocf.berkeley.edu/~garret,Government of the United States
pse150,https://www.iza.org/person/2834/almudena-sevilla,London School of Economics (LSE)
pch1419,http://michaelyfchoi.weebly.com/,University of California-Irvine
pag128,http://economics.mit.edu/faculty/agarwaln,Massachusetts Institute of Technology (MIT)
pwi198,https://sites.google.com/site/johnvwinters/,Iowa State University
pkr59,https://sites.google.com/site/okryvtsov/,Bank of Canada
par455,https://sites.google.com/site/anlari,International Monetary Fund (IMF)
poz96,http://www.ozdagli.org,Federal Reserve Bank of Dallas
pmi665,http://hosein.mirjalili.com,Institute for Humanities and Cultural Studies
ptr184,https://sites.google.com/site/trachter/,Federal Reserve Bank of Richmond
pth225,https://sites.google.com/site/othompsonecon/,Williams College
pme773,,Université de Tunis El Manar
pva1035,https://jpvasquez-econ.github.io,London School of Economics (LSE)
png286,,University of Johannesburg
pgl52,http://www.andyglover.com,Federal Reserve Bank of Kansas City
pbl237,http://www.jblumenstock.com,"University of California, Berkeley, School of Information"
pho867,,Brac University
pgh122,http://wiiw.ac.at/mahdi-ghodsi-s-1042.html,Wiener Institut für Internationale Wirtschaftsvergleiche (WIIW)
pab252,,World Bank Group
pho631,https://www.holzmeister.biz/,Leopold-Franzens-Universität Innsbruck
pco203,http://sites.google.com/site/thomascornelissen/,University of Essex
pny20,,Government of Sweden
ppr155,http://www.sethpruitt.net,Arizona State University
pfa240,https://sites.google.com/view/serenafatica/homepage,European Commission
pta692,https://sites.google.com/site/jennytangecon/,Federal Reserve Bank of Boston
pbl175,https://www.economics.utoronto.ca/blouinar/,University of Toronto
phi238,,Deutsche Bundesbank
pty6,http://grape.org.pl/jtyrowicz,Group for Research in Applied Economics (GRAPE)
pma3641,http://www.michellemmarcus.com,Vanderbilt University
pma2570,https://sites.google.com/view/kanikamahajan,Ashoka University
pfi154,http://www.fitjar.net,Universitetet i Stavanger
psh404,http://sites.google.com/site/shupingshi/home/,Macquarie University
pde1027,http://mypage.unibocconi.eu/filippodemarco/,Università Commerciale Luigi Bocconi
pra611,https://www.awi.uni-heidelberg.de/professuren/amnpoe/index.html,Universität St. Gallen
ppa551,https://www.luigipascali.com,Centre for Economic Policy Research (CEPR)
pri210,https://sites.google.com/view/davidarivers,Washington University in St. Louis
ppi140,http://sites.google.com/site/matteopicchio/,Università Politecnica delle Marche
pli1224,,Massachusetts Institute of Technology (MIT)
pla654,https://sites.google.com/site/rlandersoe/,Rockwool Fondens Forskningsenhed (RFF)
pbi263,http://www.bianchinicola.com,Northwestern University
pau92,http://patrickaugustin.ca/,McGill University
phe640,http://www.danjherbst.com,University of Arizona
pma831,https://sites.google.com/site/benjaminmmarx/,University of Illinois at Urbana-Champaign
pwi197,http://tomas-williams.com/,George Washington University
ppe651,,London School of Economics (LSE)
pdo381,http://www.laura-doval.com,Columbia University
pma2923,http://www.mattmasten.com,Duke University
pst385,http://www.stevanovic.uqam.ca,Université du Québec à Montréal (UQAM)
pco1032,,University of Chicago
pgr370,https://sites.google.com/view/terrygregory,Leibniz-Zentrum für Europäische Wirtschaftsforschung (ZEW)
pce40,http://www2.ceris.cnr.it/cerulli/home.htm,Consiglio Nazionale delle Ricerche
pma1399,http://www.frisch.uio.no/cv/simenm_eng.html,Universitetet i Oslo
pva701,https://sites.google.com/site/lilianavarela/,London School of Economics (LSE)
pja108,http://www.nicolasjacquemet.com/,Université Paris 1 (Panthéon-Sorbonne)
phe308,https://sites.google.com/site/zohalhessami/home,"Ruhr-Universität Bochum, Fakultät für Sozialwissenschaft"
psa1086,http://www.rieti.go.jp/users/saito-yukiko/index.html,Waseda University
pcu188,,Anhui University of Finance and Economics
pzh456,,Rochester Institute of Technology
pro1042,http://www.philiproundy.com,University of Tennessee-Chattanooga
phu348,http://nsd.pku.edu.cn/szdw/qzjs/h/262159.htm#,Peking University
pta718,http://www.taeihagh.com,National University of Singapore (NUS)
pca245,https://sites.google.com/site/capelleblancard/,Groupe Paris Graduate School of Management
pog56,https://www.researchgate.net/profile/Ahamuefula_Ogbonna,Centre for Econometrics and Applied Research
ptr469,https://www.tronganhtrinh.com/,Monash University
pal676,https://sites.google.com/view/jose-borges-alves/p%C3%A1gina-inicial,Universidade de Lisboa
pmi317,http://sites.google.com/site/mineaalexandru/,Université d'Orléans
pni287,http://www.nielsen-economist.com,Københavns Universitet
pla1090,https://www.ashleylanger.com,National Bureau of Economic Research (NBER)
pbo1002,,European Central Bank
pre317,https://sites.google.com/view/danielmrees,Bank for International Settlements (BIS)
pdr198,https://www.bwl.uni-hamburg.de/finance/team/drobetz.html,Universität Hamburg
ppa356,http://sites.google.com/site/pastenernesto/,Banco Central de Chile
pmi685,https://jeffmichler.com/,University of Arizona
ppe260,https://npetroskynadeau.github.io/nicolaspetrosky-nadeau.github.io/index.html,Federal Reserve Bank of San Francisco
pta555,,Australian Defense Force Academy
pch882,https://sites.google.com/site/chakraborty/,University of Miami
pko95,http://www.karenkopecky.net,Emory University
psp123,http://sites.google.com/site/rokspruk,University of Western Australia
psi581,https://sites.google.com/site/abhijeetsingh1/,Stockholm School of Economics
pjh4,https://saumitra.people.stanford.edu,Stanford University
pku67,https://sites.google.com/view/cameliakuhnen,University of North Carolina-Chapel-Hill
pun47,,Politechnika Wrocławska
ppr274,https://sites.google.com/view/patrickpremand/home,World Bank Group
pth145,http://www.rieti.go.jp/users/willem-thorbecke/index_en.html,"Research Institute of Economy, Trade and Industry (RIETI)"
pbr415,http://www.parisschoolofeconomics.com/breda-thomas/index_en.html,Paris School of Economics
pne228,,UNSW Sydney
psa786,https://sites.google.com/view/vsarafidis,Brunel University London
pta92,https://www.bis.org/author/el%C5%91d_tak%C3%A1ts.htm,Bank for International Settlements (BIS)
pme1054,https://profiles.uts.edu.au/jose.merigo,
pmu35,http://www.rug.nl/staff/machiel.mulder/,Rijksuniversiteit Groningen
ptr180,https://sites.google.com/view/taniatreibich/,Scuola Superiore Sant'Anna
pwa799,https://www.reading.ac.uk/economics/about/staff/Shixuan-Wang.aspx,University of Reading
pgh40,http://www.andraghent.com,University of North Carolina-Chapel-Hill
pzi71,https://sites.google.com/site/uzierahn,Universiteit Utrecht
pag37,http://itaiagur.weebly.com/,International Monetary Fund (IMF)
pfr384,http://www.simonfranklin.co,Queen Mary University of London
ppo341,https://sites.google.com/site/econcath/research,Lancaster University
pcu68,,Università Politecnica delle Marche
pva831,http://sites.google.com/site/valchevr/,Boston College
psa267,http://www.sussex.ac.uk/profiles/100780,University of Sussex
pko209,https://dirk2011.jimdo.com/,German Institute of Global and Area Studies (GIGA)
pis57,,World Bank Group
pth175,https://sites.google.com/view/leifandersthorsrud/home,BI Handelshøyskolen
pbe645,https://sites.google.com/site/econjimberry/,University of Georgia
pca980,http://www.econ.uzh.ch/faculty/cassar.html,Universität Zürich
pma914,,Universidade de Lisboa
psc147,https://www.econ.uzh.ch/scheuer,Universität Zürich
phe519,https://sites.google.com/view/lukashenseleconomics/,Peking University
pro1025,https://sites.google.com/view/gabrielerovigatti/home,"Università degli Studi di Roma ""Tor Vergata"""
pde1357,http://www.nathandeutscher.com/,Australian National University
pfo384,,"Università degli Studi di Bari ""Aldo Moro"""
pha724,http://www.wiiw.ac.at/?action=staff&opt=details&id=5,
pli1168,http://pages.stern.nyu.edu/~aliberma,
pda376,https://www.research.manchester.ac.uk/portal/Vietanh.Dang.html,University of Manchester
pka732,https://sites.google.com/site/yfatihkarahan/,Federal Reserve Bank of New York
pgi392,https://yvonnegiesing.wordpress.com/,University of Western Australia
pmu501,,University of Texas-Austin
plo380,https://sites.google.com/view/matijalozej/,Central Bank of Ireland
pva642,https://www.shoshanavasserman.com/,Stanford University
pro795,https://duncanroth.com/,Institut für Arbeitsmarkt- und Berufsforschung (IAB)
psa2134,https://sites.google.com/view/soodehsaberian/home,University of Manitoba
pbe739,https://sites.google.com/site/marcobertoniunipd/,Università degli Studi di Padova
pch2220,https://www.felixchopra.com/,Frankfurt School of Finance and Management
pra882,https://sites.google.com/site/omirachedi/,Universitat Ramon Llull
pvi64,https://www.banrep.gov.co/es/el-banco/mauricio-villamizar,Banco de la Republica de Colombia
pse301,https://sites.google.com/site/sandramgsequeira/,London School of Economics (LSE)
pti265,,Université de Sfax pour le Sud
pli726,https://sites.google.com/a/uconn.edu/pengfei_liu/home,University of Rhode Island
plo54,http://www.bis.org/author/marco_jacopo_lombardi.htm,Bank for International Settlements (BIS)
pvo233,http://sites.google.com/site/cvomlehn/,Brigham Young University
pdr55,https://aru.ac.uk/people/nick-drydakis,Anglia Ruskin University
pan451,http://www.massimoanelli.com,Universita' Bocconi - Dipartimento di Scienze Politiche e Sociali
pko664,https://people.ucd.ie/dieter.kogler,"Spatial Dynamics Lab, University College Dublin"
pdo301,https://sites.google.com/site/michdonadelli/home,Università degli Studi di Brescia
pla707,,Erasmus Universiteit Rotterdam
pna694,http://www.gastonnavarro.com,Federal Reserve Board (Board of Governors of the Federal Reserve System)
pgo394,http://www.igidr.ac.in/?staff=ashima-goyal,Indira Gandhi Institute of Development Research (IGIDR)
pra1041,http://doronravid.com/,University of Michigan
pbu126,http://www.mjburger.net,University of Johannesburg
pli453,https://sites.google.com/a/umn.edu/xiaojilin/,University of Minnesota
pbo1068,https://geoffboeing.com/,University of Southern California
pfu72,,Norges Bank
ppe614,https://sites.google.com/site/filippospetroulakis,Bank of Greece
pza436,,Comsats University Islamabad
ppa538,https://academic.palan.biz,Karl-Franzens-Universität Graz
psc483,https://sites.google.com/site/sschaner/home,University of Southern California
pca950,https://sites.google.com/site/cacciatm/,HEC Montréal (École des Hautes Études Commerciales)
pch1966,http://shoumitroc.in,Johns Hopkins University
pta141,https://sites.google.com/kyoto-u.ac.jp/kenjitakeuchi/,Kyoto University
ppr52,http://www.vprowse.org/,Purdue University
pph111,http://thopham.com,University of York
pko157,https://www.peterkondor.net/,London School of Economics (LSE)
psh873,http://tamaralynnsheldon.wixsite.com/home,University of South Carolina
pia8,https://scholar.google.com/citations?user=l0fVyEcAAAAJhl=en,World Bank Group
pre387,http://paulredmond.org,Trinity College Dublin
pba615,https://sites.google.com/site/thushyanthanbaskaran/home,Ruhr-Universität Bochum
pba1530,http://www.vittoriobassi.com/,University of Southern California
pwe377,,ifo Institut - Leibniz-Institut für Wirtschaftsforschung an der Universität München e.V.
ppe397,http://edurichet.github.io,Sciences Po
psa1077,http://home.agh.edu.pl/~tsawik/CV.pdf,Akademia Górniczo-Hutnicza
pra566,https://sites.google.com/site/nataliaramondo/,Boston University
pca285,https://www.unibo.it/sitoweb/giacomo.calzolari/en,Alma Mater Studiorum - Università di Bologna
pba580,http://www.spencerbastani.com,Government of Sweden
par111,https://www.trentu.ca/economics/node/13,Trent University
pca868,https://sites.google.com/view/michaelcallen/home,London School of Economics (LSE)
pci23,https://www.newyorkfed.org/research/economists/cipriani/index.html,Federal Reserve Bank of New York
pbo149,http://ses-perso.telecom-paristech.fr/bourreau/,École d'Ingénieurs Télécom ParisTech
pku394,http://elirakuka.weebly.com,George Washington University
pbe699,,Effat University
pme199,https://www.bis.org/author/aaron_mehrotra.htm,Bank for International Settlements (BIS)
pfe305,https://sites.google.com/site/christinafelfe/,Bayerische Julius-Maximilians-Universität Würzburg
pdo241,http://jenniferdoleac.com/,Texas A&M University
pwi237,http://www.hernanwinkler.com,World Bank Group
pbe805,https://sites.google.com/site/giuseppeberlingieri/,London School of Economics (LSE)
pma1852,,Prince Sattam Bin Abdulaziz University
pbr737,https://clas.ucdenver.edu/ryan-brown/,University of Colorado Denver
ppe392,,Universidad de Navarra
pme460,https://niravmehtax.github.io/,University of Western Ontario
pbe271,http://www.janbena.com,University of British Columbia
pvi206,https://www.researchgate.net/profile/Concetto-Vinci,Università degli Studi di Salerno
pdu318,https://sites.google.com/site/umutdur/,North Carolina State University
pwe216,https://eiiw.wiwi.uni-wuppertal.de/,
pol249,,İstanbul Ticaret Üniversitesi
pku770,,Universität Hohenheim
ppa53,,Asian Development Bank
pru216,https://sites.google.com/site/joakimruist/,Göteborgs Universitet
pba1632,https://sites.google.com/view/gaetanobasso/,Banca d'Italia
pma3373,https://www.isabelamanelici.com,London School of Economics (LSE)
pka649,https://kaplandm.github.io/,University of Missouri
pma3533,https://scholar.google.com/citations?user=vZKjrK4AAAAJ&hl=en,Johnson C. Smith University
pte54,https://business.fau.edu/faculty-research/faculty-profiles/profile/sterjesen.php,Florida Atlantic University
paj30,https://www.researchgate.net/profile/Folorunsho_Ajide,University of Ilorin
pla982,https://sites.google.com/view/danial-lashkari,Federal Reserve Bank of New York
pza206,http://www.alminas.com,Hong Kong University of Science and Technology (HKUST)
pzh1271,https://sites.google.com/view/xintongzhan/home,Fudan University
pmo1520,https://sites.google.com/site/corinamommaerts/,University of Wisconsin-Madison
pdo531,https://www.massey.ac.nz/massey/expertise/profile.cfm?stref=972450,Massey University
pco391,,Politecnico di Torino
pla705,https://umexpert.um.edu.my/wylau,Universiti Malaya
pbo418,https://sites.google.com/site/dianabonfim/,European Central Bank
pbl217,http://jeffbloem.wordpress.com,International Food Policy Research Institute (IFPRI)
pdo523,https://fnce.wharton.upenn.edu/profile/wdou/,University of Pennsylvania
prh18,http://sites.google.com/site/andrewrhodeseconomics/,Toulouse School of Economics (TSE)
pha1432,https://scholar.google.com/citations?user=mfpbyV0AAAAJhl=en,University of Management and Technology (UMT)
pst626,http://www.ed.ac.uk/schools-departments/economics/people/academic-staff/andreas-steinhauer,University of Edinburgh
pho140,http://www.iwh-halle.de/en/about-the-iwh/people/detail/oliver-holtemoeller/,Leibniz-Institut für Wirtschaftsforschung Halle (IWH)
pma2061,https://sites.google.com/site/ruimano/,International Monetary Fund (IMF)
pru69,http://www.sarah-lein.ch/,Centre for Economic Policy Research (CEPR)
psr57,https://hr.linkedin.com/in/stjepansrhoj/,Sveučilište u Splitu
ppa23,,
pbe211,,BI Handelshøyskolen
pda706,,United Nations University
pbo595,,University of Johannesburg
psc681,https://sergioscicchitano.wordpress.com/,Istituto Nazionale per l'Analisi delle Politiche Pubbliche (INAPP)
pem32,http://www.johannes-emmerling.de,RFF-CMCC European Institute on Economics and the Environment (EIEE)
pdu334,https://econweb.ucsd.edu/~sodu/,University of California-San Diego (UCSD)
psa712,https://sites.google.com/view/marcosanfilippo,Università degli Studi di Torino
pbl242,https://kevenbluteau.com,Université de Sherbrooke
psc828,https://sites.google.com/site/simonscheidegger,Université de Lausanne
pmi622,http://sites.google.com/site/luigiminale/,University College London (UCL)
ple256,https://sites.google.com/site/gianmarcoleon/home,Centre for Economic Policy Research (CEPR)
psa109,https://sites.google.com/site/sahuceconomics/,Banque de France
pfr128,https://sites.google.com/site/raphaelfrancksite/,Tel-Hai College
pca604,https://www.tse-fr.eu/fr/people/catherine-casamatta,Toulouse School of Economics (TSE)
pba1551,https://sites.google.com/site/cerenbaysan/,University of Toronto
pue11,http://sites.google.com/site/kozoueda/,Australian National University
pbe832,https://www.zachbethune.com/,Rice University
pko519,https://sites.google.com/site/catherinetahmeekoch/home,Schweizerische Nationalbank (SNB)
pra1207,https://www.devesh-raval.com/,Government of the United States
pol158,,Sveriges Riksbank
ppa1262,https://www.gonzalopazpardo.com,European Central Bank
pfr361,,Federal Reserve Bank of Philadelphia
pbh33,https://sites.google.com/site/debobhatta/,University of Cambridge
pho470,http://greghoward.org,University of Illinois at Urbana-Champaign
pst262,https://www.entwicklung.uni-bayreuth.de/en/team/david-stadelmann/,Universität Bayreuth
pbx6,https://www.ilr1.uni-bonn.de/en/about-us/staff/jan-borner,Rheinische Friedrich-Wilhelms-Universität Bonn
pfa133,https://sites.google.com/site/lidiafarre78/home,Barcelona School of Economics (BSE)
pva671,http://www.parisschoolofeconomics.eu/fr/vanden-eynde-oliver/,Paris School of Economics
pga1060,https://scholar.google.com/citations?user=bzlAdJYAAAAJhl=en,Wenzhou-Kean University
pma659,,University of Western Australia
pko441,https://www.researchgate.net/profile/Philip_Adom/contributions,Ashesi University
pvi431,http://www.evavivalt.com/,University of Toronto
pam274,,Università Commerciale Luigi Bocconi
pta593,http://www.mathtd.info,Cornell University
pis45,https://sites.google.com/site/istrefiklodiana/,European Central Bank
pes170,https://sites.google.com/site/federicoesposito1986/,Tufts University
pta263,http://home.j07.itscom.net/mtanaka/tanaka.htm,National Graduate Institute for Policy Studies (GRIPS)
pfa609,https://sites.google.com/site/jackfavilukis/,University of British Columbia
pbo220,https://sites.google.com/site/margheritaborella/,Università degli Studi di Torino
psa2033,,Universytet Vizja
pgr470,,Massachusetts Institute of Technology (MIT)
pme605,https://sites.google.com/site/ericmengus,HEC Paris (École des Hautes Études Commerciales)
psu261,https://uva.theopenscholar.com/sandip-sukhtankar,University of Virginia
pri198,https://sites.google.com/site/decrgbobrijkers/home,World Bank Group
pko232,http://www.ecb.europa.eu/pub/research/authors/profiles/christoffer-kok.en.html,European Central Bank
pvi153,https://sites.google.com/view/marianaviollaz/home,Luxembourg Institute of Socio-Economic Research (LISER)
pca1324,,International Monetary Fund (IMF)
pab418,http://martinabel.net,Bowdoin College
pab108,http://www.stanford.edu/~ranabr/,Stanford University
pmo1140,,University of Hawaii-Manoa
pan271,https://sites.google.com/site/alinandries/,"Universitatea ""Al.I. Cuza"""
pbl212,https://thomasblanchet.fr/,Paris School of Economics
pus27,,Université Libre de Bruxelles
pbr754,https://sites.google.com/view/aabrenoe/home,Universität Zürich
ple1014,https://sites.google.com/site/agneseleonello/,European Central Bank
ppi600,https://www.nicolapierri.com/research,International Monetary Fund (IMF)
ptr265,https://scholar.google.com/citations?user=WD0Wu80AAAAJ&hl=vi,Vietnam National University
pga277,https://economics.ubc.ca/profile/giovanni-gallipoli/,University of British Columbia
pku158,,University College London (UCL)
pel108,,Henan University
pre502,http://rreyes-heroles.com/,Federal Reserve Bank of Dallas
pbo1170,https://sites.google.com/view/bbonadio/home,New York University Abu Dhabi
psc473,https://www.hbs.edu/faculty/Pages/profile.aspx?facId=564091,Harvard University
pre551,http://imkereimers.weebly.com,Cornell University
pho584,http://www.tonyjhowell.com,Peking University
pgo157,http://www.iza.org/index_html?lang=en&mainframe=http%3A//www.iza.org/en/webcontent/personnel/photos/,Maastricht University
pru161,https://sites.google.com/view/phurichai/home,Bank for International Settlements (BIS)
phl9,,Anglo-Americka Vysoká Škola
pgo528,https://www.ie.edu/university/about/faculty/marc-goergen/,Universidad IE
pje189,https://sites.google.com/view/jesseneconomist,Institut für Arbeitsmarkt- und Berufsforschung (IAB)
pis46,https://asadislam.info/,
ppi119,https://sites.google.com/view/massimilianopisani/home-page,Banca d'Italia
ppe308,https://sites.google.com/site/yannickperez/,Université Paris-Saclay
pfr125,,Supply Chain Intelligence Institute Austria (ASCII)
pfu39,,Wuhan University
pla214,https://www.makro.wiwi.uni-due.de,Eidgenössische Technische Hochschule Zürich (ETHZ)
pwu81,,University of Western Australia
pzi118,,Government of Germany
pho236,https://laurahospido.com/,Banco de España
pfe230,,Oesterreichische Nationalbank
pje186,https://sites.globalhealth.duke.edu/jeulandresearch/,Duke University
pli1404,http://huiyuli.net,Federal Reserve Bank of San Francisco
pne139,http://www.frankneffke.com,Complexity Science Hub Vienna
pmu224,,Arizona State University
ppe226,https://sites.google.com/site/gperinosite/,Universität Hamburg
pca73,http://www.ssc.uwo.ca/economics/faculty/Caucutt/,Purdue University
pne425,,Applied Sciences University
ppa1687,,Vanderbilt University
pdr205,,Universidad de Málaga
ppe540,http://williampeterman.com/,Federal Reserve Board (Board of Governors of the Federal Reserve System)
pde1111,https://sites.google.com/site/judithmdelaney/,University of Bath
pja140,,Univerzita Karlova v Praze
pma1173,https://sites.google.com/site/researchjmarcus,Freie Universität Berlin
pte207,https://www.federalreserve.gov/econresdata/judit-temesvary.htm,Federal Reserve Board (Board of Governors of the Federal Reserve System)
pwi24,http://www.widerquist.com,Georgetown University
pla913,https://sites.google.com/view/jwlaliberte,University of Calgary
pse743,https://sites.google.com/utk.edu/matthew-serfling/home,University of Tennessee-Knoxville
pli596,https://scholar.google.com/citations?user=VvYddNIAAAAJhl=en,Universidade de São Paulo
pag161,http://francesco-agostinelli.weebly.com,University of Pennsylvania
par559,https://www.jarellanobover.com,Yale University
pdw14,,Curtin University
pmi939,https://scholar.google.com.pk/citations?user=gadVui0AAAAJ&hl=en,University of Gujrat
pma1731,http://www.kavehmajlesi.com/,Monash University
pqu32,https://sites.google.com/site/climentquintanadomeque/,University of Exeter
pki668,https://sites.google.com/view/ayumukenkikkawa/home,University of British Columbia
pch1323,,United Nations
pzh1079,http://jonathanzhang.net,Duke University
pde550,https://sites.google.com/view/thomasdemuynck,Université Libre de Bruxelles
paf9,,Luxembourg Institute of Socio-Economic Research (LISER)
pgu526,https://www.jerg-gutmann.de,CESifo
pru93,https://sites.google.com/view/albertorusso76/home-page-eng?authuser=0,Universitat Jaume I
pdv9,https://sites.google.com/site/maximilianodvorkin/,Federal Reserve Bank of St. Louis
pwa958,,University of California-Berkeley
pde1223,https://sites.google.com/site/francoisdesoyres/research,Federal Reserve Board (Board of Governors of the Federal Reserve System)
pis259,,Ural Federal University
psc646,http://www.stefanschiman.com,Österreichisches Institut für Wirtschaftsforschung (WIFO)
pst837,http://www.annastansbury.com,Massachusetts Institute of Technology (MIT)
pmi899,https://sites.google.com/view/amikhaylov/home,Financial University under the Government of the Russian Federation
ple283,http://benjaminrlester.com,University of Western Ontario
plu500,https://sites.google.com/site/luo8yao/home,University of Toronto
pgu817,https://sites.google.com/view/atul-gupta/home,University of Pennsylvania
pve306,https://sites.google.com/site/fabriziovendittiecon/,Banca d'Italia
pmc359,https://people.unisa.edu.au/ronald.mciver,University of South Australia
pho372,https://publish.illinois.edu/gal-hochman/,University of Illinois at Urbana-Champaign
pca931,http://cee.colmex.mx/raymundo-campos,Colegio de México
pfa104,,Universitat de Barcelona
pse700,http://nathanseegert.com/,University of Utah
pan86,https://www.usc.edu.au/staff/professor-sajid-anwar,University of the Sunshine Coast
pko995,https://sites.google.com/site/fabiankosse,Ludwig-Maximilians-Universität München
psa140,https://hss.iitm.ac.in/subash-s/,Indian Institute of Technology Madras
pgr706,http://dlgreenwald.com,Massachusetts Institute of Technology (MIT)
pke81,http://scholar.uoa.gr/dkenourg/home,National and Kapodistrian University of Athens
pca1288,https://sites.google.com/site/serenacanaan87/home,Simon Fraser University
pdo167,https://sites.google.com/site/qaquocanhdo/,Centre for Economic Policy Research (CEPR)
pva1047,https://www.borisvallee.com/,Harvard University
phe288,https://shafikhebous.com,International Monetary Fund (IMF)
pdi34,https://sites.google.com/uniroma1.it/micdimaio,"""Sapienza"" Università di Roma"
pbe319,,Asian Development Bank
psh1203,https://scholar.google.com/citations?user=162kYQoAAAAJ&hl=en,University of Dhaka
pmu486,https://charliemurry.github.io,University of Michigan
pch1894,,Democritus University of Thrace
psa1723,https://sites.google.com/site/carlossanzecon/,Banco de España
psp86,https://publichealth.washu.edu/faculty/david-spielman/,International Food Policy Research Institute (IFPRI)
pca678,http://www.enricocantoni.com,Alma Mater Studiorum - Università di Bologna
pfu249,https://discovery.dundee.ac.uk/en/persons/hirofumi-fukuyama/,University of Dundee
pla912,https://www.tec.ac.cr/esteban-lafuente,Instituto Tecnológico de Costa Rica
pgk13,http://gillas.gr,Hellenic Mediterranean University
pco683,https://www.ucl.ac.uk/bartlett/construction/people/professor-dmaris-coffman,"University College London, Bartlett School of Construction and Project Management (University College London, Bartlett School of Construction and Project Management)"
pju35,,Jyväskylän yliopisto
pne274,http://gneid.weebly.com,Leibniz-Zentrum für Europäische Wirtschaftsforschung (ZEW)
pke324,https://www.uibk.ac.at/de/economics/mitarbeiterinnen/rudolf-kerschbamer/,Leopold-Franzens-Universität Innsbruck
pcr45,https://sites.google.com/site/crinoecon/,Università degli Studi di Bergamo
pri259,http://www.matthewringgenberg.com,University of Utah
pne104,,Le Mans Université
pfr315,http://www.marcofrey.it,Scuola Superiore Sant'Anna
pca1067,,Georgetown University
pst614,,University of Portsmouth
pta880,https://www.vistaraz.com/,Smith College
phi154,http://www.kallehirvonen.com,International Food Policy Research Institute (IFPRI)
pbi338,https://sites.google.com/site/annabindler/,DIW Berlin (Deutsches Institut für Wirtschaftsforschung)
pkr256,,Høgskolen i Molde
pib61,https://sites.google.com/view/oyakhiwibhagui/home?authuser=0,"Division of Macroeconomics and International Finance, Baum Tenpers Research Institute"
pka528,,Ritsumeikan University
pgr681,https://www.brookings.edu/experts/carol-graham/,Brookings Institution
pme403,https://www.imf.org/en/research/researcher-cv/author/melina-giovanni-335,CESifo
pdr146,https://sites.google.com/site/tdrautzburg/research,Federal Reserve Bank of Philadelphia
pra626,https://www.sebastianrausch.com,Leibniz-Zentrum für Europäische Wirtschaftsforschung (ZEW)
pfl26,https://sites.google.com/site/lucaflabbi/,Università degli Studi di Torino
pni316,https://hcecon.uni-hohenheim.de/100602,Xi'an Jiaotong University
pki570,,University of Pennsylvania
ppo717,https://www.ceenrg.landecon.cam.ac.uk/people/hector-pollitt,University of Cambridge
pst217,https://steingress.github.io/,Luxembourg Institute of Socio-Economic Research (LISER)
pde955,https://scholar.harvard.edu/alonsodegortari,Harvard University
pji222,http://fuweijiang.weebly.com,Central University of Finance and Economics (CUFE)
ppe620,,Toyo University
pfi293,https://www.firanchuk.net/,Gaidar Institute for Economic Policy
plu469,https://sites.google.com/site/paulskluk/,Government of Hong Kong
peg15,,
pci144,,Scuola Superiore Sant'Anna
pho122,https://scholar.harvard.edu/munho,Resources for the Future (RFF)
psi579,https://sites.google.com/site/singtienfoospersonalwebsite/sing-tien-foos-personal-homepage,National University of Singapore (NUS)
pvi108,https://sites.google.com/view/vicardv/,Centre d'études prospectives et d'informations internationales (CEPII)
psa778,http://www.cgdev.org/expert/justin-sandefur,Center for Global Development (CGD)
pme679,,Wissenschaftszentrum Berlin für Sozialforschung (WZB)
pst439,http://oliviersterck.wordpress.com/,Oxford University
ppe920,https://www.american.edu/spa/faculty/cpersico.cfm,American University
psx5,https://sites.google.com/site/mikkelsoelvsten/home,Aarhus Universitet
pel251,http://www.vadimelenev.com,Johns Hopkins University
ppr366,https://sites.google.com/site/romanospriftis,European Central Bank
pdi630,,International Black Sea University
pst808,http://www.anthonystrittmatter.com/,Centre de Recherche en Économie et Statistique (CREST)
pwa627,https://sites.google.com/site/bwalheer/,Université de Liège
pmo87,https://www.webofscience.com/wos/author/record/D-9619-2011,Universidade do Minho
pmc155,https://sites.google.com/site/mcentarfererika/,Government of the United States
psa1473,https://sites.google.com/view/martinsaavedra/,Rutgers University-New Brunswick
psa516,,
pst822,https://sites.google.com/site/stearnsje/,University of California-Davis
psc358,https://sites.google.com/site/timschmidteisenlohr/,Federal Reserve Board (Board of Governors of the Federal Reserve System)
pla481,http://sites.google.com/site/jeannelafortune/,Pontificia Universidad Católica de Chile
pca345,https://andreacaggese.weebly.com/,Barcelona School of Economics (BSE)
pho195,,UNSW Sydney
pfr240,,Northwestern University
psu382,https://www.nsuppa.info/,Oxford University
pba835,http://www.baumohl.sk,Ekonomická Univerzita v Bratislave
pal912,https://sites.google.com/site/silviaalbrizio/,International Monetary Fund (IMF)
pko841,https://sites.google.com/site/gizemkosar/,Federal Reserve Bank of New York
pco912,https://sites.google.com/site/fjmcosta/,Fundação Getúlio Vargas (FGV)
pvl51,http://charis-vlados.blogspot.gr/,Democritus University of Thrace
pwi133,https://sites.google.com/view/simonwiederhold,Martin-Luther-Universität Halle
pre466,,Lincoln University
pbu279,https://nubs.nju.edu.cn/bml/list.htm,Nanjing University
pbo539,https://kjb.staff.sdu.dk/,Syddansk Universitet
phi46,https://personal.lse.ac.uk/hilber/,London School of Economics (LSE)
pma614,https://sites.google.com/view/emgeconomics,Federal Reserve Bank of Dallas
pdo214,https://www.esri.ie/people/karina-doorley,Trinity College Dublin
pfa185,https://sites.google.com/site/fasani2010/,Università degli Studi di Milano
psm213,https://alexsmolin.com/,Toulouse School of Economics (TSE)
pca250,http://sites.google.com/site/carloscarrillotudela/,University of Essex
pna316,https://sites.google.com/site/taisukenakata/,Federal Reserve Board (Board of Governors of the Federal Reserve System)
pgu426,,Nanjing Audit University
pgo62,,Banco de la Republica de Colombia
pme601,,Hochschule für Wirtschaft und Recht
pta122,http://yatanaka.doshisha.ac.jp/index.html,Doshisha University
pbl197,http://www.kristianblickle.com,Federal Reserve Bank of New York
psc239,http://www.martinschmitz.org,European Central Bank
pwa885,https://sites.google.com/site/jackiewahba/,University of Southampton
pmo303,https://sites.google.com/a/uniroma1.it/pierluigimontalbano-eng/,"""Sapienza"" Università di Roma"
pfl166,https://scholar.google.es/citations?hl=es&user=Zy2JOaUAAAAJ&view_op=list_works&sortby=pubdate,Universidad de Zaragoza
pbe833,http://www.benyoussef.net,Université Côte d'Azur
psc797,,University of Michigan
psp106,https://sites.google.com/site/michaelsposi/home,Southern Methodist University
pta448,http://sites.google.com/site/etarantino/,Libera Università Internazionale degli Studi Sociali Guido Carli (LUISS)
pce160,http://eicevik.cv.nku.edu.tr/,Namık Kemal Üniversitesi
pma1777,https://sites.google.com/view/isabelzmartinez/home,Eidgenössische Technische Hochschule Zürich (ETHZ)
pzl2,https://sites.google.com/site/andreizlate1/,Federal Reserve Board (Board of Governors of the Federal Reserve System)
pma1510,,Politechnika Wrocławska
pch585,https://www.gla.ac.uk/schools/business/staff/dimitrioschristelis/,University of Glasgow
ple985,,Government of France
ppo522,,Russian Presidential Academy of National Economy and Public Administration (RANEPA)
pmi497,https://www.gmihalache.com/,Ohio State University
pst327,https://www.ecb.europa.eu/pub/research/authors/profiles/georg-strasser.en.html,European Central Bank
pfe227,https://www.martin-feldkircher.com/,Diplomatische Akademie Wien
pco498,https://sites.google.com/site/coutteniermathieu/,Université de Lyon
pha423,http://joshua.c.hall.googlepages.com/,West Virginia University
ple1006,https://saraleroux.weebly.com/,Oxford Brookes University
pca1574,https://www.bernardocandia.com/,Federal Reserve Bank of Cleveland
pme415,https://sites.google.com/site/thomasmichaelmertens/,Federal Reserve Bank of San Francisco
pli1741,,University of Houston
pmo190,https://scholar.google.com/citations?user=xJuoeu4AAAAJ&hl=it&authuser=1,Università degli Studi di Pavia
pal891,,Banco Central de Costa Rica
pha795,http://works.bepress.com/halaburda/,
pga905,http://victorgay.me,Toulouse School of Economics (TSE)
pca440,https://sjc.people.stanford.edu/research,Stanford University
pfe504,https://enriquefernandezmacias.wordpress.com,European Commission
pra187,http://andrearaffo.com,Federal Reserve Bank of Minneapolis
pma2523,https://baker.utk.edu/overview/directory/dale-manning/,University of Tennessee-Knoxville
pba924,https://sites.google.com/site/zsofiabarany/,Central European University
pve359,https://sites.google.com/site/jvelilla1992/,Universidad de Zaragoza
phs47,http://www.joannehsu.com,University of Michigan
pmo258,http://www.jmorrow.net,King's College London
psi767,http://www.andrefjsilva.com,Federal Reserve Board (Board of Governors of the Federal Reserve System)
pqi73,https://sites.google.com/site/qiuliangfei/,University of Florida
pla1047,,"""Sapienza"" Università di Roma"
pga868,https://sites.google.com/site/aggazzani/,Banca d'Italia
plo289,,University of Georgia
pad85,,Organisation de Coopération et de Développement Économiques (OCDE)
pmu207,http://works.bepress.com/kathleen_mullen/,University of Oregon
pbo355,https://pierrecboyer.com/,Centre for Economic Policy Research (CEPR)
psc372,,Paris School of Economics
pco1000,http://www.robcollinson.com,University of Notre Dame
pma956,,Banque de France
pub6,https://sites.google.com/site/diegojavierubfal/home,World Bank Group
pch2045,https://person.zju.edu.cn/shuaichen,Zhejiang University
pna738,,Friedrich-Alexander-Universität Erlangen-Nürnberg
pge262,http://laurakgee.weebly.com/,Tufts University
pef13,,Covenant University
pco1156,https://www.antoniocoppola.org/,Stanford University
pga1291,https://giorgosgalanis.wordpress.com,Queen Mary University of London
pna69,https://anakov.github.io/,Centre for Economic Policy Research (CEPR)
pfe488,https://gavinfeng702.com,香港城市大学
pde1271,http://www.sbs.ox.ac.uk/community/people/jan-emmanuel-de-neve,Oxford University
poc21,https://sites.google.com/site/sergiocampod/,University of Western Ontario
pba1946,https://pierrebachas.weebly.com/,World Bank Group
pma137,http://www.dge.ubi.pt/amarques/,Universidade da Beira Interior
pba1799,https://andresbarriosf.github.io,Universidad de los Andes (Chile)
pba1087,https://sites.google.com/site/jimbakas/,Nottingham Trent University
pre185,https://frarent.github.io/,European Commission
pbr741,http://ssrn.com/author=2424935,Columbia University
pta430,,Tsinghua University
pca311,http://www.gcanavire.com/,Universidad Privada Boliviana
pbe494,http://petervanbergeijk.org,Institute of Social Studies (ISS)
phs7,http://yuchinhsu.yolasite.com/,Academia Sinica
pat67,http://www.giuseppeattanasi.com,"""Sapienza"" Università di Roma"
pdo451,https://www.ifo.de/en/dorn-f,ifo Institut - Leibniz-Institut für Wirtschaftsforschung an der Universität München e.V.
pan475,https://sites.google.com/site/juanantolindiaz/,London Business School (LBS)
pvo271,,Government of the United States
pko459,https://sites.google.com/site/lenamareenkoerber/,Schweizerische Nationalbank (SNB)
pci113,http://www.lucianociravegna.com,King's College London
pfo181,https://sites.google.com/site/atfoerster/,Federal Reserve Bank of San Francisco
pji164,https://www.uni-trier.de/index.php?id=35365,Universität Trier
pgo666,https://sites.google.com/site/mariongousse/home,Centre de Recherche en Économie et Statistique (CREST)
phu166,https://sites.google.com/site/krhuttunen/,Aalto-yliopisto
pam290,,Universität Zürich
pbu426,http://www.fionaburlig.com,University of Chicago
pvo191,,Universität Bern
pko847,https://www.une.edu.au/staff-profiles/business/isaac-koomson,University of New England
pli655,,Renmin University of China
pvo19,,European Commission
pba2025,,ESSEC Business School
pli1638,,Hong Kong University of Science and Technology (HKUST)
pla968,https://sites.google.com/view/salvatore-lattanzio/home,Banca d'Italia
pwa1068,https://wanglongweb.weebly.com,Fudan University
ply75,https://dom.fem.sumdu.edu.ua/uk/lyulyov,Sumy State University
pry58,http://janeryngaert.github.io,University of Notre Dame
pgr211,,Leibniz Universität Hannover
psc421,http://www.stefanie-schurer.com,University of Sydney
pla193,https://www.fao.org/agrifood-economics/en/,United Nations
pgi187,https://sites.google.com/site/rcginja/,Universitetet i Bergen
psu102,https://sites.google.com/site/ssuardi/,University of Wollongong
pst980,http://stoffprof.github.io,Indiana University
pca481,http://www.lboro.ac.uk/departments/sbe/staff/profiles/castrovitor/castro-vitor.html,Loughborough University
pbr358,https://sites.google.com/site/holgerbreinlich/,University of Surrey
pch964,https://www.suss.edu.sg/about-suss/faculty-and-staff/detail/dr-chang-young-ho,Singapore University of Social Sciences
pfe555,,Australian National University
pbe1157,https://inesberniell.weebly.com/,Universidad Nacional de La Plata
pgr290,http://www.parisschoolofeconomics.com/grenet-julien,Paris School of Economics
ple1230,https://sites.google.com/view/emilycleslie/home,Brigham Young University
pga171,https://sites.google.com/view/galbiatir1/,Sciences Po
pph100,https://sites.google.com/site/gregoryphelan/,Williams College
pbo461,https://sites.google.com/view/vincenzobove/,IMT Lucca Institute for Advanced Studies
pbr522,http://wyattjbrooks.com,Arizona State University
pkn16,,Federal Reserve Bank of Cleveland
pdz28,,University of Newcastle
pga466,https://sites.google.com/site/lgadenne/home,Centre for Economic Policy Research (CEPR)
ptr399,http://www.egontripodi.com,Hertie School
pkr39,,City St George's
pri529,,
pha135,,Osaka University
pan719,,Blockchain Research Lab
pme547,https://geography.exeter.ac.uk/staff/index.php?web_id=Jean-Francois_Mercure,University of Exeter AND Global Systems Institute (University of Exeter AND Global Systems Institute)
pni299,https://sites.google.com/site/rnistico/home,CESifo
pon32,http://www.gre.ac.uk/people/rep/faculty-of-business/ozlem-onaran,University of Greenwich
pgo947,https://sites.google.com/cornell.edu/jose-e-gomez-gonzalez/home,City University of New York (CUNY)
pre584,https://www.giulianoresce.it/,Università degli Studi del Molise
pko307,http://www.aueb.gr/users/kouretas,Athens University of Economics and Business (AUEB)
pma2251,http://www.tradeconomics.com/mancini/,Banca d'Italia
pfa596,https://isffs.rnu.tn/fra/profil/SAHBI_FARHANI,Université de Sousse
pni175,https://sites.google.com/view/kalin-nikolov/home,European Central Bank
pbu157,https://kaseybuckles.com,University of Notre Dame
pne26,https://www.vwl3.wi.tu-darmstadt.de/the_chair_vwl3/team_vwl3/michael_neugart_vwl3/index.en.jsp,Technische Universität Darmstadt
ppi52,,Università Cattolica del Sacro Cuore
pay75,http://www.aydinm.sakarya.edu.tr/tr,Sakarya Üniversitesi
paf29,,University of Guelph
pbe182,https://www.iese.edu/faculty-research/faculty/pascual-berrone/,Universidad de Navarra
phe721,https://www.mistyheggeness.com,University of Kansas
pni69,http://www.nirei.e.u-tokyo.ac.jp,University of Tokyo
pra518,http://www.ratnovski.com,European Central Bank
pbi432,,Prince Mohammad Bin Fahd University
pje101,http://www.tse-fr.eu/people/doh-shin-jeon,Toulouse School of Economics (TSE)
pca869,http://mypage.unibocconi.eu/alessandracasarico,"Universita’ Commerciale Luigi Bocconi, Dipartimento di scienze sociali e politiche"
pba949,https://www.massey.ac.nz/massey/expertise/profile.cfm?stref=282040,Massey University
par146,http://www.zew.de/de/mitarbeiter/mitarbeiter.php3?action=mita&kurz=mar,Friedrich-Alexander-Universität Erlangen-Nürnberg
pth78,http://sites.google.com/site/carlosthomaseconweb/Home,Banco de España
pgo1022,https://philippegouletcoulombe.com/,Université du Québec à Montréal (UQAM)
pch373,https://sites.google.com/site/syngjoochoi/,Seoul National University
paj31,,University of Lagos
phe387,http://nphendricks.com/,Kansas State University
plo533,,Federal Reserve Board (Board of Governors of the Federal Reserve System)
phe184,https://www.wiso.uni-hamburg.de/fachbereich-sozoek/professuren/heise/team/heise-arne.html,Universität Hamburg
pfr267,https://veronicafrisancho.net/,Corporación Andina de Fomento (CAF) - Banco de Desarrollo de América Latina
pas190,,"Erciyes Üniversitesi, Havacılık ve Uzay Bilimleri Fakültesi"
pma2230,http://www.glennmagerman.com,Université Libre de Bruxelles
pad123,http://www.arunadvani.com,University of Warwick
pwo145,https://sites.google.com/site/benjaminwongshijie/,Monash University
pch897,,University of Melbourne
ptu217,https://vatt.fi/en/researcher/tukiainen-janne,Turun Yliopisto
pbo907,,Institut für Arbeitsmarkt- und Berufsforschung (IAB)
phe303,http://sites.google.com/site/yinghuahe/,
pme212,https://cersem.uia.no/,Universitetet i Agder
pmu479,http://www.erichmuehlegger.com/,University of California-Davis
pma2676,https://g-marshall.github.io,University of British Columbia
ptr96,https://www.ecb.europa.eu/pub/research/authors/profiles/oreste-tristani.en.html,European Central Bank
pbe724,https://sites.google.com/site/hamzabennani01/,Université de Nantes
pme685,http://www.rmegalokonomou.net/,University of Queensland
pbo166,http://www.marcelbogers.com,Syddansk Universitet (University of Southern Denmark)
pjo129,https://sites.google.com/site/davewjohnston/,Monash University
pth382,https://sites.google.com/brown.edu/nthakral/,Brown University
pmc156,,University of Colorado
pme274,http://www.elmarmertens.com,European Central Bank
pma2402,https://www.nmalenko.com/,Boston College
plo245,,London School of Economics (LSE)
ppe462,https://cicero.oslo.no/en/employees/glen-peters,CICERO Senter for Klimaforskning
pma1895,,Curtin University
pli503,https://www.hkubs.hku.hk/people/tse-chun-lin/,University of Hong Kong
pwa75,http://www.wiwi.uni-passau.de/nw.html,Universität Passau
pmo937,https://sites.google.com/site/sarahmouabbi/,Banque de France
pri389,https://www.robertritz.org,University of Cambridge
plu402,http://lrlusher.weebly.com,University of Pittsburgh
pel244,https://www.ellisandrew.com,London School of Economics (LSE)
pva814,,Banco Central do Brasil
plo281,http://leemlockwood.com,University of Virginia
pfe247,http://www.jamesfenske.com,University of Warwick
pcu176,,Wake Forest University
pno317,https://kadeemnoray.com/,Harvard University
pgu849,https://sites.google.com/view/eleonora-guarnieri,University of Bristol
pso339,,Gaidar Institute for Economic Policy
pco210,http://www.christophercotton.ca,Queen's University
pco812,https://sites.google.com/site/ntcoimbra/,Centre for Economic Policy Research (CEPR)
pbr747,https://uwaterloo.ca/economics/people-profiles/roy-brouwer,University of Waterloo
pon21,https://sites.google.com/view/lucaonorante,European Commission
pmu142,,University of Warwick
pnu2,,Scuola Superiore Sant'Anna
pbe1473,http://jbertomeu.info,Washington University in St. Louis
pqu23,http://www.centre-cired.fr/fr/philippe-quirion/,Centre International de Recherche sur l'Environnement et le Développement (CIRED)
pro306,https://sites.google.com/view/sandrarozo/,World Bank Group
pba794,http://www.isaacbaley.com,Barcelona School of Economics (BSE)
pdv14,https://kpo.vse.cz/english/about-us/department/staff/ondrej-dvoulety/,Vysoká Škola Ekonomická v Praze
pjh23,http://www.akshayajha.com,Carnegie Mellon University
pla621,https://sites.google.com/site/mauriciolarrainerrazuriz/,Universidad de los Andes (Chile)
pco832,http://alexandercoutts.com,York University
poo20,https://research.vu.nl/en/persons/maarten-van-oordt,Vrije Universiteit Amsterdam
pcu62,,Universidad de Navarra
pri266,,Sustainability Environmental Economics and Dynamics Studies (SEEDS)
phl1,http://werner.hoelzl.wifo.ac.at/,Österreichisches Institut für Wirtschaftsforschung (WIFO)
phu365,https://sites.google.com/view/huebener,Government of Germany
pdr32,https://www.researchgate.net/profile/Carlo_Drago,"Università degli Studi di Napoli - ""Federico II"""
pyu237,https://sites.google.com/site/emircanyurdagul/,Centre for Economic Policy Research (CEPR)
pto525,http://ktodorov.com,Bank for International Settlements (BIS)
pve120,https://www.andreapvelasquez.com/,University of Colorado Denver
pca1805,https://sites.google.com/site/jiejaycao/,Hong Kong Polytechnic University
pbi61,http://www.tse-fr.eu/people/christophe-bisiere,Toulouse School of Economics (TSE)
pca1440,,Bank for International Settlements (BIS)
pjo323,http://bajones2.weebly.com,University of New Mexico
pve105,http://www.paoloverme.net,Alma Mater Studiorum - Università di Bologna
pka317,https://hkasahar.arts.ubc.ca,University of British Columbia
pno233,http://www.jaromirnosal.net,Boston College
ppo113,https://sites.google.com/site/stevenpoelhekke/,Vrije Universiteit Amsterdam
per105,http://www.practicingeconomist.com,National Bureau of Economic Research (NBER)
pca1025,https://www.worldbank.org/en/about/people/e/eliana-carranza,World Bank Group
pku687,https://sites.google.com/view/pkurlat/home,University of Southern California
pbu127,,Technische Universität Ilmenau
pco241,http://copeland.marginalq.com,Federal Reserve Bank of New York
ppr82,https://sites.google.com/view/eugenioproto-research/home,University of Glasgow
phu714,https://www.bis.org/author/wenqian_huang.htm,Bank for International Settlements (BIS)
pfe176,http://economia.uniandes.edu.co/fergusson,Universidad de los Andes (Colombia)
pyu29,,University of Chinese Academy of Sciences
pfe389,https://axelleferriere.github.io/,Sciences Po
paq7,https://www.bis.org/author/matteo_aquilina.htm,Bank for International Settlements (BIS)
pyu224,,Beijing Institute of Technology
pta270,,International Food Policy Research Institute (IFPRI)
pba1254,https://sites.google.com/site/kaibarron/,Wissenschaftszentrum Berlin für Sozialforschung (WZB)
pba984,https://sites.google.com/site/charlottedsbartels/,DIW Berlin (Deutsches Institut für Wirtschaftsforschung)
pro1259,https://sites.google.com/view/matthias-rottner/,Deutsche Bundesbank
pba857,https://researchers.adelaide.edu.au/profile/rajabrata.banerjee,Adelaide University
pan307,,"Universitatea ""Al.I. Cuza"""
pgu797,https://sites.google.com/site/matthewgudgeon/,Tufts University
pme510,http://mestieri.github.io,Barcelona School of Economics (BSE)
pga1096,https://sites.google.com/view/giovanni-gallo,Università degli Studi di Modena e Reggio Emilia
pwi312,https://www.st-andrews.ac.uk/management/aboutus/people/academic/johnwilson/,University of St. Andrews
pho624,,University of South Africa (UNISA)
ple637,https://www.folab.org/yongslee,University of Notre Dame
pch1351,https://web.stanford.edu/~arungc/,Stanford University
pfu230,http://www.princeton.edu/~fujiwara,Princeton University
pei62,https://sites.google.com/view/saraheichmeyer,Ludwig-Maximilians-Universität München
pje55,http://personal.lse.ac.uk/jenter/,Centre for Economic Policy Research (CEPR)
pti239,https://sites.google.com/view/jacopotimini/home,Banco de España
pba1854,https://sites.google.com/view/oscar-barrera,World Inequality Lab
phe642,http://www.erinhengel.com,Brunel University London
phu515,https://joachimhubmer.github.io/,University of Pennsylvania
ped11,http://www.voxprof.com,"Texas A&M University, Mays Business School"
par625,,University of Southern California
pib11,,Inter-American Development Bank
psa1154,http://www.salahodjaev.net,Toshkent Davlat Iqtisodiyot Universiteti
phu570,https://orcid.org/0000-0001-8169-5665,Eastern International University
pni222,https://sites.google.com/site/nilssonltherese/home,Lunds Universitet
pba327,http://www.catiabatista.org/,Universidade Nova de Lisboa
pil25,https://sites.google.com/site/cosminilut/,Duke University
pyu227,http://www.ieti.net/pro/ffyue.html,Universitatea Româno-Americană
pki600,https://sites.google.com/view/josh-kinsler/home,University of Georgia
pme505,,Government of Japan
pwe518,http://wengxi125.weebly.com,Peking University
pfl33,,Hellenic Mediterranean University
pbr457,,Lille Économie et Management (LEM)
pes109,http://apps.olin.wustl.edu/faculty/esponda/Ignacio_Esponda/Home.html,Washington University in St. Louis
pal228,http://www.samialpanda.com,University of Central Florida
pth273,,Amherst College
pgi275,https://sites.google.com/a/williams.edu/gibson/home,Williams College
ppe841,http://www.hec.fr/perignon,HEC Paris (École des Hautes Études Commerciales)
pma1210,https://sites.google.com/view/fredmalherbe/home,Centre for Economic Policy Research (CEPR)
phe656,https://sites.google.com/site/ineshelm10/,Johannes-Kepler-Universität Linz
pto92,http://sites.google.com/site/mircotonin/,CESifo
ppa668,https://sites.google.com/site/mathieuparenti/,Paris School of Economics
paz52,http://www.eduardoMazevedo.com,University of Pennsylvania
pku109,http://www.wittgensteincentre.org/en/staff/member/kuhn.htm,International Institute for Applied Systems Analysis (IIASA)
pbe432,https://www.jonathanbenchimol.com/,Bank of Israel
pka1304,http://statmath.wu.ac.at/~kastner,"Universität Klagenfurt, Institut für Statistik"
pan412,https://sites.google.com/view/s-anukriti/,World Bank Group
pbi119,https://www.chicagobooth.edu/faculty/directory/b/john-r-birge,University of Chicago
psi507,http://www.siegel-christian.de,University of Kent
pwa961,http://www.melaniewasserman.com,University of California-Los Angeles (UCLA)
pka744,https://sites.google.com/site/yianniskaravias/,Brunel University London
ple533,http://sites.google.com/site/yassinelefouili/,Toulouse School of Economics (TSE)
pmu415,,Leibniz-Institut für Wirtschaftsforschung Halle (IWH)
pya474,https://www.grips.ac.jp/list/en/facultyinfo/yamazaki-akio/,University of Calgary
pob93,,Institut für Arbeitsmarkt- und Berufsforschung (IAB)
per49,,
pmo749,,Universidade Federal Fluminense
pch859,https://fof.cityu.edu.mo/en/list-13/125,City University of Macao
pgu719,http://arpitgupta.info,New York University (NYU)
pzh736,https://haonanzhou.io/,University of Hong Kong
pbi328,https://sites.google.com/site/pietrobiroli/,Alma Mater Studiorum - Università di Bologna
pfa186,,RMIT University
pzh1199,https://www.bangor.ac.uk/staff/bbs/hanxiong-zhang-679969/en,Bangor University
psq7,https://marasquicciarini.wixsite.com/home,Università Commerciale Luigi Bocconi
pwo187,http://www.kof.ethz.ch,Eidgenössische Technische Hochschule Zürich (ETHZ)
pko876,https://sites.google.com/site/zskoczan/home,European Bank for Reconstruction and Development (EBRD)
phu777,,Beijing Institute of Technology
pfi298,,Boston University
pva1007,,Lunds Universitet
pgi59,http://web.ics.purdue.edu/~gill53/,Purdue University
pgl26,https://www.minesparis.psl.eu/cedp/faculty/matthieu-glachant/,Mines Paris
pla616,https://www.laajaj.com,Universidad de los Andes (Colombia)
pel400,,Lebanese American University
pcs21,,Budapesti Corvinus Egyetem
pkl86,https://econ.ku.dk/klemp/,Københavns Universitet
pag120,http://www.luis-aguiar.com,Universität Zürich
pot11,http://www.urosario.edu.co/Profesores/Listado-de-profesores/O/Otero-Cardona-Jesus/,Universidad del Rosario
pme539,http://www.hse.ru/en/org/persons/29168706,National Research University Higher School of Economics (HSE)
psc743,https://immoschott.github.io/,Federal Reserve Board (Board of Governors of the Federal Reserve System)
pdi564,https://cob.sufe.edu.cn/teacher/detail/62,Shanghai University of Finance and Economics
png142,,Ho Chi Minh City Open University
phj11,https://sites.google.com/site/idahjortso/home,Centre for Economic Policy Research (CEPR)
pva82,https://sites.google.com/view/guillaumevdb/home/,Federal Reserve Bank of St. Louis
pbo319,http://sites.google.com/site/martinbodenstein/,Federal Reserve Board (Board of Governors of the Federal Reserve System)
pla1071,https://ai.stanford.edu/~nlambert/,University of Southern California
pga219,http://sites.google.com/site/patrickgaule/,University of Bristol
pch1099,http://yiche.weebly.com/,East China University of Science and Technology
pti99,https://sites.google.com/view/peter-tillmann/,Justus-Liebig-Universität Gießen
psh962,https://sites.google.com/site/yogitashamdasani/home,University of Pittsburgh
pja742,https://sites.google.com/view/maulikjagnani/home,Tufts University
pop19,http://marcusopp.com/,Stockholm School of Economics
ptr214,,Symbiosis School of Economics
psp164,http://davidsplinter.com,Government of the United States
pop26,https://www.christianopp.info/,University of Rochester
plh9,http://sites.google.com/site/olharidon,Centre de Recherche en Économie et Management (CREM)
poz42,http://www.serdarozkan.me,Southern Methodist University
pot27,https://sites.google.com/site/conormarkotoole,Trinity College Dublin
pri19,http://www.expernomics.com/yer,Nanyang Technological University
pwe137,http://www.utzweitzel.com,Universiteit Utrecht
pye6,,Bank for International Settlements (BIS)
pst54,http://www.sussex.ac.uk/spru/people/lists/person/26086,University of Sussex
pku799,https://www.elifkubilay.com,University of Essex
pat14,,Federal Reserve Bank of New York
pla286,https://www.bse.u-bordeaux.fr/membres/laure.latruffe/,Université de Bordeaux
pra66,,Università degli Studi di Genova
pbl132,https://sites.google.com/view/joaquin-blaum/,Boston University
ppl82,,Sumy State University
pkr355,,Bank of England
phu375,https://www.sewonhur.com/,연세대학교 국제학대학원
pbu528,https://sites.google.com/view/simon-bunel/home,Banque de France
phu346,https://huangweipku.com/,Peking University
pwe90,https://sites.google.com/site/erikwengstrom/,Lunds Universitet
pho367,,Leibniz-Zentrum für Europäische Wirtschaftsforschung (ZEW)
pos7,,European Central Bank
ppo694,https://sites.google.com/view/aubreybcpoon/home,University of Kent
psa266,,Copenhagen Business School
pmc163,http://www.eoinmcguirk.com,National Bureau of Economic Research (NBER)
pbe755,https://sites.google.com/site/thorberger/,Institutet för Näringslivsforskning (IFN)
pri114,https://sites.google.com/site/matteorichiardi/,University of Essex
pal822,,Griffith University
pcr51,https://www.dnb.nl/en/research/personal-pages/carin-van-der-cruijsen/,de Nederlandsche Bank
pne89,https://www.econ.uzh.ch/en/people/faculty/netzer.html,Universität Zürich
pde784,,Libera Università di Bolzano / Freie Universität Bozen
pgo89,,
pge147,https://www.ie.edu/faculty/pedro-gete/,Universidad IE
psa693,http://www.aalto-econ.fi/sarvimaki/,Aalto-yliopisto
pbi181,https://avesis.erciyes.edu.tr/fbilgili,Erciyes Üniversitesi
pgh125,https://sites.google.com/site/claudiaghisetti/,"Università degli Studi di Milano-Bicocca, Dipartimento di Sociologia e Ricerca Sociale (University of Milano-Bicocca, Department of Sociology and Social Research)"
pna509,http://rnakatani.jimdo.com,International Monetary Fund (IMF)
paz127,https://scholar.google.com/citations?authuser=1user=8yel2d4AAAAJ,Abdul Wali Khan University
psm225,https://sites.google.com/site/psmietanka/,Bank of England
pdu385,http://www.jbduarte.com/,Universidade Nova de Lisboa
ppa312,https://didattica.unibocconi.eu/mypage/index.php?IdUte=50856&cognome=PAVONI&nome=NICOLA&urlBackMy=,Università Commerciale Luigi Bocconi
pro247,https://sites.google.com/site/cristinarossisite/,Università degli Studi di Torino
pst538,,Kiel Institut für Weltwirtschaft - Leibniz Zentrum zur Erforschung globaler ökonomischer Herausforderungen (IfW)
pba1488,https://sites.google.com/site/sabaslandze/,Federal Reserve Bank of Atlanta
pzh732,http://qiankunzhou.weebly.com/,Louisiana State University
pzh723,,National University of Singapore (NUS)
pde33,https://www.linkedin.com/in/xavier-debrun-7599117/,Banque de France
pka1119,https://sites.google.com/view/timkaiser/home,Rheinland-Pfälzische Technische Universität Kaiserslautern-Landau (RPTU)
pso433,http://www.asokolova.org,University of Nevada-Reno
pca1044,http://www.gregorypcasey.com,Williams College
pro335,https://sites.google.com/site/nuriarodriguezplanas/,City University of New York (CUNY)
pte302,http://t8el.com,Oxford University
pst645,,Sveučilište u Dubrovniku
pca1251,https://www.danilocascaldigarcia.com/,Federal Reserve Board (Board of Governors of the Federal Reserve System)
pde323,https://www.ashoka.edu.in/profile/ashwini-deshpande/,Ashoka University
pgo77,https://iaaeg.de/index.php?option=com_contentview=articleid=23lang=en,CESifo
pmu527,https://www.uu.nl/staff/SMurtinu,Universiteit Utrecht
pge81,http://www.diw.de/cv/de/jgeyer,DIW Berlin (Deutsches Institut für Wirtschaftsforschung)
pho762,https://chrishoyeconomist.com/,University of Melbourne
pco221,https://sites.google.com/view/valeriacostantini/home,Sustainability Environmental Economics and Dynamics Studies (SEEDS)
pfi47,https://www.unimi.it/en/ugov/person/antonio-filippin,Università degli Studi di Milano
pke200,https://tkemeny.github.io/,University of Toronto
pco712,http://sites.google.com/site/gmatiascortes/,York University
ptu183,http://aeturrell.github.io/home/,Bank of England
ped10,https://florianederer.github.io/,National Bureau of Economic Research (NBER)
pcu248,,"""Sapienza"" Università di Roma"
pul38,https://sites.google.com/site/ulbrichtrob/,Boston College
psa1085,,de Nederlandsche Bank
pve353,https://roinevestman.com/,Stockholms Universitet
pim44,https://sites.google.com/site/alexoimas/,Carnegie Mellon University
psh619,http://kevinyshih.weebly.com/,University of California-Riverside
ppa968,https://hbl.tamu.edu/,Texas A&M University
pha650,https://sb.lau.edu.lb/about/faculty-staff/dr-jamal-haidar.php,Lebanese American University
pne69,,World Bank Group
pap38,http://sebastian-aparicio.com,Universitat Autònoma de Barcelona
pha802,https://sites.google.com/site/sukjinhanwebpage/,University of Texas-Austin
pzh152,http://sites.google.com/site/oo7zsx/,London School of Eonomics
pky20,http://margaretkyle.net,Mines Paris
psa288,http://www.cbs.curtin.edu.au/?profile=Ruhul_Salim,Curtin University
pdo537,https://sites.google.com/view/thomasdouenne/,Universiteit van Amsterdam
ppo758,http://www.econweb.umd.edu/~pope/,University of Maryland
pne40,http://NikolayNenovsky.com,University of National and World Economy
pwa531,http://johannawallenius.com/,Stockholm School of Economics
pzh460,https://sites.google.com/site/adwenzheng/,National University of Singapore (NUS)
pco838,http://lisadcook.net,Michigan State University
pre426,https://sites.google.com/view/maria-p-recalde/main,University of Melbourne
pli1737,https://www.wenhao-li.com/,University of Southern California
psi513,http://www.johndsingleton.com,University of Rochester
psc603,,Wissenschaftliche Hochschule für Unternehmensführung (WHU)
pli832,,Beijing Institute of Technology
pho590,https://www.bretthollenbeck.com,University of California-Los Angeles (UCLA)
psu580,,
par468,http://nomanarshed.wordpress.com,University of Management and Technology (UMT)
pyi59,http://www.veliyilanci.com,Çanakkale Onsekiz Mart Üniversitesi
pfr180,https://sites.unimi.it/tommasofrattini/,Centro Studi Luca d'Agliano (Ld'A)
pal264,https://www.coalexander.com,University of Sussex
psa1175,https://sites.google.com/site/raffaelesaggio/,University of British Columbia
psc404,https://sites.google.com/site/dschilirounime/,Università degli Studi di Messina
pma769,http://www.ecb.europa.eu/pub/research/authors/profiles/angela-maddaloni.en.html,European Central Bank
pni192,http://www.niehuihua.com,清华大学社科学院
pve494,https://sites.google.com/site/emanuelvespa/,University of California-San Diego (UCSD)
per126,https://www.uantwerpen.be/en/staff/guido-erreygers/,KU Leuven
pbr770,http://www.ecb.int,European Central Bank
ptu44,https://semihtumen.github.io,TED Üniversitesi
pla377,http://www.jeff-larrimore.com,Federal Reserve Board (Board of Governors of the Federal Reserve System)
pka1066,https://www.ecb.europa.eu/pub/research/authors/profiles/sujit-kapadia.en.html,European Central Bank
pcr15,http://matthieucrozet.weebly.com/,Université Paris-Saclay
pgr385,https://christinagravert.com,Københavns Universitet
pdu287,https://sites.google.com/site/georgduernecker/,Goethe Universität Frankfurt am Main
ppa1421,,International Management Institute Bhubaneswar
pho429,,University of Saskatchewan
pda853,http://sites.google.com/site/danielddamata/,Fundação Getúlio Vargas (FGV)
pca734,http://home.gwu.edu/~pcarrill/,George Washington University
pol80,https://sites.google.com/site/susanolivia/,University of Waikato
pse37,https://sites.google.com/view/tiago-neves-sequeira/begin?authuser=0,Universidade do Coimbra
pla939,https://sites.google.com/site/janhanneslang/,European Central Bank
pma1413,https://www.bbk.ac.uk/our-staff/profile/9258937/emmanuel-mamatzakis,Birkbeck College
pcr288,https://mbs.edu/faculty-and-research/faculty/jamie-cross,University of Melbourne
pde970,https://sites.google.com/site/martadephilippis/,Banca d'Italia
pro459,,Sveriges Lantbruksuniversitet
pba563,https://www.gla.ac.uk/schools/business/staff/sonerbaskaya/,University of Glasgow
png85,https://sites.google.com/view/hanguyenecon/,International Monetary Fund (IMF)
pla39,https://sites.google.com/site/jflaslierhomepage/,Paris School of Economics
psa1618,,University of California-Los Angeles (UCLA)
pco436,https://research.jcu.edu.au/portfolio/arusha.cooray/,James Cook University of North Queensland
pla652,https://sites.google.com/site/flabondance,Sciences Po
pzh735,http://www.eng.buffalo.edu/~jzhuang/,"University at Buffalo, Department of Industrial and Systems Engineering"
phi222,https://www.wiim.uni-frankfurt.de/team/prof-dr-oliver-hinz/,Goethe Universität Frankfurt am Main
pha905,https://ifro.ku.dk/english/staff/?pure=en/persons/263492,Københavns Universitet
pqi8,http://www.sef.hku.hk/~larryqiu,University of Hong Kong
pmi1093,https://www.santannapisa.it/it/andrea-mina,Scuola Superiore Sant'Anna
pap74,,
pkl166,http://sites.google.com/site/andykleiner/,Arizona State University
pbo1014,https://sites.google.com/view/whelsyboungou/home,Groupe Paris Graduate School of Management
pdi384,https://sites.google.com/site/ewdillon/,Microsoft Research
pst787,https://www.bostonfed.org/people/bank/joanna-stavins.aspx,Federal Reserve Bank of Boston
pra419,https://sites.google.com/site/mehdiraissi/,International Monetary Fund (IMF)
pri208,http://www.diw.de,DIW Berlin (Deutsches Institut für Wirtschaftsforschung)
pga182,https://sites.google.com/site/stefanogagliarducci/,"Università degli Studi di Roma ""Tor Vergata"""
ptu43,http://docenti.unicatt.it/ita/gilberto_turati/,Università Cattolica del Sacro Cuore
pah80,,Ain Shams University
pku279,https://www.researchgate.net/profile/Ronald_Kumar/?ev=hdr_xprf,RMIT University Vietnam
ptu216,https://sites.google.com/view/anatur-prats/home,University of California-Merced
ppa104,https://susanwparker.com/,University of Maryland
psc486,,Univerzita Karlova v Praze
pju45,https://www.ids.ac.uk/people/patricia-justino/,University of Sussex
pba303,https://barseghyan.economics.cornell.edu/,Cornell University
pco723,http://www.fabriziocolella.com,University College London (UCL)
pgu287,http://sites.google.com/site/sumedhagupta/home,Indiana University-Purdue University (IUPUI)
pbr52,https://sites.google.com/site/pablobranasgarza/home,Universidad Loyola Andalucía
pha616,https://jhall.github.io/,University of Alabama-Tuscaloosa
phe633,https://people.unisa.edu.au/Niro.Wellalage,University of South Australia
pmo44,https://www.nhh.no/en/employees/faculty/jarle-moen/,Norges Handelshøyskole (NHH)
pma1166,,Banque de France
pbi82,https://sites.google.com/site/drvincentbignon/home,Centre for Economic Policy Research (CEPR)
pru152,http://sorgner.eu,Kiel Institut für Weltwirtschaft - Leibniz Zentrum zur Erforschung globaler ökonomischer Herausforderungen (IfW)
pzh576,,China Europe International Business School
pni188,https://www.federalreserve.gov/econres/friederike-niepmann.htm,Centre for Economic Policy Research (CEPR)
pga724,https://sites.google.com/view/brahim-gaies/home?authuser=2,ICN Business School
pra965,https://annaraute.wordpress.com/,Queen Mary University of London
pro540,http://lorenzorocco.jimdo.com,Università degli Studi di Padova
pgo209,https://sites.google.com/view/pedromaiagomes,Birkbeck College
pka1224,http://www.jakob-kapeller.org,Universität Duisburg-Essen
pcr74,https://economia.uniroma3.it/persone/TmxKUHFKNGQ3alN5YXkycndxZkN1UHRtK1NyTTlERWhWM29EeTlQNzNKTT0=/,Università degli Studi Roma Tre
pso483,https://sites.google.com/view/andrejsokol/home,Bloomberg LP (Economics)
pwu193,https://sites.google.com/view/davidwuepper,Rheinische Friedrich-Wilhelms-Universität Bonn
pcu262,https://sites.google.com/view/xiaomengcui/home,Jinan University
pmo235,https://alexandermoradi.org/,Libera Università di Bolzano / Freie Universität Bozen
pka1537,https://ezrakarger.com/,Federal Reserve Bank of Chicago
pfr210,,Barcelona School of Economics (BSE)
pji81,,University College London (UCL)
pki190,http://www.fabian-kindermann.de,Universität Regensburg
phe605,https://kevinhe.net,University of Pennsylvania
pda910,http://www.apostolosdavillas.com/,Luxembourg Institute of Socio-Economic Research (LISER)
pch1126,http://www.frbsf.org/economics/economists/staff.php?jchristensen,Federal Reserve Bank of San Francisco
plo634,,Jiangsu University
pso241,https://sosapadilla.github.io,University of Notre Dame
pri261,http://alexrichterecon.com,Federal Reserve Bank of Dallas
pka880,,University of Colorado
pla699,https://sites.google.com/site/christophlakner/,World Bank Group
pra1026,https://www.surrey.ac.uk/people/tazeeb-rajwani,University of Surrey
pth206,http://www.ersj.eu,
pne215,https://sites.google.com/view/fernandanechio/home,Federal Reserve Bank of San Francisco
pci59,https://sites.google.com/site/cinnirellaecon/,Università degli Studi di Bergamo
pkr416,http://sites.google.com/view/tobias-kruse/home,Organisation de Coopération et de Développement Économiques (OCDE)
psh391,http://mos.uwo.ca/people/faculty/shahbaz_sheikh.html,University of Western Ontario
ppo807,https://sites.google.com/view/onurpolat,Bilişim Enstitüsü
pbu275,http://people.su.se/~kburc,Stockholms Universitet
pma3059,,Ural Federal University
psa1905,https://sites.google.com/view/fernandosaltiel/,McGill University
pru376,https://www.hertie-school.org/phd/ruhnau/,Hertie School
pca273,http://users.ox.ac.uk/~nuff0231/,Oxford University
psh406,,Tsinghua University
pwe342,https://sites.google.com/view/russell-weinstein/home,Luxembourg Institute of Socio-Economic Research (LISER)
pta424,,Saitama University
pmo947,https://sites.google.com/site/pierremouganie/,Simon Fraser University
pro1176,http://mariafrosales.com/,University of Delaware
pza28,https://sites.google.com/site/giuliozanella,Alma Mater Studiorum - Università di Bologna
pbo217,http://www.iies.su.se/about-us/staff/academic-staff/tessa-bold-1.57335,Stockholms Universitet
pau47,,
pbo727,https://www.nicolasbottan.com,Cornell University
pll36,https://sites.google.com/view/splloyd/home,Bank of England
pmi978,,
pki265,https://sites.google.com/site/erikkimbrough/,Chapman University
pva19,http://prophil.vankerm.net,Luxembourg Institute of Socio-Economic Research (LISER)
pcr65,https://research.tec.mx/vivo-tec/display/PID_868,"Instituto Tecnológico y de Estudios Superiores de Monterrey, Campus Monterrey. Industrial and Systems Engineering Department"
pfa394,https://sites.google.com/site/rfjucla/,World Bank Group
pya307,https://sites.google.com/site/juichungyang/,National Taiwan University
ped67,,Österreichisches Institut für Wirtschaftsforschung (WIFO)
pda315,http://sites.google.com/site/olivierdamette/,Bureau d'Économie Théorique et Appliquée (BETA)
pkn65,https://mcknaus.github.io/,Eberhard-Karls-Universität Tübingen
pwi103,,Queensland University of Technology
pna79,https://sites.google.com/view/makotonakajima/home,Federal Reserve Bank of Philadelphia
pye2,http://www.yelowitz.com,University of Kentucky
pso242,http://sites.google.com/site/francescosobbrio/,"Università degli Studi di Roma ""Tor Vergata"""
plu116,http://www.fas.nus.edu.sg/ecs/people/profile/ecsljf.html,National University of Singapore (NUS)
pwa444,http://martin-watzinger.com,Universität Münster
